2026-05-09 17:43:52,015 [INFO] Activator:176 - 


2026-05-09 17:43:52,020 [INFO] Activator:177 - !SESSION log4j initialized
2026-05-09 17:44:01,160 [INFO] LogOutputStream:77 - [STDOUT_REDIRECT] 
2026-05-09 17:44:03,755 [INFO] ApplicationProperties:184 - Using Application install path: C:\ST\STM32CubeIDE_1.15.0\STM32CubeIDE\plugins\com.st.stm32cube.common.mx_6.11.0.202403141607
2026-05-09 17:44:03,772 [INFO] DbMcusXml:78 - Set database path to: C:\ST\STM32CubeIDE_1.15.0\STM32CubeIDE\plugins\com.st.stm32cube.common.mx_6.11.0.202403141607\\db\/mcu/
2026-05-09 17:44:03,772 [INFO] ApiDb:274 - Set plugin database path to: C:\ST\STM32CubeIDE_1.15.0\STM32CubeIDE\plugins\com.st.stm32cube.common.mx_6.11.0.202403141607\\db\/plugins/boardmanager/
2026-05-09 17:44:03,773 [WARN] ApiDb:259 - Overriding images path with different value:  => C:\ST\STM32CubeIDE_1.15.0\STM32CubeIDE\plugins\com.st.stm32cube.common.mx_6.11.0.202403141607\\db\/plugins/mcufinder/images/
2026-05-09 17:44:03,783 [INFO] ApiDb:250 - Set database path to: C:\Users\Aditya\.stmcufinder\plugins\mcufinder//mcu/
2026-05-09 17:44:03,785 [INFO] DbMcusAds:125 - Set database path to: C:\Users\Aditya\.stmcufinder\plugins\mcufinder//mcu/
2026-05-09 17:44:03,786 [INFO] CrossReferenceDbSqlite:203 - Set database path to: C:\Users\Aditya\.stmcufinder\plugins\mcufinder//mcu/cs/
2026-05-09 17:44:03,887 [INFO] RulesReader:64 - Compatibility file has been processed (297 Rules)
2026-05-09 17:44:04,025 [INFO] DbMcusXml:78 - Set database path to: C:\ST\STM32CubeIDE_1.15.0\STM32CubeIDE\plugins\com.st.stm32cube.common.mx_6.11.0.202403141607\\db\/mcu/
2026-05-09 17:44:04,025 [INFO] ApiDb:274 - Set plugin database path to: C:\ST\STM32CubeIDE_1.15.0\STM32CubeIDE\plugins\com.st.stm32cube.common.mx_6.11.0.202403141607\\db\/plugins/boardmanager/
2026-05-09 17:44:04,025 [INFO] ApiDb:261 - Set plugin images path to: C:\ST\STM32CubeIDE_1.15.0\STM32CubeIDE\plugins\com.st.stm32cube.common.mx_6.11.0.202403141607\\db\/plugins/mcufinder/images/
2026-05-09 17:44:04,026 [WARN] DbFile:41 - Overriding database path with different value: C:\Users\Aditya\.stmcufinder\plugins\mcufinder/ => C:\Users\Aditya\.stmcufinder\plugins\mcufinder
2026-05-09 17:44:04,026 [INFO] ApiDb:250 - Set database path to: C:\Users\Aditya\.stmcufinder\plugins\mcufinder//mcu/
2026-05-09 17:44:04,026 [WARN] DbFile:41 - Overriding database path with different value: C:\Users\Aditya\.stmcufinder\plugins\mcufinder/ => C:\Users\Aditya\.stmcufinder\plugins\mcufinder
2026-05-09 17:44:04,026 [INFO] DbMcusAds:125 - Set database path to: C:\Users\Aditya\.stmcufinder\plugins\mcufinder//mcu/
2026-05-09 17:44:04,026 [WARN] DbFile:41 - Overriding database path with different value: C:\Users\Aditya\.stmcufinder\plugins\mcufinder/ => C:\Users\Aditya\.stmcufinder\plugins\mcufinder
2026-05-09 17:44:04,026 [WARN] DbFile:41 - Overriding database path with different value: C:\Users\Aditya\.stmcufinder\plugins\mcufinder/ => C:\Users\Aditya\.stmcufinder\plugins\mcufinder
2026-05-09 17:44:04,026 [INFO] CrossReferenceDbSqlite:203 - Set database path to: C:\Users\Aditya\.stmcufinder\plugins\mcufinder//mcu/cs/
2026-05-09 17:44:04,126 [INFO] MainPanel:264 - HeapMemory: 268435456
2026-05-09 17:44:04,242 [INFO] DbMcusXml:78 - Set database path to: C:\ST\STM32CubeIDE_1.15.0\STM32CubeIDE\plugins\com.st.stm32cube.common.mx_6.11.0.202403141607\\db\/mcu/
2026-05-09 17:44:04,242 [INFO] ApiDb:274 - Set plugin database path to: C:\ST\STM32CubeIDE_1.15.0\STM32CubeIDE\plugins\com.st.stm32cube.common.mx_6.11.0.202403141607\\db\/plugins/boardmanager/
2026-05-09 17:44:04,243 [INFO] ApiDb:261 - Set plugin images path to: C:\ST\STM32CubeIDE_1.15.0\STM32CubeIDE\plugins\com.st.stm32cube.common.mx_6.11.0.202403141607\\db\/plugins/mcufinder/images/
2026-05-09 17:44:04,243 [WARN] DbFile:41 - Overriding database path with different value: C:\Users\Aditya\.stmcufinder\plugins\mcufinder/ => C:\Users\Aditya\.stmcufinder\plugins\mcufinder
2026-05-09 17:44:04,243 [INFO] ApiDb:250 - Set database path to: C:\Users\Aditya\.stmcufinder\plugins\mcufinder//mcu/
2026-05-09 17:44:04,243 [WARN] DbFile:41 - Overriding database path with different value: C:\Users\Aditya\.stmcufinder\plugins\mcufinder/ => C:\Users\Aditya\.stmcufinder\plugins\mcufinder
2026-05-09 17:44:04,243 [INFO] DbMcusAds:125 - Set database path to: C:\Users\Aditya\.stmcufinder\plugins\mcufinder//mcu/
2026-05-09 17:44:04,243 [WARN] DbFile:41 - Overriding database path with different value: C:\Users\Aditya\.stmcufinder\plugins\mcufinder/ => C:\Users\Aditya\.stmcufinder\plugins\mcufinder
2026-05-09 17:44:04,243 [WARN] DbFile:41 - Overriding database path with different value: C:\Users\Aditya\.stmcufinder\plugins\mcufinder/ => C:\Users\Aditya\.stmcufinder\plugins\mcufinder
2026-05-09 17:44:04,243 [INFO] CrossReferenceDbSqlite:203 - Set database path to: C:\Users\Aditya\.stmcufinder\plugins\mcufinder//mcu/cs/
2026-05-09 17:44:04,261 [INFO] ApplicationProperties:184 - Using Application install path: C:\ST\STM32CubeIDE_1.15.0\STM32CubeIDE\plugins\com.st.stm32cube.common.mx_6.11.0.202403141607
2026-05-09 17:44:04,262 [INFO] PluginManage:196 - Search for loadable plugins [exclusion list=, ]
2026-05-09 17:44:04,264 [INFO] PluginManage:310 - Check plugin analytics
2026-05-09 17:44:04,486 [INFO] AnalyticsPlugin:253 - Accepted Software Licenses: 
2026-05-09 17:44:04,487 [INFO] AnalyticsPlugin:255 - Accepted CMSIS Pack Licenses: 
2026-05-09 17:44:04,487 [INFO] AnalyticsPlugin:257 - Accepted Firmware Licenses: 
2026-05-09 17:44:04,492 [INFO] PluginManage:359 - Loaded plugin analytics (category:tool,tabindex:-1)
2026-05-09 17:44:04,493 [INFO] PluginManage:310 - Check plugin cadmodel
2026-05-09 17:44:04,511 [INFO] CADModel:105 - Init CAD model plugin
2026-05-09 17:44:04,511 [INFO] PluginManage:359 - Loaded plugin cadmodel (category:power,tabindex:5)
2026-05-09 17:44:04,511 [INFO] PluginManage:310 - Check plugin clock
2026-05-09 17:44:04,535 [INFO] PluginManage:359 - Loaded plugin clock (category:base,tabindex:2)
2026-05-09 17:44:04,535 [INFO] PluginManage:310 - Check plugin ddr
2026-05-09 17:44:04,540 [INFO] PluginManage:359 - Loaded plugin ddr (category:tool,tabindex:6)
2026-05-09 17:44:04,541 [INFO] PluginManage:310 - Check plugin filemanager
2026-05-09 17:44:04,721 [INFO] PluginManage:359 - Loaded plugin filemanager (category:base,tabindex:10)
2026-05-09 17:44:04,721 [INFO] PluginManage:310 - Check plugin ipmanager
2026-05-09 17:44:04,730 [INFO] PluginManage:359 - Loaded plugin ipmanager (category:base,tabindex:5)
2026-05-09 17:44:04,730 [INFO] PluginManage:310 - Check plugin lpbam
2026-05-09 17:44:04,752 [INFO] PluginManage:359 - Loaded plugin lpbam (category:base,tabindex:0)
2026-05-09 17:44:04,752 [INFO] PluginManage:310 - Check plugin memorymap
2026-05-09 17:44:04,777 [INFO] PluginManage:359 - Loaded plugin memorymap (category:base,tabindex:4)
2026-05-09 17:44:04,777 [INFO] PluginManage:310 - Check plugin pinoutandconfiguration
2026-05-09 17:44:04,793 [INFO] PluginManage:359 - Loaded plugin pinoutandconfiguration (category:base,tabindex:1)
2026-05-09 17:44:04,794 [INFO] PluginManage:310 - Check plugin pinoutconfig
2026-05-09 17:44:04,899 [WARN] SupportedApi:132 - Cannot load RTOS API schema: s4s-elt-must-match.1: The content of 'definitions' must match (annotation?, (simpleType | complexType)?, (unique | key | keyref)*)). A problem was found starting at: attribute.
2026-05-09 17:44:05,020 [INFO] PluginManage:359 - Loaded plugin pinoutconfig (category:base,tabindex:0)
2026-05-09 17:44:05,020 [INFO] PluginManage:310 - Check plugin power
2026-05-09 17:44:05,038 [INFO] PluginManage:359 - Loaded plugin power (category:power,tabindex:4)
2026-05-09 17:44:05,038 [INFO] PluginManage:310 - Check plugin projectmanager
2026-05-09 17:44:05,051 [INFO] PluginManage:359 - Loaded plugin projectmanager (category:projectmanager,tabindex:3)
2026-05-09 17:44:05,051 [INFO] PluginManage:310 - Check plugin thirdparty
2026-05-09 17:44:05,418 [INFO] PluginManage:359 - Loaded plugin thirdparty (category:base,tabindex:-1)
2026-05-09 17:44:05,418 [INFO] PluginManage:310 - Check plugin tools
2026-05-09 17:44:05,417 [WARN] IntegrityCheckThread:84 - waiting for thirdparty lock release [integrity check]
2026-05-09 17:44:05,418 [INFO] IntegrityCheckThread:86 - entering critical section [integrity check]
2026-05-09 17:44:05,418 [INFO] ThirdPartyUpdaterWithRetryManager:70 - Updater plugin not ready yet. [1/15]
2026-05-09 17:44:05,448 [INFO] PluginManage:359 - Loaded plugin tools (category:base,tabindex:7)
2026-05-09 17:44:05,448 [INFO] PluginManage:310 - Check plugin tutovideos
2026-05-09 17:44:05,638 [INFO] PluginManage:359 - Loaded plugin tutovideos (category:base,tabindex:-1)
2026-05-09 17:44:05,638 [INFO] PluginManage:310 - Check plugin updater
2026-05-09 17:44:05,649 [INFO] PluginManage:359 - Loaded plugin updater (category:base,tabindex:12)
2026-05-09 17:44:05,649 [INFO] PluginManage:310 - Check plugin userauth
2026-05-09 17:44:05,655 [INFO] UserAuth:114 - Init User Auth plugin
2026-05-09 17:44:05,655 [INFO] PluginManage:359 - Loaded plugin userauth (category:base,tabindex:14)
2026-05-09 17:44:05,655 [INFO] PluginManage:283 - PluginManage : Loaded plugins [17]
2026-05-09 17:44:05,870 [INFO] PinOutPanel:1561 - setPackage(No Configuration,No Configuration)
2026-05-09 17:44:05,946 [INFO] CADModel:165 - CPN selected for project level
2026-05-09 17:44:05,947 [INFO] CADModel:114 - Register for checkConnection events
2026-05-09 17:44:05,974 [INFO] IPUIPlugin:80 - create IPUIPlugin
2026-05-09 17:44:05,974 [INFO] PluginManager:220 - loadIPPluginJar : add adc
2026-05-09 17:44:06,021 [INFO] IPUIPlugin:80 - create IPUIPlugin
2026-05-09 17:44:06,021 [INFO] PluginManager:220 - loadIPPluginJar : add aes
2026-05-09 17:44:06,192 [INFO] IPUIPlugin:80 - create IPUIPlugin
2026-05-09 17:44:06,192 [INFO] PluginManager:220 - loadIPPluginJar : add can
2026-05-09 17:44:06,217 [INFO] IPUIPlugin:80 - create IPUIPlugin
2026-05-09 17:44:06,217 [INFO] PluginManager:220 - loadIPPluginJar : add comp
2026-05-09 17:44:06,245 [INFO] IPUIPlugin:80 - create IPUIPlugin
2026-05-09 17:44:06,245 [INFO] PluginManager:220 - loadIPPluginJar : add cryp
2026-05-09 17:44:06,357 [INFO] IPUIPlugin:80 - create IPUIPlugin
2026-05-09 17:44:06,357 [INFO] PluginManager:220 - loadIPPluginJar : add dfsdm
2026-05-09 17:44:06,393 [INFO] IPUIPlugin:80 - create IPUIPlugin
2026-05-09 17:44:06,393 [INFO] PluginManager:220 - loadIPPluginJar : add dma
2026-05-09 17:44:06,559 [INFO] IPUIPlugin:80 - create IPUIPlugin
2026-05-09 17:44:06,560 [INFO] PluginManager:220 - loadIPPluginJar : add dma3
2026-05-09 17:44:06,642 [INFO] IPUIPlugin:80 - create IPUIPlugin
2026-05-09 17:44:06,642 [INFO] PluginManager:220 - loadIPPluginJar : add extmemmanager
2026-05-09 17:44:06,721 [INFO] IPUIPlugin:80 - create IPUIPlugin
2026-05-09 17:44:06,721 [INFO] PluginManager:220 - loadIPPluginJar : add fatfs
2026-05-09 17:44:06,895 [INFO] IPUIPlugin:80 - create IPUIPlugin
2026-05-09 17:44:06,896 [INFO] PluginManager:220 - loadIPPluginJar : add fmc
2026-05-09 17:44:06,934 [INFO] IPUIPlugin:80 - create IPUIPlugin
2026-05-09 17:44:06,934 [INFO] PluginManager:220 - loadIPPluginJar : add freertos
2026-05-09 17:44:06,966 [INFO] IPUIPlugin:80 - create IPUIPlugin
2026-05-09 17:44:06,966 [INFO] PluginManager:220 - loadIPPluginJar : add genericplugin
2026-05-09 17:44:07,251 [INFO] IPUIPlugin:80 - create IPUIPlugin
2026-05-09 17:44:07,252 [INFO] PluginManager:220 - loadIPPluginJar : add gfxmmu
2026-05-09 17:44:07,774 [INFO] IPUIPlugin:80 - create IPUIPlugin
2026-05-09 17:44:07,774 [INFO] PluginManager:220 - loadIPPluginJar : add gic
2026-05-09 17:44:07,818 [INFO] IPUIPlugin:80 - create IPUIPlugin
2026-05-09 17:44:07,818 [INFO] PluginManager:220 - loadIPPluginJar : add gpio
2026-05-09 17:44:08,178 [INFO] IPUIPlugin:80 - create IPUIPlugin
2026-05-09 17:44:08,178 [INFO] PluginManager:220 - loadIPPluginJar : add gtzc
2026-05-09 17:44:08,394 [INFO] IPUIPlugin:80 - create IPUIPlugin
2026-05-09 17:44:08,394 [INFO] PluginManager:220 - loadIPPluginJar : add hash
2026-05-09 17:44:08,420 [INFO] ThirdPartyUpdaterWithRetryManager:70 - Updater plugin not ready yet. [2/15]
2026-05-09 17:44:08,602 [INFO] IPUIPlugin:80 - create IPUIPlugin
2026-05-09 17:44:08,602 [INFO] PluginManager:220 - loadIPPluginJar : add i2c
2026-05-09 17:44:08,767 [INFO] IPUIPlugin:80 - create IPUIPlugin
2026-05-09 17:44:08,767 [INFO] PluginManager:220 - loadIPPluginJar : add i2s
2026-05-09 17:44:08,846 [INFO] IPUIPlugin:80 - create IPUIPlugin
2026-05-09 17:44:08,847 [INFO] PluginManager:220 - loadIPPluginJar : add i3c
2026-05-09 17:44:09,212 [INFO] IPUIPlugin:80 - create IPUIPlugin
2026-05-09 17:44:09,214 [INFO] PluginManager:220 - loadIPPluginJar : add ipddr
2026-05-09 17:44:09,687 [INFO] IPUIPlugin:80 - create IPUIPlugin
2026-05-09 17:44:09,687 [INFO] PluginManager:220 - loadIPPluginJar : add linkedlist
2026-05-09 17:44:09,740 [INFO] IPUIPlugin:80 - create IPUIPlugin
2026-05-09 17:44:09,740 [INFO] PluginManager:220 - loadIPPluginJar : add lorawan
2026-05-09 17:44:09,778 [INFO] IPUIPlugin:80 - create IPUIPlugin
2026-05-09 17:44:09,778 [INFO] PluginManager:220 - loadIPPluginJar : add ltdc
2026-05-09 17:44:09,814 [INFO] IPUIPlugin:80 - create IPUIPlugin
2026-05-09 17:44:09,815 [INFO] PluginManager:220 - loadIPPluginJar : add mdma
2026-05-09 17:44:09,852 [INFO] IPUIPlugin:80 - create IPUIPlugin
2026-05-09 17:44:09,853 [INFO] PluginManager:220 - loadIPPluginJar : add nvic
2026-05-09 17:44:09,980 [INFO] IPUIPlugin:80 - create IPUIPlugin
2026-05-09 17:44:09,981 [INFO] PluginManager:220 - loadIPPluginJar : add opamp
2026-05-09 17:44:10,208 [INFO] IPUIPlugin:80 - create IPUIPlugin
2026-05-09 17:44:10,208 [INFO] PluginManager:220 - loadIPPluginJar : add openamp
2026-05-09 17:44:10,381 [INFO] IPUIPlugin:80 - create IPUIPlugin
2026-05-09 17:44:10,381 [INFO] PluginManager:220 - loadIPPluginJar : add pdm2pcm
2026-05-09 17:44:10,435 [INFO] IPUIPlugin:80 - create IPUIPlugin
2026-05-09 17:44:10,439 [INFO] PluginManager:220 - loadIPPluginJar : add plateformsettings
2026-05-09 17:44:10,470 [INFO] IPUIPlugin:80 - create IPUIPlugin
2026-05-09 17:44:10,473 [INFO] PluginManager:220 - loadIPPluginJar : add quadspi
2026-05-09 17:44:10,513 [INFO] IPUIPlugin:80 - create IPUIPlugin
2026-05-09 17:44:10,513 [INFO] PluginManager:220 - loadIPPluginJar : add resmgrutility
2026-05-09 17:44:10,719 [INFO] IPUIPlugin:80 - create IPUIPlugin
2026-05-09 17:44:10,720 [INFO] PluginManager:220 - loadIPPluginJar : add sai
2026-05-09 17:44:10,823 [INFO] IPUIPlugin:80 - create IPUIPlugin
2026-05-09 17:44:10,823 [INFO] PluginManager:220 - loadIPPluginJar : add spi
2026-05-09 17:44:10,971 [INFO] IPUIPlugin:80 - create IPUIPlugin
2026-05-09 17:44:10,971 [INFO] PluginManager:220 - loadIPPluginJar : add stm32_wpan
2026-05-09 17:44:11,031 [INFO] IPUIPlugin:80 - create IPUIPlugin
2026-05-09 17:44:11,032 [INFO] PluginManager:220 - loadIPPluginJar : add tim
2026-05-09 17:44:11,273 [INFO] IPUIPlugin:80 - create IPUIPlugin
2026-05-09 17:44:11,273 [INFO] PluginManager:220 - loadIPPluginJar : add touchsensing
2026-05-09 17:44:11,368 [INFO] IPUIPlugin:80 - create IPUIPlugin
2026-05-09 17:44:11,368 [INFO] PluginManager:220 - loadIPPluginJar : add tracer_emb
2026-05-09 17:44:11,424 [INFO] ThirdPartyUpdaterWithRetryManager:70 - Updater plugin not ready yet. [3/15]
2026-05-09 17:44:11,451 [INFO] IPUIPlugin:80 - create IPUIPlugin
2026-05-09 17:44:11,451 [INFO] PluginManager:220 - loadIPPluginJar : add ts
2026-05-09 17:44:11,549 [INFO] IPUIPlugin:80 - create IPUIPlugin
2026-05-09 17:44:11,549 [INFO] PluginManager:220 - loadIPPluginJar : add tsc
2026-05-09 17:44:11,623 [INFO] IPUIPlugin:80 - create IPUIPlugin
2026-05-09 17:44:11,623 [INFO] PluginManager:220 - loadIPPluginJar : add ucpd
2026-05-09 17:44:11,800 [INFO] IPUIPlugin:80 - create IPUIPlugin
2026-05-09 17:44:11,800 [INFO] PluginManager:220 - loadIPPluginJar : add usart
2026-05-09 17:44:11,877 [INFO] IPUIPlugin:80 - create IPUIPlugin
2026-05-09 17:44:11,877 [INFO] PluginManager:220 - loadIPPluginJar : add usbx
2026-05-09 17:44:12,047 [INFO] CADModel:165 - CPN selected for project level
2026-05-09 17:44:12,047 [INFO] CADModel:114 - Register for checkConnection events
2026-05-09 17:44:12,047 [FATAL] Updater:308 - Updater called before beeing initialized
2026-05-09 17:44:12,047 [ERROR] CADModel:125 - Updater not yet initialized, retry later 
2026-05-09 17:44:12,297 [INFO] CADModel:165 - CPN selected for project level
2026-05-09 17:44:12,298 [INFO] CADModel:114 - Register for checkConnection events
2026-05-09 17:44:12,298 [FATAL] Updater:308 - Updater called before beeing initialized
2026-05-09 17:44:12,298 [ERROR] CADModel:125 - Updater not yet initialized, retry later 
2026-05-09 17:44:12,304 [FATAL] Updater:308 - Updater called before beeing initialized
2026-05-09 17:44:12,559 [FATAL] Updater:308 - Updater called before beeing initialized
2026-05-09 17:44:12,578 [INFO] DbMcusAds:53 - JSON generation date=Mon Apr 27 13:44:29 IST 2026 (1777277669683)
2026-05-09 17:44:12,578 [FATAL] Updater:308 - Updater called before beeing initialized
2026-05-09 17:44:12,699 [WARN] DetailPanel:346 - Failed to get advertising image, set to default
2026-05-09 17:44:12,837 [FATAL] Updater:308 - Updater called before beeing initialized
2026-05-09 17:44:12,840 [FATAL] Updater:308 - Updater called before beeing initialized
2026-05-09 17:44:12,840 [FATAL] Updater:308 - Updater called before beeing initialized
2026-05-09 17:44:12,840 [WARN] DetailPanel:346 - Failed to get advertising image, set to default
2026-05-09 17:44:12,841 [FATAL] Updater:308 - Updater called before beeing initialized
2026-05-09 17:44:12,994 [ERROR] Updater:1120 - MainUpdater not yet initialized. External WinMGr cannot be set.
2026-05-09 17:44:13,017 [INFO] Updater:1056 - Updater Version found : 6.11.0
2026-05-09 17:44:13,046 [INFO] ApplicationProperties:184 - Using Application install path: C:\ST\STM32CubeIDE_1.15.0\STM32CubeIDE\plugins\com.st.stm32cube.common.mx_6.11.0.202403141607
2026-05-09 17:44:14,436 [INFO] ThirdPartyUpdaterWithRetryManager:70 - Updater plugin not ready yet. [4/15]
2026-05-09 17:44:14,664 [ERROR] LogOutputStream:75 - [STDERR_REDIRECT] May 09, 2026 5:44:14 PM java.util.prefs.WindowsPreferences <init>
2026-05-09 17:44:14,665 [ERROR] LogOutputStream:75 - [STDERR_REDIRECT] WARNING: Could not open/create prefs root node Software\JavaSoft\Prefs at root 0xffffffff80000002. Windows RegCreateKeyEx(...) returned error code 5.
2026-05-09 17:44:14,665 [ERROR] LogOutputStream:75 - [STDERR_REDIRECT] 
2026-05-09 17:44:15,690 [INFO] MainUpdater:2873 - connection check result : 10
2026-05-09 17:44:15,690 [INFO] MainUpdater:3567 - Updater definition file requires update
2026-05-09 17:44:15,693 [INFO] MainUpdater:290 - Updater Check For Update Now.
2026-05-09 17:44:15,693 [INFO] MicroXplorer:498 - Change Database Version : DB.6.0.110
2026-05-09 17:44:15,719 [INFO] McuFinderGlobals:63 - Set McuFinder mode to 2 (CubeIDE integrated)
2026-05-09 17:44:15,734 [INFO] UserAuth:415 - Internet connection configuration mode: 1
2026-05-09 17:44:15,762 [INFO] JxBrowserEngine:152 - Initiate JxBrowser Engine with user profile folder
2026-05-09 17:44:15,793 [INFO] ServerAccessManage:473 - Download File updaters.zip
2026-05-09 17:44:16,055 [INFO] FileExtend:240 - Unzip File : updaters.zip
2026-05-09 17:44:16,056 [INFO] FileExtend:255 - Standard Zip Deflate
2026-05-09 17:44:17,462 [WARN] MainUpdater:1194 - Updater busy. Cannot search thirdparties
2026-05-09 17:44:17,462 [INFO] ThirdPartyUpdaterWithRetryManager:96 - Updater plugin is busy. [1/15]
2026-05-09 17:44:18,394 [INFO] ServerAccessManage:473 - Download File PacksControlFlags.xml
2026-05-09 17:44:18,533 [INFO] ServerAccessManage:473 - Download File cubemx.pidx
2026-05-09 17:44:18,954 [INFO] LoadServerUpdatesThread:375 - End of LoadServerUpdate Thread
2026-05-09 17:44:19,348 [INFO] CheckServerUpdateThread:120 - End of CheckServer Thread
2026-05-09 17:44:21,255 [INFO] WebApp:161 - Instantiating new browser for Auth
2026-05-09 17:44:21,338 [WARN] PackLoader:240 - Cannot read IP mode file for STMicroelectronics.X-CUBE-AZRTOS-H7.3.5.0
2026-05-09 17:44:21,379 [WARN] PackLoader:240 - Cannot read IP mode file for STMicroelectronics.FP-SNS-MOTENVWB1.1.4.0
2026-05-09 17:44:21,406 [WARN] PackLoader:240 - Cannot read IP mode file for STMicroelectronics.FP-ATR-ASTRA1.2.0.2
2026-05-09 17:44:21,434 [WARN] PackLoader:240 - Cannot read IP mode file for STMicroelectronics.X-CUBE-SMBUS.2.1.0
2026-05-09 17:44:21,452 [ERROR] Engine:466 - C:\Users\Aditya\.stm32cubemx\thirdparties\pdsc\STMicroelectronics.X-CUBE-ST60.1.0.0.pdsc: PDSC version is not supported
2026-05-09 17:44:21,472 [WARN] PackLoader:240 - Cannot read IP mode file for STMicroelectronics.X-CUBE-TOUCHGFX.4.23.2
2026-05-09 17:44:21,519 [WARN] PackLoader:240 - Cannot read IP mode file for STMicroelectronics.X-CUBE-AZRTOS-F7.1.1.0
2026-05-09 17:44:21,547 [ERROR] Engine:466 - C:\Users\Aditya\.stm32cubemx\thirdparties\pdsc\STMicroelectronics.FP-SNS-MOTENV1.5.1.0.pdsc: PDSC version is not supported
2026-05-09 17:44:21,573 [WARN] PackLoader:240 - Cannot read IP mode file for STMicroelectronics.FP-SNS-FLIGHT1.5.0.2
2026-05-09 17:44:21,652 [WARN] PackLoader:240 - Cannot read IP mode file for STMicroelectronics.X-CUBE-AZRTOS-H7.3.4.0
2026-05-09 17:44:21,768 [WARN] PackLoader:240 - Cannot read IP mode file for STMicroelectronics.X-CUBE-DISPLAY.3.0.0
2026-05-09 17:44:21,808 [WARN] PackLoader:240 - Cannot read IP mode file for STMicroelectronics.X-CUBE-GNSS1.7.1.1
2026-05-09 17:44:21,832 [ERROR] Engine:466 - C:\Users\Aditya\.stm32cubemx\thirdparties\pdsc\STMicroelectronics.FP-SNS-MOTENVWB1.1.5.0.pdsc: PDSC version is not supported
2026-05-09 17:44:21,853 [WARN] PackLoader:240 - Cannot read IP mode file for STMicroelectronics.X-CUBE-BLE1.7.0.0
2026-05-09 17:44:21,877 [WARN] PackLoader:240 - Cannot read IP mode file for STMicroelectronics.X-CUBE-NFC10.1.0.0
2026-05-09 17:44:21,909 [WARN] PackLoader:240 - Cannot read IP mode file for STMicroelectronics.X-CUBE-BLEMGR.4.0.0
2026-05-09 17:44:21,934 [ERROR] Engine:466 - C:\Users\Aditya\.stm32cubemx\thirdparties\pdsc\STMicroelectronics.X-CUBE-ST60.1.1.0.pdsc: PDSC version is not supported
2026-05-09 17:44:21,956 [WARN] PackLoader:240 - Cannot read IP mode file for emotas.I-CUBE-CANOPEN.1.3.0
2026-05-09 17:44:21,977 [WARN] PackLoader:240 - Cannot read IP mode file for STMicroelectronics.X-CUBE-GNSS1.7.1.0
2026-05-09 17:44:22,004 [WARN] ConditionMgr:438 - getConditionDescription Invalid condition id : Cortex-A Device cause : null
2026-05-09 17:44:22,044 [WARN] ConditionMgr:1039 - genDependencies : Invalid condition id : Cortex-A Device cause : null
2026-05-09 17:44:22,044 [WARN] ConditionMgr:1039 - genDependencies : Invalid condition id : Cortex-A Device cause : null
2026-05-09 17:44:22,044 [WARN] ConditionMgr:1039 - genDependencies : Invalid condition id : Cortex-A Device cause : null
2026-05-09 17:44:22,079 [WARN] PackLoader:240 - Cannot read IP mode file for STMicroelectronics.X-CUBE-BLEMGR.3.1.0
2026-05-09 17:44:22,103 [WARN] PackLoader:240 - Cannot read IP mode file for STMicroelectronics.X-CUBE-AI.10.0.0
2026-05-09 17:44:22,132 [ERROR] Engine:466 - C:\Users\Aditya\.stm32cubemx\thirdparties\pdsc\STMicroelectronics.FP-SNS-STBOX1.2.1.0.pdsc: PDSC version is not supported
2026-05-09 17:44:22,165 [WARN] PackLoader:240 - Cannot read IP mode file for STMicroelectronics.FP-SNS-SMARTAG2.1.2.0
2026-05-09 17:44:22,181 [ERROR] Engine:466 - C:\Users\Aditya\.stm32cubemx\thirdparties\pdsc\STMicroelectronics.FP-SNS-FLIGHT1.5.1.0.pdsc: PDSC version is not supported
2026-05-09 17:44:22,210 [INFO] LogOutputStream:77 - [STDOUT_REDIRECT] 1 : Invalid condition id : UX_CORESTACK_Condition cause : null
2026-05-09 17:44:22,211 [INFO] LogOutputStream:77 - [STDOUT_REDIRECT] 1 : Invalid condition id : UX_CORESTACK_Condition cause : null
2026-05-09 17:44:22,212 [INFO] LogOutputStream:77 - [STDOUT_REDIRECT] 1 : Invalid condition id : UX_CORESTACK_Condition cause : null
2026-05-09 17:44:22,214 [INFO] LogOutputStream:77 - [STDOUT_REDIRECT] 1 : Invalid condition id : UX_CORESTACK_Condition cause : null
2026-05-09 17:44:22,216 [INFO] LogOutputStream:77 - [STDOUT_REDIRECT] 1 : Invalid condition id : UX_CORESTACK_Condition cause : null
2026-05-09 17:44:22,220 [WARN] PackLoader:240 - Cannot read IP mode file for STMicroelectronics.X-CUBE-AZRTOS-WL.2.0.0
2026-05-09 17:44:22,239 [WARN] PackLoader:240 - Cannot read IP mode file for STMicroelectronics.FP-SNS-MOTENV1.5.0.0
2026-05-09 17:44:22,287 [WARN] PackLoader:240 - Cannot read IP mode file for STMicroelectronics.X-CUBE-AZRTOS-H7RS.1.2.0
2026-05-09 17:44:22,310 [WARN] PackLoader:240 - Cannot read IP mode file for wolfSSL.I-CUBE-wolfMQTT.1.19.0
2026-05-09 17:44:22,334 [WARN] PackLoader:240 - Cannot read IP mode file for WES.I-CUBE-Cesium.1.3.0
2026-05-09 17:44:22,354 [WARN] PackLoader:240 - Cannot read IP mode file for STMicroelectronics.X-CUBE-BLE2.3.3.0
2026-05-09 17:44:22,370 [ERROR] Engine:466 - C:\Users\Aditya\.stm32cubemx\thirdparties\pdsc\Avnet-IOTCONNECT.X-CUBE-iotc-st67-sdk.1.0.0.pdsc: PDSC version is not supported
2026-05-09 17:44:22,391 [WARN] PackLoader:240 - Cannot read IP mode file for STMicroelectronics.X-CUBE-NFC9.1.0.0
2026-05-09 17:44:22,410 [WARN] PackLoader:240 - Cannot read IP mode file for STMicroelectronics.X-CUBE-BLE1.7.1.0
2026-05-09 17:44:22,433 [WARN] PackLoader:240 - Cannot read IP mode file for STMicroelectronics.X-CUBE-TCPP.4.1.0
2026-05-09 17:44:22,447 [ERROR] Engine:466 - C:\Users\Aditya\.stm32cubemx\thirdparties\pdsc\STMicroelectronics.X-CUBE-FREERTOS.1.4.0.pdsc: PDSC version is not supported
2026-05-09 17:44:22,467 [WARN] PackLoader:240 - Cannot read IP mode file for STMicroelectronics.X-CUBE-EEPRMA1.5.2.0
2026-05-09 17:44:22,487 [ERROR] Engine:466 - C:\Users\Aditya\.stm32cubemx\thirdparties\pdsc\STMicroelectronics.X-CUBE-ST67W61.1.1.0.pdsc: PDSC version is not supported
2026-05-09 17:44:22,507 [WARN] PackLoader:240 - Cannot read IP mode file for STMicroelectronics.X-CUBE-AI.10.1.0
2026-05-09 17:44:22,521 [ERROR] Engine:466 - C:\Users\Aditya\.stm32cubemx\thirdparties\pdsc\STMicroelectronics.FP-SNS-STAIOTCFT.1.1.0.pdsc: PDSC version is not supported
2026-05-09 17:44:22,747 [INFO] WebApp:779 - Register for checkConnection events
2026-05-09 17:44:22,748 [INFO] WebApp:414 - Apply proxy settings
2026-05-09 17:44:22,748 [INFO] WebApp:499 - Chromium requires no authentication
2026-05-09 17:44:22,821 [WARN] PackLoader:240 - Cannot read IP mode file for STMicroelectronics.X-CUBE-MEMS1.12.0.0
2026-05-09 17:44:22,836 [INFO] WebApp:442 - Direct internet connection detected
2026-05-09 17:44:23,029 [WARN] PackLoader:240 - Cannot read IP mode file for STMicroelectronics.X-CUBE-ALGOBUILD.1.3.0
2026-05-09 17:44:23,125 [WARN] PackLoader:240 - Cannot read IP mode file for STMicroelectronics.X-CUBE-MEMS1.11.2.0
2026-05-09 17:44:23,344 [WARN] PackLoader:240 - Cannot read IP mode file for STMicroelectronics.X-CUBE-AZRTOS-G0.1.1.0
2026-05-09 17:44:23,378 [WARN] PackLoader:240 - Cannot read IP mode file for STMicroelectronics.X-CUBE-SAFEA1.1.2.2
2026-05-09 17:44:23,399 [WARN] PackLoader:240 - Cannot read IP mode file for STMicroelectronics.X-CUBE-NFC4.3.0.0
2026-05-09 17:44:23,423 [WARN] PackLoader:240 - Cannot read IP mode file for EmbeddedOffice.I-CUBE-FS-RTOS.1.0.1
2026-05-09 17:44:23,425 [ERROR] ConditionMgr:805 - Attr not supported : Dmpu
2026-05-09 17:44:23,428 [ERROR] ConditionMgr:805 - Attr not supported : Dmpu
2026-05-09 17:44:23,428 [ERROR] ConditionMgr:805 - Attr not supported : Dmpu
2026-05-09 17:44:23,429 [ERROR] ConditionMgr:805 - Attr not supported : Dmpu
2026-05-09 17:44:23,429 [ERROR] ConditionMgr:805 - Attr not supported : Dmpu
2026-05-09 17:44:23,429 [ERROR] ConditionMgr:805 - Attr not supported : Dmpu
2026-05-09 17:44:23,430 [ERROR] ConditionMgr:805 - Attr not supported : Dmpu
2026-05-09 17:44:23,431 [ERROR] ConditionMgr:805 - Attr not supported : Dmpu
2026-05-09 17:44:23,432 [ERROR] ConditionMgr:805 - Attr not supported : Dmpu
2026-05-09 17:44:23,432 [ERROR] ConditionMgr:805 - Attr not supported : Dmpu
2026-05-09 17:44:23,432 [ERROR] ConditionMgr:805 - Attr not supported : Dmpu
2026-05-09 17:44:23,434 [ERROR] ConditionMgr:805 - Attr not supported : Dmpu
2026-05-09 17:44:23,434 [ERROR] ConditionMgr:805 - Attr not supported : Dmpu
2026-05-09 17:44:23,434 [ERROR] ConditionMgr:805 - Attr not supported : Dmpu
2026-05-09 17:44:23,434 [ERROR] ConditionMgr:805 - Attr not supported : Dmpu
2026-05-09 17:44:23,435 [ERROR] ConditionMgr:805 - Attr not supported : Dmpu
2026-05-09 17:44:23,435 [ERROR] ConditionMgr:805 - Attr not supported : Dmpu
2026-05-09 17:44:23,435 [ERROR] ConditionMgr:805 - Attr not supported : Dmpu
2026-05-09 17:44:23,435 [ERROR] ConditionMgr:805 - Attr not supported : Dmpu
2026-05-09 17:44:23,438 [ERROR] ConditionMgr:805 - Attr not supported : Dmpu
2026-05-09 17:44:23,439 [ERROR] ConditionMgr:805 - Attr not supported : Dmpu
2026-05-09 17:44:23,439 [ERROR] ConditionMgr:805 - Attr not supported : Dmpu
2026-05-09 17:44:23,441 [ERROR] ConditionMgr:805 - Attr not supported : Dmpu
2026-05-09 17:44:23,443 [ERROR] ConditionMgr:805 - Attr not supported : Dmpu
2026-05-09 17:44:23,444 [ERROR] ConditionMgr:805 - Attr not supported : Dmpu
2026-05-09 17:44:23,444 [ERROR] ConditionMgr:805 - Attr not supported : Dmpu
2026-05-09 17:44:23,444 [ERROR] ConditionMgr:805 - Attr not supported : Dmpu
2026-05-09 17:44:23,444 [ERROR] ConditionMgr:805 - Attr not supported : Dmpu
2026-05-09 17:44:23,444 [ERROR] ConditionMgr:805 - Attr not supported : Dmpu
2026-05-09 17:44:23,444 [ERROR] ConditionMgr:805 - Attr not supported : Dmpu
2026-05-09 17:44:23,444 [ERROR] ConditionMgr:805 - Attr not supported : Dmpu
2026-05-09 17:44:23,444 [ERROR] ConditionMgr:805 - Attr not supported : Dmpu
2026-05-09 17:44:23,444 [ERROR] ConditionMgr:805 - Attr not supported : Dmpu
2026-05-09 17:44:23,444 [ERROR] ConditionMgr:805 - Attr not supported : Dmpu
2026-05-09 17:44:23,444 [ERROR] ConditionMgr:805 - Attr not supported : Dmpu
2026-05-09 17:44:23,444 [ERROR] ConditionMgr:805 - Attr not supported : Dmpu
2026-05-09 17:44:23,446 [ERROR] ConditionMgr:805 - Attr not supported : Dmpu
2026-05-09 17:44:23,446 [ERROR] ConditionMgr:805 - Attr not supported : Dmpu
2026-05-09 17:44:23,446 [ERROR] ConditionMgr:805 - Attr not supported : Dmpu
2026-05-09 17:44:23,447 [ERROR] ConditionMgr:805 - Attr not supported : Dmpu
2026-05-09 17:44:23,447 [ERROR] ConditionMgr:805 - Attr not supported : Dmpu
2026-05-09 17:44:23,447 [ERROR] ConditionMgr:805 - Attr not supported : Dmpu
2026-05-09 17:44:23,447 [ERROR] ConditionMgr:805 - Attr not supported : Dmpu
2026-05-09 17:44:23,447 [ERROR] ConditionMgr:805 - Attr not supported : Dmpu
2026-05-09 17:44:23,447 [ERROR] ConditionMgr:805 - Attr not supported : Dmpu
2026-05-09 17:44:23,447 [ERROR] ConditionMgr:805 - Attr not supported : Dmpu
2026-05-09 17:44:23,447 [ERROR] ConditionMgr:805 - Attr not supported : Dmpu
2026-05-09 17:44:23,447 [ERROR] ConditionMgr:805 - Attr not supported : Dmpu
2026-05-09 17:44:23,447 [ERROR] ConditionMgr:805 - Attr not supported : Dmpu
2026-05-09 17:44:23,447 [ERROR] ConditionMgr:805 - Attr not supported : Dmpu
2026-05-09 17:44:23,448 [ERROR] ConditionMgr:805 - Attr not supported : Dmpu
2026-05-09 17:44:23,448 [ERROR] ConditionMgr:805 - Attr not supported : Dmpu
2026-05-09 17:44:23,448 [ERROR] ConditionMgr:805 - Attr not supported : Dmpu
2026-05-09 17:44:23,448 [ERROR] ConditionMgr:805 - Attr not supported : Dmpu
2026-05-09 17:44:23,448 [ERROR] ConditionMgr:805 - Attr not supported : Dmpu
2026-05-09 17:44:23,448 [ERROR] ConditionMgr:805 - Attr not supported : Dmpu
2026-05-09 17:44:23,448 [ERROR] ConditionMgr:805 - Attr not supported : Dmpu
2026-05-09 17:44:23,448 [ERROR] ConditionMgr:805 - Attr not supported : Dmpu
2026-05-09 17:44:23,448 [ERROR] ConditionMgr:805 - Attr not supported : Dmpu
2026-05-09 17:44:23,449 [ERROR] ConditionMgr:805 - Attr not supported : Dmpu
2026-05-09 17:44:23,449 [ERROR] ConditionMgr:805 - Attr not supported : Dmpu
2026-05-09 17:44:23,450 [ERROR] ConditionMgr:805 - Attr not supported : Dmpu
2026-05-09 17:44:23,450 [ERROR] ConditionMgr:805 - Attr not supported : Dmpu
2026-05-09 17:44:23,451 [ERROR] ConditionMgr:805 - Attr not supported : Dmpu
2026-05-09 17:44:23,475 [WARN] PackLoader:240 - Cannot read IP mode file for STMicroelectronics.X-CUBE-WB05N.2.0.0
2026-05-09 17:44:23,495 [ERROR] Engine:466 - C:\Users\Aditya\.stm32cubemx\thirdparties\pdsc\STMicroelectronics.X-CUBE-TCPP.4.2.0.pdsc: PDSC version is not supported
2026-05-09 17:44:23,514 [WARN] PackLoader:240 - Cannot read IP mode file for RealThread.X-CUBE-RT-Thread_Nano.4.1.1
2026-05-09 17:44:23,529 [WARN] PackLoader:240 - Cannot read IP mode file for wolfSSL.I-CUBE-wolfSSL.5.7.0
2026-05-09 17:44:23,546 [WARN] PackLoader:240 - Cannot read IP mode file for STMicroelectronics.FP-ATR-SIGFOX1.3.2.0
2026-05-09 17:44:23,561 [WARN] PackLoader:240 - Cannot read IP mode file for STMicroelectronics.X-CUBE-EEPRMA1.5.1.0
2026-05-09 17:44:23,574 [ERROR] Engine:466 - C:\Users\Aditya\.stm32cubemx\thirdparties\pdsc\STMicroelectronics.X-CUBE-FREERTOS.1.5.0.pdsc: PDSC version is not supported
2026-05-09 17:44:23,591 [WARN] PackLoader:240 - Cannot read IP mode file for ITTIA_DB.I-CUBE-ITTIADB.8.9.0
2026-05-09 17:44:23,617 [WARN] PackLoader:240 - Cannot read IP mode file for STMicroelectronics.X-CUBE-NFC6.3.2.0
2026-05-09 17:44:23,644 [ERROR] Engine:466 - C:\Users\Aditya\.stm32cubemx\thirdparties\pdsc\STMicroelectronics.X-CUBE-ST67W61.1.0.0.pdsc: PDSC version is not supported
2026-05-09 17:44:23,675 [WARN] PackLoader:240 - Cannot read IP mode file for STMicroelectronics.X-CUBE-AI.10.2.0
2026-05-09 17:44:23,870 [WARN] PackLoader:240 - Cannot read IP mode file for STMicroelectronics.X-CUBE-MEMS1.12.1.0
2026-05-09 17:44:24,106 [WARN] PackLoader:240 - Cannot read IP mode file for SEGGER.I-CUBE-embOS.1.3.1
2026-05-09 17:44:24,186 [WARN] PackLoader:240 - Cannot read IP mode file for STMicroelectronics.X-CUBE-ALGOBUILD.1.4.0
2026-05-09 17:44:24,378 [WARN] PackLoader:240 - Cannot read IP mode file for STMicroelectronics.X-CUBE-MEMS1.11.3.0
2026-05-09 17:44:24,410 [INFO] WebApp:192 - Starting web application
2026-05-09 17:44:24,410 [INFO] WebApp:544 - Web application path used C:\ST\STM32CubeIDE_1.15.0\STM32CubeIDE\plugins\com.st.stm32cube.common.mx_6.11.0.202403141607\db\plugins\mcufinder\reactClient1\index.html
2026-05-09 17:44:24,594 [WARN] PackLoader:240 - Cannot read IP mode file for STMicroelectronics.X-CUBE-PM33A1.1.0.0
2026-05-09 17:44:24,614 [WARN] PackLoader:240 - Cannot read IP mode file for STMicroelectronics.X-CUBE-GNSS1.6.0.0
2026-05-09 17:44:24,644 [WARN] PackLoader:240 - Cannot read IP mode file for STMicroelectronics.X-CUBE-AZRTOS-F4.1.1.0
2026-05-09 17:44:24,657 [ERROR] Engine:466 - C:\Users\Aditya\.stm32cubemx\thirdparties\pdsc\Avnet-IotConnect.X-CUBE-IoTC-DA16k-PMOD.1.0.0.pdsc: PDSC version is not supported
2026-05-09 17:44:24,676 [WARN] PackLoader:240 - Cannot read IP mode file for STMicroelectronics.X-CUBE-ISPU.2.1.0
2026-05-09 17:44:24,710 [ERROR] Engine:466 - C:\Users\Aditya\.stm32cubemx\thirdparties\pdsc\STMicroelectronics.X-CUBE-IPS.3.2.0.pdsc: PDSC version is not supported
2026-05-09 17:44:24,727 [ERROR] Engine:466 - C:\Users\Aditya\.stm32cubemx\thirdparties\pdsc\STMicroelectronics.eDS-WB_DPC_TT-BIDIR.2.1.1.pdsc: PDSC version is not supported
2026-05-09 17:44:24,742 [WARN] PackLoader:240 - Cannot read IP mode file for STMicroelectronics.X-CUBE-FREERTOS.1.2.0
2026-05-09 17:44:24,770 [WARN] PackLoader:240 - Cannot read IP mode file for STMicroelectronics.X-CUBE-NFC12.1.0.0
2026-05-09 17:44:24,863 [WARN] PackLoader:240 - Cannot read IP mode file for STMicroelectronics.X-CUBE-AZRTOS-L5.2.0.0
2026-05-09 17:44:24,916 [WARN] PackLoader:240 - Cannot read IP mode file for STMicroelectronics.X-CUBE-NFC6.3.1.0
2026-05-09 17:44:24,970 [WARN] PackLoader:240 - Cannot read IP mode file for STMicroelectronics.X-CUBE-DPower.1.2.0
2026-05-09 17:44:24,986 [ERROR] Engine:466 - C:\Users\Aditya\.stm32cubemx\thirdparties\pdsc\STMicroelectronics.eDS-WB_DPC_VIENNA.1.2.0.pdsc: PDSC version is not supported
2026-05-09 17:44:25,002 [WARN] PackLoader:240 - Cannot read IP mode file for STMicroelectronics.X-CUBE-AI.9.0.0
2026-05-09 17:44:25,032 [ERROR] Engine:466 - C:\Users\Aditya\.stm32cubemx\thirdparties\pdsc\STMicroelectronics.X-CUBE-ST67W61.1.3.0.pdsc: PDSC version is not supported
2026-05-09 17:44:25,051 [WARN] PackLoader:240 - Cannot read IP mode file for STMicroelectronics.X-CUBE-FREERTOS.1.3.1
2026-05-09 17:44:25,083 [WARN] PackLoader:240 - Cannot read IP mode file for STMicroelectronics.X-CUBE-NFC7.1.0.1
2026-05-09 17:44:25,105 [WARN] PackLoader:240 - Cannot read IP mode file for wolfSSL.I-CUBE-wolfTPM.3.2.0
2026-05-09 17:44:25,133 [WARN] PackLoader:240 - Cannot read IP mode file for STMicroelectronics.X-CUBE-TOUCHGFX.4.26.0
2026-05-09 17:44:25,161 [WARN] PackLoader:240 - Cannot read IP mode file for STMicroelectronics.X-CUBE-TOUCHGFX.4.26.1
2026-05-09 17:44:25,183 [ERROR] Engine:466 - C:\Users\Aditya\.stm32cubemx\thirdparties\pdsc\STMicroelectronics.FP-SNS-STAIOTCFT.1.0.0.pdsc: PDSC version is not supported
2026-05-09 17:44:25,212 [WARN] PackLoader:240 - Cannot read IP mode file for STMicroelectronics.X-CUBE-DPower.1.3.0
2026-05-09 17:44:25,276 [WARN] ConditionMgr:438 - getConditionDescription Invalid condition id : LAN8742 Phy interface Condition cause : null
2026-05-09 17:44:25,277 [WARN] PackLoader:240 - Cannot read IP mode file for STMicroelectronics.X-CUBE-AZRTOS-L4.2.0.0
2026-05-09 17:44:25,282 [WARN] ConditionMgr:1039 - genDependencies : Invalid condition id : LAN8742 Phy interface Condition cause : null
2026-05-09 17:44:25,283 [WARN] ConditionMgr:1039 - genDependencies : Invalid condition id : LAN8742 Phy interface Condition cause : null
2026-05-09 17:44:25,283 [WARN] ConditionMgr:1039 - genDependencies : Invalid condition id : LAN8742 Phy interface Condition cause : null
2026-05-09 17:44:25,334 [WARN] PackLoader:240 - Cannot read IP mode file for STMicroelectronics.X-CUBE-SFXS2LP1.4.0.0
2026-05-09 17:44:25,361 [WARN] PackLoader:240 - Cannot read IP mode file for STMicroelectronics.X-CUBE-WB05N.2.1.0
2026-05-09 17:44:25,382 [ERROR] Engine:466 - C:\Users\Aditya\.stm32cubemx\thirdparties\pdsc\STMicroelectronics.X-CUBE-ST67W61.1.2.0.pdsc: PDSC version is not supported
2026-05-09 17:44:25,414 [WARN] PackLoader:240 - Cannot read IP mode file for STMicroelectronics.X-CUBE-AZRTOS-H7.3.3.0
2026-05-09 17:44:25,433 [ERROR] Engine:466 - C:\Users\Aditya\.stm32cubemx\thirdparties\pdsc\STMicroelectronics.X-CUBE-BLEMGR.4.1.0.pdsc: PDSC version is not supported
2026-05-09 17:44:25,479 [WARN] ConditionMgr:438 - getConditionDescription Invalid condition id : UX DEVICE CLASS RTOS Condition cause : null
2026-05-09 17:44:25,479 [WARN] ConditionMgr:438 - getConditionDescription Invalid condition id : UX DEVICE CLASS RTOS Condition cause : null
2026-05-09 17:44:25,482 [WARN] PackLoader:240 - Cannot read IP mode file for STMicroelectronics.X-CUBE-AZRTOS-WB.2.0.0
2026-05-09 17:44:25,483 [WARN] ConditionMgr:1039 - genDependencies : Invalid condition id : UX DEVICE CLASS RTOS Condition cause : null
2026-05-09 17:44:25,483 [WARN] ConditionMgr:1039 - genDependencies : Invalid condition id : UX DEVICE CLASS RTOS Condition cause : null
2026-05-09 17:44:25,483 [WARN] ConditionMgr:1039 - genDependencies : Invalid condition id : UX DEVICE CLASS RTOS Condition cause : null
2026-05-09 17:44:25,483 [WARN] ConditionMgr:1039 - genDependencies : Invalid condition id : UX DEVICE CLASS RTOS Condition cause : null
2026-05-09 17:44:25,483 [WARN] ConditionMgr:1039 - genDependencies : Invalid condition id : UX DEVICE CLASS RTOS Condition cause : null
2026-05-09 17:44:25,517 [WARN] PackLoader:240 - Cannot read IP mode file for STMicroelectronics.X-CUBE-GNSS1.7.0.1
2026-05-09 17:44:25,549 [WARN] PackLoader:240 - Cannot read IP mode file for STMicroelectronics.X-CUBE-TOUCHGFX.4.25.0
2026-05-09 17:44:25,567 [WARN] PackLoader:240 - Cannot read IP mode file for STMicroelectronics.FP-SNS-STBOX1.2.0.0
2026-05-09 17:44:25,588 [WARN] PackLoader:240 - Cannot read IP mode file for STMicroelectronics.X-CUBE-STSE01.2.0.0
2026-05-09 17:44:25,612 [WARN] PackLoader:240 - Cannot read IP mode file for STMicroelectronics.X-CUBE-SUBG2.5.0.0
2026-05-09 17:44:25,664 [WARN] PackLoader:240 - Cannot read IP mode file for STMicroelectronics.X-CUBE-AZRTOS-H7RS.1.1.0
2026-05-09 17:44:25,699 [WARN] PackLoader:240 - Cannot read IP mode file for Cesanta.I-CUBE-Mongoose.7.13.0
2026-05-09 17:44:25,760 [WARN] PackLoader:240 - Cannot read IP mode file for STMicroelectronics.X-CUBE-AZRTOS-G4.2.0.0
2026-05-09 17:44:25,800 [WARN] PackLoader:240 - Cannot read IP mode file for STMicroelectronics.X-CUBE-NFC7.2.0.0
2026-05-09 17:44:25,878 [WARN] PackLoader:240 - Cannot read IP mode file for STMicroelectronics.X-CUBE-ISPU.2.0.0
2026-05-09 17:44:25,926 [ERROR] Engine:466 - C:\Users\Aditya\.stm32cubemx\thirdparties\pdsc\STMicroelectronics.X-CUBE-IPS.3.1.0.pdsc: PDSC version is not supported
2026-05-09 17:44:25,956 [WARN] PackLoader:240 - Cannot read IP mode file for STMicroelectronics.X-CUBE-ALS.1.0.2
2026-05-09 17:44:26,038 [WARN] PackLoader:240 - Cannot read IP mode file for STMicroelectronics.X-CUBE-MEMS1.10.0.0
2026-05-09 17:44:26,152 [WARN] PackLoader:240 - Cannot read IP mode file for STMicroelectronics.X-CUBE-FREERTOS.1.1.0
2026-05-09 17:44:26,175 [WARN] PackLoader:240 - Cannot read IP mode file for STMicroelectronics.X-CUBE-TOUCHGFX.4.24.0
2026-05-09 17:44:26,191 [WARN] PackLoader:240 - Cannot read IP mode file for STMicroelectronics.X-CUBE-STSE01.1.0.0
2026-05-09 17:44:26,210 [WARN] PackLoader:240 - Cannot read IP mode file for portGmbH.I-Cube-SoM-uGOAL.1.1.0
2026-05-09 17:44:26,225 [WARN] PackLoader:240 - Cannot read IP mode file for STMicroelectronics.X-CUBE-ALS.1.0.1
2026-05-09 17:44:26,293 [WARN] PackLoader:240 - Cannot read IP mode file for STMicroelectronics.X-CUBE-AZRTOS-H7RS.1.0.0
2026-05-09 17:44:26,335 [WARN] PackLoader:240 - Cannot read IP mode file for STMicroelectronics.FP-ATR-ASTRA1.2.0.0
2026-05-09 17:44:26,391 [WARN] PackLoader:240 - Cannot read IP mode file for STMicroelectronics.X-CUBE-TOF1.3.4.2
2026-05-09 17:44:26,445 [ERROR] Engine:466 - C:\Users\Aditya\.stm32cubemx\thirdparties\pdsc\STMicroelectronics.X-CUBE-TOF1.3.4.3.pdsc: PDSC version is not supported
2026-05-09 17:44:26,481 [WARN] PackLoader:240 - Cannot read IP mode file for STMicroelectronics.X-CUBE-TOF1.3.4.1
2026-05-09 17:44:26,565 [WARN] PackLoader:240 - Cannot read IP mode file for STMicroelectronics.X-CUBE-AZRTOS-H7.3.2.0
2026-05-09 17:44:26,597 [WARN] PackLoader:240 - Cannot read IP mode file for Infineon.AIROC-Wi-Fi-Bluetooth-STM32.1.6.0
2026-05-09 17:44:26,618 [WARN] PackLoader:240 - Cannot read IP mode file for wolfSSL.I-CUBE-wolfSSH.1.4.17
2026-05-09 17:44:26,619 [INFO] ThirdParty:978 - Integrity check success = true
2026-05-09 17:44:26,619 [INFO] IntegrityCheckThread:100 - exiting critical section [integrity check]
2026-05-09 17:44:26,619 [INFO] IntegrityCheckThread:103 - End integrity checks thread
2026-05-09 17:48:31,797 [INFO] McuFinderGlobals:63 - Set McuFinder mode to 2 (CubeIDE integrated)
2026-05-09 17:48:31,823 [INFO] MainUpdater:2873 - connection check result : 10
2026-05-09 17:48:31,829 [INFO] MainUpdater:2873 - connection check result : 10
2026-05-09 17:48:31,977 [INFO] MicroXplorer:468 - Change Database Path : 
2026-05-09 17:48:31,977 [INFO] MicroXplorer:498 - Change Database Version : DB.6.0.110
2026-05-09 17:48:31,980 [WARN] ThirdParty:871 - waiting for thirdparty lock release [close project]
2026-05-09 17:48:31,980 [INFO] ThirdParty:873 - entering critical section [close project]
2026-05-09 17:48:31,982 [INFO] ThirdParty:883 - exiting critical section [close project]
2026-05-09 17:48:31,983 [INFO] PinOutPanel:1561 - setPackage(No Configuration,No Configuration)
2026-05-09 17:48:31,985 [INFO] UtilMem:75 - Begin LoadConfig() Used Memory: 819477448 Bytes (1073741824)
2026-05-09 17:48:31,986 [INFO] MicroXplorer:468 - Change Database Path : 
2026-05-09 17:48:31,986 [INFO] MicroXplorer:498 - Change Database Version : DB.6.0.110
2026-05-09 17:48:31,986 [INFO] OpenFileManager:312 - Change cursor
2026-05-09 17:48:32,018 [INFO] Mcu:2021 - Initializing MCU STM32F446R(C-E)Tx STM32F446RETx STM32F446RET6
2026-05-09 17:48:33,776 [INFO] Context:663 - Trying to add GPIOservice into a context  which must be forbidden
2026-05-09 17:48:34,256 [INFO] RtosManager:555 - Registered RTOS mode: class=CMSIS, group=RTOS, mode=CMSIS_V1, owner=FREERTOS
2026-05-09 17:48:34,258 [INFO] RtosManager:555 - Registered RTOS mode: class=CMSIS, group=RTOS2, mode=CMSIS_V2, owner=FREERTOS
2026-05-09 17:48:34,258 [INFO] RtosManager:555 - Registered RTOS mode: class=RTOS, group=Core, mode=CMSIS_V1, owner=FREERTOS
2026-05-09 17:48:34,258 [INFO] RtosManager:555 - Registered RTOS mode: class=RTOS, group=Core, mode=CMSIS_V2, owner=FREERTOS
2026-05-09 17:48:34,259 [WARN] ModelIntegratedComponent:184 - Missing modes for component STMicroelectronics:FreeRTOS:0.0.1:STMicroelectronics:RTOS:FreeRTOS:Core:::10.2.0:
2026-05-09 17:48:34,268 [WARN] ModelIntegratedComponent:63 - No mode defined for component null
2026-05-09 17:48:34,268 [WARN] ModelIntegratedComponent:63 - No mode defined for component null
2026-05-09 17:48:34,269 [WARN] ModelIntegratedComponent:63 - No mode defined for component null
2026-05-09 17:48:34,269 [WARN] ModelIntegratedComponent:63 - No mode defined for component null
2026-05-09 17:48:34,269 [WARN] ModelIntegratedComponent:63 - No mode defined for component null
2026-05-09 17:48:34,269 [WARN] ModelIntegratedComponent:63 - No mode defined for component null
2026-05-09 17:48:34,269 [WARN] ModelIntegratedComponent:63 - No mode defined for component null
2026-05-09 17:48:34,269 [WARN] ModelIntegratedComponent:63 - No mode defined for component null
2026-05-09 17:48:34,269 [WARN] ModelIntegratedComponent:63 - No mode defined for component null
2026-05-09 17:48:34,269 [WARN] ModelIntegratedComponent:63 - No mode defined for component null
2026-05-09 17:48:34,269 [WARN] ModelIntegratedComponent:63 - No mode defined for component null
2026-05-09 17:48:34,269 [WARN] ModelIntegratedComponent:63 - No mode defined for component null
2026-05-09 17:48:34,269 [WARN] ModelIntegratedComponent:63 - No mode defined for component null
2026-05-09 17:48:34,269 [WARN] ModelIntegratedComponent:63 - No mode defined for component null
2026-05-09 17:48:34,269 [WARN] ModelIntegratedComponent:63 - No mode defined for component null
2026-05-09 17:48:34,269 [WARN] ModelIntegratedComponent:63 - No mode defined for component null
2026-05-09 17:48:34,269 [WARN] ModelIntegratedComponent:63 - No mode defined for component null
2026-05-09 17:48:34,269 [WARN] ModelIntegratedComponent:63 - No mode defined for component null
2026-05-09 17:48:34,269 [WARN] ModelIntegratedComponent:63 - No mode defined for component null
2026-05-09 17:48:34,269 [WARN] ModelIntegratedComponent:63 - No mode defined for component null
2026-05-09 17:48:34,269 [WARN] ModelIntegratedComponent:63 - No mode defined for component null
2026-05-09 17:48:34,269 [WARN] ModelIntegratedComponent:63 - No mode defined for component null
2026-05-09 17:48:34,269 [WARN] ModelIntegratedComponent:63 - No mode defined for component null
2026-05-09 17:48:34,269 [WARN] ModelIntegratedComponent:63 - No mode defined for component null
2026-05-09 17:48:34,269 [WARN] ModelIntegratedComponent:63 - No mode defined for component null
2026-05-09 17:48:34,270 [WARN] ModelIntegratedComponent:63 - No mode defined for component null
2026-05-09 17:48:34,270 [WARN] ModelIntegratedComponent:63 - No mode defined for component null
2026-05-09 17:48:34,270 [WARN] ModelIntegratedComponent:63 - No mode defined for component null
2026-05-09 17:48:34,270 [WARN] ModelIntegratedComponent:63 - No mode defined for component null
2026-05-09 17:48:34,270 [WARN] ModelIntegratedComponent:63 - No mode defined for component null
2026-05-09 17:48:34,270 [WARN] ModelIntegratedComponent:63 - No mode defined for component null
2026-05-09 17:48:34,270 [WARN] ModelIntegratedComponent:63 - No mode defined for component null
2026-05-09 17:48:34,270 [WARN] ModelIntegratedComponent:63 - No mode defined for component null
2026-05-09 17:48:34,270 [WARN] ModelIntegratedComponent:63 - No mode defined for component null
2026-05-09 17:48:34,471 [INFO] ThirdPartyModel:298 - Start build external matchings
2026-05-09 17:48:35,386 [INFO] ThirdPartyModel:316 - End build external matchings
2026-05-09 17:48:35,428 [INFO] ImportTextPane:194 - (OptionalMessage_ERROR) IP (RCC) : Invalid parameter (48MHZClocksFreq_Value)
2026-05-09 17:48:35,429 [INFO] ImportTextPane:194 - (OptionalMessage_ERROR) IP (RCC) : Invalid parameter (EthernetFreq_Value)
2026-05-09 17:48:35,430 [INFO] ImportTextPane:194 - (OptionalMessage_ERROR) IP (RCC) : Parameter (FLatency) has Id (AdvancedSettings) currently not set
2026-05-09 17:48:35,430 [INFO] ImportTextPane:194 - (OptionalMessage_ERROR) IP (RCC) : Invalid parameter (FamilyName)
2026-05-09 17:48:35,430 [INFO] ImportTextPane:194 - (OptionalMessage_ERROR) IP (RCC) : Invalid parameter (I2SClocksFreq_Value)
2026-05-09 17:48:35,430 [INFO] ImportTextPane:194 - (OptionalMessage_ERROR) IP (RCC) : Parameter (MCO2PinFreq_Value) has invalid value (180000000)
2026-05-09 17:48:35,432 [INFO] ImportTextPane:194 - (OptionalMessage_ERROR) IP (RCC) : Parameter (SDIOFreq_Value) has invalid value (180000000)
2026-05-09 17:48:35,432 [INFO] ImportTextPane:194 - (OptionalMessage_ERROR) IP (RCC) : Parameter (USBFreq_Value) has invalid value (180000000)
2026-05-09 17:48:35,433 [INFO] ImportTextPane:194 - (OptionalMessage_ERROR) IP (RCC) : Invalid parameter (VCOInputMFreq_Value)
2026-05-09 17:48:35,433 [INFO] ImportTextPane:194 - (OptionalMessage_ERROR) IP (RCC) : Invalid parameter (VcooutputI2S)
2026-05-09 17:48:35,925 [INFO] ApiDb:581 - Connected to CubeFinder SQLite database (C:\Users\Aditya\.stmcufinder\plugins\mcufinder\mcu\cube-finder-db.db)
2026-05-09 17:48:36,009 [INFO] ApiDb:668 - CubeFinder database Data Model version=2.1
2026-05-09 17:48:36,009 [INFO] ApiDb:669 - CubeFinder database Configuration version=3.0.42
2026-05-09 17:48:36,009 [INFO] ApiDb:670 - CubeFinder database generation date=2026-03-11 (1773229989)
2026-05-09 17:48:36,009 [INFO] ApiDb:671 - CubeFinder database FW Pack versions=[FP-ATR-ASTRA1_V2.0.0, FP-SNS-FLIGHT1_V5.1.0, FP-SNS-MOTENV1_V5.1.0, FP-SNS-MOTENVWB1_V1.5.0, FP-SNS-SMARTAG2_V1.2.0, FP-SNS-STBOX1_V2.1.0, STM32Cube_FW_C0_V1.4.0, STM32Cube_FW_F4_V1.28.3, STM32Cube_FW_F7_V1.17.4, STM32Cube_FW_G0_V1.6.3, STM32Cube_FW_G4_V1.6.2, STM32Cube_FW_H5_V1.6.0, STM32Cube_FW_H7RS_V1.3.0, STM32Cube_FW_H7_V1.13.0, STM32Cube_FW_L0_V1.12.2, STM32Cube_FW_L4_V1.18.2, STM32Cube_FW_L5_V1.6.0, STM32Cube_FW_N6_V1.3.0, STM32Cube_FW_U0_V1.3.0, STM32Cube_FW_U3_V1.3.0, STM32Cube_FW_U5_V1.8.0, STM32Cube_FW_WB0_V1.4.0, STM32Cube_FW_WBA_V1.9.0, STM32Cube_FW_WB_V1.24.0, STM32Cube_FW_WL3_V1.4.0, STM32Cube_FW_WL_V1.5.0, X-CUBE-ALGOBUILD_V1.4.0, X-CUBE-ALS_V1.0.2, X-CUBE-AZRTOS-F4_V1.1.0, X-CUBE-AZRTOS-F7_V1.1.0, X-CUBE-AZRTOS-G0_V1.1.0, X-CUBE-AZRTOS-G4_V2.0.0, X-CUBE-AZRTOS-H7RS_V1.1.0, X-CUBE-AZRTOS-H7_V3.4.0, X-CUBE-AZRTOS-L4_V2.0.0, X-CUBE-AZRTOS-L5_V2.0.0, X-CUBE-AZRTOS-WB_V2.0.0, X-CUBE-AZRTOS-WL_V2.0.0, X-CUBE-BLE1_V7.1.0, X-CUBE-BLE2_V3.3.0, X-CUBE-BLEMGR_V4.1.0, X-CUBE-EEPRMA1_V5.2.0, X-CUBE-FREERTOS_V1.5.0, X-CUBE-GNSS1_V6.0.0, X-CUBE-MEMS1_V12.0.0, X-CUBE-NFC4_V3.0.0, X-CUBE-NFC7_V2.0.0, X-CUBE-SFXS2LP1_V4.0.0, X-CUBE-ST67W61_V1.2.0, X-CUBE-SUBG2_V5.0.0, X-CUBE-TOF1_V3.4.3]
2026-05-09 17:48:36,151 [INFO] DbBoardsSqlite:226 - include board P-NUCLEO-WB55-NUCLEO as a kit item of type 'Nucleo-64'
2026-05-09 17:48:36,152 [INFO] DbBoardsSqlite:226 - include board P-NUCLEO-WB55-USBDONGLE as a kit item of type 'Nucleo USB Dongle'
2026-05-09 17:48:36,152 [INFO] DbBoardsSqlite:226 - include board STEVAL-IDP005V1 as a kit item of type 'Evaluation Board'
2026-05-09 17:48:36,154 [INFO] DbBoardsSqlite:226 - include board STEVAL-IDP005V2 as a kit item of type 'Evaluation Board'
2026-05-09 17:48:36,524 [INFO] ApiDb:240 - Found 483 in-development CPN: [B-G473E-ZEST1S, B-WB1M-WPAN1, B-WL5M-SUBG1, NUCLEO-C031C6, NUCLEO-H503RB, NUCLEO-H533RE, NUCLEO-H563ZI, NUCLEO-H7S3L8, NUCLEO-U031R8, NUCLEO-U083RC, NUCLEO-U545RE-Q, NUCLEO-U5A5ZJ-Q, NUCLEO-WBA52CG, NUCLEO-WBA55CG, STEVAL-PROTEUS1, STEVAL-SMARTAG2, STEVAL-STWINBX1, STM320518-EVAL, STM32C0116-DK, STM32C011D6Y3TR, STM32C011D6Y6TR, STM32C011F4P3, STM32C011F4P6, STM32C011F4U3, STM32C011F4U6TR, STM32C011F6P3, STM32C011F6P6, STM32C011F6U3, STM32C011F6U6TR, STM32C011J4M3, STM32C011J4M6, STM32C011J6M3, STM32C011J6M6, STM32C0316-DK, STM32C031C4T3, STM32C031C4T6, STM32C031C4U3, STM32C031C4U6, STM32C031C6T3, STM32C031C6T6, STM32C031C6U3, STM32C031C6U6, STM32C031F4P3, STM32C031F4P6, STM32C031F6P3, STM32C031F6P6, STM32C031G4U3, STM32C031G4U6, STM32C031G6U3, STM32C031G6U6, STM32C031K4T3, STM32C031K4T6, STM32C031K4U3, STM32C031K4U6, STM32C031K6T3, STM32C031K6T6, STM32C031K6U3, STM32C031K6U6, STM32G071K8TXN, STM32G071K8UXN, STM32G081GBU6N, STM32G081KBT6N, STM32G081KBUXN, STM32G0B1CCT6N, STM32G0B1KCT6, STM32G0B1NEY6TR, STM32G0B1RCT6N, STM32G0C1CCT6, STM32G0C1CCT6N, STM32G0C1CCU6N, STM32G0C1CET6N, STM32G0C1CEU6N, STM32G0C1KCT6, STM32G0C1NEY6TR, STM32G0C1RCI6N, STM32G0C1RCT6N, STM32G0C1REI6N, STM32G0C1RET6N, STM32G0C1VCI6, STM32G0C1VEI6, STM32G471CCT6, STM32G471CCU6, STM32G471CET3, STM32G471CET6, STM32G471CEU3, STM32G471CEU6, STM32G471MCT6, STM32G471MET3, STM32G471MET6, STM32G471MEY6TR, STM32G471QCT6, STM32G471QET3, STM32G471RCT6, STM32G471RET3, STM32G471RET6, STM32G471VCH6, STM32G471VCI6, STM32G471VCT6, STM32G471VEH3, STM32G471VEH6, STM32G471VEI3, STM32G471VEI6, STM32G471VET3, STM32G471VET6, STM32G474CCT6, STM32H503CBT6, STM32H503CBU6, STM32H503EBY6TR, STM32H503KBU6, STM32H503RBT6, STM32H523CCT6, STM32H523CCU6, STM32H523CET6, STM32H523CEU6, STM32H523HEY6TR, STM32H523RCT6, STM32H523RET6, STM32H523VCI6, STM32H523VCT6, STM32H523VEI6, STM32H523VET6, STM32H523ZCJ6, STM32H523ZCT6, STM32H523ZEJ6, STM32H523ZET6, STM32H533CET6, STM32H533CEU6, STM32H533HEY6TR, STM32H533RET6, STM32H533VEI6, STM32H533VET6, STM32H533ZEJ6, STM32H533ZET6, STM32H562AGI6, STM32H562AII6, STM32H562IGK6, STM32H562IGT6, STM32H562IIK6, STM32H562IIT6, STM32H562RGT6, STM32H562RGV6, STM32H562RIT6, STM32H562RIV6, STM32H562VGT6, STM32H562VIT6, STM32H562ZGT6, STM32H562ZIT6, STM32H563AGI6, STM32H563AII3Q, STM32H563AII6, STM32H563IGK6, STM32H563IGT6, STM32H563IIK3Q, STM32H563IIK6, STM32H563IIT3Q, STM32H563IIT6, STM32H563MIY3QTR, STM32H563RGT6, STM32H563RGV6, STM32H563RIT6, STM32H563RIV6, STM32H563VGT6, STM32H563VIT3Q, STM32H563VIT6, STM32H563ZGT6, STM32H563ZIT3Q, STM32H563ZIT6, STM32H573AII3Q, STM32H573AII6, STM32H573I-DK, STM32H573IIK3Q, STM32H573IIK6, STM32H573IIT3Q, STM32H573IIT6, STM32H573MIY3QTR, STM32H573RIT6, STM32H573RIV6, STM32H573VIT3Q, STM32H573VIT6, STM32H573ZIT3Q, STM32H573ZIT6, STM32H7R3A8I6, STM32H7R3I8K6, STM32H7R3I8T6, STM32H7R3L8H6, STM32H7R3L8H6H, STM32H7R3R8V6, STM32H7R3V8H6, STM32H7R3V8T6, STM32H7R3V8Y6, STM32H7R3Z8J6, STM32H7R3Z8T6, STM32H7R7A8I6, STM32H7R7I8K6, STM32H7R7I8T6, STM32H7R7L8H6, STM32H7R7L8H6H, STM32H7R7Z8J6, STM32H7S3A8I6, STM32H7S3I8K6, STM32H7S3I8T6, STM32H7S3L8H6, STM32H7S3L8H6H, STM32H7S3R8V6, STM32H7S3V8H6, STM32H7S3V8T6, STM32H7S3V8Y6, STM32H7S3Z8J6, STM32H7S3Z8T6, STM32H7S78-DK, STM32H7S7A8I6, STM32H7S7I8K6, STM32H7S7I8T6, STM32H7S7L8H6, STM32H7S7L8H6H, STM32H7S7Z8J6, STM32L4R5QGI6STR, STM32MP131AAE3, STM32MP131AAF3, STM32MP131AAG3, STM32MP131CAE3, STM32MP131CAF3, STM32MP131CAG3, STM32MP131DAE7, STM32MP131DAF7, STM32MP131DAG7, STM32MP131FAE7, STM32MP131FAF7, STM32MP131FAG7, STM32MP133AAE3, STM32MP133AAF3, STM32MP133AAG3, STM32MP133CAE3, STM32MP133CAF3, STM32MP133CAG3, STM32MP133DAE7, STM32MP133DAF7, STM32MP133DAG7, STM32MP133FAE7, STM32MP133FAF7, STM32MP133FAG7, STM32MP135AAE3, STM32MP135AAF3, STM32MP135AAG3, STM32MP135CAE3, STM32MP135CAF3, STM32MP135CAG3, STM32MP135DAE7, STM32MP135DAF7, STM32MP135DAG7, STM32MP135F-DK, STM32MP135FAE7, STM32MP135FAF7, STM32MP135FAF7T, STM32MP135FAF7U, STM32MP135FAG7, STM32U031C6T6, STM32U031C6U6, STM32U031C8T6, STM32U031C8U6, STM32U031F4P6, STM32U031F6P6, STM32U031F8P6, STM32U031G6Y6TR, STM32U031G8Y6TR, STM32U031K4U6, STM32U031K6U6, STM32U031K8U6, STM32U031R6I6, STM32U031R6T6, STM32U031R8I6, STM32U031R8T6, STM32U073C8T6, STM32U073C8U6, STM32U073CBT6, STM32U073CBU6, STM32U073CCT6, STM32U073CCU6, STM32U073H8Y6TR, STM32U073HBY6TR, STM32U073HCY6TR, STM32U073K8U6, STM32U073KBU6, STM32U073KCU6, STM32U073M8I6, STM32U073M8T6, STM32U073MBI6, STM32U073MBT6, STM32U073MCI6, STM32U073MCT6, STM32U073R8I6, STM32U073R8T6, STM32U073RBI6, STM32U073RBT6, STM32U073RCI6, STM32U073RCT6, STM32U083C-DK, STM32U083CCT6, STM32U083CCU6, STM32U083HCY6TR, STM32U083KCU6, STM32U083MCI6, STM32U083MCT6, STM32U083RCI6, STM32U083RCT6, STM32U535CBT6, STM32U535CBT6Q, STM32U535CBU6, STM32U535CBU6Q, STM32U535CCT6, STM32U535CCT6Q, STM32U535CCU6, STM32U535CCU6Q, STM32U535CET6, STM32U535CET6Q, STM32U535CEU6, STM32U535CEU6Q, STM32U535JEY6QTR, STM32U535NCY6QTR, STM32U535NEY6QTR, STM32U535RBI6, STM32U535RBI6Q, STM32U535RBT6, STM32U535RBT6Q, STM32U535RCI6, STM32U535RCI6Q, STM32U535RCT6, STM32U535RCT6Q, STM32U535REI6, STM32U535REI6Q, STM32U535RET6, STM32U535RET6Q, STM32U535VCI6, STM32U535VCI6Q, STM32U535VCT6, STM32U535VCT6Q, STM32U535VEI6, STM32U535VEI6Q, STM32U535VET6, STM32U535VET6Q, STM32U545CET6, STM32U545CET6Q, STM32U545CEU6, STM32U545CEU6Q, STM32U545JEY6QTR, STM32U545NEY6QTR, STM32U545REI6, STM32U545REI6Q, STM32U545RET6, STM32U545RET6Q, STM32U545VEI6, STM32U545VEI6Q, STM32U545VET6, STM32U545VET6Q, STM32U595AIH6, STM32U595AIH6Q, STM32U595AJH6, STM32U595AJH6Q, STM32U595QII6, STM32U595QII6Q, STM32U595QJI6, STM32U595QJI6Q, STM32U595RIT6, STM32U595RIT6Q, STM32U595RJT6, STM32U595RJT6Q, STM32U595VIT6, STM32U595VIT6Q, STM32U595VJT6, STM32U595VJT6Q, STM32U595ZIT6, STM32U595ZIT6Q, STM32U595ZIY6QTR, STM32U595ZJT6, STM32U595ZJT6Q, STM32U595ZJY6QTR, STM32U599BJY6QTR, STM32U599NIH6Q, STM32U599NJH6Q, STM32U599VIT6Q, STM32U599VJT6, STM32U599VJT6Q, STM32U599ZIT6Q, STM32U599ZIY6QTR, STM32U599ZJT6Q, STM32U599ZJY6QTR, STM32U5A5AJH6, STM32U5A5AJH6Q, STM32U5A5QII3Q , STM32U5A5QJI6, STM32U5A5QJI6Q, STM32U5A5RJT6, STM32U5A5RJT6Q, STM32U5A5VJT6, STM32U5A5VJT6Q, STM32U5A5ZJT6, STM32U5A5ZJT6Q, STM32U5A5ZJY6QTR, STM32U5A9BJY6QTR, STM32U5A9J-DK, STM32U5A9NJH6Q, STM32U5A9VJT6Q, STM32U5A9ZJT6Q, STM32U5A9ZJY6QTR, STM32U5F7VIT6, STM32U5F7VIT6Q, STM32U5F7VJT6, STM32U5F7VJT6Q, STM32U5F9BJY6QTR, STM32U5F9NJH6Q, STM32U5F9VIT6Q, STM32U5F9VJT6Q, STM32U5F9ZIJ6QTR, STM32U5F9ZIT6Q, STM32U5F9ZJJ6QTR, STM32U5F9ZJT6Q, STM32U5G7VJT6, STM32U5G7VJT6Q, STM32U5G9BJY6QTR, STM32U5G9J-DK1, STM32U5G9J-DK2, STM32U5G9NJH6Q, STM32U5G9VJT6Q, STM32U5G9ZJJ6QTR, STM32U5G9ZJT6Q, STM32WB1MMCH6, STM32WBA50KEU6, STM32WBA50KEU6TR, STM32WBA50KGU6, STM32WBA50KGU6TR, STM32WBA52CEU6, STM32WBA52CEU6TR, STM32WBA52CEU7, STM32WBA52CEU7TR, STM32WBA52CGU6, STM32WBA52CGU6TR, STM32WBA52CGU6U, STM32WBA52CGU7, STM32WBA52CGU7TR, STM32WBA52KEU6, STM32WBA52KEU6TR, STM32WBA52KGU6, STM32WBA52KGU6TR, STM32WBA54CEU6, STM32WBA54CEU6TR, STM32WBA54CEU7, STM32WBA54CEU7TR, STM32WBA54CGU6, STM32WBA54CGU6TR, STM32WBA54CGU7, STM32WBA54CGU7TR, STM32WBA54KEU6, STM32WBA54KEU6TR, STM32WBA54KEU7, STM32WBA54KEU7TR, STM32WBA54KGU6, STM32WBA54KGU6TR, STM32WBA54KGU7, STM32WBA54KGU7TR, STM32WBA55CEU6, STM32WBA55CEU6TR, STM32WBA55CEU7, STM32WBA55CEU7TR, STM32WBA55CGU6, STM32WBA55CGU6TR, STM32WBA55CGU6U, STM32WBA55CGU7, STM32WBA55CGU7TR, STM32WBA55G-DK1, STM32WBA55HEF6, STM32WBA55HEF7, STM32WBA55HGF6, STM32WBA55HGF7, STM32WBA55UEI6, STM32WBA55UEI6TR, STM32WBA55UEI7, STM32WBA55UEI7TR, STM32WBA55UGI6, STM32WBA55UGI6TR, STM32WBA55UGI7, STM32WBA55UGI7TR, STM32WL5MOCH6, STM32WL5MOCH6TR]
2026-05-09 17:48:36,528 [INFO] ApiDb:668 - CubeFinder database Data Model version=2.1
2026-05-09 17:48:36,528 [INFO] ApiDb:669 - CubeFinder database Configuration version=3.0.42
2026-05-09 17:48:36,528 [INFO] ApiDb:670 - CubeFinder database generation date=2026-03-11 (1773229989)
2026-05-09 17:48:36,528 [INFO] ApiDb:671 - CubeFinder database FW Pack versions=[FP-ATR-ASTRA1_V2.0.0, FP-SNS-FLIGHT1_V5.1.0, FP-SNS-MOTENV1_V5.1.0, FP-SNS-MOTENVWB1_V1.5.0, FP-SNS-SMARTAG2_V1.2.0, FP-SNS-STBOX1_V2.1.0, STM32Cube_FW_C0_V1.4.0, STM32Cube_FW_F4_V1.28.3, STM32Cube_FW_F7_V1.17.4, STM32Cube_FW_G0_V1.6.3, STM32Cube_FW_G4_V1.6.2, STM32Cube_FW_H5_V1.6.0, STM32Cube_FW_H7RS_V1.3.0, STM32Cube_FW_H7_V1.13.0, STM32Cube_FW_L0_V1.12.2, STM32Cube_FW_L4_V1.18.2, STM32Cube_FW_L5_V1.6.0, STM32Cube_FW_N6_V1.3.0, STM32Cube_FW_U0_V1.3.0, STM32Cube_FW_U3_V1.3.0, STM32Cube_FW_U5_V1.8.0, STM32Cube_FW_WB0_V1.4.0, STM32Cube_FW_WBA_V1.9.0, STM32Cube_FW_WB_V1.24.0, STM32Cube_FW_WL3_V1.4.0, STM32Cube_FW_WL_V1.5.0, X-CUBE-ALGOBUILD_V1.4.0, X-CUBE-ALS_V1.0.2, X-CUBE-AZRTOS-F4_V1.1.0, X-CUBE-AZRTOS-F7_V1.1.0, X-CUBE-AZRTOS-G0_V1.1.0, X-CUBE-AZRTOS-G4_V2.0.0, X-CUBE-AZRTOS-H7RS_V1.1.0, X-CUBE-AZRTOS-H7_V3.4.0, X-CUBE-AZRTOS-L4_V2.0.0, X-CUBE-AZRTOS-L5_V2.0.0, X-CUBE-AZRTOS-WB_V2.0.0, X-CUBE-AZRTOS-WL_V2.0.0, X-CUBE-BLE1_V7.1.0, X-CUBE-BLE2_V3.3.0, X-CUBE-BLEMGR_V4.1.0, X-CUBE-EEPRMA1_V5.2.0, X-CUBE-FREERTOS_V1.5.0, X-CUBE-GNSS1_V6.0.0, X-CUBE-MEMS1_V12.0.0, X-CUBE-NFC4_V3.0.0, X-CUBE-NFC7_V2.0.0, X-CUBE-SFXS2LP1_V4.0.0, X-CUBE-ST67W61_V1.2.0, X-CUBE-SUBG2_V5.0.0, X-CUBE-TOF1_V3.4.3]
2026-05-09 17:48:38,301 [INFO] ApiDb:240 - Found 483 in-development CPN: [B-G473E-ZEST1S, B-WB1M-WPAN1, B-WL5M-SUBG1, NUCLEO-C031C6, NUCLEO-H503RB, NUCLEO-H533RE, NUCLEO-H563ZI, NUCLEO-H7S3L8, NUCLEO-U031R8, NUCLEO-U083RC, NUCLEO-U545RE-Q, NUCLEO-U5A5ZJ-Q, NUCLEO-WBA52CG, NUCLEO-WBA55CG, STEVAL-PROTEUS1, STEVAL-SMARTAG2, STEVAL-STWINBX1, STM320518-EVAL, STM32C0116-DK, STM32C011D6Y3TR, STM32C011D6Y6TR, STM32C011F4P3, STM32C011F4P6, STM32C011F4U3, STM32C011F4U6TR, STM32C011F6P3, STM32C011F6P6, STM32C011F6U3, STM32C011F6U6TR, STM32C011J4M3, STM32C011J4M6, STM32C011J6M3, STM32C011J6M6, STM32C0316-DK, STM32C031C4T3, STM32C031C4T6, STM32C031C4U3, STM32C031C4U6, STM32C031C6T3, STM32C031C6T6, STM32C031C6U3, STM32C031C6U6, STM32C031F4P3, STM32C031F4P6, STM32C031F6P3, STM32C031F6P6, STM32C031G4U3, STM32C031G4U6, STM32C031G6U3, STM32C031G6U6, STM32C031K4T3, STM32C031K4T6, STM32C031K4U3, STM32C031K4U6, STM32C031K6T3, STM32C031K6T6, STM32C031K6U3, STM32C031K6U6, STM32G071K8TXN, STM32G071K8UXN, STM32G081GBU6N, STM32G081KBT6N, STM32G081KBUXN, STM32G0B1CCT6N, STM32G0B1KCT6, STM32G0B1NEY6TR, STM32G0B1RCT6N, STM32G0C1CCT6, STM32G0C1CCT6N, STM32G0C1CCU6N, STM32G0C1CET6N, STM32G0C1CEU6N, STM32G0C1KCT6, STM32G0C1NEY6TR, STM32G0C1RCI6N, STM32G0C1RCT6N, STM32G0C1REI6N, STM32G0C1RET6N, STM32G0C1VCI6, STM32G0C1VEI6, STM32G471CCT6, STM32G471CCU6, STM32G471CET3, STM32G471CET6, STM32G471CEU3, STM32G471CEU6, STM32G471MCT6, STM32G471MET3, STM32G471MET6, STM32G471MEY6TR, STM32G471QCT6, STM32G471QET3, STM32G471RCT6, STM32G471RET3, STM32G471RET6, STM32G471VCH6, STM32G471VCI6, STM32G471VCT6, STM32G471VEH3, STM32G471VEH6, STM32G471VEI3, STM32G471VEI6, STM32G471VET3, STM32G471VET6, STM32G474CCT6, STM32H503CBT6, STM32H503CBU6, STM32H503EBY6TR, STM32H503KBU6, STM32H503RBT6, STM32H523CCT6, STM32H523CCU6, STM32H523CET6, STM32H523CEU6, STM32H523HEY6TR, STM32H523RCT6, STM32H523RET6, STM32H523VCI6, STM32H523VCT6, STM32H523VEI6, STM32H523VET6, STM32H523ZCJ6, STM32H523ZCT6, STM32H523ZEJ6, STM32H523ZET6, STM32H533CET6, STM32H533CEU6, STM32H533HEY6TR, STM32H533RET6, STM32H533VEI6, STM32H533VET6, STM32H533ZEJ6, STM32H533ZET6, STM32H562AGI6, STM32H562AII6, STM32H562IGK6, STM32H562IGT6, STM32H562IIK6, STM32H562IIT6, STM32H562RGT6, STM32H562RGV6, STM32H562RIT6, STM32H562RIV6, STM32H562VGT6, STM32H562VIT6, STM32H562ZGT6, STM32H562ZIT6, STM32H563AGI6, STM32H563AII3Q, STM32H563AII6, STM32H563IGK6, STM32H563IGT6, STM32H563IIK3Q, STM32H563IIK6, STM32H563IIT3Q, STM32H563IIT6, STM32H563MIY3QTR, STM32H563RGT6, STM32H563RGV6, STM32H563RIT6, STM32H563RIV6, STM32H563VGT6, STM32H563VIT3Q, STM32H563VIT6, STM32H563ZGT6, STM32H563ZIT3Q, STM32H563ZIT6, STM32H573AII3Q, STM32H573AII6, STM32H573I-DK, STM32H573IIK3Q, STM32H573IIK6, STM32H573IIT3Q, STM32H573IIT6, STM32H573MIY3QTR, STM32H573RIT6, STM32H573RIV6, STM32H573VIT3Q, STM32H573VIT6, STM32H573ZIT3Q, STM32H573ZIT6, STM32H7R3A8I6, STM32H7R3I8K6, STM32H7R3I8T6, STM32H7R3L8H6, STM32H7R3L8H6H, STM32H7R3R8V6, STM32H7R3V8H6, STM32H7R3V8T6, STM32H7R3V8Y6, STM32H7R3Z8J6, STM32H7R3Z8T6, STM32H7R7A8I6, STM32H7R7I8K6, STM32H7R7I8T6, STM32H7R7L8H6, STM32H7R7L8H6H, STM32H7R7Z8J6, STM32H7S3A8I6, STM32H7S3I8K6, STM32H7S3I8T6, STM32H7S3L8H6, STM32H7S3L8H6H, STM32H7S3R8V6, STM32H7S3V8H6, STM32H7S3V8T6, STM32H7S3V8Y6, STM32H7S3Z8J6, STM32H7S3Z8T6, STM32H7S78-DK, STM32H7S7A8I6, STM32H7S7I8K6, STM32H7S7I8T6, STM32H7S7L8H6, STM32H7S7L8H6H, STM32H7S7Z8J6, STM32L4R5QGI6STR, STM32MP131AAE3, STM32MP131AAF3, STM32MP131AAG3, STM32MP131CAE3, STM32MP131CAF3, STM32MP131CAG3, STM32MP131DAE7, STM32MP131DAF7, STM32MP131DAG7, STM32MP131FAE7, STM32MP131FAF7, STM32MP131FAG7, STM32MP133AAE3, STM32MP133AAF3, STM32MP133AAG3, STM32MP133CAE3, STM32MP133CAF3, STM32MP133CAG3, STM32MP133DAE7, STM32MP133DAF7, STM32MP133DAG7, STM32MP133FAE7, STM32MP133FAF7, STM32MP133FAG7, STM32MP135AAE3, STM32MP135AAF3, STM32MP135AAG3, STM32MP135CAE3, STM32MP135CAF3, STM32MP135CAG3, STM32MP135DAE7, STM32MP135DAF7, STM32MP135DAG7, STM32MP135F-DK, STM32MP135FAE7, STM32MP135FAF7, STM32MP135FAF7T, STM32MP135FAF7U, STM32MP135FAG7, STM32U031C6T6, STM32U031C6U6, STM32U031C8T6, STM32U031C8U6, STM32U031F4P6, STM32U031F6P6, STM32U031F8P6, STM32U031G6Y6TR, STM32U031G8Y6TR, STM32U031K4U6, STM32U031K6U6, STM32U031K8U6, STM32U031R6I6, STM32U031R6T6, STM32U031R8I6, STM32U031R8T6, STM32U073C8T6, STM32U073C8U6, STM32U073CBT6, STM32U073CBU6, STM32U073CCT6, STM32U073CCU6, STM32U073H8Y6TR, STM32U073HBY6TR, STM32U073HCY6TR, STM32U073K8U6, STM32U073KBU6, STM32U073KCU6, STM32U073M8I6, STM32U073M8T6, STM32U073MBI6, STM32U073MBT6, STM32U073MCI6, STM32U073MCT6, STM32U073R8I6, STM32U073R8T6, STM32U073RBI6, STM32U073RBT6, STM32U073RCI6, STM32U073RCT6, STM32U083C-DK, STM32U083CCT6, STM32U083CCU6, STM32U083HCY6TR, STM32U083KCU6, STM32U083MCI6, STM32U083MCT6, STM32U083RCI6, STM32U083RCT6, STM32U535CBT6, STM32U535CBT6Q, STM32U535CBU6, STM32U535CBU6Q, STM32U535CCT6, STM32U535CCT6Q, STM32U535CCU6, STM32U535CCU6Q, STM32U535CET6, STM32U535CET6Q, STM32U535CEU6, STM32U535CEU6Q, STM32U535JEY6QTR, STM32U535NCY6QTR, STM32U535NEY6QTR, STM32U535RBI6, STM32U535RBI6Q, STM32U535RBT6, STM32U535RBT6Q, STM32U535RCI6, STM32U535RCI6Q, STM32U535RCT6, STM32U535RCT6Q, STM32U535REI6, STM32U535REI6Q, STM32U535RET6, STM32U535RET6Q, STM32U535VCI6, STM32U535VCI6Q, STM32U535VCT6, STM32U535VCT6Q, STM32U535VEI6, STM32U535VEI6Q, STM32U535VET6, STM32U535VET6Q, STM32U545CET6, STM32U545CET6Q, STM32U545CEU6, STM32U545CEU6Q, STM32U545JEY6QTR, STM32U545NEY6QTR, STM32U545REI6, STM32U545REI6Q, STM32U545RET6, STM32U545RET6Q, STM32U545VEI6, STM32U545VEI6Q, STM32U545VET6, STM32U545VET6Q, STM32U595AIH6, STM32U595AIH6Q, STM32U595AJH6, STM32U595AJH6Q, STM32U595QII6, STM32U595QII6Q, STM32U595QJI6, STM32U595QJI6Q, STM32U595RIT6, STM32U595RIT6Q, STM32U595RJT6, STM32U595RJT6Q, STM32U595VIT6, STM32U595VIT6Q, STM32U595VJT6, STM32U595VJT6Q, STM32U595ZIT6, STM32U595ZIT6Q, STM32U595ZIY6QTR, STM32U595ZJT6, STM32U595ZJT6Q, STM32U595ZJY6QTR, STM32U599BJY6QTR, STM32U599NIH6Q, STM32U599NJH6Q, STM32U599VIT6Q, STM32U599VJT6, STM32U599VJT6Q, STM32U599ZIT6Q, STM32U599ZIY6QTR, STM32U599ZJT6Q, STM32U599ZJY6QTR, STM32U5A5AJH6, STM32U5A5AJH6Q, STM32U5A5QII3Q , STM32U5A5QJI6, STM32U5A5QJI6Q, STM32U5A5RJT6, STM32U5A5RJT6Q, STM32U5A5VJT6, STM32U5A5VJT6Q, STM32U5A5ZJT6, STM32U5A5ZJT6Q, STM32U5A5ZJY6QTR, STM32U5A9BJY6QTR, STM32U5A9J-DK, STM32U5A9NJH6Q, STM32U5A9VJT6Q, STM32U5A9ZJT6Q, STM32U5A9ZJY6QTR, STM32U5F7VIT6, STM32U5F7VIT6Q, STM32U5F7VJT6, STM32U5F7VJT6Q, STM32U5F9BJY6QTR, STM32U5F9NJH6Q, STM32U5F9VIT6Q, STM32U5F9VJT6Q, STM32U5F9ZIJ6QTR, STM32U5F9ZIT6Q, STM32U5F9ZJJ6QTR, STM32U5F9ZJT6Q, STM32U5G7VJT6, STM32U5G7VJT6Q, STM32U5G9BJY6QTR, STM32U5G9J-DK1, STM32U5G9J-DK2, STM32U5G9NJH6Q, STM32U5G9VJT6Q, STM32U5G9ZJJ6QTR, STM32U5G9ZJT6Q, STM32WB1MMCH6, STM32WBA50KEU6, STM32WBA50KEU6TR, STM32WBA50KGU6, STM32WBA50KGU6TR, STM32WBA52CEU6, STM32WBA52CEU6TR, STM32WBA52CEU7, STM32WBA52CEU7TR, STM32WBA52CGU6, STM32WBA52CGU6TR, STM32WBA52CGU6U, STM32WBA52CGU7, STM32WBA52CGU7TR, STM32WBA52KEU6, STM32WBA52KEU6TR, STM32WBA52KGU6, STM32WBA52KGU6TR, STM32WBA54CEU6, STM32WBA54CEU6TR, STM32WBA54CEU7, STM32WBA54CEU7TR, STM32WBA54CGU6, STM32WBA54CGU6TR, STM32WBA54CGU7, STM32WBA54CGU7TR, STM32WBA54KEU6, STM32WBA54KEU6TR, STM32WBA54KEU7, STM32WBA54KEU7TR, STM32WBA54KGU6, STM32WBA54KGU6TR, STM32WBA54KGU7, STM32WBA54KGU7TR, STM32WBA55CEU6, STM32WBA55CEU6TR, STM32WBA55CEU7, STM32WBA55CEU7TR, STM32WBA55CGU6, STM32WBA55CGU6TR, STM32WBA55CGU6U, STM32WBA55CGU7, STM32WBA55CGU7TR, STM32WBA55G-DK1, STM32WBA55HEF6, STM32WBA55HEF7, STM32WBA55HGF6, STM32WBA55HGF7, STM32WBA55UEI6, STM32WBA55UEI6TR, STM32WBA55UEI7, STM32WBA55UEI7TR, STM32WBA55UGI6, STM32WBA55UGI6TR, STM32WBA55UGI7, STM32WBA55UGI7TR, STM32WL5MOCH6, STM32WL5MOCH6TR]
2026-05-09 17:48:38,309 [INFO] DbMcus:218 - Found 5045 MCUs, 4958 are supported
2026-05-09 17:48:38,310 [INFO] ApiDb:423 - Load user favorites file C:\Users\Aditya/.stm32cubeide/favorites.mcus.txt: 0 item(s)
2026-05-09 17:48:38,310 [INFO] ApiDb:427 - User favorites MCUs=[]
2026-05-09 17:48:38,310 [INFO] DbMcus:224 - Set 0 / 0 favorites MCUs
2026-05-09 17:48:38,646 [INFO] BoardInfo:889 - No configuration file found for board B-WBA5M-WPAN
2026-05-09 17:48:38,646 [INFO] DbBoards:161 - Board is not supported: B-WBA5M-WPAN
2026-05-09 17:48:38,650 [INFO] BoardInfo:889 - No configuration file found for board NUCLEO-C051C8
2026-05-09 17:48:38,650 [INFO] DbBoards:161 - Board is not supported: NUCLEO-C051C8
2026-05-09 17:48:38,651 [INFO] BoardInfo:889 - No configuration file found for board NUCLEO-C071RB
2026-05-09 17:48:38,651 [INFO] DbBoards:161 - Board is not supported: NUCLEO-C071RB
2026-05-09 17:48:38,652 [INFO] BoardInfo:889 - No configuration file found for board NUCLEO-C092RC
2026-05-09 17:48:38,652 [INFO] DbBoards:161 - Board is not supported: NUCLEO-C092RC
2026-05-09 17:48:38,681 [INFO] BoardInfo:889 - No configuration file found for board NUCLEO-H5E5ZJ
2026-05-09 17:48:38,681 [INFO] DbBoards:161 - Board is not supported: NUCLEO-H5E5ZJ
2026-05-09 17:48:38,718 [INFO] BoardInfo:889 - No configuration file found for board NUCLEO-N657X0-Q
2026-05-09 17:48:38,719 [INFO] DbBoards:161 - Board is not supported: NUCLEO-N657X0-Q
2026-05-09 17:48:38,721 [INFO] BoardInfo:889 - No configuration file found for board NUCLEO-U385RG-Q
2026-05-09 17:48:38,721 [INFO] DbBoards:161 - Board is not supported: NUCLEO-U385RG-Q
2026-05-09 17:48:38,722 [INFO] BoardInfo:889 - No configuration file found for board NUCLEO-U3C5ZI-Q
2026-05-09 17:48:38,722 [INFO] DbBoards:161 - Board is not supported: NUCLEO-U3C5ZI-Q
2026-05-09 17:48:38,727 [INFO] BoardInfo:889 - No configuration file found for board NUCLEO-WB05KZ
2026-05-09 17:48:38,727 [INFO] DbBoards:161 - Board is not supported: NUCLEO-WB05KZ
2026-05-09 17:48:38,728 [INFO] BoardInfo:889 - No configuration file found for board NUCLEO-WB07CC
2026-05-09 17:48:38,728 [INFO] DbBoards:161 - Board is not supported: NUCLEO-WB07CC
2026-05-09 17:48:38,729 [INFO] BoardInfo:889 - No configuration file found for board NUCLEO-WB09KE
2026-05-09 17:48:38,729 [INFO] DbBoards:161 - Board is not supported: NUCLEO-WB09KE
2026-05-09 17:48:38,733 [INFO] BoardInfo:889 - No configuration file found for board NUCLEO-WBA25CE1
2026-05-09 17:48:38,733 [INFO] DbBoards:161 - Board is not supported: NUCLEO-WBA25CE1
2026-05-09 17:48:38,735 [INFO] BoardInfo:889 - No configuration file found for board NUCLEO-WBA65RI
2026-05-09 17:48:38,736 [INFO] DbBoards:161 - Board is not supported: NUCLEO-WBA65RI
2026-05-09 17:48:38,736 [INFO] BoardInfo:889 - No configuration file found for board NUCLEO-WL33CC1
2026-05-09 17:48:38,736 [INFO] DbBoards:161 - Board is not supported: NUCLEO-WL33CC1
2026-05-09 17:48:38,745 [INFO] BoardInfo:889 - No configuration file found for board NUCLEO-WL33CC2
2026-05-09 17:48:38,746 [INFO] DbBoards:161 - Board is not supported: NUCLEO-WL33CC2
2026-05-09 17:48:38,748 [INFO] BoardInfo:889 - No configuration file found for board NUCLEO-WL3RKB1
2026-05-09 17:48:38,749 [INFO] DbBoards:161 - Board is not supported: NUCLEO-WL3RKB1
2026-05-09 17:48:38,750 [INFO] BoardInfo:889 - No configuration file found for board NUCLEO-WL3RKB2
2026-05-09 17:48:38,750 [INFO] DbBoards:161 - Board is not supported: NUCLEO-WL3RKB2
2026-05-09 17:48:38,753 [INFO] BoardInfo:889 - No configuration file found for board P-NUCLEO-WB55
2026-05-09 17:48:38,753 [INFO] DbBoards:161 - Kit is not supported: P-NUCLEO-WB55
2026-05-09 17:48:38,756 [INFO] BoardInfo:889 - No configuration file found for board STEVAL-BFA001V1B
2026-05-09 17:48:38,756 [INFO] DbBoards:161 - Kit is not supported: STEVAL-BFA001V1B
2026-05-09 17:48:38,758 [INFO] BoardInfo:889 - No configuration file found for board STEVAL-BFA001V2B
2026-05-09 17:48:38,758 [INFO] DbBoards:161 - Kit is not supported: STEVAL-BFA001V2B
2026-05-09 17:48:38,804 [INFO] BoardInfo:889 - No configuration file found for board STM32H5F5J-DK
2026-05-09 17:48:38,805 [INFO] DbBoards:161 - Board is not supported: STM32H5F5J-DK
2026-05-09 17:48:38,831 [INFO] BoardInfo:889 - No configuration file found for board STM32MP215F-DK
2026-05-09 17:48:38,831 [INFO] DbBoards:161 - Board is not supported: STM32MP215F-DK
2026-05-09 17:48:38,832 [INFO] BoardInfo:889 - No configuration file found for board STM32MP257F-DK
2026-05-09 17:48:38,832 [INFO] DbBoards:161 - Board is not supported: STM32MP257F-DK
2026-05-09 17:48:38,833 [INFO] BoardInfo:889 - No configuration file found for board STM32MP257F-EV1
2026-05-09 17:48:38,833 [INFO] DbBoards:161 - Board is not supported: STM32MP257F-EV1
2026-05-09 17:48:38,834 [INFO] BoardInfo:889 - No configuration file found for board STM32N6570-DK
2026-05-09 17:48:38,834 [INFO] DbBoards:161 - Board is not supported: STM32N6570-DK
2026-05-09 17:48:38,841 [INFO] BoardInfo:889 - No configuration file found for board STM32WBA65I-DK1
2026-05-09 17:48:38,841 [INFO] DbBoards:161 - Board is not supported: STM32WBA65I-DK1
2026-05-09 17:48:38,841 [INFO] DbBoards:168 - Found 218 boards, 192 are supported
2026-05-09 17:48:38,842 [INFO] DbBoards:169 - Found 218 boards, 8 of them is supported for  Bsp
2026-05-09 17:48:38,844 [INFO] ApiDb:423 - Load user favorites file C:\Users\Aditya/.stm32cubeide/favorites.boards.txt: 0 item(s)
2026-05-09 17:48:38,844 [INFO] ApiDb:427 - User favorites Boards=[]
2026-05-09 17:48:38,844 [INFO] DbBoards:198 - Set 0 / 0 favorites Boards
2026-05-09 17:48:38,903 [INFO] UtilMem:75 - End LoadConfig() Used Memory: 784860176 Bytes (1073741824)
2026-05-09 17:48:39,039 [WARN] ThirdParty:833 - waiting for thirdparty lock release [change project]
2026-05-09 17:48:39,039 [INFO] ThirdParty:835 - entering critical section [change project]
2026-05-09 17:48:39,039 [INFO] ThirdParty:1030 - CMSIS Pack Vendor :STMicroelectronics X-CUBE-AZRTOS-H7 3.5.0
2026-05-09 17:48:39,039 [INFO] ThirdParty:1030 - CMSIS Pack Vendor :STMicroelectronics X-CUBE-PM33A1 1.0.0
2026-05-09 17:48:39,039 [INFO] ThirdParty:1030 - CMSIS Pack Vendor :STMicroelectronics USBPD 4.1
2026-05-09 17:48:39,039 [INFO] ThirdParty:1030 - CMSIS Pack Vendor :STMicroelectronics X-CUBE-GNSS1 6.0.0
2026-05-09 17:48:39,039 [INFO] ThirdParty:1030 - CMSIS Pack Vendor :STMicroelectronics USB_HOST 2.0.0
2026-05-09 17:48:39,039 [INFO] ThirdParty:1030 - CMSIS Pack Vendor :STMicroelectronics FP-SNS-MOTENVWB1 1.4.0
2026-05-09 17:48:39,039 [INFO] ThirdParty:1030 - CMSIS Pack Vendor :STMicroelectronics X-CUBE-AZRTOS-F4 1.1.0
2026-05-09 17:48:39,039 [INFO] ThirdParty:1030 - CMSIS Pack Vendor :STMicroelectronics LIBJPEG 8.0.0
2026-05-09 17:48:39,039 [INFO] ThirdParty:1030 - CMSIS Pack Vendor :STMicroelectronics FP-ATR-ASTRA1 2.0.2
2026-05-09 17:48:39,039 [INFO] ThirdParty:1030 - CMSIS Pack Vendor :STMicroelectronics X-CUBE-SMBUS 2.1.0
2026-05-09 17:48:39,039 [INFO] ThirdParty:1030 - CMSIS Pack Vendor :STMicroelectronics X-CUBE-ISPU 2.1.0
2026-05-09 17:48:39,039 [INFO] ThirdParty:1030 - CMSIS Pack Vendor :STMicroelectronics X-CUBE-FREERTOS 1.2.0
2026-05-09 17:48:39,039 [INFO] ThirdParty:1030 - CMSIS Pack Vendor :STMicroelectronics X-CUBE-NFC12 1.0.0
2026-05-09 17:48:39,039 [INFO] ThirdParty:1030 - CMSIS Pack Vendor :STMicroelectronics X-CUBE-TOUCHGFX 4.23.2
2026-05-09 17:48:39,039 [INFO] ThirdParty:1030 - CMSIS Pack Vendor :STMicroelectronics X-CUBE-AZRTOS-F7 1.1.0
2026-05-09 17:48:39,039 [INFO] ThirdParty:1030 - CMSIS Pack Vendor :STMicroelectronics X-CUBE-AZRTOS-L5 2.0.0
2026-05-09 17:48:39,039 [INFO] ThirdParty:1030 - CMSIS Pack Vendor :STMicroelectronics USB_DEVICE 2.0.0
2026-05-09 17:48:39,039 [INFO] ThirdParty:1030 - CMSIS Pack Vendor :STMicroelectronics X-CUBE-NFC6 3.1.0
2026-05-09 17:48:39,039 [INFO] ThirdParty:1030 - CMSIS Pack Vendor :STMicroelectronics FreeRTOS 0.0.1
2026-05-09 17:48:39,039 [INFO] ThirdParty:1030 - CMSIS Pack Vendor :STMicroelectronics X-CUBE-DPower 1.2.0
2026-05-09 17:48:39,039 [INFO] ThirdParty:1030 - CMSIS Pack Vendor :STMicroelectronics FP-SNS-FLIGHT1 5.0.2
2026-05-09 17:48:39,039 [INFO] ThirdParty:1030 - CMSIS Pack Vendor :STMicroelectronics X-CUBE-AI 9.0.0
2026-05-09 17:48:39,039 [INFO] ThirdParty:1030 - CMSIS Pack Vendor :STMicroelectronics PDM2PCM 3.3.0
2026-05-09 17:48:39,039 [INFO] ThirdParty:1030 - CMSIS Pack Vendor :STMicroelectronics X-CUBE-AZRTOS-H7 3.4.0
2026-05-09 17:48:39,039 [INFO] ThirdParty:1030 - CMSIS Pack Vendor :STMicroelectronics X-CUBE-DISPLAY 3.0.0
2026-05-09 17:48:39,039 [INFO] ThirdParty:1030 - CMSIS Pack Vendor :STMicroelectronics X-CUBE-GNSS1 7.1.1
2026-05-09 17:48:39,039 [INFO] ThirdParty:1030 - CMSIS Pack Vendor :STMicroelectronics X-CUBE-BLE1 7.0.0
2026-05-09 17:48:39,039 [INFO] ThirdParty:1030 - CMSIS Pack Vendor :STMicroelectronics X-CUBE-NFC10 1.0.0
2026-05-09 17:48:39,039 [INFO] ThirdParty:1030 - CMSIS Pack Vendor :STMicroelectronics X-CUBE-BLEMGR 4.0.0
2026-05-09 17:48:39,039 [INFO] ThirdParty:1030 - CMSIS Pack Vendor :STMicroelectronics X-CUBE-FREERTOS 1.3.1
2026-05-09 17:48:39,039 [INFO] ThirdParty:1030 - CMSIS Pack Vendor :STMicroelectronics HAL Drivers 0.0.0
2026-05-09 17:48:39,039 [INFO] ThirdParty:1030 - CMSIS Pack Vendor :emotas I-CUBE-CANOPEN 1.3.0
2026-05-09 17:48:39,039 [INFO] ThirdParty:1030 - CMSIS Pack Vendor :STMicroelectronics X-CUBE-NFC7 1.0.1
2026-05-09 17:48:39,039 [INFO] ThirdParty:1030 - CMSIS Pack Vendor :STMicroelectronics MBEDTLS 2.14.1
2026-05-09 17:48:39,039 [INFO] ThirdParty:1030 - CMSIS Pack Vendor :STMicroelectronics X-CUBE-GNSS1 7.1.0
2026-05-09 17:48:39,039 [INFO] ThirdParty:1030 - CMSIS Pack Vendor :wolfSSL I-CUBE-wolfTPM 3.2.0
2026-05-09 17:48:39,039 [INFO] ThirdParty:1030 - CMSIS Pack Vendor :STMicroelectronics X-CUBE-TOUCHGFX 4.26.0
2026-05-09 17:48:39,039 [INFO] ThirdParty:1030 - CMSIS Pack Vendor :STMicroelectronics X-CUBE-TOUCHGFX 4.26.1
2026-05-09 17:48:39,039 [INFO] ThirdParty:1030 - CMSIS Pack Vendor :quantropi X-CUBE-qispace-sdk-base 2.0.0
2026-05-09 17:48:39,039 [INFO] ThirdParty:1030 - CMSIS Pack Vendor :STMicroelectronics X-CUBE-BLEMGR 3.1.0
2026-05-09 17:48:39,040 [INFO] ThirdParty:1030 - CMSIS Pack Vendor :STMicroelectronics X-CUBE-AI 10.0.0
2026-05-09 17:48:39,040 [INFO] ThirdParty:1030 - CMSIS Pack Vendor :STMicroelectronics FP-SNS-SMARTAG2 1.2.0
2026-05-09 17:48:39,040 [INFO] ThirdParty:1030 - CMSIS Pack Vendor :STMicroelectronics X-CUBE-AZRTOS-WL 2.0.0
2026-05-09 17:48:39,040 [INFO] ThirdParty:1030 - CMSIS Pack Vendor :STMicroelectronics X-CUBE-DPower 1.3.0
2026-05-09 17:48:39,040 [INFO] ThirdParty:1030 - CMSIS Pack Vendor :STMicroelectronics FP-SNS-MOTENV1 5.0.0
2026-05-09 17:48:39,040 [INFO] ThirdParty:1030 - CMSIS Pack Vendor :STMicroelectronics USB_DEVICE 1.0.0
2026-05-09 17:48:39,040 [INFO] ThirdParty:1030 - CMSIS Pack Vendor :STMicroelectronics X-CUBE-AZRTOS-H7RS 1.2.0
2026-05-09 17:48:39,040 [INFO] ThirdParty:1030 - CMSIS Pack Vendor :wolfSSL I-CUBE-wolfMQTT 1.19.0
2026-05-09 17:48:39,040 [INFO] ThirdParty:1030 - CMSIS Pack Vendor :STMicroelectronics X-CUBE-AZRTOS-L4 2.0.0
2026-05-09 17:48:39,040 [INFO] ThirdParty:1030 - CMSIS Pack Vendor :STMicroelectronics ThreadX 0.0.2
2026-05-09 17:48:39,040 [INFO] ThirdParty:1030 - CMSIS Pack Vendor :WES I-CUBE-Cesium 1.3.0
2026-05-09 17:48:39,040 [INFO] ThirdParty:1030 - CMSIS Pack Vendor :STMicroelectronics lwIP 2.1.2
2026-05-09 17:48:39,040 [INFO] ThirdParty:1030 - CMSIS Pack Vendor :STMicroelectronics X-CUBE-SFXS2LP1 4.0.0
2026-05-09 17:48:39,040 [INFO] ThirdParty:1030 - CMSIS Pack Vendor :STMicroelectronics X-CUBE-BLE2 3.3.0
2026-05-09 17:48:39,040 [INFO] ThirdParty:1030 - CMSIS Pack Vendor :STMicroelectronics PDM2PCM 3.2.0
2026-05-09 17:48:39,040 [INFO] ThirdParty:1030 - CMSIS Pack Vendor :STMicroelectronics X-CUBE-WB05N 2.1.0
2026-05-09 17:48:39,040 [INFO] ThirdParty:1030 - CMSIS Pack Vendor :STMicroelectronics X-CUBE-AZRTOS-H7 3.3.0
2026-05-09 17:48:39,040 [INFO] ThirdParty:1030 - CMSIS Pack Vendor :STMicroelectronics X-CUBE-NFC9 1.0.0
2026-05-09 17:48:39,040 [INFO] ThirdParty:1030 - CMSIS Pack Vendor :STMicroelectronics X-CUBE-BLE1 7.1.0
2026-05-09 17:48:39,040 [INFO] ThirdParty:1030 - CMSIS Pack Vendor :STMicroelectronics USB_DEVICE 3.0.0
2026-05-09 17:48:39,040 [INFO] ThirdParty:1030 - CMSIS Pack Vendor :STMicroelectronics X-CUBE-TCPP 4.1.0
2026-05-09 17:48:39,040 [INFO] ThirdParty:1030 - CMSIS Pack Vendor :STMicroelectronics X-CUBE-EEPRMA1 5.2.0
2026-05-09 17:48:39,040 [INFO] ThirdParty:1030 - CMSIS Pack Vendor :STMicroelectronics X-CUBE-AZRTOS-WB 2.0.0
2026-05-09 17:48:39,040 [INFO] ThirdParty:1030 - CMSIS Pack Vendor :STMicroelectronics X-CUBE-GNSS1 7.0.1
2026-05-09 17:48:39,040 [INFO] ThirdParty:1030 - CMSIS Pack Vendor :STMicroelectronics X-CUBE-TOUCHGFX 4.25.0
2026-05-09 17:48:39,040 [INFO] ThirdParty:1030 - CMSIS Pack Vendor :STMicroelectronics X-CUBE-AI 10.1.0
2026-05-09 17:48:39,040 [INFO] ThirdParty:1030 - CMSIS Pack Vendor :STMicroelectronics FP-SNS-STBOX1 2.0.0
2026-05-09 17:48:39,040 [INFO] ThirdParty:1030 - CMSIS Pack Vendor :STMicroelectronics X-CUBE-MEMS1 12.0.0
2026-05-09 17:48:39,040 [INFO] ThirdParty:1030 - CMSIS Pack Vendor :STMicroelectronics X-CUBE-ALGOBUILD 1.3.0
2026-05-09 17:48:39,040 [INFO] ThirdParty:1030 - CMSIS Pack Vendor :STMicroelectronics X-CUBE-STSE01 2.0.0
2026-05-09 17:48:39,040 [INFO] ThirdParty:1030 - CMSIS Pack Vendor :STMicroelectronics X-CUBE-MEMS1 11.2.0
2026-05-09 17:48:39,040 [INFO] ThirdParty:1030 - CMSIS Pack Vendor :STMicroelectronics X-CUBE-AZRTOS-G0 1.1.0
2026-05-09 17:48:39,040 [INFO] ThirdParty:1030 - CMSIS Pack Vendor :STMicroelectronics X-CUBE-SAFEA1 1.2.2
2026-05-09 17:48:39,040 [INFO] ThirdParty:1030 - CMSIS Pack Vendor :STMicroelectronics X-CUBE-NFC4 3.0.0
2026-05-09 17:48:39,040 [INFO] ThirdParty:1030 - CMSIS Pack Vendor :STMicroelectronics X-CUBE-SUBG2 5.0.0
2026-05-09 17:48:39,040 [INFO] ThirdParty:1030 - CMSIS Pack Vendor :STMicroelectronics X-CUBE-AZRTOS-H7RS 1.1.0
2026-05-09 17:48:39,040 [INFO] ThirdParty:1030 - CMSIS Pack Vendor :STMicroelectronics STM32_WPAN 1.0.0
2026-05-09 17:48:39,041 [INFO] ThirdParty:1030 - CMSIS Pack Vendor :EmbeddedOffice I-CUBE-FS-RTOS 1.0.1
2026-05-09 17:48:39,041 [INFO] ThirdParty:1030 - CMSIS Pack Vendor :STMicroelectronics lwIP 2.0.3
2026-05-09 17:48:39,041 [INFO] ThirdParty:1030 - CMSIS Pack Vendor :Cesanta I-CUBE-Mongoose 7.13.0
2026-05-09 17:48:39,041 [INFO] ThirdParty:1030 - CMSIS Pack Vendor :STMicroelectronics USB_HOST 1.0.0
2026-05-09 17:48:39,041 [INFO] ThirdParty:1030 - CMSIS Pack Vendor :STMicroelectronics X-CUBE-AZRTOS-G4 2.0.0
2026-05-09 17:48:39,041 [INFO] ThirdParty:1030 - CMSIS Pack Vendor :STMicroelectronics X-CUBE-WB05N 2.0.0
2026-05-09 17:48:39,041 [INFO] ThirdParty:1030 - CMSIS Pack Vendor :STMicroelectronics PDM2PCM 3.1.0
2026-05-09 17:48:39,041 [INFO] ThirdParty:1030 - CMSIS Pack Vendor :STMicroelectronics X-CUBE-NFC7 2.0.0
2026-05-09 17:48:39,041 [INFO] ThirdParty:1030 - CMSIS Pack Vendor :RealThread X-CUBE-RT-Thread_Nano 4.1.1
2026-05-09 17:48:39,041 [INFO] ThirdParty:1030 - CMSIS Pack Vendor :wolfSSL I-CUBE-wolfSSL 5.7.0
2026-05-09 17:48:39,041 [INFO] ThirdParty:1030 - CMSIS Pack Vendor :STMicroelectronics FP-ATR-SIGFOX1 3.2.0
2026-05-09 17:48:39,041 [INFO] ThirdParty:1030 - CMSIS Pack Vendor :STMicroelectronics X-CUBE-ISPU 2.0.0
2026-05-09 17:48:39,041 [INFO] ThirdParty:1030 - CMSIS Pack Vendor :STMicroelectronics X-CUBE-EEPRMA1 5.1.0
2026-05-09 17:48:39,041 [INFO] ThirdParty:1030 - CMSIS Pack Vendor :STMicroelectronics MBEDTLS 2.16.2
2026-05-09 17:48:39,041 [INFO] ThirdParty:1030 - CMSIS Pack Vendor :STMicroelectronics X-CUBE-ALS 1.0.2
2026-05-09 17:48:39,041 [INFO] ThirdParty:1030 - CMSIS Pack Vendor :STMicroelectronics X-CUBE-MEMS1 10.0.0
2026-05-09 17:48:39,041 [INFO] ThirdParty:1030 - CMSIS Pack Vendor :STMicroelectronics X-CUBE-FREERTOS 1.1.0
2026-05-09 17:48:39,042 [INFO] ThirdParty:1030 - CMSIS Pack Vendor :STMicroelectronics X-CUBE-TOUCHGFX 4.24.0
2026-05-09 17:48:39,042 [INFO] ThirdParty:1030 - CMSIS Pack Vendor :ITTIA_DB I-CUBE-ITTIADB 8.9.0
2026-05-09 17:48:39,042 [INFO] ThirdParty:1030 - CMSIS Pack Vendor :STMicroelectronics X-CUBE-STSE01 1.0.0
2026-05-09 17:48:39,042 [INFO] ThirdParty:1030 - CMSIS Pack Vendor :portGmbH I-Cube-SoM-uGOAL 1.1.0
2026-05-09 17:48:39,042 [INFO] ThirdParty:1030 - CMSIS Pack Vendor :STMicroelectronics X-CUBE-ALS 1.0.1
2026-05-09 17:48:39,042 [INFO] ThirdParty:1030 - CMSIS Pack Vendor :STMicroelectronics X-CUBE-NFC6 3.2.0
2026-05-09 17:48:39,042 [INFO] ThirdParty:1030 - CMSIS Pack Vendor :STMicroelectronics X-CUBE-AI 10.2.0
2026-05-09 17:48:39,042 [INFO] ThirdParty:1030 - CMSIS Pack Vendor :STMicroelectronics ThreadX 1.0.0
2026-05-09 17:48:39,042 [INFO] ThirdParty:1030 - CMSIS Pack Vendor :STMicroelectronics X-CUBE-MEMS1 12.1.0
2026-05-09 17:48:39,042 [INFO] ThirdParty:1030 - CMSIS Pack Vendor :SEGGER I-CUBE-embOS 1.3.1
2026-05-09 17:48:39,042 [INFO] ThirdParty:1030 - CMSIS Pack Vendor :STMicroelectronics X-CUBE-ALGOBUILD 1.4.0
2026-05-09 17:48:39,042 [INFO] ThirdParty:1030 - CMSIS Pack Vendor :STMicroelectronics X-CUBE-MEMS1 11.3.0
2026-05-09 17:48:39,042 [INFO] ThirdParty:1030 - CMSIS Pack Vendor :STMicroelectronics X-CUBE-AZRTOS-H7RS 1.0.0
2026-05-09 17:48:39,042 [INFO] ThirdParty:1030 - CMSIS Pack Vendor :STMicroelectronics FP-ATR-ASTRA1 2.0.0
2026-05-09 17:48:39,042 [INFO] ThirdParty:1030 - CMSIS Pack Vendor :STMicroelectronics X-CUBE-TOF1 3.4.2
2026-05-09 17:48:39,042 [INFO] ThirdParty:1030 - CMSIS Pack Vendor :STMicroelectronics X-CUBE-TOF1 3.4.1
2026-05-09 17:48:39,042 [INFO] ThirdParty:1030 - CMSIS Pack Vendor :STMicroelectronics X-CUBE-AZRTOS-H7 3.2.0
2026-05-09 17:48:39,042 [INFO] ThirdParty:1030 - CMSIS Pack Vendor :Infineon AIROC-Wi-Fi-Bluetooth-STM32 1.6.0
2026-05-09 17:48:39,042 [INFO] ThirdParty:1030 - CMSIS Pack Vendor :wolfSSL I-CUBE-wolfSSH 1.4.17
2026-05-09 17:48:39,042 [INFO] ThirdParty:841 - exiting critical section [change project]
2026-05-09 17:48:39,350 [INFO] PinOutPanel:1561 - setPackage(No Configuration,No Configuration)
2026-05-09 17:48:39,352 [INFO] PinOutPanel:1561 - setPackage(STM32F446RETx,LQFP64)
2026-05-09 17:48:39,952 [INFO] UtilMem:75 - Before build in PCC Used Memory: 851333352 Bytes (1073741824)
2026-05-09 17:48:41,143 [INFO] UtilMem:75 - After build in PCC Used Memory: 915296488 Bytes (1073741824)
2026-05-09 17:48:41,184 [INFO] IPUIPlugin:80 - create IPUIPlugin
2026-05-09 17:48:41,184 [INFO] IPUIPlugin:80 - create IPUIPlugin
2026-05-09 17:48:41,184 [INFO] IPUIPlugin:80 - create IPUIPlugin
2026-05-09 17:48:41,184 [INFO] IPUIPlugin:80 - create IPUIPlugin
2026-05-09 17:48:41,184 [INFO] IPUIPlugin:80 - create IPUIPlugin
2026-05-09 17:48:41,184 [INFO] IPUIPlugin:80 - create IPUIPlugin
2026-05-09 17:48:41,184 [INFO] IPUIPlugin:80 - create IPUIPlugin
2026-05-09 17:48:41,184 [INFO] IPUIPlugin:80 - create IPUIPlugin
2026-05-09 17:48:41,184 [INFO] IPUIPlugin:80 - create IPUIPlugin
2026-05-09 17:48:41,184 [INFO] IPUIPlugin:80 - create IPUIPlugin
2026-05-09 17:48:41,184 [INFO] IPUIPlugin:80 - create IPUIPlugin
2026-05-09 17:48:41,184 [INFO] IPUIPlugin:80 - create IPUIPlugin
2026-05-09 17:48:41,184 [INFO] IPUIPlugin:80 - create IPUIPlugin
2026-05-09 17:48:41,184 [INFO] IPUIPlugin:80 - create IPUIPlugin
2026-05-09 17:48:41,185 [INFO] IPUIPlugin:80 - create IPUIPlugin
2026-05-09 17:48:41,185 [INFO] IPUIPlugin:80 - create IPUIPlugin
2026-05-09 17:48:41,185 [INFO] IPUIPlugin:80 - create IPUIPlugin
2026-05-09 17:48:41,185 [INFO] IPUIPlugin:80 - create IPUIPlugin
2026-05-09 17:48:41,185 [INFO] IPUIPlugin:80 - create IPUIPlugin
2026-05-09 17:48:41,185 [INFO] IPUIPlugin:80 - create IPUIPlugin
2026-05-09 17:48:41,185 [INFO] IPUIPlugin:80 - create IPUIPlugin
2026-05-09 17:48:41,185 [INFO] IPUIPlugin:80 - create IPUIPlugin
2026-05-09 17:48:41,185 [INFO] IPUIPlugin:80 - create IPUIPlugin
2026-05-09 17:48:41,185 [INFO] IPUIPlugin:80 - create IPUIPlugin
2026-05-09 17:48:41,185 [INFO] IPUIPlugin:80 - create IPUIPlugin
2026-05-09 17:48:41,185 [INFO] IPUIPlugin:80 - create IPUIPlugin
2026-05-09 17:48:41,185 [INFO] IPUIPlugin:80 - create IPUIPlugin
2026-05-09 17:48:41,185 [INFO] IPUIPlugin:80 - create IPUIPlugin
2026-05-09 17:48:41,185 [INFO] IPUIPlugin:80 - create IPUIPlugin
2026-05-09 17:48:41,187 [INFO] IPUIPlugin:80 - create IPUIPlugin
2026-05-09 17:48:41,187 [INFO] IPUIPlugin:80 - create IPUIPlugin
2026-05-09 17:48:41,187 [INFO] IPUIPlugin:80 - create IPUIPlugin
2026-05-09 17:48:41,187 [INFO] IPUIPlugin:80 - create IPUIPlugin
2026-05-09 17:48:41,187 [INFO] IPUIPlugin:80 - create IPUIPlugin
2026-05-09 17:48:41,187 [INFO] IPUIPlugin:80 - create IPUIPlugin
2026-05-09 17:48:41,187 [INFO] IPUIPlugin:80 - create IPUIPlugin
2026-05-09 17:48:41,187 [INFO] IPUIPlugin:80 - create IPUIPlugin
2026-05-09 17:48:41,187 [INFO] IPUIPlugin:80 - create IPUIPlugin
2026-05-09 17:48:41,187 [INFO] IPUIPlugin:80 - create IPUIPlugin
2026-05-09 17:48:41,187 [INFO] IPUIPlugin:80 - create IPUIPlugin
2026-05-09 17:48:41,188 [INFO] IPUIPlugin:80 - create IPUIPlugin
2026-05-09 17:48:41,188 [INFO] IPUIPlugin:80 - create IPUIPlugin
2026-05-09 17:48:41,188 [INFO] IPUIPlugin:80 - create IPUIPlugin
2026-05-09 17:48:41,188 [INFO] IPUIPlugin:80 - create IPUIPlugin
2026-05-09 17:48:41,188 [INFO] IPUIPlugin:80 - create IPUIPlugin
2026-05-09 17:48:41,188 [INFO] IPUIPlugin:80 - create IPUIPlugin
2026-05-09 17:48:41,188 [INFO] IPUIPlugin:80 - create IPUIPlugin
2026-05-09 17:48:41,188 [INFO] IPUIPlugin:80 - create IPUIPlugin
2026-05-09 17:48:41,188 [INFO] IPUIPlugin:80 - create IPUIPlugin
2026-05-09 17:48:41,189 [INFO] IPUIPlugin:80 - create IPUIPlugin
2026-05-09 17:48:41,189 [INFO] IPUIPlugin:80 - create IPUIPlugin
2026-05-09 17:48:41,189 [INFO] IPUIPlugin:80 - create IPUIPlugin
2026-05-09 17:48:41,189 [INFO] IPUIPlugin:80 - create IPUIPlugin
2026-05-09 17:48:41,189 [INFO] IPUIPlugin:80 - create IPUIPlugin
2026-05-09 17:48:41,189 [INFO] IPUIPlugin:80 - create IPUIPlugin
2026-05-09 17:48:41,189 [INFO] IPUIPlugin:80 - create IPUIPlugin
2026-05-09 17:48:41,190 [INFO] IPUIPlugin:80 - create IPUIPlugin
2026-05-09 17:48:41,191 [INFO] IPUIPlugin:80 - create IPUIPlugin
2026-05-09 17:48:41,191 [INFO] IPUIPlugin:80 - create IPUIPlugin
2026-05-09 17:48:41,192 [INFO] IPUIPlugin:80 - create IPUIPlugin
2026-05-09 17:48:41,365 [INFO] ApiDbMcu:508 - Load IP Config File for PDM2PCM
2026-05-09 17:48:41,377 [WARN] IP:2120 - I2C_Coeff_DF not found: check if there is a RefParameter without a condition.
2026-05-09 17:48:41,377 [WARN] IP:2120 - Analog_Filter not found: check if there is a RefParameter without a condition.
2026-05-09 17:48:41,593 [INFO] CADModel:165 - CPN selected for project levelSTM32F446RET6
2026-05-09 17:48:41,593 [INFO] CADModel:114 - Register for checkConnection events
2026-05-09 17:48:41,642 [INFO] OpenFileManager:343 - Restore cursor
2026-05-09 17:48:41,786 [WARN] IP:2120 - I2C_Coeff_DF not found: check if there is a RefParameter without a condition.
2026-05-09 17:48:41,786 [WARN] IP:2120 - Analog_Filter not found: check if there is a RefParameter without a condition.
2026-05-09 17:48:41,786 [WARN] IP:2120 - I2C_Coeff_DF not found: check if there is a RefParameter without a condition.
2026-05-09 17:48:41,786 [WARN] IP:2120 - Analog_Filter not found: check if there is a RefParameter without a condition.
2026-05-09 20:13:15,567 [INFO] MainUpdater:2873 - connection check result : 10
2026-05-09 20:13:15,587 [INFO] McuFinderGlobals:76 - Set McuFinderConnectedMode to true
2026-05-09 20:13:16,256 [INFO] ServerAccessManage:473 - Download File mcusAds.json._tmp_
2026-05-09 20:13:16,399 [INFO] LoadUrlFilesThread:156 - End of LoadUrlFiles Thread
2026-05-09 20:13:16,665 [INFO] ServerAccessManage:473 - Download File cube-finder-db.zip
2026-05-09 20:13:28,087 [INFO] FileExtend:240 - Unzip File : cube-finder-db.zip
2026-05-09 20:13:28,087 [INFO] FileExtend:255 - Standard Zip Deflate
2026-05-09 20:13:29,394 [INFO] LoadUrlFilesThread:156 - End of LoadUrlFiles Thread
2026-05-09 20:13:30,699 [INFO] ServerAccessManage:473 - Download File crdb.zip
2026-05-09 20:13:31,731 [INFO] FileExtend:240 - Unzip File : crdb.zip
2026-05-09 20:13:31,731 [INFO] FileExtend:255 - Standard Zip Deflate
2026-05-09 20:13:31,907 [INFO] LoadUrlFilesThread:156 - End of LoadUrlFiles Thread
2026-05-09 20:13:32,042 [INFO] ServerAccessManage:473 - Download File tutoVideoDB.zip
2026-05-09 20:13:32,081 [INFO] FileExtend:240 - Unzip File : tutoVideoDB.zip
2026-05-09 20:13:32,082 [INFO] FileExtend:255 - Standard Zip Deflate
2026-05-09 20:13:32,230 [INFO] LoadUrlFilesThread:156 - End of LoadUrlFiles Thread
2026-05-09 20:13:32,235 [WARN] DbFile:41 - Overriding database path with different value: C:\Users\Aditya\.stmcufinder\plugins\mcufinder/ => C:\Users\Aditya\.stmcufinder\plugins\mcufinder
2026-05-09 20:13:32,976 [ERROR] ServerAccessManage:1089 - Problem, file not found on Server
2026-05-09 20:13:32,981 [ERROR] ServerAccessManage:651 - Problem, file not found on Server : api_config.json.
2026-05-09 20:13:36,363 [INFO] LoadUrlFilesThread:156 - End of LoadUrlFiles Thread
2026-05-09 20:13:37,531 [INFO] DbMcusAds:53 - JSON generation date=Mon Apr 27 13:44:29 IST 2026 (1777277669577)
2026-05-09 20:13:37,538 [INFO] ApiDb:448 - Save user favorites file C:\Users\Aditya/.stm32cubeide/favorites.mcus.txt: 0 item(s)
2026-05-09 20:13:37,538 [INFO] ApiDb:452 - User favorites MCUs=[]
2026-05-09 20:13:37,558 [INFO] ApiDb:581 - Connected to CubeFinder SQLite database (C:\Users\Aditya\.stmcufinder\plugins\mcufinder\mcu\cube-finder-db.db)
2026-05-09 20:13:37,619 [INFO] ApiDb:668 - CubeFinder database Data Model version=2.1
2026-05-09 20:13:37,619 [INFO] ApiDb:669 - CubeFinder database Configuration version=3.0.42
2026-05-09 20:13:37,619 [INFO] ApiDb:670 - CubeFinder database generation date=2026-05-06 (1778060171)
2026-05-09 20:13:37,619 [INFO] ApiDb:671 - CubeFinder database FW Pack versions=[FP-ATR-ASTRA1_V2.0.0, FP-SNS-FLIGHT1_V5.1.0, FP-SNS-MOTENV1_V5.1.0, FP-SNS-MOTENVWB1_V1.5.0, FP-SNS-SMARTAG2_V1.2.0, FP-SNS-STBOX1_V2.1.0, STM32Cube_FW_C0_V1.4.0, STM32Cube_FW_F4_V1.28.3, STM32Cube_FW_F7_V1.17.4, STM32Cube_FW_G0_V1.6.3, STM32Cube_FW_G4_V1.6.2, STM32Cube_FW_H5_V1.6.0, STM32Cube_FW_H7RS_V1.3.0, STM32Cube_FW_H7_V1.13.0, STM32Cube_FW_L0_V1.12.2, STM32Cube_FW_L4_V1.18.2, STM32Cube_FW_L5_V1.6.0, STM32Cube_FW_N6_V1.3.0, STM32Cube_FW_U0_V1.3.0, STM32Cube_FW_U3_V1.3.0, STM32Cube_FW_U5_V1.8.0, STM32Cube_FW_WB0_V1.4.0, STM32Cube_FW_WBA_V1.9.0, STM32Cube_FW_WB_V1.24.0, STM32Cube_FW_WL3_V1.4.0, STM32Cube_FW_WL_V1.5.0, X-CUBE-ALGOBUILD_V1.4.0, X-CUBE-ALS_V1.0.2, X-CUBE-AZRTOS-F4_V1.1.0, X-CUBE-AZRTOS-F7_V1.1.0, X-CUBE-AZRTOS-G0_V1.1.0, X-CUBE-AZRTOS-G4_V2.0.0, X-CUBE-AZRTOS-H7RS_V1.1.0, X-CUBE-AZRTOS-H7_V3.5.0, X-CUBE-AZRTOS-L4_V2.0.0, X-CUBE-AZRTOS-L5_V2.0.0, X-CUBE-AZRTOS-WB_V2.0.0, X-CUBE-AZRTOS-WL_V2.0.0, X-CUBE-BLE1_V7.1.0, X-CUBE-BLE2_V3.3.0, X-CUBE-BLEMGR_V4.1.0, X-CUBE-EEPRMA1_V5.2.0, X-CUBE-FREERTOS_V1.5.0, X-CUBE-GNSS1_V6.0.0, X-CUBE-MEMS1_V12.0.0, X-CUBE-NFC4_V3.0.0, X-CUBE-NFC7_V2.0.0, X-CUBE-SFXS2LP1_V4.0.0, X-CUBE-ST67W61_V1.2.0, X-CUBE-SUBG2_V5.0.0, X-CUBE-TOF1_V3.4.3]
2026-05-09 20:13:39,690 [INFO] ApiDb:240 - Found 483 in-development CPN: [B-G473E-ZEST1S, B-WB1M-WPAN1, B-WL5M-SUBG1, NUCLEO-C031C6, NUCLEO-H503RB, NUCLEO-H533RE, NUCLEO-H563ZI, NUCLEO-H7S3L8, NUCLEO-U031R8, NUCLEO-U083RC, NUCLEO-U545RE-Q, NUCLEO-U5A5ZJ-Q, NUCLEO-WBA52CG, NUCLEO-WBA55CG, STEVAL-PROTEUS1, STEVAL-SMARTAG2, STEVAL-STWINBX1, STM320518-EVAL, STM32C0116-DK, STM32C011D6Y3TR, STM32C011D6Y6TR, STM32C011F4P3, STM32C011F4P6, STM32C011F4U3, STM32C011F4U6TR, STM32C011F6P3, STM32C011F6P6, STM32C011F6U3, STM32C011F6U6TR, STM32C011J4M3, STM32C011J4M6, STM32C011J6M3, STM32C011J6M6, STM32C0316-DK, STM32C031C4T3, STM32C031C4T6, STM32C031C4U3, STM32C031C4U6, STM32C031C6T3, STM32C031C6T6, STM32C031C6U3, STM32C031C6U6, STM32C031F4P3, STM32C031F4P6, STM32C031F6P3, STM32C031F6P6, STM32C031G4U3, STM32C031G4U6, STM32C031G6U3, STM32C031G6U6, STM32C031K4T3, STM32C031K4T6, STM32C031K4U3, STM32C031K4U6, STM32C031K6T3, STM32C031K6T6, STM32C031K6U3, STM32C031K6U6, STM32G071K8TXN, STM32G071K8UXN, STM32G081GBU6N, STM32G081KBT6N, STM32G081KBUXN, STM32G0B1CCT6N, STM32G0B1KCT6, STM32G0B1NEY6TR, STM32G0B1RCT6N, STM32G0C1CCT6, STM32G0C1CCT6N, STM32G0C1CCU6N, STM32G0C1CET6N, STM32G0C1CEU6N, STM32G0C1KCT6, STM32G0C1NEY6TR, STM32G0C1RCI6N, STM32G0C1RCT6N, STM32G0C1REI6N, STM32G0C1RET6N, STM32G0C1VCI6, STM32G0C1VEI6, STM32G471CCT6, STM32G471CCU6, STM32G471CET3, STM32G471CET6, STM32G471CEU3, STM32G471CEU6, STM32G471MCT6, STM32G471MET3, STM32G471MET6, STM32G471MEY6TR, STM32G471QCT6, STM32G471QET3, STM32G471RCT6, STM32G471RET3, STM32G471RET6, STM32G471VCH6, STM32G471VCI6, STM32G471VCT6, STM32G471VEH3, STM32G471VEH6, STM32G471VEI3, STM32G471VEI6, STM32G471VET3, STM32G471VET6, STM32G474CCT6, STM32H503CBT6, STM32H503CBU6, STM32H503EBY6TR, STM32H503KBU6, STM32H503RBT6, STM32H523CCT6, STM32H523CCU6, STM32H523CET6, STM32H523CEU6, STM32H523HEY6TR, STM32H523RCT6, STM32H523RET6, STM32H523VCI6, STM32H523VCT6, STM32H523VEI6, STM32H523VET6, STM32H523ZCJ6, STM32H523ZCT6, STM32H523ZEJ6, STM32H523ZET6, STM32H533CET6, STM32H533CEU6, STM32H533HEY6TR, STM32H533RET6, STM32H533VEI6, STM32H533VET6, STM32H533ZEJ6, STM32H533ZET6, STM32H562AGI6, STM32H562AII6, STM32H562IGK6, STM32H562IGT6, STM32H562IIK6, STM32H562IIT6, STM32H562RGT6, STM32H562RGV6, STM32H562RIT6, STM32H562RIV6, STM32H562VGT6, STM32H562VIT6, STM32H562ZGT6, STM32H562ZIT6, STM32H563AGI6, STM32H563AII3Q, STM32H563AII6, STM32H563IGK6, STM32H563IGT6, STM32H563IIK3Q, STM32H563IIK6, STM32H563IIT3Q, STM32H563IIT6, STM32H563MIY3QTR, STM32H563RGT6, STM32H563RGV6, STM32H563RIT6, STM32H563RIV6, STM32H563VGT6, STM32H563VIT3Q, STM32H563VIT6, STM32H563ZGT6, STM32H563ZIT3Q, STM32H563ZIT6, STM32H573AII3Q, STM32H573AII6, STM32H573I-DK, STM32H573IIK3Q, STM32H573IIK6, STM32H573IIT3Q, STM32H573IIT6, STM32H573MIY3QTR, STM32H573RIT6, STM32H573RIV6, STM32H573VIT3Q, STM32H573VIT6, STM32H573ZIT3Q, STM32H573ZIT6, STM32H7R3A8I6, STM32H7R3I8K6, STM32H7R3I8T6, STM32H7R3L8H6, STM32H7R3L8H6H, STM32H7R3R8V6, STM32H7R3V8H6, STM32H7R3V8T6, STM32H7R3V8Y6, STM32H7R3Z8J6, STM32H7R3Z8T6, STM32H7R7A8I6, STM32H7R7I8K6, STM32H7R7I8T6, STM32H7R7L8H6, STM32H7R7L8H6H, STM32H7R7Z8J6, STM32H7S3A8I6, STM32H7S3I8K6, STM32H7S3I8T6, STM32H7S3L8H6, STM32H7S3L8H6H, STM32H7S3R8V6, STM32H7S3V8H6, STM32H7S3V8T6, STM32H7S3V8Y6, STM32H7S3Z8J6, STM32H7S3Z8T6, STM32H7S78-DK, STM32H7S7A8I6, STM32H7S7I8K6, STM32H7S7I8T6, STM32H7S7L8H6, STM32H7S7L8H6H, STM32H7S7Z8J6, STM32L4R5QGI6STR, STM32MP131AAE3, STM32MP131AAF3, STM32MP131AAG3, STM32MP131CAE3, STM32MP131CAF3, STM32MP131CAG3, STM32MP131DAE7, STM32MP131DAF7, STM32MP131DAG7, STM32MP131FAE7, STM32MP131FAF7, STM32MP131FAG7, STM32MP133AAE3, STM32MP133AAF3, STM32MP133AAG3, STM32MP133CAE3, STM32MP133CAF3, STM32MP133CAG3, STM32MP133DAE7, STM32MP133DAF7, STM32MP133DAG7, STM32MP133FAE7, STM32MP133FAF7, STM32MP133FAG7, STM32MP135AAE3, STM32MP135AAF3, STM32MP135AAG3, STM32MP135CAE3, STM32MP135CAF3, STM32MP135CAG3, STM32MP135DAE7, STM32MP135DAF7, STM32MP135DAG7, STM32MP135F-DK, STM32MP135FAE7, STM32MP135FAF7, STM32MP135FAF7T, STM32MP135FAF7U, STM32MP135FAG7, STM32U031C6T6, STM32U031C6U6, STM32U031C8T6, STM32U031C8U6, STM32U031F4P6, STM32U031F6P6, STM32U031F8P6, STM32U031G6Y6TR, STM32U031G8Y6TR, STM32U031K4U6, STM32U031K6U6, STM32U031K8U6, STM32U031R6I6, STM32U031R6T6, STM32U031R8I6, STM32U031R8T6, STM32U073C8T6, STM32U073C8U6, STM32U073CBT6, STM32U073CBU6, STM32U073CCT6, STM32U073CCU6, STM32U073H8Y6TR, STM32U073HBY6TR, STM32U073HCY6TR, STM32U073K8U6, STM32U073KBU6, STM32U073KCU6, STM32U073M8I6, STM32U073M8T6, STM32U073MBI6, STM32U073MBT6, STM32U073MCI6, STM32U073MCT6, STM32U073R8I6, STM32U073R8T6, STM32U073RBI6, STM32U073RBT6, STM32U073RCI6, STM32U073RCT6, STM32U083C-DK, STM32U083CCT6, STM32U083CCU6, STM32U083HCY6TR, STM32U083KCU6, STM32U083MCI6, STM32U083MCT6, STM32U083RCI6, STM32U083RCT6, STM32U535CBT6, STM32U535CBT6Q, STM32U535CBU6, STM32U535CBU6Q, STM32U535CCT6, STM32U535CCT6Q, STM32U535CCU6, STM32U535CCU6Q, STM32U535CET6, STM32U535CET6Q, STM32U535CEU6, STM32U535CEU6Q, STM32U535JEY6QTR, STM32U535NCY6QTR, STM32U535NEY6QTR, STM32U535RBI6, STM32U535RBI6Q, STM32U535RBT6, STM32U535RBT6Q, STM32U535RCI6, STM32U535RCI6Q, STM32U535RCT6, STM32U535RCT6Q, STM32U535REI6, STM32U535REI6Q, STM32U535RET6, STM32U535RET6Q, STM32U535VCI6, STM32U535VCI6Q, STM32U535VCT6, STM32U535VCT6Q, STM32U535VEI6, STM32U535VEI6Q, STM32U535VET6, STM32U535VET6Q, STM32U545CET6, STM32U545CET6Q, STM32U545CEU6, STM32U545CEU6Q, STM32U545JEY6QTR, STM32U545NEY6QTR, STM32U545REI6, STM32U545REI6Q, STM32U545RET6, STM32U545RET6Q, STM32U545VEI6, STM32U545VEI6Q, STM32U545VET6, STM32U545VET6Q, STM32U595AIH6, STM32U595AIH6Q, STM32U595AJH6, STM32U595AJH6Q, STM32U595QII6, STM32U595QII6Q, STM32U595QJI6, STM32U595QJI6Q, STM32U595RIT6, STM32U595RIT6Q, STM32U595RJT6, STM32U595RJT6Q, STM32U595VIT6, STM32U595VIT6Q, STM32U595VJT6, STM32U595VJT6Q, STM32U595ZIT6, STM32U595ZIT6Q, STM32U595ZIY6QTR, STM32U595ZJT6, STM32U595ZJT6Q, STM32U595ZJY6QTR, STM32U599BJY6QTR, STM32U599NIH6Q, STM32U599NJH6Q, STM32U599VIT6Q, STM32U599VJT6, STM32U599VJT6Q, STM32U599ZIT6Q, STM32U599ZIY6QTR, STM32U599ZJT6Q, STM32U599ZJY6QTR, STM32U5A5AJH6, STM32U5A5AJH6Q, STM32U5A5QII3Q , STM32U5A5QJI6, STM32U5A5QJI6Q, STM32U5A5RJT6, STM32U5A5RJT6Q, STM32U5A5VJT6, STM32U5A5VJT6Q, STM32U5A5ZJT6, STM32U5A5ZJT6Q, STM32U5A5ZJY6QTR, STM32U5A9BJY6QTR, STM32U5A9J-DK, STM32U5A9NJH6Q, STM32U5A9VJT6Q, STM32U5A9ZJT6Q, STM32U5A9ZJY6QTR, STM32U5F7VIT6, STM32U5F7VIT6Q, STM32U5F7VJT6, STM32U5F7VJT6Q, STM32U5F9BJY6QTR, STM32U5F9NJH6Q, STM32U5F9VIT6Q, STM32U5F9VJT6Q, STM32U5F9ZIJ6QTR, STM32U5F9ZIT6Q, STM32U5F9ZJJ6QTR, STM32U5F9ZJT6Q, STM32U5G7VJT6, STM32U5G7VJT6Q, STM32U5G9BJY6QTR, STM32U5G9J-DK1, STM32U5G9J-DK2, STM32U5G9NJH6Q, STM32U5G9VJT6Q, STM32U5G9ZJJ6QTR, STM32U5G9ZJT6Q, STM32WB1MMCH6, STM32WBA50KEU6, STM32WBA50KEU6TR, STM32WBA50KGU6, STM32WBA50KGU6TR, STM32WBA52CEU6, STM32WBA52CEU6TR, STM32WBA52CEU7, STM32WBA52CEU7TR, STM32WBA52CGU6, STM32WBA52CGU6TR, STM32WBA52CGU6U, STM32WBA52CGU7, STM32WBA52CGU7TR, STM32WBA52KEU6, STM32WBA52KEU6TR, STM32WBA52KGU6, STM32WBA52KGU6TR, STM32WBA54CEU6, STM32WBA54CEU6TR, STM32WBA54CEU7, STM32WBA54CEU7TR, STM32WBA54CGU6, STM32WBA54CGU6TR, STM32WBA54CGU7, STM32WBA54CGU7TR, STM32WBA54KEU6, STM32WBA54KEU6TR, STM32WBA54KEU7, STM32WBA54KEU7TR, STM32WBA54KGU6, STM32WBA54KGU6TR, STM32WBA54KGU7, STM32WBA54KGU7TR, STM32WBA55CEU6, STM32WBA55CEU6TR, STM32WBA55CEU7, STM32WBA55CEU7TR, STM32WBA55CGU6, STM32WBA55CGU6TR, STM32WBA55CGU6U, STM32WBA55CGU7, STM32WBA55CGU7TR, STM32WBA55G-DK1, STM32WBA55HEF6, STM32WBA55HEF7, STM32WBA55HGF6, STM32WBA55HGF7, STM32WBA55UEI6, STM32WBA55UEI6TR, STM32WBA55UEI7, STM32WBA55UEI7TR, STM32WBA55UGI6, STM32WBA55UGI6TR, STM32WBA55UGI7, STM32WBA55UGI7TR, STM32WL5MOCH6, STM32WL5MOCH6TR]
2026-05-09 20:13:39,692 [INFO] DbMcus:218 - Found 5076 MCUs, 4958 are supported
2026-05-09 20:13:39,693 [INFO] ApiDb:423 - Load user favorites file C:\Users\Aditya/.stm32cubeide/favorites.mcus.txt: 0 item(s)
2026-05-09 20:13:39,693 [INFO] ApiDb:427 - User favorites MCUs=[]
2026-05-09 20:13:39,693 [INFO] DbMcus:224 - Set 0 / 0 favorites MCUs
2026-05-09 20:13:39,987 [INFO] ApiDb:448 - Save user favorites file C:\Users\Aditya/.stm32cubeide/favorites.boards.txt: 0 item(s)
2026-05-09 20:13:39,987 [INFO] ApiDb:452 - User favorites Boards=[]
2026-05-09 20:13:39,989 [INFO] ApiDb:581 - Connected to CubeFinder SQLite database (C:\Users\Aditya\.stmcufinder\plugins\mcufinder\mcu\cube-finder-db.db)
2026-05-09 20:13:40,055 [INFO] ApiDb:668 - CubeFinder database Data Model version=2.1
2026-05-09 20:13:40,055 [INFO] ApiDb:669 - CubeFinder database Configuration version=3.0.42
2026-05-09 20:13:40,055 [INFO] ApiDb:670 - CubeFinder database generation date=2026-05-06 (1778060171)
2026-05-09 20:13:40,055 [INFO] ApiDb:671 - CubeFinder database FW Pack versions=[FP-ATR-ASTRA1_V2.0.0, FP-SNS-FLIGHT1_V5.1.0, FP-SNS-MOTENV1_V5.1.0, FP-SNS-MOTENVWB1_V1.5.0, FP-SNS-SMARTAG2_V1.2.0, FP-SNS-STBOX1_V2.1.0, STM32Cube_FW_C0_V1.4.0, STM32Cube_FW_F4_V1.28.3, STM32Cube_FW_F7_V1.17.4, STM32Cube_FW_G0_V1.6.3, STM32Cube_FW_G4_V1.6.2, STM32Cube_FW_H5_V1.6.0, STM32Cube_FW_H7RS_V1.3.0, STM32Cube_FW_H7_V1.13.0, STM32Cube_FW_L0_V1.12.2, STM32Cube_FW_L4_V1.18.2, STM32Cube_FW_L5_V1.6.0, STM32Cube_FW_N6_V1.3.0, STM32Cube_FW_U0_V1.3.0, STM32Cube_FW_U3_V1.3.0, STM32Cube_FW_U5_V1.8.0, STM32Cube_FW_WB0_V1.4.0, STM32Cube_FW_WBA_V1.9.0, STM32Cube_FW_WB_V1.24.0, STM32Cube_FW_WL3_V1.4.0, STM32Cube_FW_WL_V1.5.0, X-CUBE-ALGOBUILD_V1.4.0, X-CUBE-ALS_V1.0.2, X-CUBE-AZRTOS-F4_V1.1.0, X-CUBE-AZRTOS-F7_V1.1.0, X-CUBE-AZRTOS-G0_V1.1.0, X-CUBE-AZRTOS-G4_V2.0.0, X-CUBE-AZRTOS-H7RS_V1.1.0, X-CUBE-AZRTOS-H7_V3.5.0, X-CUBE-AZRTOS-L4_V2.0.0, X-CUBE-AZRTOS-L5_V2.0.0, X-CUBE-AZRTOS-WB_V2.0.0, X-CUBE-AZRTOS-WL_V2.0.0, X-CUBE-BLE1_V7.1.0, X-CUBE-BLE2_V3.3.0, X-CUBE-BLEMGR_V4.1.0, X-CUBE-EEPRMA1_V5.2.0, X-CUBE-FREERTOS_V1.5.0, X-CUBE-GNSS1_V6.0.0, X-CUBE-MEMS1_V12.0.0, X-CUBE-NFC4_V3.0.0, X-CUBE-NFC7_V2.0.0, X-CUBE-SFXS2LP1_V4.0.0, X-CUBE-ST67W61_V1.2.0, X-CUBE-SUBG2_V5.0.0, X-CUBE-TOF1_V3.4.3]
2026-05-09 20:13:40,099 [INFO] DbBoardsSqlite:226 - include board P-NUCLEO-WB55-NUCLEO as a kit item of type 'Nucleo-64'
2026-05-09 20:13:40,099 [INFO] DbBoardsSqlite:226 - include board P-NUCLEO-WB55-USBDONGLE as a kit item of type 'Nucleo USB Dongle'
2026-05-09 20:13:40,100 [INFO] DbBoardsSqlite:226 - include board STEVAL-IDP005V1 as a kit item of type 'Evaluation Board'
2026-05-09 20:13:40,100 [INFO] DbBoardsSqlite:226 - include board STEVAL-IDP005V2 as a kit item of type 'Evaluation Board'
2026-05-09 20:13:40,164 [INFO] ApiDb:240 - Found 483 in-development CPN: [B-G473E-ZEST1S, B-WB1M-WPAN1, B-WL5M-SUBG1, NUCLEO-C031C6, NUCLEO-H503RB, NUCLEO-H533RE, NUCLEO-H563ZI, NUCLEO-H7S3L8, NUCLEO-U031R8, NUCLEO-U083RC, NUCLEO-U545RE-Q, NUCLEO-U5A5ZJ-Q, NUCLEO-WBA52CG, NUCLEO-WBA55CG, STEVAL-PROTEUS1, STEVAL-SMARTAG2, STEVAL-STWINBX1, STM320518-EVAL, STM32C0116-DK, STM32C011D6Y3TR, STM32C011D6Y6TR, STM32C011F4P3, STM32C011F4P6, STM32C011F4U3, STM32C011F4U6TR, STM32C011F6P3, STM32C011F6P6, STM32C011F6U3, STM32C011F6U6TR, STM32C011J4M3, STM32C011J4M6, STM32C011J6M3, STM32C011J6M6, STM32C0316-DK, STM32C031C4T3, STM32C031C4T6, STM32C031C4U3, STM32C031C4U6, STM32C031C6T3, STM32C031C6T6, STM32C031C6U3, STM32C031C6U6, STM32C031F4P3, STM32C031F4P6, STM32C031F6P3, STM32C031F6P6, STM32C031G4U3, STM32C031G4U6, STM32C031G6U3, STM32C031G6U6, STM32C031K4T3, STM32C031K4T6, STM32C031K4U3, STM32C031K4U6, STM32C031K6T3, STM32C031K6T6, STM32C031K6U3, STM32C031K6U6, STM32G071K8TXN, STM32G071K8UXN, STM32G081GBU6N, STM32G081KBT6N, STM32G081KBUXN, STM32G0B1CCT6N, STM32G0B1KCT6, STM32G0B1NEY6TR, STM32G0B1RCT6N, STM32G0C1CCT6, STM32G0C1CCT6N, STM32G0C1CCU6N, STM32G0C1CET6N, STM32G0C1CEU6N, STM32G0C1KCT6, STM32G0C1NEY6TR, STM32G0C1RCI6N, STM32G0C1RCT6N, STM32G0C1REI6N, STM32G0C1RET6N, STM32G0C1VCI6, STM32G0C1VEI6, STM32G471CCT6, STM32G471CCU6, STM32G471CET3, STM32G471CET6, STM32G471CEU3, STM32G471CEU6, STM32G471MCT6, STM32G471MET3, STM32G471MET6, STM32G471MEY6TR, STM32G471QCT6, STM32G471QET3, STM32G471RCT6, STM32G471RET3, STM32G471RET6, STM32G471VCH6, STM32G471VCI6, STM32G471VCT6, STM32G471VEH3, STM32G471VEH6, STM32G471VEI3, STM32G471VEI6, STM32G471VET3, STM32G471VET6, STM32G474CCT6, STM32H503CBT6, STM32H503CBU6, STM32H503EBY6TR, STM32H503KBU6, STM32H503RBT6, STM32H523CCT6, STM32H523CCU6, STM32H523CET6, STM32H523CEU6, STM32H523HEY6TR, STM32H523RCT6, STM32H523RET6, STM32H523VCI6, STM32H523VCT6, STM32H523VEI6, STM32H523VET6, STM32H523ZCJ6, STM32H523ZCT6, STM32H523ZEJ6, STM32H523ZET6, STM32H533CET6, STM32H533CEU6, STM32H533HEY6TR, STM32H533RET6, STM32H533VEI6, STM32H533VET6, STM32H533ZEJ6, STM32H533ZET6, STM32H562AGI6, STM32H562AII6, STM32H562IGK6, STM32H562IGT6, STM32H562IIK6, STM32H562IIT6, STM32H562RGT6, STM32H562RGV6, STM32H562RIT6, STM32H562RIV6, STM32H562VGT6, STM32H562VIT6, STM32H562ZGT6, STM32H562ZIT6, STM32H563AGI6, STM32H563AII3Q, STM32H563AII6, STM32H563IGK6, STM32H563IGT6, STM32H563IIK3Q, STM32H563IIK6, STM32H563IIT3Q, STM32H563IIT6, STM32H563MIY3QTR, STM32H563RGT6, STM32H563RGV6, STM32H563RIT6, STM32H563RIV6, STM32H563VGT6, STM32H563VIT3Q, STM32H563VIT6, STM32H563ZGT6, STM32H563ZIT3Q, STM32H563ZIT6, STM32H573AII3Q, STM32H573AII6, STM32H573I-DK, STM32H573IIK3Q, STM32H573IIK6, STM32H573IIT3Q, STM32H573IIT6, STM32H573MIY3QTR, STM32H573RIT6, STM32H573RIV6, STM32H573VIT3Q, STM32H573VIT6, STM32H573ZIT3Q, STM32H573ZIT6, STM32H7R3A8I6, STM32H7R3I8K6, STM32H7R3I8T6, STM32H7R3L8H6, STM32H7R3L8H6H, STM32H7R3R8V6, STM32H7R3V8H6, STM32H7R3V8T6, STM32H7R3V8Y6, STM32H7R3Z8J6, STM32H7R3Z8T6, STM32H7R7A8I6, STM32H7R7I8K6, STM32H7R7I8T6, STM32H7R7L8H6, STM32H7R7L8H6H, STM32H7R7Z8J6, STM32H7S3A8I6, STM32H7S3I8K6, STM32H7S3I8T6, STM32H7S3L8H6, STM32H7S3L8H6H, STM32H7S3R8V6, STM32H7S3V8H6, STM32H7S3V8T6, STM32H7S3V8Y6, STM32H7S3Z8J6, STM32H7S3Z8T6, STM32H7S78-DK, STM32H7S7A8I6, STM32H7S7I8K6, STM32H7S7I8T6, STM32H7S7L8H6, STM32H7S7L8H6H, STM32H7S7Z8J6, STM32L4R5QGI6STR, STM32MP131AAE3, STM32MP131AAF3, STM32MP131AAG3, STM32MP131CAE3, STM32MP131CAF3, STM32MP131CAG3, STM32MP131DAE7, STM32MP131DAF7, STM32MP131DAG7, STM32MP131FAE7, STM32MP131FAF7, STM32MP131FAG7, STM32MP133AAE3, STM32MP133AAF3, STM32MP133AAG3, STM32MP133CAE3, STM32MP133CAF3, STM32MP133CAG3, STM32MP133DAE7, STM32MP133DAF7, STM32MP133DAG7, STM32MP133FAE7, STM32MP133FAF7, STM32MP133FAG7, STM32MP135AAE3, STM32MP135AAF3, STM32MP135AAG3, STM32MP135CAE3, STM32MP135CAF3, STM32MP135CAG3, STM32MP135DAE7, STM32MP135DAF7, STM32MP135DAG7, STM32MP135F-DK, STM32MP135FAE7, STM32MP135FAF7, STM32MP135FAF7T, STM32MP135FAF7U, STM32MP135FAG7, STM32U031C6T6, STM32U031C6U6, STM32U031C8T6, STM32U031C8U6, STM32U031F4P6, STM32U031F6P6, STM32U031F8P6, STM32U031G6Y6TR, STM32U031G8Y6TR, STM32U031K4U6, STM32U031K6U6, STM32U031K8U6, STM32U031R6I6, STM32U031R6T6, STM32U031R8I6, STM32U031R8T6, STM32U073C8T6, STM32U073C8U6, STM32U073CBT6, STM32U073CBU6, STM32U073CCT6, STM32U073CCU6, STM32U073H8Y6TR, STM32U073HBY6TR, STM32U073HCY6TR, STM32U073K8U6, STM32U073KBU6, STM32U073KCU6, STM32U073M8I6, STM32U073M8T6, STM32U073MBI6, STM32U073MBT6, STM32U073MCI6, STM32U073MCT6, STM32U073R8I6, STM32U073R8T6, STM32U073RBI6, STM32U073RBT6, STM32U073RCI6, STM32U073RCT6, STM32U083C-DK, STM32U083CCT6, STM32U083CCU6, STM32U083HCY6TR, STM32U083KCU6, STM32U083MCI6, STM32U083MCT6, STM32U083RCI6, STM32U083RCT6, STM32U535CBT6, STM32U535CBT6Q, STM32U535CBU6, STM32U535CBU6Q, STM32U535CCT6, STM32U535CCT6Q, STM32U535CCU6, STM32U535CCU6Q, STM32U535CET6, STM32U535CET6Q, STM32U535CEU6, STM32U535CEU6Q, STM32U535JEY6QTR, STM32U535NCY6QTR, STM32U535NEY6QTR, STM32U535RBI6, STM32U535RBI6Q, STM32U535RBT6, STM32U535RBT6Q, STM32U535RCI6, STM32U535RCI6Q, STM32U535RCT6, STM32U535RCT6Q, STM32U535REI6, STM32U535REI6Q, STM32U535RET6, STM32U535RET6Q, STM32U535VCI6, STM32U535VCI6Q, STM32U535VCT6, STM32U535VCT6Q, STM32U535VEI6, STM32U535VEI6Q, STM32U535VET6, STM32U535VET6Q, STM32U545CET6, STM32U545CET6Q, STM32U545CEU6, STM32U545CEU6Q, STM32U545JEY6QTR, STM32U545NEY6QTR, STM32U545REI6, STM32U545REI6Q, STM32U545RET6, STM32U545RET6Q, STM32U545VEI6, STM32U545VEI6Q, STM32U545VET6, STM32U545VET6Q, STM32U595AIH6, STM32U595AIH6Q, STM32U595AJH6, STM32U595AJH6Q, STM32U595QII6, STM32U595QII6Q, STM32U595QJI6, STM32U595QJI6Q, STM32U595RIT6, STM32U595RIT6Q, STM32U595RJT6, STM32U595RJT6Q, STM32U595VIT6, STM32U595VIT6Q, STM32U595VJT6, STM32U595VJT6Q, STM32U595ZIT6, STM32U595ZIT6Q, STM32U595ZIY6QTR, STM32U595ZJT6, STM32U595ZJT6Q, STM32U595ZJY6QTR, STM32U599BJY6QTR, STM32U599NIH6Q, STM32U599NJH6Q, STM32U599VIT6Q, STM32U599VJT6, STM32U599VJT6Q, STM32U599ZIT6Q, STM32U599ZIY6QTR, STM32U599ZJT6Q, STM32U599ZJY6QTR, STM32U5A5AJH6, STM32U5A5AJH6Q, STM32U5A5QII3Q , STM32U5A5QJI6, STM32U5A5QJI6Q, STM32U5A5RJT6, STM32U5A5RJT6Q, STM32U5A5VJT6, STM32U5A5VJT6Q, STM32U5A5ZJT6, STM32U5A5ZJT6Q, STM32U5A5ZJY6QTR, STM32U5A9BJY6QTR, STM32U5A9J-DK, STM32U5A9NJH6Q, STM32U5A9VJT6Q, STM32U5A9ZJT6Q, STM32U5A9ZJY6QTR, STM32U5F7VIT6, STM32U5F7VIT6Q, STM32U5F7VJT6, STM32U5F7VJT6Q, STM32U5F9BJY6QTR, STM32U5F9NJH6Q, STM32U5F9VIT6Q, STM32U5F9VJT6Q, STM32U5F9ZIJ6QTR, STM32U5F9ZIT6Q, STM32U5F9ZJJ6QTR, STM32U5F9ZJT6Q, STM32U5G7VJT6, STM32U5G7VJT6Q, STM32U5G9BJY6QTR, STM32U5G9J-DK1, STM32U5G9J-DK2, STM32U5G9NJH6Q, STM32U5G9VJT6Q, STM32U5G9ZJJ6QTR, STM32U5G9ZJT6Q, STM32WB1MMCH6, STM32WBA50KEU6, STM32WBA50KEU6TR, STM32WBA50KGU6, STM32WBA50KGU6TR, STM32WBA52CEU6, STM32WBA52CEU6TR, STM32WBA52CEU7, STM32WBA52CEU7TR, STM32WBA52CGU6, STM32WBA52CGU6TR, STM32WBA52CGU6U, STM32WBA52CGU7, STM32WBA52CGU7TR, STM32WBA52KEU6, STM32WBA52KEU6TR, STM32WBA52KGU6, STM32WBA52KGU6TR, STM32WBA54CEU6, STM32WBA54CEU6TR, STM32WBA54CEU7, STM32WBA54CEU7TR, STM32WBA54CGU6, STM32WBA54CGU6TR, STM32WBA54CGU7, STM32WBA54CGU7TR, STM32WBA54KEU6, STM32WBA54KEU6TR, STM32WBA54KEU7, STM32WBA54KEU7TR, STM32WBA54KGU6, STM32WBA54KGU6TR, STM32WBA54KGU7, STM32WBA54KGU7TR, STM32WBA55CEU6, STM32WBA55CEU6TR, STM32WBA55CEU7, STM32WBA55CEU7TR, STM32WBA55CGU6, STM32WBA55CGU6TR, STM32WBA55CGU6U, STM32WBA55CGU7, STM32WBA55CGU7TR, STM32WBA55G-DK1, STM32WBA55HEF6, STM32WBA55HEF7, STM32WBA55HGF6, STM32WBA55HGF7, STM32WBA55UEI6, STM32WBA55UEI6TR, STM32WBA55UEI7, STM32WBA55UEI7TR, STM32WBA55UGI6, STM32WBA55UGI6TR, STM32WBA55UGI7, STM32WBA55UGI7TR, STM32WL5MOCH6, STM32WL5MOCH6TR]
2026-05-09 20:13:40,219 [INFO] BoardInfo:889 - No configuration file found for board B-WBA5M-WPAN
2026-05-09 20:13:40,219 [INFO] DbBoards:161 - Board is not supported: B-WBA5M-WPAN
2026-05-09 20:13:40,225 [INFO] BoardInfo:889 - No configuration file found for board NUCLEO-C051C8
2026-05-09 20:13:40,225 [INFO] DbBoards:161 - Board is not supported: NUCLEO-C051C8
2026-05-09 20:13:40,226 [INFO] BoardInfo:889 - No configuration file found for board NUCLEO-C071RB
2026-05-09 20:13:40,226 [INFO] DbBoards:161 - Board is not supported: NUCLEO-C071RB
2026-05-09 20:13:40,227 [INFO] BoardInfo:889 - No configuration file found for board NUCLEO-C092RC
2026-05-09 20:13:40,227 [INFO] DbBoards:161 - Board is not supported: NUCLEO-C092RC
2026-05-09 20:13:40,264 [INFO] BoardInfo:889 - No configuration file found for board NUCLEO-H5E5ZJ
2026-05-09 20:13:40,264 [INFO] DbBoards:161 - Board is not supported: NUCLEO-H5E5ZJ
2026-05-09 20:13:40,294 [INFO] BoardInfo:889 - No configuration file found for board NUCLEO-N657X0-Q
2026-05-09 20:13:40,295 [INFO] DbBoards:161 - Board is not supported: NUCLEO-N657X0-Q
2026-05-09 20:13:40,300 [INFO] BoardInfo:889 - No configuration file found for board NUCLEO-U385RG-Q
2026-05-09 20:13:40,300 [INFO] DbBoards:161 - Board is not supported: NUCLEO-U385RG-Q
2026-05-09 20:13:40,301 [INFO] BoardInfo:889 - No configuration file found for board NUCLEO-U3C5ZI-Q
2026-05-09 20:13:40,301 [INFO] DbBoards:161 - Board is not supported: NUCLEO-U3C5ZI-Q
2026-05-09 20:13:40,305 [INFO] BoardInfo:889 - No configuration file found for board NUCLEO-WB05KZ
2026-05-09 20:13:40,305 [INFO] DbBoards:161 - Board is not supported: NUCLEO-WB05KZ
2026-05-09 20:13:40,306 [INFO] BoardInfo:889 - No configuration file found for board NUCLEO-WB07CC
2026-05-09 20:13:40,306 [INFO] DbBoards:161 - Board is not supported: NUCLEO-WB07CC
2026-05-09 20:13:40,307 [INFO] BoardInfo:889 - No configuration file found for board NUCLEO-WB09KE
2026-05-09 20:13:40,307 [INFO] DbBoards:161 - Board is not supported: NUCLEO-WB09KE
2026-05-09 20:13:40,310 [INFO] BoardInfo:889 - No configuration file found for board NUCLEO-WBA25CE1
2026-05-09 20:13:40,310 [INFO] DbBoards:161 - Board is not supported: NUCLEO-WBA25CE1
2026-05-09 20:13:40,313 [INFO] BoardInfo:889 - No configuration file found for board NUCLEO-WBA65RI
2026-05-09 20:13:40,314 [INFO] DbBoards:161 - Board is not supported: NUCLEO-WBA65RI
2026-05-09 20:13:40,314 [INFO] BoardInfo:889 - No configuration file found for board NUCLEO-WL33CC1
2026-05-09 20:13:40,314 [INFO] DbBoards:161 - Board is not supported: NUCLEO-WL33CC1
2026-05-09 20:13:40,315 [INFO] BoardInfo:889 - No configuration file found for board NUCLEO-WL33CC2
2026-05-09 20:13:40,315 [INFO] DbBoards:161 - Board is not supported: NUCLEO-WL33CC2
2026-05-09 20:13:40,316 [INFO] BoardInfo:889 - No configuration file found for board NUCLEO-WL3RKB1
2026-05-09 20:13:40,316 [INFO] DbBoards:161 - Board is not supported: NUCLEO-WL3RKB1
2026-05-09 20:13:40,317 [INFO] BoardInfo:889 - No configuration file found for board NUCLEO-WL3RKB2
2026-05-09 20:13:40,318 [INFO] DbBoards:161 - Board is not supported: NUCLEO-WL3RKB2
2026-05-09 20:13:40,323 [INFO] BoardInfo:889 - No configuration file found for board P-NUCLEO-WB55
2026-05-09 20:13:40,324 [INFO] DbBoards:161 - Kit is not supported: P-NUCLEO-WB55
2026-05-09 20:13:40,328 [INFO] BoardInfo:889 - No configuration file found for board STEVAL-BFA001V1B
2026-05-09 20:13:40,329 [INFO] DbBoards:161 - Kit is not supported: STEVAL-BFA001V1B
2026-05-09 20:13:40,330 [INFO] BoardInfo:889 - No configuration file found for board STEVAL-BFA001V2B
2026-05-09 20:13:40,330 [INFO] DbBoards:161 - Kit is not supported: STEVAL-BFA001V2B
2026-05-09 20:13:40,407 [INFO] BoardInfo:889 - No configuration file found for board STM32H5F5J-DK
2026-05-09 20:13:40,407 [INFO] DbBoards:161 - Board is not supported: STM32H5F5J-DK
2026-05-09 20:13:40,455 [INFO] BoardInfo:889 - No configuration file found for board STM32MP215F-DK
2026-05-09 20:13:40,455 [INFO] DbBoards:161 - Board is not supported: STM32MP215F-DK
2026-05-09 20:13:40,456 [INFO] BoardInfo:889 - No configuration file found for board STM32MP257F-DK
2026-05-09 20:13:40,456 [INFO] DbBoards:161 - Board is not supported: STM32MP257F-DK
2026-05-09 20:13:40,457 [INFO] BoardInfo:889 - No configuration file found for board STM32MP257F-EV1
2026-05-09 20:13:40,458 [INFO] DbBoards:161 - Board is not supported: STM32MP257F-EV1
2026-05-09 20:13:40,461 [INFO] BoardInfo:889 - No configuration file found for board STM32N6570-DK
2026-05-09 20:13:40,461 [INFO] DbBoards:161 - Board is not supported: STM32N6570-DK
2026-05-09 20:13:40,474 [INFO] BoardInfo:889 - No configuration file found for board STM32WBA65I-DK1
2026-05-09 20:13:40,474 [INFO] DbBoards:161 - Board is not supported: STM32WBA65I-DK1
2026-05-09 20:13:40,474 [INFO] DbBoards:168 - Found 218 boards, 192 are supported
2026-05-09 20:13:40,474 [INFO] DbBoards:169 - Found 218 boards, 8 of them is supported for  Bsp
2026-05-09 20:13:40,480 [INFO] ApiDb:423 - Load user favorites file C:\Users\Aditya/.stm32cubeide/favorites.boards.txt: 0 item(s)
2026-05-09 20:13:40,480 [INFO] ApiDb:427 - User favorites Boards=[]
2026-05-09 20:13:40,480 [INFO] DbBoards:198 - Set 0 / 0 favorites Boards
2026-05-09 20:13:40,500 [ERROR] TargetSelectorAdapter:267 - Unable to refresh data
2026-05-09 20:13:41,510 [ERROR] LogOutputStream:75 - [STDERR_REDIRECT] 
2026-05-09 20:14:09,332 [INFO] Activator:176 - 


2026-05-09 20:14:09,334 [INFO] Activator:177 - !SESSION log4j initialized
2026-05-09 20:14:12,951 [INFO] LogOutputStream:77 - [STDOUT_REDIRECT] 
2026-05-09 20:14:14,825 [INFO] ApplicationProperties:184 - Using Application install path: C:\ST\STM32CubeIDE_1.15.0\STM32CubeIDE\plugins\com.st.stm32cube.common.mx_6.11.0.202403141607
2026-05-09 20:14:14,844 [INFO] DbMcusXml:78 - Set database path to: C:\ST\STM32CubeIDE_1.15.0\STM32CubeIDE\plugins\com.st.stm32cube.common.mx_6.11.0.202403141607\\db\/mcu/
2026-05-09 20:14:14,845 [INFO] ApiDb:274 - Set plugin database path to: C:\ST\STM32CubeIDE_1.15.0\STM32CubeIDE\plugins\com.st.stm32cube.common.mx_6.11.0.202403141607\\db\/plugins/boardmanager/
2026-05-09 20:14:14,845 [WARN] ApiDb:259 - Overriding images path with different value:  => C:\ST\STM32CubeIDE_1.15.0\STM32CubeIDE\plugins\com.st.stm32cube.common.mx_6.11.0.202403141607\\db\/plugins/mcufinder/images/
2026-05-09 20:14:14,851 [INFO] ApiDb:250 - Set database path to: C:\Users\Aditya\.stmcufinder\plugins\mcufinder//mcu/
2026-05-09 20:14:14,852 [INFO] DbMcusAds:125 - Set database path to: C:\Users\Aditya\.stmcufinder\plugins\mcufinder//mcu/
2026-05-09 20:14:14,854 [INFO] CrossReferenceDbSqlite:203 - Set database path to: C:\Users\Aditya\.stmcufinder\plugins\mcufinder//mcu/cs/
2026-05-09 20:14:15,046 [INFO] RulesReader:64 - Compatibility file has been processed (297 Rules)
2026-05-09 20:14:15,182 [INFO] DbMcusXml:78 - Set database path to: C:\ST\STM32CubeIDE_1.15.0\STM32CubeIDE\plugins\com.st.stm32cube.common.mx_6.11.0.202403141607\\db\/mcu/
2026-05-09 20:14:15,182 [INFO] ApiDb:274 - Set plugin database path to: C:\ST\STM32CubeIDE_1.15.0\STM32CubeIDE\plugins\com.st.stm32cube.common.mx_6.11.0.202403141607\\db\/plugins/boardmanager/
2026-05-09 20:14:15,184 [INFO] ApiDb:261 - Set plugin images path to: C:\ST\STM32CubeIDE_1.15.0\STM32CubeIDE\plugins\com.st.stm32cube.common.mx_6.11.0.202403141607\\db\/plugins/mcufinder/images/
2026-05-09 20:14:15,184 [WARN] DbFile:41 - Overriding database path with different value: C:\Users\Aditya\.stmcufinder\plugins\mcufinder/ => C:\Users\Aditya\.stmcufinder\plugins\mcufinder
2026-05-09 20:14:15,184 [INFO] ApiDb:250 - Set database path to: C:\Users\Aditya\.stmcufinder\plugins\mcufinder//mcu/
2026-05-09 20:14:15,184 [WARN] DbFile:41 - Overriding database path with different value: C:\Users\Aditya\.stmcufinder\plugins\mcufinder/ => C:\Users\Aditya\.stmcufinder\plugins\mcufinder
2026-05-09 20:14:15,184 [INFO] DbMcusAds:125 - Set database path to: C:\Users\Aditya\.stmcufinder\plugins\mcufinder//mcu/
2026-05-09 20:14:15,184 [WARN] DbFile:41 - Overriding database path with different value: C:\Users\Aditya\.stmcufinder\plugins\mcufinder/ => C:\Users\Aditya\.stmcufinder\plugins\mcufinder
2026-05-09 20:14:15,184 [WARN] DbFile:41 - Overriding database path with different value: C:\Users\Aditya\.stmcufinder\plugins\mcufinder/ => C:\Users\Aditya\.stmcufinder\plugins\mcufinder
2026-05-09 20:14:15,185 [INFO] CrossReferenceDbSqlite:203 - Set database path to: C:\Users\Aditya\.stmcufinder\plugins\mcufinder//mcu/cs/
2026-05-09 20:14:15,268 [INFO] MainPanel:264 - HeapMemory: 268435456
2026-05-09 20:14:15,347 [INFO] DbMcusXml:78 - Set database path to: C:\ST\STM32CubeIDE_1.15.0\STM32CubeIDE\plugins\com.st.stm32cube.common.mx_6.11.0.202403141607\\db\/mcu/
2026-05-09 20:14:15,347 [INFO] ApiDb:274 - Set plugin database path to: C:\ST\STM32CubeIDE_1.15.0\STM32CubeIDE\plugins\com.st.stm32cube.common.mx_6.11.0.202403141607\\db\/plugins/boardmanager/
2026-05-09 20:14:15,347 [INFO] ApiDb:261 - Set plugin images path to: C:\ST\STM32CubeIDE_1.15.0\STM32CubeIDE\plugins\com.st.stm32cube.common.mx_6.11.0.202403141607\\db\/plugins/mcufinder/images/
2026-05-09 20:14:15,347 [WARN] DbFile:41 - Overriding database path with different value: C:\Users\Aditya\.stmcufinder\plugins\mcufinder/ => C:\Users\Aditya\.stmcufinder\plugins\mcufinder
2026-05-09 20:14:15,347 [INFO] ApiDb:250 - Set database path to: C:\Users\Aditya\.stmcufinder\plugins\mcufinder//mcu/
2026-05-09 20:14:15,347 [WARN] DbFile:41 - Overriding database path with different value: C:\Users\Aditya\.stmcufinder\plugins\mcufinder/ => C:\Users\Aditya\.stmcufinder\plugins\mcufinder
2026-05-09 20:14:15,347 [INFO] DbMcusAds:125 - Set database path to: C:\Users\Aditya\.stmcufinder\plugins\mcufinder//mcu/
2026-05-09 20:14:15,347 [WARN] DbFile:41 - Overriding database path with different value: C:\Users\Aditya\.stmcufinder\plugins\mcufinder/ => C:\Users\Aditya\.stmcufinder\plugins\mcufinder
2026-05-09 20:14:15,347 [WARN] DbFile:41 - Overriding database path with different value: C:\Users\Aditya\.stmcufinder\plugins\mcufinder/ => C:\Users\Aditya\.stmcufinder\plugins\mcufinder
2026-05-09 20:14:15,347 [INFO] CrossReferenceDbSqlite:203 - Set database path to: C:\Users\Aditya\.stmcufinder\plugins\mcufinder//mcu/cs/
2026-05-09 20:14:15,364 [INFO] ApplicationProperties:184 - Using Application install path: C:\ST\STM32CubeIDE_1.15.0\STM32CubeIDE\plugins\com.st.stm32cube.common.mx_6.11.0.202403141607
2026-05-09 20:14:15,365 [INFO] PluginManage:196 - Search for loadable plugins [exclusion list=, ]
2026-05-09 20:14:15,367 [INFO] PluginManage:310 - Check plugin analytics
2026-05-09 20:14:15,602 [INFO] AnalyticsPlugin:253 - Accepted Software Licenses: 
2026-05-09 20:14:15,602 [INFO] AnalyticsPlugin:255 - Accepted CMSIS Pack Licenses: 
2026-05-09 20:14:15,602 [INFO] AnalyticsPlugin:257 - Accepted Firmware Licenses: 
2026-05-09 20:14:15,607 [INFO] PluginManage:359 - Loaded plugin analytics (category:tool,tabindex:-1)
2026-05-09 20:14:15,607 [INFO] PluginManage:310 - Check plugin cadmodel
2026-05-09 20:14:15,624 [INFO] CADModel:105 - Init CAD model plugin
2026-05-09 20:14:15,625 [INFO] PluginManage:359 - Loaded plugin cadmodel (category:power,tabindex:5)
2026-05-09 20:14:15,625 [INFO] PluginManage:310 - Check plugin clock
2026-05-09 20:14:15,643 [INFO] PluginManage:359 - Loaded plugin clock (category:base,tabindex:2)
2026-05-09 20:14:15,643 [INFO] PluginManage:310 - Check plugin ddr
2026-05-09 20:14:15,646 [INFO] PluginManage:359 - Loaded plugin ddr (category:tool,tabindex:6)
2026-05-09 20:14:15,646 [INFO] PluginManage:310 - Check plugin filemanager
2026-05-09 20:14:15,776 [INFO] PluginManage:359 - Loaded plugin filemanager (category:base,tabindex:10)
2026-05-09 20:14:15,776 [INFO] PluginManage:310 - Check plugin ipmanager
2026-05-09 20:14:15,782 [INFO] PluginManage:359 - Loaded plugin ipmanager (category:base,tabindex:5)
2026-05-09 20:14:15,782 [INFO] PluginManage:310 - Check plugin lpbam
2026-05-09 20:14:15,796 [INFO] PluginManage:359 - Loaded plugin lpbam (category:base,tabindex:0)
2026-05-09 20:14:15,796 [INFO] PluginManage:310 - Check plugin memorymap
2026-05-09 20:14:15,818 [INFO] PluginManage:359 - Loaded plugin memorymap (category:base,tabindex:4)
2026-05-09 20:14:15,818 [INFO] PluginManage:310 - Check plugin pinoutandconfiguration
2026-05-09 20:14:15,832 [INFO] PluginManage:359 - Loaded plugin pinoutandconfiguration (category:base,tabindex:1)
2026-05-09 20:14:15,832 [INFO] PluginManage:310 - Check plugin pinoutconfig
2026-05-09 20:14:15,951 [WARN] SupportedApi:132 - Cannot load RTOS API schema: s4s-elt-must-match.1: The content of 'definitions' must match (annotation?, (simpleType | complexType)?, (unique | key | keyref)*)). A problem was found starting at: attribute.
2026-05-09 20:14:16,072 [INFO] PluginManage:359 - Loaded plugin pinoutconfig (category:base,tabindex:0)
2026-05-09 20:14:16,073 [INFO] PluginManage:310 - Check plugin power
2026-05-09 20:14:16,094 [INFO] PluginManage:359 - Loaded plugin power (category:power,tabindex:4)
2026-05-09 20:14:16,095 [INFO] PluginManage:310 - Check plugin projectmanager
2026-05-09 20:14:16,115 [INFO] PluginManage:359 - Loaded plugin projectmanager (category:projectmanager,tabindex:3)
2026-05-09 20:14:16,115 [INFO] PluginManage:310 - Check plugin thirdparty
2026-05-09 20:14:16,423 [INFO] PluginManage:359 - Loaded plugin thirdparty (category:base,tabindex:-1)
2026-05-09 20:14:16,424 [INFO] PluginManage:310 - Check plugin tools
2026-05-09 20:14:16,424 [WARN] IntegrityCheckThread:84 - waiting for thirdparty lock release [integrity check]
2026-05-09 20:14:16,425 [INFO] IntegrityCheckThread:86 - entering critical section [integrity check]
2026-05-09 20:14:16,428 [INFO] ThirdPartyUpdaterWithRetryManager:70 - Updater plugin not ready yet. [1/15]
2026-05-09 20:14:16,456 [INFO] PluginManage:359 - Loaded plugin tools (category:base,tabindex:7)
2026-05-09 20:14:16,456 [INFO] PluginManage:310 - Check plugin tutovideos
2026-05-09 20:14:16,604 [INFO] PluginManage:359 - Loaded plugin tutovideos (category:base,tabindex:-1)
2026-05-09 20:14:16,604 [INFO] PluginManage:310 - Check plugin updater
2026-05-09 20:14:16,614 [INFO] PluginManage:359 - Loaded plugin updater (category:base,tabindex:12)
2026-05-09 20:14:16,614 [INFO] PluginManage:310 - Check plugin userauth
2026-05-09 20:14:16,618 [INFO] UserAuth:114 - Init User Auth plugin
2026-05-09 20:14:16,618 [INFO] PluginManage:359 - Loaded plugin userauth (category:base,tabindex:14)
2026-05-09 20:14:16,619 [INFO] PluginManage:283 - PluginManage : Loaded plugins [17]
2026-05-09 20:14:16,809 [INFO] PinOutPanel:1561 - setPackage(No Configuration,No Configuration)
2026-05-09 20:14:16,867 [INFO] CADModel:165 - CPN selected for project level
2026-05-09 20:14:16,867 [INFO] CADModel:114 - Register for checkConnection events
2026-05-09 20:14:16,888 [INFO] IPUIPlugin:80 - create IPUIPlugin
2026-05-09 20:14:16,888 [INFO] PluginManager:220 - loadIPPluginJar : add adc
2026-05-09 20:14:16,919 [INFO] IPUIPlugin:80 - create IPUIPlugin
2026-05-09 20:14:16,920 [INFO] PluginManager:220 - loadIPPluginJar : add aes
2026-05-09 20:14:16,957 [INFO] IPUIPlugin:80 - create IPUIPlugin
2026-05-09 20:14:16,958 [INFO] PluginManager:220 - loadIPPluginJar : add can
2026-05-09 20:14:16,982 [INFO] IPUIPlugin:80 - create IPUIPlugin
2026-05-09 20:14:16,982 [INFO] PluginManager:220 - loadIPPluginJar : add comp
2026-05-09 20:14:17,012 [INFO] IPUIPlugin:80 - create IPUIPlugin
2026-05-09 20:14:17,012 [INFO] PluginManager:220 - loadIPPluginJar : add cryp
2026-05-09 20:14:17,041 [INFO] IPUIPlugin:80 - create IPUIPlugin
2026-05-09 20:14:17,041 [INFO] PluginManager:220 - loadIPPluginJar : add dfsdm
2026-05-09 20:14:17,065 [INFO] IPUIPlugin:80 - create IPUIPlugin
2026-05-09 20:14:17,066 [INFO] PluginManager:220 - loadIPPluginJar : add dma
2026-05-09 20:14:17,124 [INFO] IPUIPlugin:80 - create IPUIPlugin
2026-05-09 20:14:17,124 [INFO] PluginManager:220 - loadIPPluginJar : add dma3
2026-05-09 20:14:17,172 [INFO] IPUIPlugin:80 - create IPUIPlugin
2026-05-09 20:14:17,172 [INFO] PluginManager:220 - loadIPPluginJar : add extmemmanager
2026-05-09 20:14:17,201 [INFO] IPUIPlugin:80 - create IPUIPlugin
2026-05-09 20:14:17,201 [INFO] PluginManager:220 - loadIPPluginJar : add fatfs
2026-05-09 20:14:17,263 [INFO] IPUIPlugin:80 - create IPUIPlugin
2026-05-09 20:14:17,263 [INFO] PluginManager:220 - loadIPPluginJar : add fmc
2026-05-09 20:14:17,275 [INFO] IPUIPlugin:80 - create IPUIPlugin
2026-05-09 20:14:17,276 [INFO] PluginManager:220 - loadIPPluginJar : add freertos
2026-05-09 20:14:17,295 [INFO] IPUIPlugin:80 - create IPUIPlugin
2026-05-09 20:14:17,295 [INFO] PluginManager:220 - loadIPPluginJar : add genericplugin
2026-05-09 20:14:17,377 [INFO] IPUIPlugin:80 - create IPUIPlugin
2026-05-09 20:14:17,377 [INFO] PluginManager:220 - loadIPPluginJar : add gfxmmu
2026-05-09 20:14:17,493 [INFO] IPUIPlugin:80 - create IPUIPlugin
2026-05-09 20:14:17,493 [INFO] PluginManager:220 - loadIPPluginJar : add gic
2026-05-09 20:14:17,503 [INFO] IPUIPlugin:80 - create IPUIPlugin
2026-05-09 20:14:17,503 [INFO] PluginManager:220 - loadIPPluginJar : add gpio
2026-05-09 20:14:17,584 [INFO] IPUIPlugin:80 - create IPUIPlugin
2026-05-09 20:14:17,584 [INFO] PluginManager:220 - loadIPPluginJar : add gtzc
2026-05-09 20:14:17,616 [INFO] IPUIPlugin:80 - create IPUIPlugin
2026-05-09 20:14:17,616 [INFO] PluginManager:220 - loadIPPluginJar : add hash
2026-05-09 20:14:17,663 [INFO] IPUIPlugin:80 - create IPUIPlugin
2026-05-09 20:14:17,663 [INFO] PluginManager:220 - loadIPPluginJar : add i2c
2026-05-09 20:14:17,700 [INFO] IPUIPlugin:80 - create IPUIPlugin
2026-05-09 20:14:17,700 [INFO] PluginManager:220 - loadIPPluginJar : add i2s
2026-05-09 20:14:17,738 [INFO] IPUIPlugin:80 - create IPUIPlugin
2026-05-09 20:14:17,738 [INFO] PluginManager:220 - loadIPPluginJar : add i3c
2026-05-09 20:14:17,826 [INFO] IPUIPlugin:80 - create IPUIPlugin
2026-05-09 20:14:17,827 [INFO] PluginManager:220 - loadIPPluginJar : add ipddr
2026-05-09 20:14:17,913 [INFO] IPUIPlugin:80 - create IPUIPlugin
2026-05-09 20:14:17,913 [INFO] PluginManager:220 - loadIPPluginJar : add linkedlist
2026-05-09 20:14:17,946 [INFO] IPUIPlugin:80 - create IPUIPlugin
2026-05-09 20:14:17,947 [INFO] PluginManager:220 - loadIPPluginJar : add lorawan
2026-05-09 20:14:17,983 [INFO] IPUIPlugin:80 - create IPUIPlugin
2026-05-09 20:14:17,983 [INFO] PluginManager:220 - loadIPPluginJar : add ltdc
2026-05-09 20:14:17,997 [INFO] IPUIPlugin:80 - create IPUIPlugin
2026-05-09 20:14:17,997 [INFO] PluginManager:220 - loadIPPluginJar : add mdma
2026-05-09 20:14:18,008 [INFO] IPUIPlugin:80 - create IPUIPlugin
2026-05-09 20:14:18,008 [INFO] PluginManager:220 - loadIPPluginJar : add nvic
2026-05-09 20:14:18,043 [INFO] IPUIPlugin:80 - create IPUIPlugin
2026-05-09 20:14:18,043 [INFO] PluginManager:220 - loadIPPluginJar : add opamp
2026-05-09 20:14:18,102 [INFO] IPUIPlugin:80 - create IPUIPlugin
2026-05-09 20:14:18,102 [INFO] PluginManager:220 - loadIPPluginJar : add openamp
2026-05-09 20:14:18,143 [INFO] IPUIPlugin:80 - create IPUIPlugin
2026-05-09 20:14:18,143 [INFO] PluginManager:220 - loadIPPluginJar : add pdm2pcm
2026-05-09 20:14:18,155 [INFO] IPUIPlugin:80 - create IPUIPlugin
2026-05-09 20:14:18,157 [INFO] PluginManager:220 - loadIPPluginJar : add plateformsettings
2026-05-09 20:14:18,178 [INFO] IPUIPlugin:80 - create IPUIPlugin
2026-05-09 20:14:18,178 [INFO] PluginManager:220 - loadIPPluginJar : add quadspi
2026-05-09 20:14:18,188 [INFO] IPUIPlugin:80 - create IPUIPlugin
2026-05-09 20:14:18,188 [INFO] PluginManager:220 - loadIPPluginJar : add resmgrutility
2026-05-09 20:14:18,240 [INFO] IPUIPlugin:80 - create IPUIPlugin
2026-05-09 20:14:18,240 [INFO] PluginManager:220 - loadIPPluginJar : add sai
2026-05-09 20:14:18,288 [INFO] IPUIPlugin:80 - create IPUIPlugin
2026-05-09 20:14:18,288 [INFO] PluginManager:220 - loadIPPluginJar : add spi
2026-05-09 20:14:18,367 [INFO] IPUIPlugin:80 - create IPUIPlugin
2026-05-09 20:14:18,367 [INFO] PluginManager:220 - loadIPPluginJar : add stm32_wpan
2026-05-09 20:14:18,391 [INFO] IPUIPlugin:80 - create IPUIPlugin
2026-05-09 20:14:18,391 [INFO] PluginManager:220 - loadIPPluginJar : add tim
2026-05-09 20:14:18,470 [INFO] IPUIPlugin:80 - create IPUIPlugin
2026-05-09 20:14:18,470 [INFO] PluginManager:220 - loadIPPluginJar : add touchsensing
2026-05-09 20:14:18,495 [INFO] IPUIPlugin:80 - create IPUIPlugin
2026-05-09 20:14:18,495 [INFO] PluginManager:220 - loadIPPluginJar : add tracer_emb
2026-05-09 20:14:18,526 [INFO] IPUIPlugin:80 - create IPUIPlugin
2026-05-09 20:14:18,527 [INFO] PluginManager:220 - loadIPPluginJar : add ts
2026-05-09 20:14:18,563 [INFO] IPUIPlugin:80 - create IPUIPlugin
2026-05-09 20:14:18,563 [INFO] PluginManager:220 - loadIPPluginJar : add tsc
2026-05-09 20:14:18,595 [INFO] IPUIPlugin:80 - create IPUIPlugin
2026-05-09 20:14:18,595 [INFO] PluginManager:220 - loadIPPluginJar : add ucpd
2026-05-09 20:14:18,650 [INFO] IPUIPlugin:80 - create IPUIPlugin
2026-05-09 20:14:18,650 [INFO] PluginManager:220 - loadIPPluginJar : add usart
2026-05-09 20:14:18,698 [INFO] IPUIPlugin:80 - create IPUIPlugin
2026-05-09 20:14:18,698 [INFO] PluginManager:220 - loadIPPluginJar : add usbx
2026-05-09 20:14:18,834 [INFO] CADModel:165 - CPN selected for project level
2026-05-09 20:14:18,834 [INFO] CADModel:114 - Register for checkConnection events
2026-05-09 20:14:18,834 [FATAL] Updater:308 - Updater called before beeing initialized
2026-05-09 20:14:18,834 [ERROR] CADModel:125 - Updater not yet initialized, retry later 
2026-05-09 20:14:19,055 [INFO] CADModel:165 - CPN selected for project level
2026-05-09 20:14:19,055 [INFO] CADModel:114 - Register for checkConnection events
2026-05-09 20:14:19,055 [FATAL] Updater:308 - Updater called before beeing initialized
2026-05-09 20:14:19,055 [ERROR] CADModel:125 - Updater not yet initialized, retry later 
2026-05-09 20:14:19,059 [FATAL] Updater:308 - Updater called before beeing initialized
2026-05-09 20:14:19,181 [FATAL] Updater:308 - Updater called before beeing initialized
2026-05-09 20:14:19,185 [INFO] DbMcusAds:53 - JSON generation date=Mon Apr 27 13:44:29 IST 2026 (1777277669577)
2026-05-09 20:14:19,185 [FATAL] Updater:308 - Updater called before beeing initialized
2026-05-09 20:14:19,225 [WARN] DetailPanel:346 - Failed to get advertising image, set to default
2026-05-09 20:14:19,305 [FATAL] Updater:308 - Updater called before beeing initialized
2026-05-09 20:14:19,307 [FATAL] Updater:308 - Updater called before beeing initialized
2026-05-09 20:14:19,307 [FATAL] Updater:308 - Updater called before beeing initialized
2026-05-09 20:14:19,307 [WARN] DetailPanel:346 - Failed to get advertising image, set to default
2026-05-09 20:14:19,308 [FATAL] Updater:308 - Updater called before beeing initialized
2026-05-09 20:14:19,383 [ERROR] Updater:1120 - MainUpdater not yet initialized. External WinMGr cannot be set.
2026-05-09 20:14:19,398 [INFO] Updater:1056 - Updater Version found : 6.11.0
2026-05-09 20:14:19,417 [INFO] ApplicationProperties:184 - Using Application install path: C:\ST\STM32CubeIDE_1.15.0\STM32CubeIDE\plugins\com.st.stm32cube.common.mx_6.11.0.202403141607
2026-05-09 20:14:19,429 [INFO] ThirdPartyUpdaterWithRetryManager:70 - Updater plugin not ready yet. [2/15]
2026-05-09 20:14:20,018 [INFO] McuFinderGlobals:63 - Set McuFinder mode to 2 (CubeIDE integrated)
2026-05-09 20:14:20,997 [ERROR] LogOutputStream:75 - [STDERR_REDIRECT] May 09, 2026 8:14:20 PM java.util.prefs.WindowsPreferences <init>
2026-05-09 20:14:20,999 [ERROR] LogOutputStream:75 - [STDERR_REDIRECT] WARNING: Could not open/create prefs root node Software\JavaSoft\Prefs at root 0xffffffff80000002. Windows RegCreateKeyEx(...) returned error code 5.
2026-05-09 20:14:20,999 [ERROR] LogOutputStream:75 - [STDERR_REDIRECT] 
2026-05-09 20:14:21,527 [INFO] MainUpdater:2873 - connection check result : 10
2026-05-09 20:14:21,528 [INFO] MainUpdater:290 - Updater Check For Update Now.
2026-05-09 20:14:21,528 [INFO] MicroXplorer:498 - Change Database Version : DB.6.0.110
2026-05-09 20:14:21,548 [INFO] McuFinderGlobals:63 - Set McuFinder mode to 2 (CubeIDE integrated)
2026-05-09 20:14:21,567 [INFO] UserAuth:415 - Internet connection configuration mode: 1
2026-05-09 20:14:21,606 [INFO] JxBrowserEngine:152 - Initiate JxBrowser Engine with user profile folder
2026-05-09 20:14:21,777 [INFO] CheckServerUpdateThread:120 - End of CheckServer Thread
2026-05-09 20:14:21,778 [INFO] MainUpdater:2873 - connection check result : 10
2026-05-09 20:14:21,792 [INFO] McuFinderGlobals:76 - Set McuFinderConnectedMode to true
2026-05-09 20:14:21,985 [INFO] ServerAccessManage:473 - Download File mcusAds.json._tmp_
2026-05-09 20:14:22,096 [INFO] LoadUrlFilesThread:156 - End of LoadUrlFiles Thread
2026-05-09 20:14:22,281 [INFO] ServerAccessManage:473 - Download File cube-finder-db.zip
2026-05-09 20:14:22,429 [WARN] MainUpdater:1194 - Updater busy. Cannot search thirdparties
2026-05-09 20:14:22,429 [INFO] ThirdPartyUpdaterWithRetryManager:96 - Updater plugin is busy. [1/15]
2026-05-09 20:14:23,984 [INFO] WebApp:161 - Instantiating new browser for Auth
2026-05-09 20:14:24,644 [INFO] WebApp:779 - Register for checkConnection events
2026-05-09 20:14:24,644 [INFO] WebApp:414 - Apply proxy settings
2026-05-09 20:14:24,645 [INFO] WebApp:499 - Chromium requires no authentication
2026-05-09 20:14:24,653 [INFO] WebApp:442 - Direct internet connection detected
2026-05-09 20:14:24,853 [INFO] WebApp:192 - Starting web application
2026-05-09 20:14:24,853 [INFO] WebApp:544 - Web application path used C:\ST\STM32CubeIDE_1.15.0\STM32CubeIDE\plugins\com.st.stm32cube.common.mx_6.11.0.202403141607\db\plugins\mcufinder\reactClient1\index.html
2026-05-09 20:14:25,431 [WARN] MainUpdater:1194 - Updater busy. Cannot search thirdparties
2026-05-09 20:14:25,431 [INFO] ThirdPartyUpdaterWithRetryManager:96 - Updater plugin is busy. [2/15]
2026-05-09 20:14:28,433 [WARN] MainUpdater:1194 - Updater busy. Cannot search thirdparties
2026-05-09 20:14:28,434 [INFO] ThirdPartyUpdaterWithRetryManager:96 - Updater plugin is busy. [3/15]
2026-05-09 20:14:31,435 [WARN] MainUpdater:1194 - Updater busy. Cannot search thirdparties
2026-05-09 20:14:31,435 [INFO] ThirdPartyUpdaterWithRetryManager:96 - Updater plugin is busy. [4/15]
2026-05-09 20:14:33,874 [INFO] FileExtend:240 - Unzip File : cube-finder-db.zip
2026-05-09 20:14:33,875 [INFO] FileExtend:255 - Standard Zip Deflate
2026-05-09 20:14:34,439 [WARN] MainUpdater:1194 - Updater busy. Cannot search thirdparties
2026-05-09 20:14:34,439 [INFO] ThirdPartyUpdaterWithRetryManager:96 - Updater plugin is busy. [5/15]
2026-05-09 20:14:34,920 [INFO] LoadUrlFilesThread:156 - End of LoadUrlFiles Thread
2026-05-09 20:14:35,887 [INFO] ServerAccessManage:473 - Download File crdb.zip
2026-05-09 20:14:36,761 [INFO] FileExtend:240 - Unzip File : crdb.zip
2026-05-09 20:14:36,762 [INFO] FileExtend:255 - Standard Zip Deflate
2026-05-09 20:14:36,920 [INFO] LoadUrlFilesThread:156 - End of LoadUrlFiles Thread
2026-05-09 20:14:37,068 [INFO] ServerAccessManage:473 - Download File tutoVideoDB.zip
2026-05-09 20:14:37,106 [INFO] FileExtend:240 - Unzip File : tutoVideoDB.zip
2026-05-09 20:14:37,106 [INFO] FileExtend:255 - Standard Zip Deflate
2026-05-09 20:14:37,233 [INFO] LoadUrlFilesThread:156 - End of LoadUrlFiles Thread
2026-05-09 20:14:37,236 [WARN] DbFile:41 - Overriding database path with different value: C:\Users\Aditya\.stmcufinder\plugins\mcufinder/ => C:\Users\Aditya\.stmcufinder\plugins\mcufinder
2026-05-09 20:14:37,441 [WARN] MainUpdater:1194 - Updater busy. Cannot search thirdparties
2026-05-09 20:14:37,441 [INFO] ThirdPartyUpdaterWithRetryManager:96 - Updater plugin is busy. [6/15]
2026-05-09 20:14:37,567 [ERROR] ServerAccessManage:1089 - Problem, file not found on Server
2026-05-09 20:14:37,569 [ERROR] ServerAccessManage:651 - Problem, file not found on Server : api_config.json.
2026-05-09 20:14:40,443 [WARN] MainUpdater:1194 - Updater busy. Cannot search thirdparties
2026-05-09 20:14:40,443 [INFO] ThirdPartyUpdaterWithRetryManager:96 - Updater plugin is busy. [7/15]
2026-05-09 20:14:43,229 [INFO] LoadUrlFilesThread:156 - End of LoadUrlFiles Thread
2026-05-09 20:14:43,809 [WARN] PackLoader:240 - Cannot read IP mode file for STMicroelectronics.X-CUBE-AZRTOS-H7.3.5.0
2026-05-09 20:14:43,836 [WARN] PackLoader:240 - Cannot read IP mode file for STMicroelectronics.FP-SNS-MOTENVWB1.1.4.0
2026-05-09 20:14:43,858 [WARN] PackLoader:240 - Cannot read IP mode file for STMicroelectronics.FP-ATR-ASTRA1.2.0.2
2026-05-09 20:14:43,884 [WARN] PackLoader:240 - Cannot read IP mode file for STMicroelectronics.X-CUBE-SMBUS.2.1.0
2026-05-09 20:14:43,898 [ERROR] Engine:466 - C:\Users\Aditya\.stm32cubemx\thirdparties\pdsc\STMicroelectronics.X-CUBE-ST60.1.0.0.pdsc: PDSC version is not supported
2026-05-09 20:14:43,913 [WARN] PackLoader:240 - Cannot read IP mode file for STMicroelectronics.X-CUBE-TOUCHGFX.4.23.2
2026-05-09 20:14:43,958 [WARN] PackLoader:240 - Cannot read IP mode file for STMicroelectronics.X-CUBE-AZRTOS-F7.1.1.0
2026-05-09 20:14:43,981 [ERROR] Engine:466 - C:\Users\Aditya\.stm32cubemx\thirdparties\pdsc\STMicroelectronics.FP-SNS-MOTENV1.5.1.0.pdsc: PDSC version is not supported
2026-05-09 20:14:43,995 [WARN] PackLoader:240 - Cannot read IP mode file for STMicroelectronics.FP-SNS-FLIGHT1.5.0.2
2026-05-09 20:14:44,034 [WARN] PackLoader:240 - Cannot read IP mode file for STMicroelectronics.X-CUBE-AZRTOS-H7.3.4.0
2026-05-09 20:14:44,067 [WARN] PackLoader:240 - Cannot read IP mode file for STMicroelectronics.X-CUBE-DISPLAY.3.0.0
2026-05-09 20:14:44,092 [WARN] PackLoader:240 - Cannot read IP mode file for STMicroelectronics.X-CUBE-GNSS1.7.1.1
2026-05-09 20:14:44,109 [ERROR] Engine:466 - C:\Users\Aditya\.stm32cubemx\thirdparties\pdsc\STMicroelectronics.FP-SNS-MOTENVWB1.1.5.0.pdsc: PDSC version is not supported
2026-05-09 20:14:44,125 [WARN] PackLoader:240 - Cannot read IP mode file for STMicroelectronics.X-CUBE-BLE1.7.0.0
2026-05-09 20:14:44,141 [WARN] PackLoader:240 - Cannot read IP mode file for STMicroelectronics.X-CUBE-NFC10.1.0.0
2026-05-09 20:14:44,160 [WARN] PackLoader:240 - Cannot read IP mode file for STMicroelectronics.X-CUBE-BLEMGR.4.0.0
2026-05-09 20:14:44,182 [ERROR] Engine:466 - C:\Users\Aditya\.stm32cubemx\thirdparties\pdsc\STMicroelectronics.X-CUBE-ST60.1.1.0.pdsc: PDSC version is not supported
2026-05-09 20:14:44,201 [WARN] PackLoader:240 - Cannot read IP mode file for emotas.I-CUBE-CANOPEN.1.3.0
2026-05-09 20:14:44,216 [WARN] PackLoader:240 - Cannot read IP mode file for STMicroelectronics.X-CUBE-GNSS1.7.1.0
2026-05-09 20:14:44,232 [WARN] ConditionMgr:438 - getConditionDescription Invalid condition id : Cortex-A Device cause : null
2026-05-09 20:14:44,256 [WARN] ConditionMgr:1039 - genDependencies : Invalid condition id : Cortex-A Device cause : null
2026-05-09 20:14:44,256 [WARN] ConditionMgr:1039 - genDependencies : Invalid condition id : Cortex-A Device cause : null
2026-05-09 20:14:44,256 [WARN] ConditionMgr:1039 - genDependencies : Invalid condition id : Cortex-A Device cause : null
2026-05-09 20:14:44,273 [WARN] PackLoader:240 - Cannot read IP mode file for STMicroelectronics.X-CUBE-BLEMGR.3.1.0
2026-05-09 20:14:44,289 [WARN] PackLoader:240 - Cannot read IP mode file for STMicroelectronics.X-CUBE-AI.10.0.0
2026-05-09 20:14:44,304 [ERROR] Engine:466 - C:\Users\Aditya\.stm32cubemx\thirdparties\pdsc\STMicroelectronics.FP-SNS-STBOX1.2.1.0.pdsc: PDSC version is not supported
2026-05-09 20:14:44,321 [WARN] PackLoader:240 - Cannot read IP mode file for STMicroelectronics.FP-SNS-SMARTAG2.1.2.0
2026-05-09 20:14:44,333 [ERROR] Engine:466 - C:\Users\Aditya\.stm32cubemx\thirdparties\pdsc\STMicroelectronics.FP-SNS-FLIGHT1.5.1.0.pdsc: PDSC version is not supported
2026-05-09 20:14:44,353 [INFO] LogOutputStream:77 - [STDOUT_REDIRECT] 1 : Invalid condition id : UX_CORESTACK_Condition cause : null
2026-05-09 20:14:44,355 [INFO] LogOutputStream:77 - [STDOUT_REDIRECT] 1 : Invalid condition id : UX_CORESTACK_Condition cause : null
2026-05-09 20:14:44,356 [INFO] LogOutputStream:77 - [STDOUT_REDIRECT] 1 : Invalid condition id : UX_CORESTACK_Condition cause : null
2026-05-09 20:14:44,357 [INFO] LogOutputStream:77 - [STDOUT_REDIRECT] 1 : Invalid condition id : UX_CORESTACK_Condition cause : null
2026-05-09 20:14:44,357 [INFO] LogOutputStream:77 - [STDOUT_REDIRECT] 1 : Invalid condition id : UX_CORESTACK_Condition cause : null
2026-05-09 20:14:44,359 [WARN] PackLoader:240 - Cannot read IP mode file for STMicroelectronics.X-CUBE-AZRTOS-WL.2.0.0
2026-05-09 20:14:44,375 [WARN] PackLoader:240 - Cannot read IP mode file for STMicroelectronics.FP-SNS-MOTENV1.5.0.0
2026-05-09 20:14:44,408 [WARN] PackLoader:240 - Cannot read IP mode file for STMicroelectronics.X-CUBE-AZRTOS-H7RS.1.2.0
2026-05-09 20:14:44,427 [WARN] PackLoader:240 - Cannot read IP mode file for wolfSSL.I-CUBE-wolfMQTT.1.19.0
2026-05-09 20:14:44,449 [WARN] PackLoader:240 - Cannot read IP mode file for WES.I-CUBE-Cesium.1.3.0
2026-05-09 20:14:44,465 [WARN] PackLoader:240 - Cannot read IP mode file for STMicroelectronics.X-CUBE-BLE2.3.3.0
2026-05-09 20:14:44,498 [ERROR] Engine:466 - C:\Users\Aditya\.stm32cubemx\thirdparties\pdsc\Avnet-IOTCONNECT.X-CUBE-iotc-st67-sdk.1.0.0.pdsc: PDSC version is not supported
2026-05-09 20:14:44,513 [WARN] PackLoader:240 - Cannot read IP mode file for STMicroelectronics.X-CUBE-NFC9.1.0.0
2026-05-09 20:14:44,526 [WARN] PackLoader:240 - Cannot read IP mode file for STMicroelectronics.X-CUBE-BLE1.7.1.0
2026-05-09 20:14:44,544 [WARN] PackLoader:240 - Cannot read IP mode file for STMicroelectronics.X-CUBE-TCPP.4.1.0
2026-05-09 20:14:44,559 [ERROR] Engine:466 - C:\Users\Aditya\.stm32cubemx\thirdparties\pdsc\STMicroelectronics.X-CUBE-FREERTOS.1.4.0.pdsc: PDSC version is not supported
2026-05-09 20:14:44,576 [WARN] PackLoader:240 - Cannot read IP mode file for STMicroelectronics.X-CUBE-EEPRMA1.5.2.0
2026-05-09 20:14:44,592 [ERROR] Engine:466 - C:\Users\Aditya\.stm32cubemx\thirdparties\pdsc\STMicroelectronics.X-CUBE-ST67W61.1.1.0.pdsc: PDSC version is not supported
2026-05-09 20:14:44,609 [WARN] PackLoader:240 - Cannot read IP mode file for STMicroelectronics.X-CUBE-AI.10.1.0
2026-05-09 20:14:44,627 [ERROR] Engine:466 - C:\Users\Aditya\.stm32cubemx\thirdparties\pdsc\STMicroelectronics.FP-SNS-STAIOTCFT.1.1.0.pdsc: PDSC version is not supported
2026-05-09 20:14:44,694 [WARN] PackLoader:240 - Cannot read IP mode file for STMicroelectronics.X-CUBE-MEMS1.12.0.0
2026-05-09 20:14:44,771 [WARN] PackLoader:240 - Cannot read IP mode file for STMicroelectronics.X-CUBE-ALGOBUILD.1.3.0
2026-05-09 20:14:44,849 [WARN] PackLoader:240 - Cannot read IP mode file for STMicroelectronics.X-CUBE-MEMS1.11.2.0
2026-05-09 20:14:44,941 [WARN] PackLoader:240 - Cannot read IP mode file for STMicroelectronics.X-CUBE-AZRTOS-G0.1.1.0
2026-05-09 20:14:44,958 [WARN] PackLoader:240 - Cannot read IP mode file for STMicroelectronics.X-CUBE-SAFEA1.1.2.2
2026-05-09 20:14:44,973 [WARN] PackLoader:240 - Cannot read IP mode file for STMicroelectronics.X-CUBE-NFC4.3.0.0
2026-05-09 20:14:44,993 [WARN] PackLoader:240 - Cannot read IP mode file for EmbeddedOffice.I-CUBE-FS-RTOS.1.0.1
2026-05-09 20:14:44,993 [ERROR] ConditionMgr:805 - Attr not supported : Dmpu
2026-05-09 20:14:44,994 [ERROR] ConditionMgr:805 - Attr not supported : Dmpu
2026-05-09 20:14:44,994 [ERROR] ConditionMgr:805 - Attr not supported : Dmpu
2026-05-09 20:14:44,994 [ERROR] ConditionMgr:805 - Attr not supported : Dmpu
2026-05-09 20:14:44,994 [ERROR] ConditionMgr:805 - Attr not supported : Dmpu
2026-05-09 20:14:44,994 [ERROR] ConditionMgr:805 - Attr not supported : Dmpu
2026-05-09 20:14:44,994 [ERROR] ConditionMgr:805 - Attr not supported : Dmpu
2026-05-09 20:14:44,994 [ERROR] ConditionMgr:805 - Attr not supported : Dmpu
2026-05-09 20:14:44,994 [ERROR] ConditionMgr:805 - Attr not supported : Dmpu
2026-05-09 20:14:44,994 [ERROR] ConditionMgr:805 - Attr not supported : Dmpu
2026-05-09 20:14:44,994 [ERROR] ConditionMgr:805 - Attr not supported : Dmpu
2026-05-09 20:14:44,994 [ERROR] ConditionMgr:805 - Attr not supported : Dmpu
2026-05-09 20:14:44,994 [ERROR] ConditionMgr:805 - Attr not supported : Dmpu
2026-05-09 20:14:44,994 [ERROR] ConditionMgr:805 - Attr not supported : Dmpu
2026-05-09 20:14:44,994 [ERROR] ConditionMgr:805 - Attr not supported : Dmpu
2026-05-09 20:14:44,994 [ERROR] ConditionMgr:805 - Attr not supported : Dmpu
2026-05-09 20:14:44,994 [ERROR] ConditionMgr:805 - Attr not supported : Dmpu
2026-05-09 20:14:44,994 [ERROR] ConditionMgr:805 - Attr not supported : Dmpu
2026-05-09 20:14:44,994 [ERROR] ConditionMgr:805 - Attr not supported : Dmpu
2026-05-09 20:14:44,994 [ERROR] ConditionMgr:805 - Attr not supported : Dmpu
2026-05-09 20:14:44,994 [ERROR] ConditionMgr:805 - Attr not supported : Dmpu
2026-05-09 20:14:44,994 [ERROR] ConditionMgr:805 - Attr not supported : Dmpu
2026-05-09 20:14:44,994 [ERROR] ConditionMgr:805 - Attr not supported : Dmpu
2026-05-09 20:14:44,994 [ERROR] ConditionMgr:805 - Attr not supported : Dmpu
2026-05-09 20:14:44,994 [ERROR] ConditionMgr:805 - Attr not supported : Dmpu
2026-05-09 20:14:44,995 [ERROR] ConditionMgr:805 - Attr not supported : Dmpu
2026-05-09 20:14:44,995 [ERROR] ConditionMgr:805 - Attr not supported : Dmpu
2026-05-09 20:14:44,995 [ERROR] ConditionMgr:805 - Attr not supported : Dmpu
2026-05-09 20:14:44,995 [ERROR] ConditionMgr:805 - Attr not supported : Dmpu
2026-05-09 20:14:44,995 [ERROR] ConditionMgr:805 - Attr not supported : Dmpu
2026-05-09 20:14:44,995 [ERROR] ConditionMgr:805 - Attr not supported : Dmpu
2026-05-09 20:14:44,995 [ERROR] ConditionMgr:805 - Attr not supported : Dmpu
2026-05-09 20:14:44,995 [ERROR] ConditionMgr:805 - Attr not supported : Dmpu
2026-05-09 20:14:44,995 [ERROR] ConditionMgr:805 - Attr not supported : Dmpu
2026-05-09 20:14:44,995 [ERROR] ConditionMgr:805 - Attr not supported : Dmpu
2026-05-09 20:14:44,995 [ERROR] ConditionMgr:805 - Attr not supported : Dmpu
2026-05-09 20:14:44,995 [ERROR] ConditionMgr:805 - Attr not supported : Dmpu
2026-05-09 20:14:44,995 [ERROR] ConditionMgr:805 - Attr not supported : Dmpu
2026-05-09 20:14:44,995 [ERROR] ConditionMgr:805 - Attr not supported : Dmpu
2026-05-09 20:14:44,995 [ERROR] ConditionMgr:805 - Attr not supported : Dmpu
2026-05-09 20:14:44,995 [ERROR] ConditionMgr:805 - Attr not supported : Dmpu
2026-05-09 20:14:44,995 [ERROR] ConditionMgr:805 - Attr not supported : Dmpu
2026-05-09 20:14:44,995 [ERROR] ConditionMgr:805 - Attr not supported : Dmpu
2026-05-09 20:14:44,995 [ERROR] ConditionMgr:805 - Attr not supported : Dmpu
2026-05-09 20:14:44,995 [ERROR] ConditionMgr:805 - Attr not supported : Dmpu
2026-05-09 20:14:44,995 [ERROR] ConditionMgr:805 - Attr not supported : Dmpu
2026-05-09 20:14:44,995 [ERROR] ConditionMgr:805 - Attr not supported : Dmpu
2026-05-09 20:14:44,995 [ERROR] ConditionMgr:805 - Attr not supported : Dmpu
2026-05-09 20:14:44,995 [ERROR] ConditionMgr:805 - Attr not supported : Dmpu
2026-05-09 20:14:44,995 [ERROR] ConditionMgr:805 - Attr not supported : Dmpu
2026-05-09 20:14:44,995 [ERROR] ConditionMgr:805 - Attr not supported : Dmpu
2026-05-09 20:14:44,995 [ERROR] ConditionMgr:805 - Attr not supported : Dmpu
2026-05-09 20:14:44,995 [ERROR] ConditionMgr:805 - Attr not supported : Dmpu
2026-05-09 20:14:44,995 [ERROR] ConditionMgr:805 - Attr not supported : Dmpu
2026-05-09 20:14:44,996 [ERROR] ConditionMgr:805 - Attr not supported : Dmpu
2026-05-09 20:14:44,996 [ERROR] ConditionMgr:805 - Attr not supported : Dmpu
2026-05-09 20:14:44,996 [ERROR] ConditionMgr:805 - Attr not supported : Dmpu
2026-05-09 20:14:44,996 [ERROR] ConditionMgr:805 - Attr not supported : Dmpu
2026-05-09 20:14:44,996 [ERROR] ConditionMgr:805 - Attr not supported : Dmpu
2026-05-09 20:14:44,996 [ERROR] ConditionMgr:805 - Attr not supported : Dmpu
2026-05-09 20:14:44,996 [ERROR] ConditionMgr:805 - Attr not supported : Dmpu
2026-05-09 20:14:44,996 [ERROR] ConditionMgr:805 - Attr not supported : Dmpu
2026-05-09 20:14:44,996 [ERROR] ConditionMgr:805 - Attr not supported : Dmpu
2026-05-09 20:14:44,996 [ERROR] ConditionMgr:805 - Attr not supported : Dmpu
2026-05-09 20:14:45,011 [WARN] PackLoader:240 - Cannot read IP mode file for STMicroelectronics.X-CUBE-WB05N.2.0.0
2026-05-09 20:14:45,023 [ERROR] Engine:466 - C:\Users\Aditya\.stm32cubemx\thirdparties\pdsc\STMicroelectronics.X-CUBE-TCPP.4.2.0.pdsc: PDSC version is not supported
2026-05-09 20:14:45,037 [WARN] PackLoader:240 - Cannot read IP mode file for RealThread.X-CUBE-RT-Thread_Nano.4.1.1
2026-05-09 20:14:45,050 [WARN] PackLoader:240 - Cannot read IP mode file for wolfSSL.I-CUBE-wolfSSL.5.7.0
2026-05-09 20:14:45,062 [WARN] PackLoader:240 - Cannot read IP mode file for STMicroelectronics.FP-ATR-SIGFOX1.3.2.0
2026-05-09 20:14:45,076 [WARN] PackLoader:240 - Cannot read IP mode file for STMicroelectronics.X-CUBE-EEPRMA1.5.1.0
2026-05-09 20:14:45,089 [ERROR] Engine:466 - C:\Users\Aditya\.stm32cubemx\thirdparties\pdsc\STMicroelectronics.X-CUBE-FREERTOS.1.5.0.pdsc: PDSC version is not supported
2026-05-09 20:14:45,103 [WARN] PackLoader:240 - Cannot read IP mode file for ITTIA_DB.I-CUBE-ITTIADB.8.9.0
2026-05-09 20:14:45,118 [WARN] PackLoader:240 - Cannot read IP mode file for STMicroelectronics.X-CUBE-NFC6.3.2.0
2026-05-09 20:14:45,134 [ERROR] Engine:466 - C:\Users\Aditya\.stm32cubemx\thirdparties\pdsc\STMicroelectronics.X-CUBE-ST67W61.1.0.0.pdsc: PDSC version is not supported
2026-05-09 20:14:45,148 [WARN] PackLoader:240 - Cannot read IP mode file for STMicroelectronics.X-CUBE-AI.10.2.0
2026-05-09 20:14:45,192 [WARN] PackLoader:240 - Cannot read IP mode file for STMicroelectronics.X-CUBE-MEMS1.12.1.0
2026-05-09 20:14:45,271 [WARN] PackLoader:240 - Cannot read IP mode file for SEGGER.I-CUBE-embOS.1.3.1
2026-05-09 20:14:45,308 [WARN] PackLoader:240 - Cannot read IP mode file for STMicroelectronics.X-CUBE-ALGOBUILD.1.4.0
2026-05-09 20:14:45,350 [WARN] PackLoader:240 - Cannot read IP mode file for STMicroelectronics.X-CUBE-MEMS1.11.3.0
2026-05-09 20:14:45,449 [WARN] PackLoader:240 - Cannot read IP mode file for STMicroelectronics.X-CUBE-PM33A1.1.0.0
2026-05-09 20:14:45,465 [WARN] PackLoader:240 - Cannot read IP mode file for STMicroelectronics.X-CUBE-GNSS1.6.0.0
2026-05-09 20:14:45,491 [WARN] PackLoader:240 - Cannot read IP mode file for STMicroelectronics.X-CUBE-AZRTOS-F4.1.1.0
2026-05-09 20:14:45,506 [ERROR] Engine:466 - C:\Users\Aditya\.stm32cubemx\thirdparties\pdsc\Avnet-IotConnect.X-CUBE-IoTC-DA16k-PMOD.1.0.0.pdsc: PDSC version is not supported
2026-05-09 20:14:45,519 [WARN] PackLoader:240 - Cannot read IP mode file for STMicroelectronics.X-CUBE-ISPU.2.1.0
2026-05-09 20:14:45,533 [ERROR] Engine:466 - C:\Users\Aditya\.stm32cubemx\thirdparties\pdsc\STMicroelectronics.X-CUBE-IPS.3.2.0.pdsc: PDSC version is not supported
2026-05-09 20:14:45,545 [ERROR] Engine:466 - C:\Users\Aditya\.stm32cubemx\thirdparties\pdsc\STMicroelectronics.eDS-WB_DPC_TT-BIDIR.2.1.1.pdsc: PDSC version is not supported
2026-05-09 20:14:45,558 [WARN] PackLoader:240 - Cannot read IP mode file for STMicroelectronics.X-CUBE-FREERTOS.1.2.0
2026-05-09 20:14:45,574 [WARN] PackLoader:240 - Cannot read IP mode file for STMicroelectronics.X-CUBE-NFC12.1.0.0
2026-05-09 20:14:45,599 [WARN] PackLoader:240 - Cannot read IP mode file for STMicroelectronics.X-CUBE-AZRTOS-L5.2.0.0
2026-05-09 20:14:45,616 [WARN] PackLoader:240 - Cannot read IP mode file for STMicroelectronics.X-CUBE-NFC6.3.1.0
2026-05-09 20:14:45,632 [WARN] PackLoader:240 - Cannot read IP mode file for STMicroelectronics.X-CUBE-DPower.1.2.0
2026-05-09 20:14:45,644 [ERROR] Engine:466 - C:\Users\Aditya\.stm32cubemx\thirdparties\pdsc\STMicroelectronics.eDS-WB_DPC_VIENNA.1.2.0.pdsc: PDSC version is not supported
2026-05-09 20:14:45,657 [WARN] PackLoader:240 - Cannot read IP mode file for STMicroelectronics.X-CUBE-AI.9.0.0
2026-05-09 20:14:45,671 [ERROR] Engine:466 - C:\Users\Aditya\.stm32cubemx\thirdparties\pdsc\STMicroelectronics.X-CUBE-ST67W61.1.3.0.pdsc: PDSC version is not supported
2026-05-09 20:14:45,685 [WARN] PackLoader:240 - Cannot read IP mode file for STMicroelectronics.X-CUBE-FREERTOS.1.3.1
2026-05-09 20:14:45,698 [WARN] PackLoader:240 - Cannot read IP mode file for STMicroelectronics.X-CUBE-NFC7.1.0.1
2026-05-09 20:14:45,714 [WARN] PackLoader:240 - Cannot read IP mode file for wolfSSL.I-CUBE-wolfTPM.3.2.0
2026-05-09 20:14:45,743 [WARN] PackLoader:240 - Cannot read IP mode file for STMicroelectronics.X-CUBE-TOUCHGFX.4.26.0
2026-05-09 20:14:45,760 [WARN] PackLoader:240 - Cannot read IP mode file for STMicroelectronics.X-CUBE-TOUCHGFX.4.26.1
2026-05-09 20:14:45,780 [ERROR] Engine:466 - C:\Users\Aditya\.stm32cubemx\thirdparties\pdsc\STMicroelectronics.FP-SNS-STAIOTCFT.1.0.0.pdsc: PDSC version is not supported
2026-05-09 20:14:45,798 [WARN] PackLoader:240 - Cannot read IP mode file for STMicroelectronics.X-CUBE-DPower.1.3.0
2026-05-09 20:14:45,833 [WARN] ConditionMgr:438 - getConditionDescription Invalid condition id : LAN8742 Phy interface Condition cause : null
2026-05-09 20:14:45,834 [WARN] PackLoader:240 - Cannot read IP mode file for STMicroelectronics.X-CUBE-AZRTOS-L4.2.0.0
2026-05-09 20:14:45,834 [WARN] ConditionMgr:1039 - genDependencies : Invalid condition id : LAN8742 Phy interface Condition cause : null
2026-05-09 20:14:45,834 [WARN] ConditionMgr:1039 - genDependencies : Invalid condition id : LAN8742 Phy interface Condition cause : null
2026-05-09 20:14:45,835 [WARN] ConditionMgr:1039 - genDependencies : Invalid condition id : LAN8742 Phy interface Condition cause : null
2026-05-09 20:14:45,908 [WARN] PackLoader:240 - Cannot read IP mode file for STMicroelectronics.X-CUBE-SFXS2LP1.4.0.0
2026-05-09 20:14:45,990 [WARN] PackLoader:240 - Cannot read IP mode file for STMicroelectronics.X-CUBE-WB05N.2.1.0
2026-05-09 20:14:46,005 [ERROR] Engine:466 - C:\Users\Aditya\.stm32cubemx\thirdparties\pdsc\STMicroelectronics.X-CUBE-ST67W61.1.2.0.pdsc: PDSC version is not supported
2026-05-09 20:14:46,033 [WARN] PackLoader:240 - Cannot read IP mode file for STMicroelectronics.X-CUBE-AZRTOS-H7.3.3.0
2026-05-09 20:14:46,047 [ERROR] Engine:466 - C:\Users\Aditya\.stm32cubemx\thirdparties\pdsc\STMicroelectronics.X-CUBE-BLEMGR.4.1.0.pdsc: PDSC version is not supported
2026-05-09 20:14:46,105 [WARN] ConditionMgr:438 - getConditionDescription Invalid condition id : UX DEVICE CLASS RTOS Condition cause : null
2026-05-09 20:14:46,105 [WARN] ConditionMgr:438 - getConditionDescription Invalid condition id : UX DEVICE CLASS RTOS Condition cause : null
2026-05-09 20:14:46,106 [WARN] PackLoader:240 - Cannot read IP mode file for STMicroelectronics.X-CUBE-AZRTOS-WB.2.0.0
2026-05-09 20:14:46,107 [WARN] ConditionMgr:1039 - genDependencies : Invalid condition id : UX DEVICE CLASS RTOS Condition cause : null
2026-05-09 20:14:46,107 [WARN] ConditionMgr:1039 - genDependencies : Invalid condition id : UX DEVICE CLASS RTOS Condition cause : null
2026-05-09 20:14:46,107 [WARN] ConditionMgr:1039 - genDependencies : Invalid condition id : UX DEVICE CLASS RTOS Condition cause : null
2026-05-09 20:14:46,108 [WARN] ConditionMgr:1039 - genDependencies : Invalid condition id : UX DEVICE CLASS RTOS Condition cause : null
2026-05-09 20:14:46,108 [WARN] ConditionMgr:1039 - genDependencies : Invalid condition id : UX DEVICE CLASS RTOS Condition cause : null
2026-05-09 20:14:46,130 [WARN] PackLoader:240 - Cannot read IP mode file for STMicroelectronics.X-CUBE-GNSS1.7.0.1
2026-05-09 20:14:46,150 [WARN] PackLoader:240 - Cannot read IP mode file for STMicroelectronics.X-CUBE-TOUCHGFX.4.25.0
2026-05-09 20:14:46,172 [WARN] PackLoader:240 - Cannot read IP mode file for STMicroelectronics.FP-SNS-STBOX1.2.0.0
2026-05-09 20:14:46,190 [WARN] PackLoader:240 - Cannot read IP mode file for STMicroelectronics.X-CUBE-STSE01.2.0.0
2026-05-09 20:14:46,207 [WARN] PackLoader:240 - Cannot read IP mode file for STMicroelectronics.X-CUBE-SUBG2.5.0.0
2026-05-09 20:14:46,257 [WARN] PackLoader:240 - Cannot read IP mode file for STMicroelectronics.X-CUBE-AZRTOS-H7RS.1.1.0
2026-05-09 20:14:46,274 [WARN] PackLoader:240 - Cannot read IP mode file for Cesanta.I-CUBE-Mongoose.7.13.0
2026-05-09 20:14:46,298 [WARN] PackLoader:240 - Cannot read IP mode file for STMicroelectronics.X-CUBE-AZRTOS-G4.2.0.0
2026-05-09 20:14:46,330 [WARN] PackLoader:240 - Cannot read IP mode file for STMicroelectronics.X-CUBE-NFC7.2.0.0
2026-05-09 20:14:46,346 [WARN] PackLoader:240 - Cannot read IP mode file for STMicroelectronics.X-CUBE-ISPU.2.0.0
2026-05-09 20:14:46,360 [ERROR] Engine:466 - C:\Users\Aditya\.stm32cubemx\thirdparties\pdsc\STMicroelectronics.X-CUBE-IPS.3.1.0.pdsc: PDSC version is not supported
2026-05-09 20:14:46,374 [WARN] PackLoader:240 - Cannot read IP mode file for STMicroelectronics.X-CUBE-ALS.1.0.2
2026-05-09 20:14:46,407 [WARN] PackLoader:240 - Cannot read IP mode file for STMicroelectronics.X-CUBE-MEMS1.10.0.0
2026-05-09 20:14:46,485 [WARN] PackLoader:240 - Cannot read IP mode file for STMicroelectronics.X-CUBE-FREERTOS.1.1.0
2026-05-09 20:14:46,505 [WARN] PackLoader:240 - Cannot read IP mode file for STMicroelectronics.X-CUBE-TOUCHGFX.4.24.0
2026-05-09 20:14:46,510 [INFO] DbMcusAds:53 - JSON generation date=Mon Apr 27 13:44:29 IST 2026 (1777277669577)
2026-05-09 20:14:46,573 [WARN] PackLoader:240 - Cannot read IP mode file for STMicroelectronics.X-CUBE-STSE01.1.0.0
2026-05-09 20:14:46,642 [WARN] PackLoader:240 - Cannot read IP mode file for portGmbH.I-Cube-SoM-uGOAL.1.1.0
2026-05-09 20:14:46,707 [WARN] PackLoader:240 - Cannot read IP mode file for STMicroelectronics.X-CUBE-ALS.1.0.1
2026-05-09 20:14:46,752 [ERROR] TargetSelectorAdapter:267 - Unable to refresh data
2026-05-09 20:14:47,102 [WARN] PackLoader:240 - Cannot read IP mode file for STMicroelectronics.X-CUBE-AZRTOS-H7RS.1.0.0
2026-05-09 20:14:47,403 [WARN] PackLoader:240 - Cannot read IP mode file for STMicroelectronics.FP-ATR-ASTRA1.2.0.0
2026-05-09 20:14:47,619 [WARN] PackLoader:240 - Cannot read IP mode file for STMicroelectronics.X-CUBE-TOF1.3.4.2
2026-05-09 20:14:47,800 [ERROR] Engine:466 - C:\Users\Aditya\.stm32cubemx\thirdparties\pdsc\STMicroelectronics.X-CUBE-TOF1.3.4.3.pdsc: PDSC version is not supported
2026-05-09 20:14:47,877 [WARN] PackLoader:240 - Cannot read IP mode file for STMicroelectronics.X-CUBE-TOF1.3.4.1
2026-05-09 20:14:48,378 [WARN] PackLoader:240 - Cannot read IP mode file for STMicroelectronics.X-CUBE-AZRTOS-H7.3.2.0
2026-05-09 20:14:49,002 [WARN] PackLoader:240 - Cannot read IP mode file for Infineon.AIROC-Wi-Fi-Bluetooth-STM32.1.6.0
2026-05-09 20:14:49,225 [WARN] PackLoader:240 - Cannot read IP mode file for wolfSSL.I-CUBE-wolfSSH.1.4.17
2026-05-09 20:14:49,236 [INFO] ThirdParty:978 - Integrity check success = true
2026-05-09 20:14:49,237 [INFO] IntegrityCheckThread:100 - exiting critical section [integrity check]
2026-05-09 20:14:49,237 [INFO] IntegrityCheckThread:103 - End integrity checks thread
2026-05-09 20:14:51,473 [INFO] ApiDb:581 - Connected to CubeFinder SQLite database (C:\Users\Aditya\.stmcufinder\plugins\mcufinder\mcu\cube-finder-db.db)
2026-05-09 20:14:51,863 [INFO] ApiDb:668 - CubeFinder database Data Model version=2.1
2026-05-09 20:14:51,864 [INFO] ApiDb:669 - CubeFinder database Configuration version=3.0.42
2026-05-09 20:14:51,865 [INFO] ApiDb:670 - CubeFinder database generation date=2026-05-06 (1778060171)
2026-05-09 20:14:51,865 [INFO] ApiDb:671 - CubeFinder database FW Pack versions=[FP-ATR-ASTRA1_V2.0.0, FP-SNS-FLIGHT1_V5.1.0, FP-SNS-MOTENV1_V5.1.0, FP-SNS-MOTENVWB1_V1.5.0, FP-SNS-SMARTAG2_V1.2.0, FP-SNS-STBOX1_V2.1.0, STM32Cube_FW_C0_V1.4.0, STM32Cube_FW_F4_V1.28.3, STM32Cube_FW_F7_V1.17.4, STM32Cube_FW_G0_V1.6.3, STM32Cube_FW_G4_V1.6.2, STM32Cube_FW_H5_V1.6.0, STM32Cube_FW_H7RS_V1.3.0, STM32Cube_FW_H7_V1.13.0, STM32Cube_FW_L0_V1.12.2, STM32Cube_FW_L4_V1.18.2, STM32Cube_FW_L5_V1.6.0, STM32Cube_FW_N6_V1.3.0, STM32Cube_FW_U0_V1.3.0, STM32Cube_FW_U3_V1.3.0, STM32Cube_FW_U5_V1.8.0, STM32Cube_FW_WB0_V1.4.0, STM32Cube_FW_WBA_V1.9.0, STM32Cube_FW_WB_V1.24.0, STM32Cube_FW_WL3_V1.4.0, STM32Cube_FW_WL_V1.5.0, X-CUBE-ALGOBUILD_V1.4.0, X-CUBE-ALS_V1.0.2, X-CUBE-AZRTOS-F4_V1.1.0, X-CUBE-AZRTOS-F7_V1.1.0, X-CUBE-AZRTOS-G0_V1.1.0, X-CUBE-AZRTOS-G4_V2.0.0, X-CUBE-AZRTOS-H7RS_V1.1.0, X-CUBE-AZRTOS-H7_V3.5.0, X-CUBE-AZRTOS-L4_V2.0.0, X-CUBE-AZRTOS-L5_V2.0.0, X-CUBE-AZRTOS-WB_V2.0.0, X-CUBE-AZRTOS-WL_V2.0.0, X-CUBE-BLE1_V7.1.0, X-CUBE-BLE2_V3.3.0, X-CUBE-BLEMGR_V4.1.0, X-CUBE-EEPRMA1_V5.2.0, X-CUBE-FREERTOS_V1.5.0, X-CUBE-GNSS1_V6.0.0, X-CUBE-MEMS1_V12.0.0, X-CUBE-NFC4_V3.0.0, X-CUBE-NFC7_V2.0.0, X-CUBE-SFXS2LP1_V4.0.0, X-CUBE-ST67W61_V1.2.0, X-CUBE-SUBG2_V5.0.0, X-CUBE-TOF1_V3.4.3]
2026-05-09 20:14:52,173 [INFO] DbBoardsSqlite:226 - include board P-NUCLEO-WB55-NUCLEO as a kit item of type 'Nucleo-64'
2026-05-09 20:14:52,174 [INFO] DbBoardsSqlite:226 - include board P-NUCLEO-WB55-USBDONGLE as a kit item of type 'Nucleo USB Dongle'
2026-05-09 20:14:52,175 [INFO] DbBoardsSqlite:226 - include board STEVAL-IDP005V1 as a kit item of type 'Evaluation Board'
2026-05-09 20:14:52,176 [INFO] DbBoardsSqlite:226 - include board STEVAL-IDP005V2 as a kit item of type 'Evaluation Board'
2026-05-09 20:14:52,719 [INFO] ApiDb:240 - Found 483 in-development CPN: [B-G473E-ZEST1S, B-WB1M-WPAN1, B-WL5M-SUBG1, NUCLEO-C031C6, NUCLEO-H503RB, NUCLEO-H533RE, NUCLEO-H563ZI, NUCLEO-H7S3L8, NUCLEO-U031R8, NUCLEO-U083RC, NUCLEO-U545RE-Q, NUCLEO-U5A5ZJ-Q, NUCLEO-WBA52CG, NUCLEO-WBA55CG, STEVAL-PROTEUS1, STEVAL-SMARTAG2, STEVAL-STWINBX1, STM320518-EVAL, STM32C0116-DK, STM32C011D6Y3TR, STM32C011D6Y6TR, STM32C011F4P3, STM32C011F4P6, STM32C011F4U3, STM32C011F4U6TR, STM32C011F6P3, STM32C011F6P6, STM32C011F6U3, STM32C011F6U6TR, STM32C011J4M3, STM32C011J4M6, STM32C011J6M3, STM32C011J6M6, STM32C0316-DK, STM32C031C4T3, STM32C031C4T6, STM32C031C4U3, STM32C031C4U6, STM32C031C6T3, STM32C031C6T6, STM32C031C6U3, STM32C031C6U6, STM32C031F4P3, STM32C031F4P6, STM32C031F6P3, STM32C031F6P6, STM32C031G4U3, STM32C031G4U6, STM32C031G6U3, STM32C031G6U6, STM32C031K4T3, STM32C031K4T6, STM32C031K4U3, STM32C031K4U6, STM32C031K6T3, STM32C031K6T6, STM32C031K6U3, STM32C031K6U6, STM32G071K8TXN, STM32G071K8UXN, STM32G081GBU6N, STM32G081KBT6N, STM32G081KBUXN, STM32G0B1CCT6N, STM32G0B1KCT6, STM32G0B1NEY6TR, STM32G0B1RCT6N, STM32G0C1CCT6, STM32G0C1CCT6N, STM32G0C1CCU6N, STM32G0C1CET6N, STM32G0C1CEU6N, STM32G0C1KCT6, STM32G0C1NEY6TR, STM32G0C1RCI6N, STM32G0C1RCT6N, STM32G0C1REI6N, STM32G0C1RET6N, STM32G0C1VCI6, STM32G0C1VEI6, STM32G471CCT6, STM32G471CCU6, STM32G471CET3, STM32G471CET6, STM32G471CEU3, STM32G471CEU6, STM32G471MCT6, STM32G471MET3, STM32G471MET6, STM32G471MEY6TR, STM32G471QCT6, STM32G471QET3, STM32G471RCT6, STM32G471RET3, STM32G471RET6, STM32G471VCH6, STM32G471VCI6, STM32G471VCT6, STM32G471VEH3, STM32G471VEH6, STM32G471VEI3, STM32G471VEI6, STM32G471VET3, STM32G471VET6, STM32G474CCT6, STM32H503CBT6, STM32H503CBU6, STM32H503EBY6TR, STM32H503KBU6, STM32H503RBT6, STM32H523CCT6, STM32H523CCU6, STM32H523CET6, STM32H523CEU6, STM32H523HEY6TR, STM32H523RCT6, STM32H523RET6, STM32H523VCI6, STM32H523VCT6, STM32H523VEI6, STM32H523VET6, STM32H523ZCJ6, STM32H523ZCT6, STM32H523ZEJ6, STM32H523ZET6, STM32H533CET6, STM32H533CEU6, STM32H533HEY6TR, STM32H533RET6, STM32H533VEI6, STM32H533VET6, STM32H533ZEJ6, STM32H533ZET6, STM32H562AGI6, STM32H562AII6, STM32H562IGK6, STM32H562IGT6, STM32H562IIK6, STM32H562IIT6, STM32H562RGT6, STM32H562RGV6, STM32H562RIT6, STM32H562RIV6, STM32H562VGT6, STM32H562VIT6, STM32H562ZGT6, STM32H562ZIT6, STM32H563AGI6, STM32H563AII3Q, STM32H563AII6, STM32H563IGK6, STM32H563IGT6, STM32H563IIK3Q, STM32H563IIK6, STM32H563IIT3Q, STM32H563IIT6, STM32H563MIY3QTR, STM32H563RGT6, STM32H563RGV6, STM32H563RIT6, STM32H563RIV6, STM32H563VGT6, STM32H563VIT3Q, STM32H563VIT6, STM32H563ZGT6, STM32H563ZIT3Q, STM32H563ZIT6, STM32H573AII3Q, STM32H573AII6, STM32H573I-DK, STM32H573IIK3Q, STM32H573IIK6, STM32H573IIT3Q, STM32H573IIT6, STM32H573MIY3QTR, STM32H573RIT6, STM32H573RIV6, STM32H573VIT3Q, STM32H573VIT6, STM32H573ZIT3Q, STM32H573ZIT6, STM32H7R3A8I6, STM32H7R3I8K6, STM32H7R3I8T6, STM32H7R3L8H6, STM32H7R3L8H6H, STM32H7R3R8V6, STM32H7R3V8H6, STM32H7R3V8T6, STM32H7R3V8Y6, STM32H7R3Z8J6, STM32H7R3Z8T6, STM32H7R7A8I6, STM32H7R7I8K6, STM32H7R7I8T6, STM32H7R7L8H6, STM32H7R7L8H6H, STM32H7R7Z8J6, STM32H7S3A8I6, STM32H7S3I8K6, STM32H7S3I8T6, STM32H7S3L8H6, STM32H7S3L8H6H, STM32H7S3R8V6, STM32H7S3V8H6, STM32H7S3V8T6, STM32H7S3V8Y6, STM32H7S3Z8J6, STM32H7S3Z8T6, STM32H7S78-DK, STM32H7S7A8I6, STM32H7S7I8K6, STM32H7S7I8T6, STM32H7S7L8H6, STM32H7S7L8H6H, STM32H7S7Z8J6, STM32L4R5QGI6STR, STM32MP131AAE3, STM32MP131AAF3, STM32MP131AAG3, STM32MP131CAE3, STM32MP131CAF3, STM32MP131CAG3, STM32MP131DAE7, STM32MP131DAF7, STM32MP131DAG7, STM32MP131FAE7, STM32MP131FAF7, STM32MP131FAG7, STM32MP133AAE3, STM32MP133AAF3, STM32MP133AAG3, STM32MP133CAE3, STM32MP133CAF3, STM32MP133CAG3, STM32MP133DAE7, STM32MP133DAF7, STM32MP133DAG7, STM32MP133FAE7, STM32MP133FAF7, STM32MP133FAG7, STM32MP135AAE3, STM32MP135AAF3, STM32MP135AAG3, STM32MP135CAE3, STM32MP135CAF3, STM32MP135CAG3, STM32MP135DAE7, STM32MP135DAF7, STM32MP135DAG7, STM32MP135F-DK, STM32MP135FAE7, STM32MP135FAF7, STM32MP135FAF7T, STM32MP135FAF7U, STM32MP135FAG7, STM32U031C6T6, STM32U031C6U6, STM32U031C8T6, STM32U031C8U6, STM32U031F4P6, STM32U031F6P6, STM32U031F8P6, STM32U031G6Y6TR, STM32U031G8Y6TR, STM32U031K4U6, STM32U031K6U6, STM32U031K8U6, STM32U031R6I6, STM32U031R6T6, STM32U031R8I6, STM32U031R8T6, STM32U073C8T6, STM32U073C8U6, STM32U073CBT6, STM32U073CBU6, STM32U073CCT6, STM32U073CCU6, STM32U073H8Y6TR, STM32U073HBY6TR, STM32U073HCY6TR, STM32U073K8U6, STM32U073KBU6, STM32U073KCU6, STM32U073M8I6, STM32U073M8T6, STM32U073MBI6, STM32U073MBT6, STM32U073MCI6, STM32U073MCT6, STM32U073R8I6, STM32U073R8T6, STM32U073RBI6, STM32U073RBT6, STM32U073RCI6, STM32U073RCT6, STM32U083C-DK, STM32U083CCT6, STM32U083CCU6, STM32U083HCY6TR, STM32U083KCU6, STM32U083MCI6, STM32U083MCT6, STM32U083RCI6, STM32U083RCT6, STM32U535CBT6, STM32U535CBT6Q, STM32U535CBU6, STM32U535CBU6Q, STM32U535CCT6, STM32U535CCT6Q, STM32U535CCU6, STM32U535CCU6Q, STM32U535CET6, STM32U535CET6Q, STM32U535CEU6, STM32U535CEU6Q, STM32U535JEY6QTR, STM32U535NCY6QTR, STM32U535NEY6QTR, STM32U535RBI6, STM32U535RBI6Q, STM32U535RBT6, STM32U535RBT6Q, STM32U535RCI6, STM32U535RCI6Q, STM32U535RCT6, STM32U535RCT6Q, STM32U535REI6, STM32U535REI6Q, STM32U535RET6, STM32U535RET6Q, STM32U535VCI6, STM32U535VCI6Q, STM32U535VCT6, STM32U535VCT6Q, STM32U535VEI6, STM32U535VEI6Q, STM32U535VET6, STM32U535VET6Q, STM32U545CET6, STM32U545CET6Q, STM32U545CEU6, STM32U545CEU6Q, STM32U545JEY6QTR, STM32U545NEY6QTR, STM32U545REI6, STM32U545REI6Q, STM32U545RET6, STM32U545RET6Q, STM32U545VEI6, STM32U545VEI6Q, STM32U545VET6, STM32U545VET6Q, STM32U595AIH6, STM32U595AIH6Q, STM32U595AJH6, STM32U595AJH6Q, STM32U595QII6, STM32U595QII6Q, STM32U595QJI6, STM32U595QJI6Q, STM32U595RIT6, STM32U595RIT6Q, STM32U595RJT6, STM32U595RJT6Q, STM32U595VIT6, STM32U595VIT6Q, STM32U595VJT6, STM32U595VJT6Q, STM32U595ZIT6, STM32U595ZIT6Q, STM32U595ZIY6QTR, STM32U595ZJT6, STM32U595ZJT6Q, STM32U595ZJY6QTR, STM32U599BJY6QTR, STM32U599NIH6Q, STM32U599NJH6Q, STM32U599VIT6Q, STM32U599VJT6, STM32U599VJT6Q, STM32U599ZIT6Q, STM32U599ZIY6QTR, STM32U599ZJT6Q, STM32U599ZJY6QTR, STM32U5A5AJH6, STM32U5A5AJH6Q, STM32U5A5QII3Q , STM32U5A5QJI6, STM32U5A5QJI6Q, STM32U5A5RJT6, STM32U5A5RJT6Q, STM32U5A5VJT6, STM32U5A5VJT6Q, STM32U5A5ZJT6, STM32U5A5ZJT6Q, STM32U5A5ZJY6QTR, STM32U5A9BJY6QTR, STM32U5A9J-DK, STM32U5A9NJH6Q, STM32U5A9VJT6Q, STM32U5A9ZJT6Q, STM32U5A9ZJY6QTR, STM32U5F7VIT6, STM32U5F7VIT6Q, STM32U5F7VJT6, STM32U5F7VJT6Q, STM32U5F9BJY6QTR, STM32U5F9NJH6Q, STM32U5F9VIT6Q, STM32U5F9VJT6Q, STM32U5F9ZIJ6QTR, STM32U5F9ZIT6Q, STM32U5F9ZJJ6QTR, STM32U5F9ZJT6Q, STM32U5G7VJT6, STM32U5G7VJT6Q, STM32U5G9BJY6QTR, STM32U5G9J-DK1, STM32U5G9J-DK2, STM32U5G9NJH6Q, STM32U5G9VJT6Q, STM32U5G9ZJJ6QTR, STM32U5G9ZJT6Q, STM32WB1MMCH6, STM32WBA50KEU6, STM32WBA50KEU6TR, STM32WBA50KGU6, STM32WBA50KGU6TR, STM32WBA52CEU6, STM32WBA52CEU6TR, STM32WBA52CEU7, STM32WBA52CEU7TR, STM32WBA52CGU6, STM32WBA52CGU6TR, STM32WBA52CGU6U, STM32WBA52CGU7, STM32WBA52CGU7TR, STM32WBA52KEU6, STM32WBA52KEU6TR, STM32WBA52KGU6, STM32WBA52KGU6TR, STM32WBA54CEU6, STM32WBA54CEU6TR, STM32WBA54CEU7, STM32WBA54CEU7TR, STM32WBA54CGU6, STM32WBA54CGU6TR, STM32WBA54CGU7, STM32WBA54CGU7TR, STM32WBA54KEU6, STM32WBA54KEU6TR, STM32WBA54KEU7, STM32WBA54KEU7TR, STM32WBA54KGU6, STM32WBA54KGU6TR, STM32WBA54KGU7, STM32WBA54KGU7TR, STM32WBA55CEU6, STM32WBA55CEU6TR, STM32WBA55CEU7, STM32WBA55CEU7TR, STM32WBA55CGU6, STM32WBA55CGU6TR, STM32WBA55CGU6U, STM32WBA55CGU7, STM32WBA55CGU7TR, STM32WBA55G-DK1, STM32WBA55HEF6, STM32WBA55HEF7, STM32WBA55HGF6, STM32WBA55HGF7, STM32WBA55UEI6, STM32WBA55UEI6TR, STM32WBA55UEI7, STM32WBA55UEI7TR, STM32WBA55UGI6, STM32WBA55UGI6TR, STM32WBA55UGI7, STM32WBA55UGI7TR, STM32WL5MOCH6, STM32WL5MOCH6TR]
2026-05-09 20:14:52,732 [INFO] ApiDb:668 - CubeFinder database Data Model version=2.1
2026-05-09 20:14:52,732 [INFO] ApiDb:669 - CubeFinder database Configuration version=3.0.42
2026-05-09 20:14:52,733 [INFO] ApiDb:670 - CubeFinder database generation date=2026-05-06 (1778060171)
2026-05-09 20:14:52,733 [INFO] ApiDb:671 - CubeFinder database FW Pack versions=[FP-ATR-ASTRA1_V2.0.0, FP-SNS-FLIGHT1_V5.1.0, FP-SNS-MOTENV1_V5.1.0, FP-SNS-MOTENVWB1_V1.5.0, FP-SNS-SMARTAG2_V1.2.0, FP-SNS-STBOX1_V2.1.0, STM32Cube_FW_C0_V1.4.0, STM32Cube_FW_F4_V1.28.3, STM32Cube_FW_F7_V1.17.4, STM32Cube_FW_G0_V1.6.3, STM32Cube_FW_G4_V1.6.2, STM32Cube_FW_H5_V1.6.0, STM32Cube_FW_H7RS_V1.3.0, STM32Cube_FW_H7_V1.13.0, STM32Cube_FW_L0_V1.12.2, STM32Cube_FW_L4_V1.18.2, STM32Cube_FW_L5_V1.6.0, STM32Cube_FW_N6_V1.3.0, STM32Cube_FW_U0_V1.3.0, STM32Cube_FW_U3_V1.3.0, STM32Cube_FW_U5_V1.8.0, STM32Cube_FW_WB0_V1.4.0, STM32Cube_FW_WBA_V1.9.0, STM32Cube_FW_WB_V1.24.0, STM32Cube_FW_WL3_V1.4.0, STM32Cube_FW_WL_V1.5.0, X-CUBE-ALGOBUILD_V1.4.0, X-CUBE-ALS_V1.0.2, X-CUBE-AZRTOS-F4_V1.1.0, X-CUBE-AZRTOS-F7_V1.1.0, X-CUBE-AZRTOS-G0_V1.1.0, X-CUBE-AZRTOS-G4_V2.0.0, X-CUBE-AZRTOS-H7RS_V1.1.0, X-CUBE-AZRTOS-H7_V3.5.0, X-CUBE-AZRTOS-L4_V2.0.0, X-CUBE-AZRTOS-L5_V2.0.0, X-CUBE-AZRTOS-WB_V2.0.0, X-CUBE-AZRTOS-WL_V2.0.0, X-CUBE-BLE1_V7.1.0, X-CUBE-BLE2_V3.3.0, X-CUBE-BLEMGR_V4.1.0, X-CUBE-EEPRMA1_V5.2.0, X-CUBE-FREERTOS_V1.5.0, X-CUBE-GNSS1_V6.0.0, X-CUBE-MEMS1_V12.0.0, X-CUBE-NFC4_V3.0.0, X-CUBE-NFC7_V2.0.0, X-CUBE-SFXS2LP1_V4.0.0, X-CUBE-ST67W61_V1.2.0, X-CUBE-SUBG2_V5.0.0, X-CUBE-TOF1_V3.4.3]
2026-05-09 20:15:00,021 [INFO] ApiDb:240 - Found 483 in-development CPN: [B-G473E-ZEST1S, B-WB1M-WPAN1, B-WL5M-SUBG1, NUCLEO-C031C6, NUCLEO-H503RB, NUCLEO-H533RE, NUCLEO-H563ZI, NUCLEO-H7S3L8, NUCLEO-U031R8, NUCLEO-U083RC, NUCLEO-U545RE-Q, NUCLEO-U5A5ZJ-Q, NUCLEO-WBA52CG, NUCLEO-WBA55CG, STEVAL-PROTEUS1, STEVAL-SMARTAG2, STEVAL-STWINBX1, STM320518-EVAL, STM32C0116-DK, STM32C011D6Y3TR, STM32C011D6Y6TR, STM32C011F4P3, STM32C011F4P6, STM32C011F4U3, STM32C011F4U6TR, STM32C011F6P3, STM32C011F6P6, STM32C011F6U3, STM32C011F6U6TR, STM32C011J4M3, STM32C011J4M6, STM32C011J6M3, STM32C011J6M6, STM32C0316-DK, STM32C031C4T3, STM32C031C4T6, STM32C031C4U3, STM32C031C4U6, STM32C031C6T3, STM32C031C6T6, STM32C031C6U3, STM32C031C6U6, STM32C031F4P3, STM32C031F4P6, STM32C031F6P3, STM32C031F6P6, STM32C031G4U3, STM32C031G4U6, STM32C031G6U3, STM32C031G6U6, STM32C031K4T3, STM32C031K4T6, STM32C031K4U3, STM32C031K4U6, STM32C031K6T3, STM32C031K6T6, STM32C031K6U3, STM32C031K6U6, STM32G071K8TXN, STM32G071K8UXN, STM32G081GBU6N, STM32G081KBT6N, STM32G081KBUXN, STM32G0B1CCT6N, STM32G0B1KCT6, STM32G0B1NEY6TR, STM32G0B1RCT6N, STM32G0C1CCT6, STM32G0C1CCT6N, STM32G0C1CCU6N, STM32G0C1CET6N, STM32G0C1CEU6N, STM32G0C1KCT6, STM32G0C1NEY6TR, STM32G0C1RCI6N, STM32G0C1RCT6N, STM32G0C1REI6N, STM32G0C1RET6N, STM32G0C1VCI6, STM32G0C1VEI6, STM32G471CCT6, STM32G471CCU6, STM32G471CET3, STM32G471CET6, STM32G471CEU3, STM32G471CEU6, STM32G471MCT6, STM32G471MET3, STM32G471MET6, STM32G471MEY6TR, STM32G471QCT6, STM32G471QET3, STM32G471RCT6, STM32G471RET3, STM32G471RET6, STM32G471VCH6, STM32G471VCI6, STM32G471VCT6, STM32G471VEH3, STM32G471VEH6, STM32G471VEI3, STM32G471VEI6, STM32G471VET3, STM32G471VET6, STM32G474CCT6, STM32H503CBT6, STM32H503CBU6, STM32H503EBY6TR, STM32H503KBU6, STM32H503RBT6, STM32H523CCT6, STM32H523CCU6, STM32H523CET6, STM32H523CEU6, STM32H523HEY6TR, STM32H523RCT6, STM32H523RET6, STM32H523VCI6, STM32H523VCT6, STM32H523VEI6, STM32H523VET6, STM32H523ZCJ6, STM32H523ZCT6, STM32H523ZEJ6, STM32H523ZET6, STM32H533CET6, STM32H533CEU6, STM32H533HEY6TR, STM32H533RET6, STM32H533VEI6, STM32H533VET6, STM32H533ZEJ6, STM32H533ZET6, STM32H562AGI6, STM32H562AII6, STM32H562IGK6, STM32H562IGT6, STM32H562IIK6, STM32H562IIT6, STM32H562RGT6, STM32H562RGV6, STM32H562RIT6, STM32H562RIV6, STM32H562VGT6, STM32H562VIT6, STM32H562ZGT6, STM32H562ZIT6, STM32H563AGI6, STM32H563AII3Q, STM32H563AII6, STM32H563IGK6, STM32H563IGT6, STM32H563IIK3Q, STM32H563IIK6, STM32H563IIT3Q, STM32H563IIT6, STM32H563MIY3QTR, STM32H563RGT6, STM32H563RGV6, STM32H563RIT6, STM32H563RIV6, STM32H563VGT6, STM32H563VIT3Q, STM32H563VIT6, STM32H563ZGT6, STM32H563ZIT3Q, STM32H563ZIT6, STM32H573AII3Q, STM32H573AII6, STM32H573I-DK, STM32H573IIK3Q, STM32H573IIK6, STM32H573IIT3Q, STM32H573IIT6, STM32H573MIY3QTR, STM32H573RIT6, STM32H573RIV6, STM32H573VIT3Q, STM32H573VIT6, STM32H573ZIT3Q, STM32H573ZIT6, STM32H7R3A8I6, STM32H7R3I8K6, STM32H7R3I8T6, STM32H7R3L8H6, STM32H7R3L8H6H, STM32H7R3R8V6, STM32H7R3V8H6, STM32H7R3V8T6, STM32H7R3V8Y6, STM32H7R3Z8J6, STM32H7R3Z8T6, STM32H7R7A8I6, STM32H7R7I8K6, STM32H7R7I8T6, STM32H7R7L8H6, STM32H7R7L8H6H, STM32H7R7Z8J6, STM32H7S3A8I6, STM32H7S3I8K6, STM32H7S3I8T6, STM32H7S3L8H6, STM32H7S3L8H6H, STM32H7S3R8V6, STM32H7S3V8H6, STM32H7S3V8T6, STM32H7S3V8Y6, STM32H7S3Z8J6, STM32H7S3Z8T6, STM32H7S78-DK, STM32H7S7A8I6, STM32H7S7I8K6, STM32H7S7I8T6, STM32H7S7L8H6, STM32H7S7L8H6H, STM32H7S7Z8J6, STM32L4R5QGI6STR, STM32MP131AAE3, STM32MP131AAF3, STM32MP131AAG3, STM32MP131CAE3, STM32MP131CAF3, STM32MP131CAG3, STM32MP131DAE7, STM32MP131DAF7, STM32MP131DAG7, STM32MP131FAE7, STM32MP131FAF7, STM32MP131FAG7, STM32MP133AAE3, STM32MP133AAF3, STM32MP133AAG3, STM32MP133CAE3, STM32MP133CAF3, STM32MP133CAG3, STM32MP133DAE7, STM32MP133DAF7, STM32MP133DAG7, STM32MP133FAE7, STM32MP133FAF7, STM32MP133FAG7, STM32MP135AAE3, STM32MP135AAF3, STM32MP135AAG3, STM32MP135CAE3, STM32MP135CAF3, STM32MP135CAG3, STM32MP135DAE7, STM32MP135DAF7, STM32MP135DAG7, STM32MP135F-DK, STM32MP135FAE7, STM32MP135FAF7, STM32MP135FAF7T, STM32MP135FAF7U, STM32MP135FAG7, STM32U031C6T6, STM32U031C6U6, STM32U031C8T6, STM32U031C8U6, STM32U031F4P6, STM32U031F6P6, STM32U031F8P6, STM32U031G6Y6TR, STM32U031G8Y6TR, STM32U031K4U6, STM32U031K6U6, STM32U031K8U6, STM32U031R6I6, STM32U031R6T6, STM32U031R8I6, STM32U031R8T6, STM32U073C8T6, STM32U073C8U6, STM32U073CBT6, STM32U073CBU6, STM32U073CCT6, STM32U073CCU6, STM32U073H8Y6TR, STM32U073HBY6TR, STM32U073HCY6TR, STM32U073K8U6, STM32U073KBU6, STM32U073KCU6, STM32U073M8I6, STM32U073M8T6, STM32U073MBI6, STM32U073MBT6, STM32U073MCI6, STM32U073MCT6, STM32U073R8I6, STM32U073R8T6, STM32U073RBI6, STM32U073RBT6, STM32U073RCI6, STM32U073RCT6, STM32U083C-DK, STM32U083CCT6, STM32U083CCU6, STM32U083HCY6TR, STM32U083KCU6, STM32U083MCI6, STM32U083MCT6, STM32U083RCI6, STM32U083RCT6, STM32U535CBT6, STM32U535CBT6Q, STM32U535CBU6, STM32U535CBU6Q, STM32U535CCT6, STM32U535CCT6Q, STM32U535CCU6, STM32U535CCU6Q, STM32U535CET6, STM32U535CET6Q, STM32U535CEU6, STM32U535CEU6Q, STM32U535JEY6QTR, STM32U535NCY6QTR, STM32U535NEY6QTR, STM32U535RBI6, STM32U535RBI6Q, STM32U535RBT6, STM32U535RBT6Q, STM32U535RCI6, STM32U535RCI6Q, STM32U535RCT6, STM32U535RCT6Q, STM32U535REI6, STM32U535REI6Q, STM32U535RET6, STM32U535RET6Q, STM32U535VCI6, STM32U535VCI6Q, STM32U535VCT6, STM32U535VCT6Q, STM32U535VEI6, STM32U535VEI6Q, STM32U535VET6, STM32U535VET6Q, STM32U545CET6, STM32U545CET6Q, STM32U545CEU6, STM32U545CEU6Q, STM32U545JEY6QTR, STM32U545NEY6QTR, STM32U545REI6, STM32U545REI6Q, STM32U545RET6, STM32U545RET6Q, STM32U545VEI6, STM32U545VEI6Q, STM32U545VET6, STM32U545VET6Q, STM32U595AIH6, STM32U595AIH6Q, STM32U595AJH6, STM32U595AJH6Q, STM32U595QII6, STM32U595QII6Q, STM32U595QJI6, STM32U595QJI6Q, STM32U595RIT6, STM32U595RIT6Q, STM32U595RJT6, STM32U595RJT6Q, STM32U595VIT6, STM32U595VIT6Q, STM32U595VJT6, STM32U595VJT6Q, STM32U595ZIT6, STM32U595ZIT6Q, STM32U595ZIY6QTR, STM32U595ZJT6, STM32U595ZJT6Q, STM32U595ZJY6QTR, STM32U599BJY6QTR, STM32U599NIH6Q, STM32U599NJH6Q, STM32U599VIT6Q, STM32U599VJT6, STM32U599VJT6Q, STM32U599ZIT6Q, STM32U599ZIY6QTR, STM32U599ZJT6Q, STM32U599ZJY6QTR, STM32U5A5AJH6, STM32U5A5AJH6Q, STM32U5A5QII3Q , STM32U5A5QJI6, STM32U5A5QJI6Q, STM32U5A5RJT6, STM32U5A5RJT6Q, STM32U5A5VJT6, STM32U5A5VJT6Q, STM32U5A5ZJT6, STM32U5A5ZJT6Q, STM32U5A5ZJY6QTR, STM32U5A9BJY6QTR, STM32U5A9J-DK, STM32U5A9NJH6Q, STM32U5A9VJT6Q, STM32U5A9ZJT6Q, STM32U5A9ZJY6QTR, STM32U5F7VIT6, STM32U5F7VIT6Q, STM32U5F7VJT6, STM32U5F7VJT6Q, STM32U5F9BJY6QTR, STM32U5F9NJH6Q, STM32U5F9VIT6Q, STM32U5F9VJT6Q, STM32U5F9ZIJ6QTR, STM32U5F9ZIT6Q, STM32U5F9ZJJ6QTR, STM32U5F9ZJT6Q, STM32U5G7VJT6, STM32U5G7VJT6Q, STM32U5G9BJY6QTR, STM32U5G9J-DK1, STM32U5G9J-DK2, STM32U5G9NJH6Q, STM32U5G9VJT6Q, STM32U5G9ZJJ6QTR, STM32U5G9ZJT6Q, STM32WB1MMCH6, STM32WBA50KEU6, STM32WBA50KEU6TR, STM32WBA50KGU6, STM32WBA50KGU6TR, STM32WBA52CEU6, STM32WBA52CEU6TR, STM32WBA52CEU7, STM32WBA52CEU7TR, STM32WBA52CGU6, STM32WBA52CGU6TR, STM32WBA52CGU6U, STM32WBA52CGU7, STM32WBA52CGU7TR, STM32WBA52KEU6, STM32WBA52KEU6TR, STM32WBA52KGU6, STM32WBA52KGU6TR, STM32WBA54CEU6, STM32WBA54CEU6TR, STM32WBA54CEU7, STM32WBA54CEU7TR, STM32WBA54CGU6, STM32WBA54CGU6TR, STM32WBA54CGU7, STM32WBA54CGU7TR, STM32WBA54KEU6, STM32WBA54KEU6TR, STM32WBA54KEU7, STM32WBA54KEU7TR, STM32WBA54KGU6, STM32WBA54KGU6TR, STM32WBA54KGU7, STM32WBA54KGU7TR, STM32WBA55CEU6, STM32WBA55CEU6TR, STM32WBA55CEU7, STM32WBA55CEU7TR, STM32WBA55CGU6, STM32WBA55CGU6TR, STM32WBA55CGU6U, STM32WBA55CGU7, STM32WBA55CGU7TR, STM32WBA55G-DK1, STM32WBA55HEF6, STM32WBA55HEF7, STM32WBA55HGF6, STM32WBA55HGF7, STM32WBA55UEI6, STM32WBA55UEI6TR, STM32WBA55UEI7, STM32WBA55UEI7TR, STM32WBA55UGI6, STM32WBA55UGI6TR, STM32WBA55UGI7, STM32WBA55UGI7TR, STM32WL5MOCH6, STM32WL5MOCH6TR]
2026-05-09 20:15:00,026 [INFO] DbMcus:218 - Found 5076 MCUs, 4958 are supported
2026-05-09 20:15:00,027 [INFO] ApiDb:423 - Load user favorites file C:\Users\Aditya/.stm32cubeide/favorites.mcus.txt: 0 item(s)
2026-05-09 20:15:00,027 [INFO] ApiDb:427 - User favorites MCUs=[]
2026-05-09 20:15:00,027 [INFO] DbMcus:224 - Set 0 / 0 favorites MCUs
2026-05-09 20:15:00,351 [INFO] BoardInfo:889 - No configuration file found for board B-WBA5M-WPAN
2026-05-09 20:15:00,351 [INFO] DbBoards:161 - Board is not supported: B-WBA5M-WPAN
2026-05-09 20:15:00,354 [INFO] BoardInfo:889 - No configuration file found for board NUCLEO-C051C8
2026-05-09 20:15:00,355 [INFO] DbBoards:161 - Board is not supported: NUCLEO-C051C8
2026-05-09 20:15:00,356 [INFO] BoardInfo:889 - No configuration file found for board NUCLEO-C071RB
2026-05-09 20:15:00,356 [INFO] DbBoards:161 - Board is not supported: NUCLEO-C071RB
2026-05-09 20:15:00,357 [INFO] BoardInfo:889 - No configuration file found for board NUCLEO-C092RC
2026-05-09 20:15:00,357 [INFO] DbBoards:161 - Board is not supported: NUCLEO-C092RC
2026-05-09 20:15:00,394 [INFO] BoardInfo:889 - No configuration file found for board NUCLEO-H5E5ZJ
2026-05-09 20:15:00,395 [INFO] DbBoards:161 - Board is not supported: NUCLEO-H5E5ZJ
2026-05-09 20:15:00,419 [INFO] BoardInfo:889 - No configuration file found for board NUCLEO-N657X0-Q
2026-05-09 20:15:00,419 [INFO] DbBoards:161 - Board is not supported: NUCLEO-N657X0-Q
2026-05-09 20:15:00,422 [INFO] BoardInfo:889 - No configuration file found for board NUCLEO-U385RG-Q
2026-05-09 20:15:00,422 [INFO] DbBoards:161 - Board is not supported: NUCLEO-U385RG-Q
2026-05-09 20:15:00,423 [INFO] BoardInfo:889 - No configuration file found for board NUCLEO-U3C5ZI-Q
2026-05-09 20:15:00,423 [INFO] DbBoards:161 - Board is not supported: NUCLEO-U3C5ZI-Q
2026-05-09 20:15:00,426 [INFO] BoardInfo:889 - No configuration file found for board NUCLEO-WB05KZ
2026-05-09 20:15:00,426 [INFO] DbBoards:161 - Board is not supported: NUCLEO-WB05KZ
2026-05-09 20:15:00,427 [INFO] BoardInfo:889 - No configuration file found for board NUCLEO-WB07CC
2026-05-09 20:15:00,427 [INFO] DbBoards:161 - Board is not supported: NUCLEO-WB07CC
2026-05-09 20:15:00,428 [INFO] BoardInfo:889 - No configuration file found for board NUCLEO-WB09KE
2026-05-09 20:15:00,428 [INFO] DbBoards:161 - Board is not supported: NUCLEO-WB09KE
2026-05-09 20:15:00,431 [INFO] BoardInfo:889 - No configuration file found for board NUCLEO-WBA25CE1
2026-05-09 20:15:00,431 [INFO] DbBoards:161 - Board is not supported: NUCLEO-WBA25CE1
2026-05-09 20:15:00,433 [INFO] BoardInfo:889 - No configuration file found for board NUCLEO-WBA65RI
2026-05-09 20:15:00,434 [INFO] DbBoards:161 - Board is not supported: NUCLEO-WBA65RI
2026-05-09 20:15:00,434 [INFO] BoardInfo:889 - No configuration file found for board NUCLEO-WL33CC1
2026-05-09 20:15:00,435 [INFO] DbBoards:161 - Board is not supported: NUCLEO-WL33CC1
2026-05-09 20:15:00,435 [INFO] BoardInfo:889 - No configuration file found for board NUCLEO-WL33CC2
2026-05-09 20:15:00,436 [INFO] DbBoards:161 - Board is not supported: NUCLEO-WL33CC2
2026-05-09 20:15:00,436 [INFO] BoardInfo:889 - No configuration file found for board NUCLEO-WL3RKB1
2026-05-09 20:15:00,437 [INFO] DbBoards:161 - Board is not supported: NUCLEO-WL3RKB1
2026-05-09 20:15:00,437 [INFO] BoardInfo:889 - No configuration file found for board NUCLEO-WL3RKB2
2026-05-09 20:15:00,437 [INFO] DbBoards:161 - Board is not supported: NUCLEO-WL3RKB2
2026-05-09 20:15:00,441 [INFO] BoardInfo:889 - No configuration file found for board P-NUCLEO-WB55
2026-05-09 20:15:00,442 [INFO] DbBoards:161 - Kit is not supported: P-NUCLEO-WB55
2026-05-09 20:15:00,445 [INFO] BoardInfo:889 - No configuration file found for board STEVAL-BFA001V1B
2026-05-09 20:15:00,445 [INFO] DbBoards:161 - Kit is not supported: STEVAL-BFA001V1B
2026-05-09 20:15:00,446 [INFO] BoardInfo:889 - No configuration file found for board STEVAL-BFA001V2B
2026-05-09 20:15:00,446 [INFO] DbBoards:161 - Kit is not supported: STEVAL-BFA001V2B
2026-05-09 20:15:00,497 [INFO] BoardInfo:889 - No configuration file found for board STM32H5F5J-DK
2026-05-09 20:15:00,497 [INFO] DbBoards:161 - Board is not supported: STM32H5F5J-DK
2026-05-09 20:15:00,529 [INFO] BoardInfo:889 - No configuration file found for board STM32MP215F-DK
2026-05-09 20:15:00,530 [INFO] DbBoards:161 - Board is not supported: STM32MP215F-DK
2026-05-09 20:15:00,531 [INFO] BoardInfo:889 - No configuration file found for board STM32MP257F-DK
2026-05-09 20:15:00,531 [INFO] DbBoards:161 - Board is not supported: STM32MP257F-DK
2026-05-09 20:15:00,532 [INFO] BoardInfo:889 - No configuration file found for board STM32MP257F-EV1
2026-05-09 20:15:00,532 [INFO] DbBoards:161 - Board is not supported: STM32MP257F-EV1
2026-05-09 20:15:00,533 [INFO] BoardInfo:889 - No configuration file found for board STM32N6570-DK
2026-05-09 20:15:00,534 [INFO] DbBoards:161 - Board is not supported: STM32N6570-DK
2026-05-09 20:15:00,555 [INFO] BoardInfo:889 - No configuration file found for board STM32WBA65I-DK1
2026-05-09 20:15:00,556 [INFO] DbBoards:161 - Board is not supported: STM32WBA65I-DK1
2026-05-09 20:15:00,556 [INFO] DbBoards:168 - Found 218 boards, 192 are supported
2026-05-09 20:15:00,556 [INFO] DbBoards:169 - Found 218 boards, 8 of them is supported for  Bsp
2026-05-09 20:15:00,561 [INFO] ApiDb:423 - Load user favorites file C:\Users\Aditya/.stm32cubeide/favorites.boards.txt: 0 item(s)
2026-05-09 20:15:00,561 [INFO] ApiDb:427 - User favorites Boards=[]
2026-05-09 20:15:00,563 [INFO] DbBoards:198 - Set 0 / 0 favorites Boards
2026-05-09 20:15:00,564 [INFO] McuFinderGlobals:76 - Set McuFinderConnectedMode to true
2026-05-09 20:15:00,574 [INFO] MultiScanPanel:200 - Auto-refresh data requested => check proxy status ongoing
2026-05-09 20:15:00,577 [INFO] FinderPluginLoader:95 - Searching for filters in installed packs
2026-05-09 20:15:02,055 [INFO] LoadUrlFilesThread:185 - End of LoadServerUrlFiles without Thread
2026-05-09 20:15:02,070 [INFO] DetailPanel:341 - Set advertising image to C:/Users/Aditya/STM32Cube/Repository/\en.prom-stm32wba2-stm32-nucleo-board-0426.png
2026-05-09 20:15:11,647 [INFO] MultiScanPanel:200 - Auto-refresh data requested => check proxy status ongoing
2026-05-09 20:15:11,849 [INFO] LoadUrlFilesThread:185 - End of LoadServerUrlFiles without Thread
2026-05-09 20:15:11,850 [INFO] DetailPanel:341 - Set advertising image to C:/Users/Aditya/STM32Cube/Repository/\en.prom-stm32wba2-stm32-nucleo-board-0426.png
2026-05-09 20:15:11,875 [INFO] DbBoards:642 - Loading board mini-images...
2026-05-09 20:15:13,735 [INFO] DbBoards:665 - Loaded 218 board mini-images
2026-05-09 20:15:43,299 [INFO] BoardAction:75 - Docs & Resources
2026-05-09 20:15:50,063 [INFO] ServerAccessManage:473 - Download File DB2196.pdf
2026-05-09 20:15:52,148 [INFO] LoadUrlFilesThread:156 - End of LoadUrlFiles Thread
2026-05-09 20:15:52,257 [INFO] BoardAction:139 - Datasheet
2026-05-09 20:16:35,549 [INFO] MainUpdater:2873 - connection check result : 10
2026-05-09 20:16:35,549 [INFO] MainUpdater:2873 - connection check result : 10
2026-05-09 20:16:35,615 [INFO] MicroXplorer:468 - Change Database Path : 
2026-05-09 20:16:35,616 [INFO] MicroXplorer:498 - Change Database Version : DB.6.0.110
2026-05-09 20:16:35,619 [WARN] ThirdParty:871 - waiting for thirdparty lock release [close project]
2026-05-09 20:16:35,619 [INFO] ThirdParty:873 - entering critical section [close project]
2026-05-09 20:16:35,620 [INFO] ThirdParty:883 - exiting critical section [close project]
2026-05-09 20:16:35,621 [INFO] PinOutPanel:1561 - setPackage(No Configuration,No Configuration)
2026-05-09 20:16:35,624 [INFO] UtilMem:75 - Begin LoadConfig() Used Memory: 821385440 Bytes (1073741824)
2026-05-09 20:16:35,628 [INFO] OpenFileManager:312 - Change cursor
2026-05-09 20:16:35,683 [INFO] ProjectFactory:442 - No CPN specified for board NUCLEO-F446RE => set CPN to STM32F446RET6
2026-05-09 20:16:35,686 [INFO] Mcu:2021 - Initializing MCU STM32F446R(C-E)Tx STM32F446RETx STM32F446RET6
2026-05-09 20:16:40,033 [INFO] Context:663 - Trying to add GPIOservice into a context  which must be forbidden
2026-05-09 20:16:41,096 [INFO] Rule:228 - rule 117617 - U5Cobra4M][GTZC] default value MPCBB3 and MPCBB5 - Not Secured memory - MPCBB1 is applicable
2026-05-09 20:16:41,097 [INFO] Rule:228 - rule 117617 - U5Cobra4M][GTZC] default value MPCBB3 and MPCBB5 - Not Secured memory - MPCBB1 is applicable
2026-05-09 20:16:41,097 [INFO] Rule:228 - rule 117617 - U5Cobra4M][GTZC] default value MPCBB3 and MPCBB5 - Not Secured memory - MPCBB2 is applicable
2026-05-09 20:16:41,097 [INFO] Rule:228 - rule 117617 - U5Cobra4M][GTZC] default value MPCBB3 and MPCBB5 - Not Secured memory - MPCBB2 is applicable
2026-05-09 20:16:41,097 [INFO] Rule:228 - rule 117617 - U5Cobra4M][GTZC] default value MPCBB3 and MPCBB5 - Not Secured memory - MPCBB3 is applicable
2026-05-09 20:16:41,097 [INFO] Rule:228 - rule 117617 - U5Cobra4M][GTZC] default value MPCBB3 and MPCBB5 - Not Secured memory - MPCBB3 is applicable
2026-05-09 20:16:41,098 [INFO] Rule:228 - rule 117617 - U5Cobra4M][GTZC] default value MPCBB3 and MPCBB5 - Not Secured memory - MPCBB4 is applicable
2026-05-09 20:16:41,098 [INFO] Rule:228 - rule 117617 - U5Cobra4M][GTZC] default value MPCBB3 and MPCBB5 - Not Secured memory - MPCBB4 is applicable
2026-05-09 20:16:41,098 [INFO] Rule:228 - rule 117617 - U5Cobra4M][GTZC] default value MPCBB3 and MPCBB5 - Secured memory - MPCBB1 is applicable
2026-05-09 20:16:41,098 [INFO] Rule:228 - rule 117617 - U5Cobra4M][GTZC] default value MPCBB3 and MPCBB5 - Secured memory - MPCBB2 is applicable
2026-05-09 20:16:41,098 [INFO] Rule:228 - rule 117617 - U5Cobra4M][GTZC] default value MPCBB3 and MPCBB5 - Secured memory - MPCBB3 is applicable
2026-05-09 20:16:41,098 [INFO] Rule:228 - rule 117617 - U5Cobra4M][GTZC] default value MPCBB3 and MPCBB5 - Secured memory - MPCBB4 is applicable
2026-05-09 20:16:41,098 [INFO] Rule:228 - rule 117617 - U5Cobra4M][GTZC] default value MPCBB3 and MPCBB5 - Privileged memory - MPCBB1 is applicable
2026-05-09 20:16:41,099 [INFO] Rule:228 - rule 117617 - U5Cobra4M][GTZC] default value MPCBB3 and MPCBB5 - Privileged memory - MPCBB2 is applicable
2026-05-09 20:16:41,099 [INFO] Rule:228 - rule 117617 - U5Cobra4M][GTZC] default value MPCBB3 and MPCBB5 - Privileged memory - MPCBB3 is applicable
2026-05-09 20:16:41,099 [INFO] Rule:228 - rule 117617 - U5Cobra4M][GTZC] default value MPCBB3 and MPCBB5 - Privileged memory - MPCBB4 is applicable
2026-05-09 20:16:41,099 [INFO] Rule:228 - rule 117617 - U5Cobra4M][GTZC] default value MPCBB3 and MPCBB5 - Not Privileged memory - MPCBB1 is applicable
2026-05-09 20:16:41,099 [INFO] Rule:228 - rule 117617 - U5Cobra4M][GTZC] default value MPCBB3 and MPCBB5 - Not Privileged memory - MPCBB2 is applicable
2026-05-09 20:16:41,099 [INFO] Rule:228 - rule 117617 - U5Cobra4M][GTZC] default value MPCBB3 and MPCBB5 - Not Privileged memory - MPCBB3 is applicable
2026-05-09 20:16:41,099 [INFO] Rule:228 - rule 117617 - U5Cobra4M][GTZC] default value MPCBB3 and MPCBB5 - Not Privileged memory - MPCBB4 is applicable
2026-05-09 20:16:41,099 [INFO] Rule:228 - rule 117617 - U5Cobra4M][GTZC] default value MPCBB3 and MPCBB5 - Privileged memory - MPCBB1 is applicable
2026-05-09 20:16:41,099 [INFO] Rule:228 - rule 117617 - U5Cobra4M][GTZC] default value MPCBB3 and MPCBB5 - Privileged memory - MPCBB2 is applicable
2026-05-09 20:16:41,099 [INFO] Rule:228 - rule 117617 - U5Cobra4M][GTZC] default value MPCBB3 and MPCBB5 - Privileged memory - MPCBB3 is applicable
2026-05-09 20:16:41,099 [INFO] Rule:228 - rule 117617 - U5Cobra4M][GTZC] default value MPCBB3 and MPCBB5 - Privileged memory - MPCBB4 is applicable
2026-05-09 20:16:41,099 [INFO] Rule:228 - rule 117617 - U5Cobra4M][GTZC] default value MPCBB3 and MPCBB5 - Privileged memory - MPCBB1 is applicable
2026-05-09 20:16:41,099 [INFO] Rule:228 - rule 117617 - U5Cobra4M][GTZC] default value MPCBB3 and MPCBB5 - Privileged memory - MPCBB2 is applicable
2026-05-09 20:16:41,099 [INFO] Rule:228 - rule 117617 - U5Cobra4M][GTZC] default value MPCBB3 and MPCBB5 - Privileged memory - MPCBB3 is applicable
2026-05-09 20:16:41,099 [INFO] Rule:228 - rule 117617 - U5Cobra4M][GTZC] default value MPCBB3 and MPCBB5 - Privileged memory - MPCBB4 is applicable
2026-05-09 20:16:41,099 [INFO] Rule:228 - rule 117617 - U5Cobra4M][GTZC] default value MPCBB3 and MPCBB5 - Not Privileged memory - MPCBB1 is applicable
2026-05-09 20:16:41,099 [INFO] Rule:228 - rule 117617 - U5Cobra4M][GTZC] default value MPCBB3 and MPCBB5 - Not Privileged memory - MPCBB2 is applicable
2026-05-09 20:16:41,099 [INFO] Rule:228 - rule 117617 - U5Cobra4M][GTZC] default value MPCBB3 and MPCBB5 - Not Privileged memory - MPCBB3 is applicable
2026-05-09 20:16:41,100 [INFO] Rule:228 - rule 117617 - U5Cobra4M][GTZC] default value MPCBB3 and MPCBB5 - Not Privileged memory - MPCBB4 is applicable
2026-05-09 20:16:41,100 [INFO] Rule:228 - rule 117617 - U5Cobra4M][GTZC] default value MPCBB3 and MPCBB5 - Privileged memory - MPCBB1 is applicable
2026-05-09 20:16:41,100 [INFO] Rule:228 - rule 117617 - U5Cobra4M][GTZC] default value MPCBB3 and MPCBB5 - Privileged memory - MPCBB2 is applicable
2026-05-09 20:16:41,100 [INFO] Rule:228 - rule 117617 - U5Cobra4M][GTZC] default value MPCBB3 and MPCBB5 - Privileged memory - MPCBB3 is applicable
2026-05-09 20:16:41,100 [INFO] Rule:228 - rule 117617 - U5Cobra4M][GTZC] default value MPCBB3 and MPCBB5 - Privileged memory - MPCBB4 is applicable
2026-05-09 20:16:41,100 [INFO] Rule:228 - rule Rename SubGHz_Phy SUBGHZ_APPLICATION SUBGHZ_PINGPONG to SUBGHZ_ADV_APPLICATION is applicable
2026-05-09 20:16:41,100 [INFO] Rule:228 - rule Rename Enabled to IBEACON is applicable
2026-05-09 20:16:41,100 [INFO] Rule:228 - rule GTZC_S instance for project manager is applicable
2026-05-09 20:16:41,100 [INFO] Rule:228 - rule GTZC_S instance for context M33S is applicable
2026-05-09 20:16:41,100 [INFO] Rule:228 - rule GTZC_S instance value for IP GTZC is applicable
2026-05-09 20:16:41,100 [INFO] Rule:228 - rule GTZC_S instance for mcu.IP is applicable
2026-05-09 20:16:41,100 [INFO] Rule:228 - rule GTZC_S instance for VP is applicable
2026-05-09 20:16:41,100 [INFO] Rule:228 - rule GTZC_S instance for signal is applicable
2026-05-09 20:16:41,100 [INFO] Rule:228 - rule GTZC_S instance for mcu.Pin is applicable
2026-05-09 20:16:41,100 [INFO] Rule:228 - rule GTZC_S instance for VP is applicable
2026-05-09 20:16:41,101 [INFO] Rule:228 - rule GTZC_S instance for signal is applicable
2026-05-09 20:16:41,101 [INFO] Rule:228 - rule GTZC_S instance for mcu is applicable
2026-05-09 20:16:41,101 [INFO] Rule:228 - rule GTZC_S instance for mcu.Pin is applicable
2026-05-09 20:16:41,101 [INFO] Rule:228 - rule GTZC_S instance value for IP GTZC is applicable
2026-05-09 20:16:41,102 [INFO] Rule:228 - rule GTZC_S instance for project manager is applicable
2026-05-09 20:16:41,102 [INFO] Rule:228 - rule GTZC_S instance for context M33S is applicable
2026-05-09 20:16:41,103 [INFO] Rule:228 - rule GTZC_S instance for VP is applicable
2026-05-09 20:16:41,103 [INFO] Rule:228 - rule GTZC_S instance for signal is applicable
2026-05-09 20:16:41,103 [INFO] Rule:228 - rule SPDIFRX instance for mcu is applicable
2026-05-09 20:16:41,103 [INFO] Rule:228 - rule Rename Tracer Mode is applicable
2026-05-09 20:16:41,103 [INFO] Rule:228 - rule SPDIFRX instance value for IP SPDIFRX is applicable
2026-05-09 20:16:41,104 [INFO] Rule:228 - rule SPDIFRX instance for signal is applicable
2026-05-09 20:16:41,104 [INFO] Rule:228 - rule SPDIFRX instance for project manager is applicable
2026-05-09 20:16:41,104 [INFO] Rule:228 - rule SPDIFRX instance for project manager is applicable
2026-05-09 20:16:41,104 [INFO] Rule:228 - rule ADC Scan  fix with FW F7 is applicable
2026-05-09 20:16:41,104 [INFO] Rule:228 - rule ADC Scan  fix with FW F7 is applicable
2026-05-09 20:16:41,105 [INFO] Rule:228 - rule WakeUp0 Mode is applicable
2026-05-09 20:16:41,105 [INFO] Rule:228 - rule WakeUp0 SIGNAL is applicable
2026-05-09 20:16:41,105 [INFO] Rule:228 - rule WakeUp1 Mode is applicable
2026-05-09 20:16:41,105 [INFO] Rule:228 - rule WakeUp1 SIGNAL is applicable
2026-05-09 20:16:41,105 [INFO] Rule:228 - rule WakeUp2 Mode is applicable
2026-05-09 20:16:41,105 [INFO] Rule:228 - rule WakeUp2 SIGNAL is applicable
2026-05-09 20:16:41,106 [INFO] Rule:228 - rule WakeUp4 Mode is applicable
2026-05-09 20:16:41,106 [INFO] Rule:228 - rule WakeUp4 SIGNAL is applicable
2026-05-09 20:16:41,106 [INFO] Rule:228 - rule WakeUp5 Mode is applicable
2026-05-09 20:16:41,106 [INFO] Rule:228 - rule WakeUp5 SIGNAL is applicable
2026-05-09 20:16:41,106 [INFO] Rule:228 - rule Add RTC Activate Clock Source is applicable
2026-05-09 20:16:41,106 [INFO] Rule:228 - rule Add RTC Activate Calendar 1 is applicable
2026-05-09 20:16:41,106 [INFO] Rule:228 - rule Add RTC Activate Calendar 2 is applicable
2026-05-09 20:16:41,106 [INFO] Rule:228 - rule Add RTC Activate Calendar 3 is applicable
2026-05-09 20:16:41,106 [INFO] Rule:228 - rule UART/USART TX Mode is applicable
2026-05-09 20:16:41,106 [INFO] Rule:228 - rule UART/USART RX Mode is applicable
2026-05-09 20:16:41,107 [INFO] Rule:228 - rule UART/USART RX TX Mode is applicable
2026-05-09 20:16:41,107 [INFO] Rule:228 - rule UART/USART PARITY NONE is applicable
2026-05-09 20:16:41,107 [INFO] Rule:228 - rule UART/USART PARITY EVEN is applicable
2026-05-09 20:16:41,107 [INFO] Rule:228 - rule UART/USART PARITY ODD is applicable
2026-05-09 20:16:41,107 [INFO] Rule:228 - rule USART StopBits 1 is applicable
2026-05-09 20:16:41,107 [INFO] Rule:228 - rule USART StopBits 2 is applicable
2026-05-09 20:16:41,107 [INFO] Rule:228 - rule USART StopBits 1.5 is applicable
2026-05-09 20:16:41,107 [INFO] Rule:228 - rule USART StopBits 0.5 is applicable
2026-05-09 20:16:41,107 [INFO] Rule:228 - rule UART/USART WORD LENGTH 7 is applicable
2026-05-09 20:16:41,109 [INFO] Rule:228 - rule UART/USART WORD LENGTH 8 is applicable
2026-05-09 20:16:41,110 [INFO] Rule:228 - rule UART/USART WORD LENGTH 9 is applicable
2026-05-09 20:16:41,110 [INFO] Rule:228 - rule Rename FMC NAND NCE signal is applicable
2026-05-09 20:16:41,110 [INFO] Rule:228 - rule Rename FMC NAND INT signal is applicable
2026-05-09 20:16:41,110 [INFO] Rule:228 - rule Change Default Value for LSE Drive Capability for WB family is applicable
2026-05-09 20:16:41,110 [INFO] Rule:228 - rule Change Default Value for ADC Clock Prescaler G0 family is applicable
2026-05-09 20:16:41,110 [INFO] Rule:228 - rule Change Default Value for ADC ExternalTrigConv L4 family is applicable
2026-05-09 20:16:41,110 [INFO] Rule:228 - rule Change Default Value for ADC ExternalTrigInjecConv L4 family is applicable
2026-05-09 20:16:41,110 [INFO] Rule:228 - rule Change Default Value for ADC ExternalTrigConv F3 family is applicable
2026-05-09 20:16:41,110 [INFO] Rule:228 - rule Change Default Value for ADC ExternalTrigInjecConv F3 family is applicable
2026-05-09 20:16:41,110 [INFO] Rule:228 - rule Change Default Value for ADC ExternalTrigConv Goldfish serie is applicable
2026-05-09 20:16:41,110 [INFO] Rule:228 - rule Change Default Value for ADC ExternalTrigInjecConv Goldfish serie is applicable
2026-05-09 20:16:41,110 [INFO] Rule:228 - rule Change Default Value for ADC ExternalTrigConv L0 family is applicable
2026-05-09 20:16:41,129 [INFO] Rule:228 - rule Change Default Value for ADC ExternalTrigConv F0 family is applicable
2026-05-09 20:16:41,129 [INFO] Rule:228 - rule Change Default Value for ADC ExternalTrigConvn L1 family is applicable
2026-05-09 20:16:41,129 [INFO] Rule:228 - rule Change Default Value for ADC ExternalTrigInjecConv L1 family is applicable
2026-05-09 20:16:41,129 [INFO] Rule:228 - rule Change Default Value for ADC ExternalTrigConv F1 family is applicable
2026-05-09 20:16:41,129 [INFO] Rule:228 - rule Change Default Value for ADC ExternalTrigInjecConv F1 family is applicable
2026-05-09 20:16:41,129 [INFO] Rule:228 - rule Change Default Value for ADC ExternalTrigConv F7 family is applicable
2026-05-09 20:16:41,130 [INFO] Rule:228 - rule Change Default Value for ADC ExternalTrigInjecConv F7 family is applicable
2026-05-09 20:16:41,130 [INFO] Rule:228 - rule Change Default Value for ADC ExternalTrigConv F4 and F2 family is applicable
2026-05-09 20:16:41,130 [INFO] Rule:228 - rule Change Default Value for ADC ExternalTrigInjecConv F4 and F2 family is applicable
2026-05-09 20:16:41,130 [INFO] Rule:228 - rule ADC SamplingTime fix with FW L0  is applicable
2026-05-09 20:16:41,130 [INFO] Rule:228 - rule ADC SamplingTime fix with FW L0  is applicable
2026-05-09 20:16:41,130 [INFO] Rule:228 - rule ADC SamplingTime fix with FW L0 is applicable
2026-05-09 20:16:41,130 [INFO] Rule:228 - rule ADC SamplingTime fix with FW L0 is applicable
2026-05-09 20:16:41,130 [INFO] Rule:228 - rule ADC SamplingTime fix with FW L0  is applicable
2026-05-09 20:16:41,130 [INFO] Rule:228 - rule ADC SamplingTime fix with FW L0 is applicable
2026-05-09 20:16:41,130 [INFO] Rule:228 - rule Rename USB_OE Signal is applicable
2026-05-09 20:16:41,130 [INFO] Rule:228 - rule Rename Activate_OE Mode is applicable
2026-05-09 20:16:41,130 [INFO] Rule:228 - rule Rename DIE462/DIE415 pin PC14/OSC32_IN -> PC14-OSC32_IN (PC14) is applicable
2026-05-09 20:16:41,130 [INFO] Rule:228 - rule Rename DIE462/DIE415 pin PC15/OSC32_OUT -> PC15-OSC32_OUT (PC15) is applicable
2026-05-09 20:16:41,130 [INFO] Rule:228 - rule Rename DIE462/DIE415 pin PH0/OSC_IN -> PH0-OSC_IN (PH0) is applicable
2026-05-09 20:16:41,130 [INFO] Rule:228 - rule Rename DIE462/DIE415 pin PH1/OSC_OUT -> PH1-OSC_OUT (PH1) is applicable
2026-05-09 20:16:41,130 [INFO] Rule:228 - rule Rename DIE462 pin PA13 -> PA13 (JTMS/SWDIO) is applicable
2026-05-09 20:16:41,130 [INFO] Rule:228 - rule Rename DIE415 pin PA13 -> PA13 (JTMS/SWDIO) is applicable
2026-05-09 20:16:41,130 [INFO] Rule:228 - rule Rename DIE462 pin PA14 -> PA14 (JTCK/SWCLK) is applicable
2026-05-09 20:16:41,130 [INFO] Rule:228 - rule Rename DIE415 pin PA14 -> PA14 (JTCK/SWCLK) is applicable
2026-05-09 20:16:41,131 [INFO] Rule:228 - rule Rename DIE462/DIE415 pin PA15 -> PA15 (JTDI) is applicable
2026-05-09 20:16:41,131 [INFO] Rule:228 - rule Rename DIE462 pin PB3 -> PB3 (JTD0/TRACESWO) is applicable
2026-05-09 20:16:41,131 [INFO] Rule:228 - rule Rename DIE415 pin PB3 -> PB3 (JTD0-TRACESWO) is applicable
2026-05-09 20:16:41,131 [INFO] Rule:228 - rule Rename DIE462/DIE415 pin PB4 -> PB4 (NJTRST) is applicable
2026-05-09 20:16:41,131 [INFO] Rule:228 - rule Rename DIE462 pin PH3/BOOT0 -> PH3-BOOT0 (BOOT0) is applicable
2026-05-09 20:16:41,131 [INFO] Rule:228 - rule Rename CRYP DataEncryptionTypesList to Algorithm is applicable
2026-05-09 20:16:41,131 [INFO] Rule:228 - rule Rename AES DataEncryptionTypesList to Algorithm is applicable
2026-05-09 20:16:41,131 [INFO] Rule:228 - rule Rename TDESECB to CRYP_TDES_ECB is applicable
2026-05-09 20:16:41,131 [INFO] Rule:228 - rule Rename TDESCBC to CRYP_TDES_CBC is applicable
2026-05-09 20:16:41,131 [INFO] Rule:228 - rule Rename DESECB to CRYP_DES_ECB is applicable
2026-05-09 20:16:41,131 [INFO] Rule:228 - rule Rename DESCBC to CRYP_DES_CBC is applicable
2026-05-09 20:16:41,131 [INFO] Rule:228 - rule Rename AESECB to CRYP_AES_ECB is applicable
2026-05-09 20:16:41,131 [INFO] Rule:228 - rule Rename AESCBC to CRYP_AES_CBC is applicable
2026-05-09 20:16:41,131 [INFO] Rule:228 - rule Rename AESCTR to CRYP_AES_CTR is applicable
2026-05-09 20:16:41,131 [INFO] Rule:228 - rule Rename AESGCM to CRYP_AES_GCM is applicable
2026-05-09 20:16:41,131 [INFO] Rule:228 - rule Rename AESCCM to CRYP_AES_CCM is applicable
2026-05-09 20:16:41,131 [INFO] Rule:228 - rule Rename CAN TimeSeg1 to BS1 is applicable
2026-05-09 20:16:41,131 [INFO] Rule:228 - rule Rename CAN TimeSeg2 to BS2 is applicable
2026-05-09 20:16:41,131 [INFO] Rule:228 - rule Rename CAN SyncJumpWidth to SJW is applicable
2026-05-09 20:16:41,132 [INFO] Rule:228 - rule TimeTriggeredMode to TTCM is applicable
2026-05-09 20:16:41,132 [INFO] Rule:228 - rule Rename CAN AutoBusOff to ABOM is applicable
2026-05-09 20:16:41,132 [INFO] Rule:228 - rule Rename CAN AutoWakeUp to AWUM is applicable
2026-05-09 20:16:41,132 [INFO] Rule:228 - rule Rename CAN AutoRetransmission to NART is applicable
2026-05-09 20:16:41,132 [INFO] Rule:228 - rule Rename CAN ReceiveFifoLocked to RFLM is applicable
2026-05-09 20:16:41,132 [INFO] Rule:228 - rule Rename CAN TransmitFifoPriority to TXFP is applicable
2026-05-09 20:16:41,132 [INFO] Rule:228 - rule Rename HRTIMER HRTIM_OUTPUTFAULTLEVEL_HIGH in HRTIMER HRTIM_OUTPUTFAULTLEVEL_HIGHZ is applicable
2026-05-09 20:16:41,132 [INFO] Rule:228 - rule Rename TIMER TIM_CLEARINPUTSOURCE_OCREFCLR in  TIMER TIM_CLEARINPUTSOURCE_NONE for F7 family is applicable
2026-05-09 20:16:41,132 [INFO] Rule:228 - rule FDCAN_R1 - Rename FDCAN mode Master into Classic is applicable
2026-05-09 20:16:41,132 [INFO] Rule:228 - rule FDCAN_R2 - Rename FDCAN mode Slave into Classic is applicable
2026-05-09 20:16:41,132 [INFO] Rule:228 - rule FDCAN1_R3 - if PA10.Mode=FullDuplex, add Pin PA12 is applicable
2026-05-09 20:16:41,132 [INFO] Rule:228 - rule FDCAN1_R3 - if PA9.Mode=FullDuplex, add Pin PA11 is applicable
2026-05-09 20:16:41,132 [INFO] Rule:228 - rule FDCAN1_R3 - Alternatepin_1 - if PE1.Mode=FullDuplex, add Pin PB9 is applicable
2026-05-09 20:16:41,132 [INFO] Rule:228 - rule FDCAN1_R3 - Alternatepin_1 - if PE0.Mode=FullDuplex, add Pin PB8 is applicable
2026-05-09 20:16:41,132 [INFO] Rule:228 - rule FDCAN1_R3 - Alternatepin_2 - if PD5.Mode=FullDuplex, add Pin PD1 is applicable
2026-05-09 20:16:41,132 [INFO] Rule:228 - rule FDCAN1_R3 - Alternatepin_2 - if PD4.Mode=FullDuplex, add Pin PD0 is applicable
2026-05-09 20:16:41,132 [INFO] Rule:228 - rule FDCAN1_R4 - Rename Mode FullDuplex into Enable FDCAN_TXFD for pin PA10 is applicable
2026-05-09 20:16:41,132 [INFO] Rule:228 - rule FDCAN1_R4 - Rename Mode FullDuplex into Enable FDCAN_TXFD for pin PA9 is applicable
2026-05-09 20:16:41,132 [INFO] Rule:228 - rule FDCAN1_R4 - Alternatepin_1 - Rename Mode FullDuplex into Enable FDCAN_TXFD for pin PE1 is applicable
2026-05-09 20:16:41,132 [INFO] Rule:228 - rule FDCAN1_R4 - Alternatepin_1 - Rename Mode FullDuplex into Enable FDCAN_TXFD for pin PE0 is applicable
2026-05-09 20:16:41,132 [INFO] Rule:228 - rule FDCAN1_R4 - Alternatepin_2 - Rename Mode FullDuplex into Enable FDCAN_TXFD for pin PD5 is applicable
2026-05-09 20:16:41,132 [INFO] Rule:228 - rule FDCAN1_R4 - Alternatepin_2 - Rename Mode FullDuplex into Enable FDCAN_TXFD for pin PD4 is applicable
2026-05-09 20:16:41,132 [INFO] Rule:228 - rule FDCAN2_R3 - if PD10.Mode=FullDuplex, add Pin PB13 is applicable
2026-05-09 20:16:41,132 [INFO] Rule:228 - rule FDCAN2_R3 - if PD9.Mode=FullDuplex, add Pin PB12 is applicable
2026-05-09 20:16:41,132 [INFO] Rule:228 - rule FDCAN2_R3 - Alternatepin_1 - if PB7.Mode=FullDuplex, add Pin PB6 is applicable
2026-05-09 20:16:41,132 [INFO] Rule:228 - rule FDCAN2_R3 - Alternatepin_1 - if PD9.Mode=FullDuplex, add Pin PB12 is applicable
2026-05-09 20:16:41,132 [INFO] Rule:228 - rule FDCAN2_R4 - Rename Mode FullDuplex into Enable FDCAN_TXFD for pin PD10 is applicable
2026-05-09 20:16:41,132 [INFO] Rule:228 - rule FDCAN2_R4 - Rename Mode FullDuplex into Enable FDCAN_TXFD for pin PD9 is applicable
2026-05-09 20:16:41,132 [INFO] Rule:228 - rule FDCAN2_R4 - Alternatepin_1 - Rename Mode FullDuplex into Enable FDCAN_TXFD for pin PB7 is applicable
2026-05-09 20:16:41,132 [INFO] Rule:228 - rule FDCAN2_R4 - Alternatepin_1 - Rename Mode FullDuplex into Enable FDCAN_TXFD for pin PD6 is applicable
2026-05-09 20:16:41,132 [INFO] Rule:228 - rule USART TxPinLevelInvertParam Mode is applicable
2026-05-09 20:16:41,133 [INFO] Rule:228 - rule USART RxPinLevelInvertParam Mode is applicable
2026-05-09 20:16:41,133 [INFO] Rule:228 - rule USART DataInvertParam Mode is applicable
2026-05-09 20:16:41,133 [INFO] Rule:228 - rule USART SwapParam Mode is applicable
2026-05-09 20:16:41,133 [INFO] Rule:228 - rule USART OverrunDisableParam Mode is applicable
2026-05-09 20:16:41,133 [INFO] Rule:228 - rule USART DMADisableonRxErrorParam Mode is applicable
2026-05-09 20:16:41,133 [INFO] Rule:228 - rule USART MSBFirstParam Mode is applicable
2026-05-09 20:16:41,133 [INFO] Rule:228 - rule Update MwName for USB_DEVICE is applicable
2026-05-09 20:16:41,133 [INFO] Rule:228 - rule Change PWR_Regulator_Voltage_Scale Default Value for RCC  H7 family is applicable
2026-05-09 20:16:41,133 [INFO] Rule:228 - rule UART/USART IPParameter rename Prescaler parameter to ClockPrescaler is applicable
2026-05-09 20:16:41,133 [INFO] Rule:228 - rule UART/USART Prescaler rename Prescaler parameter to ClockPrescaler is applicable
2026-05-09 20:16:41,133 [INFO] Rule:228 - rule TIM1CLockSelection is applicable
2026-05-09 20:16:41,133 [INFO] Rule:228 - rule TIM15CLockSelection is applicable
2026-05-09 20:16:41,133 [INFO] Rule:228 - rule align RCC SDMMC3CLockSelection default value on MP1 is applicable
2026-05-09 20:16:41,133 [INFO] Rule:228 - rule align RCC SDMMC12CLockSelection default value on MP1 is applicable
2026-05-09 20:16:41,133 [INFO] Rule:228 - rule align RCC QSPICLockSelection default value on MP1 is applicable
2026-05-09 20:16:41,133 [INFO] Rule:228 - rule align RCC QSPICLockSelection default value on MP1 is applicable
2026-05-09 20:16:41,133 [INFO] Rule:228 - rule align RCC SPI6CLockSelection default value on MP1 is applicable
2026-05-09 20:16:41,133 [INFO] Rule:228 - rule align RCC LPTIM23CLockSelection default value on MP1 is applicable
2026-05-09 20:16:41,133 [INFO] Rule:228 - rule align RCC LPTIM1CLockSelection default value on MP1 is applicable
2026-05-09 20:16:41,133 [INFO] Rule:228 - rule align RCC USART1CLockSelection default value on MP1 is applicable
2026-05-09 20:16:41,133 [INFO] Rule:228 - rule align RCC USART24CLockSelection default value on MP1 is applicable
2026-05-09 20:16:41,133 [INFO] Rule:228 - rule align RCC USART6CLockSelection default value on MP1 is applicable
2026-05-09 20:16:41,133 [INFO] Rule:228 - rule align RCC UART78CLockSelection default value on MP1 is applicable
2026-05-09 20:16:41,133 [INFO] Rule:228 - rule align RCC USART35CLockSelection default value on MP1 is applicable
2026-05-09 20:16:41,133 [INFO] Rule:228 - rule align RCC SPI45CLockSelection default value on MP1 is applicable
2026-05-09 20:16:41,133 [INFO] Rule:228 - rule align RCC I2C46CLockSelection BCLK value on MP1 is applicable
2026-05-09 20:16:41,133 [INFO] Rule:228 - rule align RCC SPI45CLockSelection default value on MP1 is applicable
2026-05-09 20:16:41,133 [INFO] Rule:228 - rule align RCC I2C12CLockSelection default value on MP1 is applicable
2026-05-09 20:16:41,133 [INFO] Rule:228 - rule align RCC I2C35CLockSelection default value on MP1 is applicable
2026-05-09 20:16:41,133 [INFO] Rule:228 - rule align RCC LPTIM45CLockSelection default value on MP1 is applicable
2026-05-09 20:16:41,133 [INFO] Rule:228 - rule Rename DCMI PIXCK signal is applicable
2026-05-09 20:16:41,134 [INFO] Rule:228 - rule Change Default Value for I2C46CLockSelection MP1 family is applicable
2026-05-09 20:16:41,134 [INFO] Rule:228 - rule Change Default Value for UART for G4, G0 and WB families is applicable
2026-05-09 20:16:41,134 [INFO] Rule:228 - rule Change Default Value for USART for G4, G0 and WB families is applicable
2026-05-09 20:16:41,134 [INFO] Rule:228 - rule Change Default Value for USART for G4 family is applicable
2026-05-09 20:16:41,134 [INFO] Rule:228 - rule Change USART1CLockSelection refparam name for MP1 is applicable
2026-05-09 20:16:41,134 [INFO] Rule:228 - rule Change USART2CLockSelection refparam name for MP1 is applicable
2026-05-09 20:16:41,134 [INFO] Rule:228 - rule Change USART3CLockSelection refparam name for MP1 is applicable
2026-05-09 20:16:41,134 [INFO] Rule:228 - rule Change UART4CLockSelection refparam name for MP1 is applicable
2026-05-09 20:16:41,134 [INFO] Rule:228 - rule Change UART5CLockSelection refparam name for MP1 is applicable
2026-05-09 20:16:41,134 [INFO] Rule:228 - rule Change LPUART1CLockSelection refparam name for MP1 is applicable
2026-05-09 20:16:41,134 [INFO] Rule:228 - rule Change LPTIM1CLockSelection refparam name for MP1 is applicable
2026-05-09 20:16:41,134 [INFO] Rule:228 - rule Change LPTIM2CLockSelection refparam name for MP1 is applicable
2026-05-09 20:16:41,134 [INFO] Rule:228 - rule Change RCC_MCO1Source refparam name for MP1 is applicable
2026-05-09 20:16:41,134 [INFO] Rule:228 - rule Change LSCOSource1 refparam name for MP1 is applicable
2026-05-09 20:16:41,134 [INFO] Rule:228 - rule Change SMPSCLockSelection refparam name for MP1 is applicable
2026-05-09 20:16:41,134 [INFO] Rule:228 - rule Change LPTIM3CLockSelection refparam name for MP1 is applicable
2026-05-09 20:16:41,134 [INFO] Rule:228 - rule Change MPCBB* Default Template Mode to Parameters is applicable
2026-05-09 20:16:41,134 [INFO] Rule:228 - rule Change MPCWM* or MPCBB* Secure Mode to Parameters is applicable
2026-05-09 20:16:41,134 [INFO] Rule:228 - rule Change MPCWM* or MPCBB* No Secure Mode to Parameters is applicable
2026-05-09 20:16:41,134 [INFO] Rule:228 - rule Change TZSC IP Secure Mode to Parameters is applicable
2026-05-09 20:16:41,134 [INFO] Rule:228 - rule Change TZSC IP No Secure Mode to Parameters is applicable
2026-05-09 20:16:41,135 [INFO] Rule:228 - rule Change TZSC IP Privilege Mode to Parameters is applicable
2026-05-09 20:16:41,135 [INFO] Rule:228 - rule Change TZSC IP No Privilege Mode to Parameters is applicable
2026-05-09 20:16:41,135 [INFO] Rule:228 - rule Change TZIC IT Secure Mode to Parameters is applicable
2026-05-09 20:16:41,135 [INFO] Rule:228 - rule Change TZIC IT No Secure Mode to Parameters is applicable
2026-05-09 20:16:41,135 [INFO] Rule:228 - rule Add MPCBB1_NonSecureArea_Start_Address value with referenced to MPCBB1_NonSecureArea_Start value is applicable
2026-05-09 20:16:41,135 [INFO] Rule:228 - rule Add MPCBB2_NonSecureArea_Start_Address value with referenced to MPCBB2_NonSecureArea_Start value is applicable
2026-05-09 20:16:41,135 [INFO] Rule:228 - rule Add MPCWM1_NonSecureArea*_Start_Address value with referenced to MPCWM1_NonSecureArea*_Start value is applicable
2026-05-09 20:16:41,135 [INFO] Rule:228 - rule Add MPCWM2_NonSecureArea*_Start_Address value with referenced to MPCWM2_NonSecureArea*_Start value is applicable
2026-05-09 20:16:41,135 [INFO] Rule:228 - rule Add MPCWM3_NonSecureArea_Start_Address value with referenced to MPCWM3_NonSecureArea_Start value is applicable
2026-05-09 20:16:41,135 [INFO] Rule:228 - rule Change Default Value for PLL1UserDefinedConfig is applicable
2026-05-09 20:16:41,135 [INFO] Rule:228 - rule Change GPIO_PuPd Default Value for USART in async mode is applicable
2026-05-09 20:16:41,135 [INFO] Rule:228 - rule Change SMPSDivider Default Value is applicable
2026-05-09 20:16:41,135 [INFO] Rule:228 - rule OPAMP is applicable
2026-05-09 20:16:41,135 [INFO] Rule:228 - rule LPUART IPParameter rename Prescaler parameter to ClockPrescaler for STM32H7 is applicable
2026-05-09 20:16:41,135 [INFO] Rule:228 - rule LPUART IPParameter rename Prescaler parameter to ClockPrescaler for STM32H7 is applicable
2026-05-09 20:16:41,135 [INFO] Rule:228 - rule LPUART IPParameter rename Prescaler parameter to ClockPrescaler for STM32WB is applicable
2026-05-09 20:16:41,135 [INFO] Rule:228 - rule LPUART IPParameter rename Prescaler parameter to ClockPrescaler for STM32WB is applicable
2026-05-09 20:16:41,135 [INFO] Rule:228 - rule LPUART IPParameter rename Prescaler parameter to ClockPrescaler for STM32G4 is applicable
2026-05-09 20:16:41,135 [INFO] Rule:228 - rule LPUART IPParameter rename Prescaler parameter to ClockPrescaler for STM32G4 is applicable
2026-05-09 20:16:41,135 [INFO] Rule:228 - rule LPUART IPParameter rename Prescaler parameter to ClockPrescaler for STM32L5 is applicable
2026-05-09 20:16:41,135 [INFO] Rule:228 - rule LPUART IPParameter rename Prescaler parameter to ClockPrescaler for STM32L5 is applicable
2026-05-09 20:16:41,135 [INFO] Rule:228 - rule LPUART IPParameter rename Prescaler parameter to ClockPrescaler for STM32G4 is applicable
2026-05-09 20:16:41,135 [INFO] Rule:228 - rule LPUART IPParameter rename Prescaler parameter to ClockPrescaler for STM32G4 is applicable
2026-05-09 20:16:41,135 [INFO] Rule:228 - rule USB device lib V2.5.3 for L0 rename USBD_SUPPORT_USER_STRING parameter to USBD_SUPPORT_USER_STRING_DESC4 is applicable
2026-05-09 20:16:41,135 [INFO] Rule:228 - rule I2SCLockSelection clock entry align is applicable
2026-05-09 20:16:41,135 [INFO] Rule:228 - rule Assign TIMx context if used as SYS timebase is applicable
2026-05-09 20:16:41,135 [INFO] Rule:228 - rule Change GPIO_Pu Default Value for I2C is applicable
2026-05-09 20:16:41,135 [INFO] Rule:228 - rule Change GPIO_Pu Default Value for SMBus is applicable
2026-05-09 20:16:41,135 [INFO] Rule:228 - rule change FDCAN default value is applicable
2026-05-09 20:16:41,135 [INFO] Rule:228 - rule Change mode sai is applicable
2026-05-09 20:16:41,136 [INFO] Rule:228 - rule **Change sai mode is applicable
2026-05-09 20:16:41,136 [INFO] Rule:228 - rule Rename STM32WPAN CFG_BLE_IRK to CFG_BLE_IR is applicable
2026-05-09 20:16:41,136 [INFO] Rule:228 - rule Rename STM32WPAN CFG_BLE_ERK to CFG_BLE_ER is applicable
2026-05-09 20:16:41,136 [INFO] Rule:228 - rule Rename STM32WPAN CFG_BLE_IRK_HEX to CFG_BLE_IR_HEX is applicable
2026-05-09 20:16:41,136 [INFO] Rule:228 - rule Rename STM32WPAN CFG_BLE_ERK_HEX to CFG_BLE_ER_HEX is applicable
2026-05-09 20:16:41,149 [INFO] DbConfProperties:307 - Apply Compatibility (49/262 Rules)
2026-05-09 20:16:41,231 [INFO] ImportTextPane:194 - (OptionalMessage_ERROR) Unable to find key (Mcu.ThirdPartyNb) in loaded IOC file
2026-05-09 20:16:41,539 [INFO] RtosManager:555 - Registered RTOS mode: class=CMSIS, group=RTOS, mode=CMSIS_V1, owner=FREERTOS
2026-05-09 20:16:41,539 [INFO] RtosManager:555 - Registered RTOS mode: class=CMSIS, group=RTOS2, mode=CMSIS_V2, owner=FREERTOS
2026-05-09 20:16:41,540 [INFO] RtosManager:555 - Registered RTOS mode: class=RTOS, group=Core, mode=CMSIS_V1, owner=FREERTOS
2026-05-09 20:16:41,540 [INFO] RtosManager:555 - Registered RTOS mode: class=RTOS, group=Core, mode=CMSIS_V2, owner=FREERTOS
2026-05-09 20:16:41,542 [WARN] ModelIntegratedComponent:184 - Missing modes for component STMicroelectronics:FreeRTOS:0.0.1:STMicroelectronics:RTOS:FreeRTOS:Core:::10.2.0:
2026-05-09 20:16:41,567 [WARN] ModelIntegratedComponent:63 - No mode defined for component null
2026-05-09 20:16:41,567 [WARN] ModelIntegratedComponent:63 - No mode defined for component null
2026-05-09 20:16:41,567 [WARN] ModelIntegratedComponent:63 - No mode defined for component null
2026-05-09 20:16:41,567 [WARN] ModelIntegratedComponent:63 - No mode defined for component null
2026-05-09 20:16:41,567 [WARN] ModelIntegratedComponent:63 - No mode defined for component null
2026-05-09 20:16:41,567 [WARN] ModelIntegratedComponent:63 - No mode defined for component null
2026-05-09 20:16:41,567 [WARN] ModelIntegratedComponent:63 - No mode defined for component null
2026-05-09 20:16:41,567 [WARN] ModelIntegratedComponent:63 - No mode defined for component null
2026-05-09 20:16:41,567 [WARN] ModelIntegratedComponent:63 - No mode defined for component null
2026-05-09 20:16:41,567 [WARN] ModelIntegratedComponent:63 - No mode defined for component null
2026-05-09 20:16:41,567 [WARN] ModelIntegratedComponent:63 - No mode defined for component null
2026-05-09 20:16:41,567 [WARN] ModelIntegratedComponent:63 - No mode defined for component null
2026-05-09 20:16:41,567 [WARN] ModelIntegratedComponent:63 - No mode defined for component null
2026-05-09 20:16:41,567 [WARN] ModelIntegratedComponent:63 - No mode defined for component null
2026-05-09 20:16:41,567 [WARN] ModelIntegratedComponent:63 - No mode defined for component null
2026-05-09 20:16:41,567 [WARN] ModelIntegratedComponent:63 - No mode defined for component null
2026-05-09 20:16:41,567 [WARN] ModelIntegratedComponent:63 - No mode defined for component null
2026-05-09 20:16:41,567 [WARN] ModelIntegratedComponent:63 - No mode defined for component null
2026-05-09 20:16:41,567 [WARN] ModelIntegratedComponent:63 - No mode defined for component null
2026-05-09 20:16:41,567 [WARN] ModelIntegratedComponent:63 - No mode defined for component null
2026-05-09 20:16:41,567 [WARN] ModelIntegratedComponent:63 - No mode defined for component null
2026-05-09 20:16:41,567 [WARN] ModelIntegratedComponent:63 - No mode defined for component null
2026-05-09 20:16:41,567 [WARN] ModelIntegratedComponent:63 - No mode defined for component null
2026-05-09 20:16:41,567 [WARN] ModelIntegratedComponent:63 - No mode defined for component null
2026-05-09 20:16:41,567 [WARN] ModelIntegratedComponent:63 - No mode defined for component null
2026-05-09 20:16:41,567 [WARN] ModelIntegratedComponent:63 - No mode defined for component null
2026-05-09 20:16:41,567 [WARN] ModelIntegratedComponent:63 - No mode defined for component null
2026-05-09 20:16:41,567 [WARN] ModelIntegratedComponent:63 - No mode defined for component null
2026-05-09 20:16:41,567 [WARN] ModelIntegratedComponent:63 - No mode defined for component null
2026-05-09 20:16:41,567 [WARN] ModelIntegratedComponent:63 - No mode defined for component null
2026-05-09 20:16:41,567 [WARN] ModelIntegratedComponent:63 - No mode defined for component null
2026-05-09 20:16:41,567 [WARN] ModelIntegratedComponent:63 - No mode defined for component null
2026-05-09 20:16:41,567 [WARN] ModelIntegratedComponent:63 - No mode defined for component null
2026-05-09 20:16:41,567 [WARN] ModelIntegratedComponent:63 - No mode defined for component null
2026-05-09 20:16:42,419 [INFO] ThirdPartyModel:298 - Start build external matchings
2026-05-09 20:16:46,984 [INFO] ThirdPartyModel:316 - End build external matchings
2026-05-09 20:16:47,067 [INFO] ImportTextPane:194 - (OptionalMessage_ERROR) IP (RCC) : Invalid parameter (48MHZClocksFreq_Value)
2026-05-09 20:16:47,067 [INFO] ImportTextPane:194 - (OptionalMessage_ERROR) IP (RCC) : Invalid parameter (EthernetFreq_Value)
2026-05-09 20:16:47,069 [INFO] ImportTextPane:194 - (OptionalMessage_ERROR) IP (RCC) : Parameter (FLatency) has Id (AdvancedSettings) currently not set
2026-05-09 20:16:47,070 [INFO] ImportTextPane:194 - (OptionalMessage_ERROR) IP (RCC) : Invalid parameter (FamilyName)
2026-05-09 20:16:47,070 [INFO] ImportTextPane:194 - (OptionalMessage_ERROR) IP (RCC) : Invalid parameter (I2SClocksFreq_Value)
2026-05-09 20:16:47,071 [INFO] ImportTextPane:194 - (OptionalMessage_ERROR) IP (RCC) : Parameter (SDIOFreq_Value) has invalid value (168000000)
2026-05-09 20:16:47,071 [INFO] ImportTextPane:194 - (OptionalMessage_ERROR) IP (RCC) : Parameter (USBFreq_Value) has invalid value (168000000)
2026-05-09 20:16:47,071 [INFO] ImportTextPane:194 - (OptionalMessage_ERROR) IP (RCC) : Invalid parameter (VCOInputMFreq_Value)
2026-05-09 20:16:47,072 [INFO] ImportTextPane:194 - (OptionalMessage_ERROR) IP (RCC) : Invalid parameter (VcooutputI2S)
2026-05-09 20:16:47,685 [INFO] UtilMem:75 - End LoadConfig() Used Memory: 848301096 Bytes (1073741824)
2026-05-09 20:16:47,913 [WARN] ThirdParty:833 - waiting for thirdparty lock release [change project]
2026-05-09 20:16:47,913 [INFO] ThirdParty:835 - entering critical section [change project]
2026-05-09 20:16:47,913 [INFO] ThirdParty:1030 - CMSIS Pack Vendor :STMicroelectronics X-CUBE-AZRTOS-H7 3.5.0
2026-05-09 20:16:47,913 [INFO] ThirdParty:1030 - CMSIS Pack Vendor :STMicroelectronics X-CUBE-PM33A1 1.0.0
2026-05-09 20:16:47,913 [INFO] ThirdParty:1030 - CMSIS Pack Vendor :STMicroelectronics USBPD 4.1
2026-05-09 20:16:47,913 [INFO] ThirdParty:1030 - CMSIS Pack Vendor :STMicroelectronics X-CUBE-GNSS1 6.0.0
2026-05-09 20:16:47,913 [INFO] ThirdParty:1030 - CMSIS Pack Vendor :STMicroelectronics USB_HOST 2.0.0
2026-05-09 20:16:47,913 [INFO] ThirdParty:1030 - CMSIS Pack Vendor :STMicroelectronics FP-SNS-MOTENVWB1 1.4.0
2026-05-09 20:16:47,913 [INFO] ThirdParty:1030 - CMSIS Pack Vendor :STMicroelectronics X-CUBE-AZRTOS-F4 1.1.0
2026-05-09 20:16:47,913 [INFO] ThirdParty:1030 - CMSIS Pack Vendor :STMicroelectronics LIBJPEG 8.0.0
2026-05-09 20:16:47,913 [INFO] ThirdParty:1030 - CMSIS Pack Vendor :STMicroelectronics FP-ATR-ASTRA1 2.0.2
2026-05-09 20:16:47,914 [INFO] ThirdParty:1030 - CMSIS Pack Vendor :STMicroelectronics X-CUBE-SMBUS 2.1.0
2026-05-09 20:16:47,914 [INFO] ThirdParty:1030 - CMSIS Pack Vendor :STMicroelectronics X-CUBE-ISPU 2.1.0
2026-05-09 20:16:47,914 [INFO] ThirdParty:1030 - CMSIS Pack Vendor :STMicroelectronics X-CUBE-FREERTOS 1.2.0
2026-05-09 20:16:47,914 [INFO] ThirdParty:1030 - CMSIS Pack Vendor :STMicroelectronics X-CUBE-NFC12 1.0.0
2026-05-09 20:16:47,914 [INFO] ThirdParty:1030 - CMSIS Pack Vendor :STMicroelectronics X-CUBE-TOUCHGFX 4.23.2
2026-05-09 20:16:47,914 [INFO] ThirdParty:1030 - CMSIS Pack Vendor :STMicroelectronics X-CUBE-AZRTOS-F7 1.1.0
2026-05-09 20:16:47,914 [INFO] ThirdParty:1030 - CMSIS Pack Vendor :STMicroelectronics X-CUBE-AZRTOS-L5 2.0.0
2026-05-09 20:16:47,914 [INFO] ThirdParty:1030 - CMSIS Pack Vendor :STMicroelectronics USB_DEVICE 2.0.0
2026-05-09 20:16:47,914 [INFO] ThirdParty:1030 - CMSIS Pack Vendor :STMicroelectronics X-CUBE-NFC6 3.1.0
2026-05-09 20:16:47,914 [INFO] ThirdParty:1030 - CMSIS Pack Vendor :STMicroelectronics FreeRTOS 0.0.1
2026-05-09 20:16:47,914 [INFO] ThirdParty:1030 - CMSIS Pack Vendor :STMicroelectronics X-CUBE-DPower 1.2.0
2026-05-09 20:16:47,914 [INFO] ThirdParty:1030 - CMSIS Pack Vendor :STMicroelectronics FP-SNS-FLIGHT1 5.0.2
2026-05-09 20:16:47,914 [INFO] ThirdParty:1030 - CMSIS Pack Vendor :STMicroelectronics X-CUBE-AI 9.0.0
2026-05-09 20:16:47,914 [INFO] ThirdParty:1030 - CMSIS Pack Vendor :STMicroelectronics PDM2PCM 3.3.0
2026-05-09 20:16:47,914 [INFO] ThirdParty:1030 - CMSIS Pack Vendor :STMicroelectronics X-CUBE-AZRTOS-H7 3.4.0
2026-05-09 20:16:47,914 [INFO] ThirdParty:1030 - CMSIS Pack Vendor :STMicroelectronics X-CUBE-DISPLAY 3.0.0
2026-05-09 20:16:47,914 [INFO] ThirdParty:1030 - CMSIS Pack Vendor :STMicroelectronics X-CUBE-GNSS1 7.1.1
2026-05-09 20:16:47,914 [INFO] ThirdParty:1030 - CMSIS Pack Vendor :STMicroelectronics X-CUBE-BLE1 7.0.0
2026-05-09 20:16:47,914 [INFO] ThirdParty:1030 - CMSIS Pack Vendor :STMicroelectronics X-CUBE-NFC10 1.0.0
2026-05-09 20:16:47,914 [INFO] ThirdParty:1030 - CMSIS Pack Vendor :STMicroelectronics X-CUBE-BLEMGR 4.0.0
2026-05-09 20:16:47,914 [INFO] ThirdParty:1030 - CMSIS Pack Vendor :STMicroelectronics X-CUBE-FREERTOS 1.3.1
2026-05-09 20:16:47,914 [INFO] ThirdParty:1030 - CMSIS Pack Vendor :STMicroelectronics HAL Drivers 0.0.0
2026-05-09 20:16:47,914 [INFO] ThirdParty:1030 - CMSIS Pack Vendor :emotas I-CUBE-CANOPEN 1.3.0
2026-05-09 20:16:47,914 [INFO] ThirdParty:1030 - CMSIS Pack Vendor :STMicroelectronics X-CUBE-NFC7 1.0.1
2026-05-09 20:16:47,914 [INFO] ThirdParty:1030 - CMSIS Pack Vendor :STMicroelectronics MBEDTLS 2.14.1
2026-05-09 20:16:47,914 [INFO] ThirdParty:1030 - CMSIS Pack Vendor :STMicroelectronics X-CUBE-GNSS1 7.1.0
2026-05-09 20:16:47,914 [INFO] ThirdParty:1030 - CMSIS Pack Vendor :wolfSSL I-CUBE-wolfTPM 3.2.0
2026-05-09 20:16:47,915 [INFO] ThirdParty:1030 - CMSIS Pack Vendor :STMicroelectronics X-CUBE-TOUCHGFX 4.26.0
2026-05-09 20:16:47,915 [INFO] ThirdParty:1030 - CMSIS Pack Vendor :STMicroelectronics X-CUBE-TOUCHGFX 4.26.1
2026-05-09 20:16:47,915 [INFO] ThirdParty:1030 - CMSIS Pack Vendor :quantropi X-CUBE-qispace-sdk-base 2.0.0
2026-05-09 20:16:47,915 [INFO] ThirdParty:1030 - CMSIS Pack Vendor :STMicroelectronics X-CUBE-BLEMGR 3.1.0
2026-05-09 20:16:47,915 [INFO] ThirdParty:1030 - CMSIS Pack Vendor :STMicroelectronics X-CUBE-AI 10.0.0
2026-05-09 20:16:47,915 [INFO] ThirdParty:1030 - CMSIS Pack Vendor :STMicroelectronics FP-SNS-SMARTAG2 1.2.0
2026-05-09 20:16:47,915 [INFO] ThirdParty:1030 - CMSIS Pack Vendor :STMicroelectronics X-CUBE-AZRTOS-WL 2.0.0
2026-05-09 20:16:47,915 [INFO] ThirdParty:1030 - CMSIS Pack Vendor :STMicroelectronics X-CUBE-DPower 1.3.0
2026-05-09 20:16:47,915 [INFO] ThirdParty:1030 - CMSIS Pack Vendor :STMicroelectronics FP-SNS-MOTENV1 5.0.0
2026-05-09 20:16:47,915 [INFO] ThirdParty:1030 - CMSIS Pack Vendor :STMicroelectronics USB_DEVICE 1.0.0
2026-05-09 20:16:47,915 [INFO] ThirdParty:1030 - CMSIS Pack Vendor :STMicroelectronics X-CUBE-AZRTOS-H7RS 1.2.0
2026-05-09 20:16:47,915 [INFO] ThirdParty:1030 - CMSIS Pack Vendor :wolfSSL I-CUBE-wolfMQTT 1.19.0
2026-05-09 20:16:47,915 [INFO] ThirdParty:1030 - CMSIS Pack Vendor :STMicroelectronics X-CUBE-AZRTOS-L4 2.0.0
2026-05-09 20:16:47,915 [INFO] ThirdParty:1030 - CMSIS Pack Vendor :STMicroelectronics ThreadX 0.0.2
2026-05-09 20:16:47,915 [INFO] ThirdParty:1030 - CMSIS Pack Vendor :WES I-CUBE-Cesium 1.3.0
2026-05-09 20:16:47,915 [INFO] ThirdParty:1030 - CMSIS Pack Vendor :STMicroelectronics lwIP 2.1.2
2026-05-09 20:16:47,915 [INFO] ThirdParty:1030 - CMSIS Pack Vendor :STMicroelectronics X-CUBE-SFXS2LP1 4.0.0
2026-05-09 20:16:47,915 [INFO] ThirdParty:1030 - CMSIS Pack Vendor :STMicroelectronics X-CUBE-BLE2 3.3.0
2026-05-09 20:16:47,915 [INFO] ThirdParty:1030 - CMSIS Pack Vendor :STMicroelectronics PDM2PCM 3.2.0
2026-05-09 20:16:47,915 [INFO] ThirdParty:1030 - CMSIS Pack Vendor :STMicroelectronics X-CUBE-WB05N 2.1.0
2026-05-09 20:16:47,915 [INFO] ThirdParty:1030 - CMSIS Pack Vendor :STMicroelectronics X-CUBE-AZRTOS-H7 3.3.0
2026-05-09 20:16:47,915 [INFO] ThirdParty:1030 - CMSIS Pack Vendor :STMicroelectronics X-CUBE-NFC9 1.0.0
2026-05-09 20:16:47,915 [INFO] ThirdParty:1030 - CMSIS Pack Vendor :STMicroelectronics X-CUBE-BLE1 7.1.0
2026-05-09 20:16:47,915 [INFO] ThirdParty:1030 - CMSIS Pack Vendor :STMicroelectronics USB_DEVICE 3.0.0
2026-05-09 20:16:47,915 [INFO] ThirdParty:1030 - CMSIS Pack Vendor :STMicroelectronics X-CUBE-TCPP 4.1.0
2026-05-09 20:16:47,915 [INFO] ThirdParty:1030 - CMSIS Pack Vendor :STMicroelectronics X-CUBE-EEPRMA1 5.2.0
2026-05-09 20:16:47,915 [INFO] ThirdParty:1030 - CMSIS Pack Vendor :STMicroelectronics X-CUBE-AZRTOS-WB 2.0.0
2026-05-09 20:16:47,915 [INFO] ThirdParty:1030 - CMSIS Pack Vendor :STMicroelectronics X-CUBE-GNSS1 7.0.1
2026-05-09 20:16:47,915 [INFO] ThirdParty:1030 - CMSIS Pack Vendor :STMicroelectronics X-CUBE-TOUCHGFX 4.25.0
2026-05-09 20:16:47,915 [INFO] ThirdParty:1030 - CMSIS Pack Vendor :STMicroelectronics X-CUBE-AI 10.1.0
2026-05-09 20:16:47,915 [INFO] ThirdParty:1030 - CMSIS Pack Vendor :STMicroelectronics FP-SNS-STBOX1 2.0.0
2026-05-09 20:16:47,915 [INFO] ThirdParty:1030 - CMSIS Pack Vendor :STMicroelectronics X-CUBE-MEMS1 12.0.0
2026-05-09 20:16:47,915 [INFO] ThirdParty:1030 - CMSIS Pack Vendor :STMicroelectronics X-CUBE-ALGOBUILD 1.3.0
2026-05-09 20:16:47,915 [INFO] ThirdParty:1030 - CMSIS Pack Vendor :STMicroelectronics X-CUBE-STSE01 2.0.0
2026-05-09 20:16:47,915 [INFO] ThirdParty:1030 - CMSIS Pack Vendor :STMicroelectronics X-CUBE-MEMS1 11.2.0
2026-05-09 20:16:47,915 [INFO] ThirdParty:1030 - CMSIS Pack Vendor :STMicroelectronics X-CUBE-AZRTOS-G0 1.1.0
2026-05-09 20:16:47,915 [INFO] ThirdParty:1030 - CMSIS Pack Vendor :STMicroelectronics X-CUBE-SAFEA1 1.2.2
2026-05-09 20:16:47,915 [INFO] ThirdParty:1030 - CMSIS Pack Vendor :STMicroelectronics X-CUBE-NFC4 3.0.0
2026-05-09 20:16:47,915 [INFO] ThirdParty:1030 - CMSIS Pack Vendor :STMicroelectronics X-CUBE-SUBG2 5.0.0
2026-05-09 20:16:47,915 [INFO] ThirdParty:1030 - CMSIS Pack Vendor :STMicroelectronics X-CUBE-AZRTOS-H7RS 1.1.0
2026-05-09 20:16:47,915 [INFO] ThirdParty:1030 - CMSIS Pack Vendor :STMicroelectronics STM32_WPAN 1.0.0
2026-05-09 20:16:47,915 [INFO] ThirdParty:1030 - CMSIS Pack Vendor :EmbeddedOffice I-CUBE-FS-RTOS 1.0.1
2026-05-09 20:16:47,915 [INFO] ThirdParty:1030 - CMSIS Pack Vendor :STMicroelectronics lwIP 2.0.3
2026-05-09 20:16:47,915 [INFO] ThirdParty:1030 - CMSIS Pack Vendor :Cesanta I-CUBE-Mongoose 7.13.0
2026-05-09 20:16:47,915 [INFO] ThirdParty:1030 - CMSIS Pack Vendor :STMicroelectronics USB_HOST 1.0.0
2026-05-09 20:16:47,915 [INFO] ThirdParty:1030 - CMSIS Pack Vendor :STMicroelectronics X-CUBE-AZRTOS-G4 2.0.0
2026-05-09 20:16:47,915 [INFO] ThirdParty:1030 - CMSIS Pack Vendor :STMicroelectronics X-CUBE-WB05N 2.0.0
2026-05-09 20:16:47,915 [INFO] ThirdParty:1030 - CMSIS Pack Vendor :STMicroelectronics PDM2PCM 3.1.0
2026-05-09 20:16:47,915 [INFO] ThirdParty:1030 - CMSIS Pack Vendor :STMicroelectronics X-CUBE-NFC7 2.0.0
2026-05-09 20:16:47,915 [INFO] ThirdParty:1030 - CMSIS Pack Vendor :RealThread X-CUBE-RT-Thread_Nano 4.1.1
2026-05-09 20:16:47,916 [INFO] ThirdParty:1030 - CMSIS Pack Vendor :wolfSSL I-CUBE-wolfSSL 5.7.0
2026-05-09 20:16:47,916 [INFO] ThirdParty:1030 - CMSIS Pack Vendor :STMicroelectronics FP-ATR-SIGFOX1 3.2.0
2026-05-09 20:16:47,916 [INFO] ThirdParty:1030 - CMSIS Pack Vendor :STMicroelectronics X-CUBE-ISPU 2.0.0
2026-05-09 20:16:47,916 [INFO] ThirdParty:1030 - CMSIS Pack Vendor :STMicroelectronics X-CUBE-EEPRMA1 5.1.0
2026-05-09 20:16:47,916 [INFO] ThirdParty:1030 - CMSIS Pack Vendor :STMicroelectronics MBEDTLS 2.16.2
2026-05-09 20:16:47,916 [INFO] ThirdParty:1030 - CMSIS Pack Vendor :STMicroelectronics X-CUBE-ALS 1.0.2
2026-05-09 20:16:47,916 [INFO] ThirdParty:1030 - CMSIS Pack Vendor :STMicroelectronics X-CUBE-MEMS1 10.0.0
2026-05-09 20:16:47,916 [INFO] ThirdParty:1030 - CMSIS Pack Vendor :STMicroelectronics X-CUBE-FREERTOS 1.1.0
2026-05-09 20:16:47,916 [INFO] ThirdParty:1030 - CMSIS Pack Vendor :STMicroelectronics X-CUBE-TOUCHGFX 4.24.0
2026-05-09 20:16:47,916 [INFO] ThirdParty:1030 - CMSIS Pack Vendor :ITTIA_DB I-CUBE-ITTIADB 8.9.0
2026-05-09 20:16:47,916 [INFO] ThirdParty:1030 - CMSIS Pack Vendor :STMicroelectronics X-CUBE-STSE01 1.0.0
2026-05-09 20:16:47,916 [INFO] ThirdParty:1030 - CMSIS Pack Vendor :portGmbH I-Cube-SoM-uGOAL 1.1.0
2026-05-09 20:16:47,916 [INFO] ThirdParty:1030 - CMSIS Pack Vendor :STMicroelectronics X-CUBE-ALS 1.0.1
2026-05-09 20:16:47,916 [INFO] ThirdParty:1030 - CMSIS Pack Vendor :STMicroelectronics X-CUBE-NFC6 3.2.0
2026-05-09 20:16:47,916 [INFO] ThirdParty:1030 - CMSIS Pack Vendor :STMicroelectronics X-CUBE-AI 10.2.0
2026-05-09 20:16:47,916 [INFO] ThirdParty:1030 - CMSIS Pack Vendor :STMicroelectronics ThreadX 1.0.0
2026-05-09 20:16:47,916 [INFO] ThirdParty:1030 - CMSIS Pack Vendor :STMicroelectronics X-CUBE-MEMS1 12.1.0
2026-05-09 20:16:47,916 [INFO] ThirdParty:1030 - CMSIS Pack Vendor :SEGGER I-CUBE-embOS 1.3.1
2026-05-09 20:16:47,916 [INFO] ThirdParty:1030 - CMSIS Pack Vendor :STMicroelectronics X-CUBE-ALGOBUILD 1.4.0
2026-05-09 20:16:47,916 [INFO] ThirdParty:1030 - CMSIS Pack Vendor :STMicroelectronics X-CUBE-MEMS1 11.3.0
2026-05-09 20:16:47,916 [INFO] ThirdParty:1030 - CMSIS Pack Vendor :STMicroelectronics X-CUBE-AZRTOS-H7RS 1.0.0
2026-05-09 20:16:47,916 [INFO] ThirdParty:1030 - CMSIS Pack Vendor :STMicroelectronics FP-ATR-ASTRA1 2.0.0
2026-05-09 20:16:47,916 [INFO] ThirdParty:1030 - CMSIS Pack Vendor :STMicroelectronics X-CUBE-TOF1 3.4.2
2026-05-09 20:16:47,916 [INFO] ThirdParty:1030 - CMSIS Pack Vendor :STMicroelectronics X-CUBE-TOF1 3.4.1
2026-05-09 20:16:47,916 [INFO] ThirdParty:1030 - CMSIS Pack Vendor :STMicroelectronics X-CUBE-AZRTOS-H7 3.2.0
2026-05-09 20:16:47,916 [INFO] ThirdParty:1030 - CMSIS Pack Vendor :Infineon AIROC-Wi-Fi-Bluetooth-STM32 1.6.0
2026-05-09 20:16:47,916 [INFO] ThirdParty:1030 - CMSIS Pack Vendor :wolfSSL I-CUBE-wolfSSH 1.4.17
2026-05-09 20:16:47,916 [INFO] ThirdParty:841 - exiting critical section [change project]
2026-05-09 20:16:48,739 [INFO] PinOutPanel:1561 - setPackage(No Configuration,No Configuration)
2026-05-09 20:16:48,743 [INFO] PinOutPanel:1561 - setPackage(STM32F446RETx,LQFP64)
2026-05-09 20:16:50,044 [INFO] UtilMem:75 - Before build in PCC Used Memory: 866847624 Bytes (1073741824)
2026-05-09 20:16:53,714 [INFO] UtilMem:75 - After build in PCC Used Memory: 893246008 Bytes (1073741824)
2026-05-09 20:16:53,775 [INFO] IPUIPlugin:80 - create IPUIPlugin
2026-05-09 20:16:53,775 [INFO] IPUIPlugin:80 - create IPUIPlugin
2026-05-09 20:16:53,775 [INFO] IPUIPlugin:80 - create IPUIPlugin
2026-05-09 20:16:53,775 [INFO] IPUIPlugin:80 - create IPUIPlugin
2026-05-09 20:16:53,775 [INFO] IPUIPlugin:80 - create IPUIPlugin
2026-05-09 20:16:53,776 [INFO] IPUIPlugin:80 - create IPUIPlugin
2026-05-09 20:16:53,776 [INFO] IPUIPlugin:80 - create IPUIPlugin
2026-05-09 20:16:53,776 [INFO] IPUIPlugin:80 - create IPUIPlugin
2026-05-09 20:16:53,776 [INFO] IPUIPlugin:80 - create IPUIPlugin
2026-05-09 20:16:53,776 [INFO] IPUIPlugin:80 - create IPUIPlugin
2026-05-09 20:16:53,776 [INFO] IPUIPlugin:80 - create IPUIPlugin
2026-05-09 20:16:53,776 [INFO] IPUIPlugin:80 - create IPUIPlugin
2026-05-09 20:16:53,776 [INFO] IPUIPlugin:80 - create IPUIPlugin
2026-05-09 20:16:53,777 [INFO] IPUIPlugin:80 - create IPUIPlugin
2026-05-09 20:16:53,778 [INFO] IPUIPlugin:80 - create IPUIPlugin
2026-05-09 20:16:53,778 [INFO] IPUIPlugin:80 - create IPUIPlugin
2026-05-09 20:16:53,778 [INFO] IPUIPlugin:80 - create IPUIPlugin
2026-05-09 20:16:53,778 [INFO] IPUIPlugin:80 - create IPUIPlugin
2026-05-09 20:16:53,778 [INFO] IPUIPlugin:80 - create IPUIPlugin
2026-05-09 20:16:53,778 [INFO] IPUIPlugin:80 - create IPUIPlugin
2026-05-09 20:16:53,778 [INFO] IPUIPlugin:80 - create IPUIPlugin
2026-05-09 20:16:53,778 [INFO] IPUIPlugin:80 - create IPUIPlugin
2026-05-09 20:16:53,779 [INFO] IPUIPlugin:80 - create IPUIPlugin
2026-05-09 20:16:53,779 [INFO] IPUIPlugin:80 - create IPUIPlugin
2026-05-09 20:16:53,779 [INFO] IPUIPlugin:80 - create IPUIPlugin
2026-05-09 20:16:53,779 [INFO] IPUIPlugin:80 - create IPUIPlugin
2026-05-09 20:16:53,779 [INFO] IPUIPlugin:80 - create IPUIPlugin
2026-05-09 20:16:53,780 [INFO] IPUIPlugin:80 - create IPUIPlugin
2026-05-09 20:16:53,780 [INFO] IPUIPlugin:80 - create IPUIPlugin
2026-05-09 20:16:53,780 [INFO] IPUIPlugin:80 - create IPUIPlugin
2026-05-09 20:16:53,780 [INFO] IPUIPlugin:80 - create IPUIPlugin
2026-05-09 20:16:53,780 [INFO] IPUIPlugin:80 - create IPUIPlugin
2026-05-09 20:16:53,781 [INFO] IPUIPlugin:80 - create IPUIPlugin
2026-05-09 20:16:53,781 [INFO] IPUIPlugin:80 - create IPUIPlugin
2026-05-09 20:16:53,781 [INFO] IPUIPlugin:80 - create IPUIPlugin
2026-05-09 20:16:53,781 [INFO] IPUIPlugin:80 - create IPUIPlugin
2026-05-09 20:16:53,781 [INFO] IPUIPlugin:80 - create IPUIPlugin
2026-05-09 20:16:53,782 [INFO] IPUIPlugin:80 - create IPUIPlugin
2026-05-09 20:16:53,782 [INFO] IPUIPlugin:80 - create IPUIPlugin
2026-05-09 20:16:53,782 [INFO] IPUIPlugin:80 - create IPUIPlugin
2026-05-09 20:16:53,782 [INFO] IPUIPlugin:80 - create IPUIPlugin
2026-05-09 20:16:53,783 [INFO] IPUIPlugin:80 - create IPUIPlugin
2026-05-09 20:16:53,783 [INFO] IPUIPlugin:80 - create IPUIPlugin
2026-05-09 20:16:53,783 [INFO] IPUIPlugin:80 - create IPUIPlugin
2026-05-09 20:16:53,783 [INFO] IPUIPlugin:80 - create IPUIPlugin
2026-05-09 20:16:53,783 [INFO] IPUIPlugin:80 - create IPUIPlugin
2026-05-09 20:16:53,784 [INFO] IPUIPlugin:80 - create IPUIPlugin
2026-05-09 20:16:53,784 [INFO] IPUIPlugin:80 - create IPUIPlugin
2026-05-09 20:16:53,784 [INFO] IPUIPlugin:80 - create IPUIPlugin
2026-05-09 20:16:53,785 [INFO] IPUIPlugin:80 - create IPUIPlugin
2026-05-09 20:16:53,785 [INFO] IPUIPlugin:80 - create IPUIPlugin
2026-05-09 20:16:53,785 [INFO] IPUIPlugin:80 - create IPUIPlugin
2026-05-09 20:16:53,786 [INFO] IPUIPlugin:80 - create IPUIPlugin
2026-05-09 20:16:53,786 [INFO] IPUIPlugin:80 - create IPUIPlugin
2026-05-09 20:16:53,786 [INFO] IPUIPlugin:80 - create IPUIPlugin
2026-05-09 20:16:53,786 [INFO] IPUIPlugin:80 - create IPUIPlugin
2026-05-09 20:16:53,786 [INFO] IPUIPlugin:80 - create IPUIPlugin
2026-05-09 20:16:53,788 [INFO] IPUIPlugin:80 - create IPUIPlugin
2026-05-09 20:16:53,789 [INFO] IPUIPlugin:80 - create IPUIPlugin
2026-05-09 20:16:53,789 [INFO] IPUIPlugin:80 - create IPUIPlugin
2026-05-09 20:16:55,572 [INFO] ApiDbMcu:508 - Load IP Config File for PDM2PCM
2026-05-09 20:16:56,697 [INFO] CADModel:165 - CPN selected for project levelSTM32F446RET6
2026-05-09 20:16:56,697 [INFO] CADModel:114 - Register for checkConnection events
2026-05-09 20:16:56,738 [INFO] OpenFileManager:343 - Restore cursor
2026-05-09 20:16:59,452 [INFO] UtilMem:75 - End SaveConfig() Used Memory: 932426376 Bytes (1073741824)
2026-05-09 20:16:59,595 [INFO] UtilMem:75 - End SaveConfig() Used Memory: 872201080 Bytes (1073741824)
2026-05-09 20:17:00,459 [INFO] BlockDiagram:2759 - set Specific Code input for plugin: SYS
2026-05-09 20:17:00,460 [INFO] BlockDiagram:2759 - set Specific Code input for plugin: RCC
2026-05-09 20:17:00,460 [INFO] BlockDiagram:2759 - set Specific Code input for plugin: NVIC
2026-05-09 20:17:00,460 [INFO] BlockDiagram:2759 - set Specific Code input for plugin: USART
2026-05-09 20:17:00,460 [INFO] BlockDiagram:2759 - set Specific Code input for plugin: GPIO
2026-05-09 20:17:00,461 [INFO] CodeGenerator:807 - code generatio: config db path: C:\ST\STM32CubeIDE_1.15.0\STM32CubeIDE\plugins\com.st.stm32cube.common.mx_6.11.0.202403141607\\db\
2026-05-09 20:17:01,084 [INFO] CodeEngine:255 - oldGeneratedFile, D:\WorkSpace\I2C_LLD\MXTmpFiles\license.tmp_save
2026-05-09 20:17:01,966 [INFO] CodeEngine:279 - Generated code: D:\WorkSpace\I2C_LLD\MXTmpFiles\license.tmp
2026-05-09 20:17:02,087 [INFO] CodeEngine:255 - oldGeneratedFile, D:\WorkSpace\I2C_LLD\MXTmpFiles\gpio.tmp_save
2026-05-09 20:17:02,461 [INFO] CodeEngine:279 - Generated code: D:\WorkSpace\I2C_LLD\MXTmpFiles\gpio.tmp
2026-05-09 20:17:02,763 [INFO] CodeEngine:255 - oldGeneratedFile, D:\WorkSpace\I2C_LLD\Core\Src\stm32f4xx_it.c_save
2026-05-09 20:17:02,962 [INFO] CodeEngine:279 - Generated code: D:\WorkSpace\I2C_LLD\Core\Src\stm32f4xx_it.c
2026-05-09 20:17:02,974 [INFO] CodeEngine:255 - oldGeneratedFile, D:\WorkSpace\I2C_LLD\Core\Inc\stm32f4xx_it.h_save
2026-05-09 20:17:03,068 [INFO] CodeEngine:279 - Generated code: D:\WorkSpace\I2C_LLD\Core\Inc\stm32f4xx_it.h
2026-05-09 20:17:03,107 [INFO] CodeEngine:255 - oldGeneratedFile, D:\WorkSpace\I2C_LLD\Core\Src\stm32f4xx_hal_msp.c_save
2026-05-09 20:17:03,326 [INFO] CodeEngine:279 - Generated code: D:\WorkSpace\I2C_LLD\Core\Src\stm32f4xx_hal_msp.c
2026-05-09 20:17:03,356 [INFO] CodeEngine:255 - oldGeneratedFile, D:\WorkSpace\I2C_LLD\MXTmpFiles\system.tmp_save
2026-05-09 20:17:03,452 [INFO] CodeEngine:279 - Generated code: D:\WorkSpace\I2C_LLD\MXTmpFiles\system.tmp
2026-05-09 20:17:03,474 [INFO] CodeEngine:311 - oldGeneratedFile, D:\WorkSpace\I2C_LLD\Core\Inc\stm32f4xx_hal_conf.h_save
2026-05-09 20:17:03,627 [INFO] CodeEngine:335 - Generated code: D:\WorkSpace\I2C_LLD\Core\Inc\stm32f4xx_hal_conf.h
2026-05-09 20:17:03,676 [WARN] IPConfigManager:2982 - Warning: the RefConfig PLL2P_FOR_MCO is not available in your config.xml file
2026-05-09 20:17:03,705 [INFO] CodeEngine:255 - oldGeneratedFile, D:\WorkSpace\I2C_LLD\Core\Inc\main.h_save
2026-05-09 20:17:03,835 [INFO] CodeEngine:279 - Generated code: D:\WorkSpace\I2C_LLD\Core\Inc\main.h
2026-05-09 20:17:03,848 [INFO] CodeEngine:255 - oldGeneratedFile, D:\WorkSpace\I2C_LLD\Core\Src\main.c_save
2026-05-09 20:17:03,982 [INFO] CodeEngine:279 - Generated code: D:\WorkSpace\I2C_LLD\Core\Src\main.c
2026-05-09 20:17:05,689 [INFO] ProjectBuilder:3163 - Time for Copy HAL[1] : 481mS.
2026-05-09 20:17:05,699 [INFO] ProjectBuilder:4736 - Project Generator version: 4.3.0-B58
2026-05-09 20:17:05,787 [INFO] ConfigFileManager:1503 - The Die is : DIE421
2026-05-09 20:17:05,846 [INFO] ApiDbMcu:508 - Load IP Config File for FATFS
2026-05-09 20:17:05,878 [INFO] ApiDbMcu:508 - Load IP Config File for FREERTOS
2026-05-09 20:17:05,892 [INFO] ApiDbMcu:508 - Load IP Config File for LIBJPEG
2026-05-09 20:17:05,916 [INFO] ApiDbMcu:508 - Load IP Config File for MBEDTLS
2026-05-09 20:17:05,936 [INFO] ApiDbMcu:508 - Load IP Config File for USB_DEVICE
2026-05-09 20:17:05,949 [INFO] ApiDbMcu:508 - Load IP Config File for USB_HOST
2026-05-09 20:17:06,849 [INFO] LogOutputStream:77 - [STDOUT_REDIRECT] 
2026-05-09 20:17:11,896 [INFO] ProjectBuilder:5002 - Time for Generating toolchain IDE Files: 6197mS.
2026-05-09 20:17:11,897 [INFO] ProjectBuilder:3034 - Time for Copy CMSIS : 0mS.
2026-05-09 20:17:11,899 [INFO] ProjectBuilder:3034 - Time for Copy CMSIS : 0mS.
2026-05-09 20:17:13,556 [INFO] McuFinderGlobals:76 - Set McuFinderConnectedMode to true
2026-05-09 20:17:13,562 [INFO] ApiDb:448 - Save user favorites file C:\Users\Aditya/.stm32cubeide/favorites.mcus.txt: 0 item(s)
2026-05-09 20:17:13,563 [INFO] ApiDb:452 - User favorites MCUs=[]
2026-05-09 20:17:13,567 [INFO] ApiDb:448 - Save user favorites file C:\Users\Aditya/.stm32cubeide/favorites.boards.txt: 0 item(s)
2026-05-09 20:17:13,567 [INFO] ApiDb:452 - User favorites Boards=[]
2026-05-09 20:18:05,713 [WARN] IP:2120 - I2C_Coeff_DF not found: check if there is a RefParameter without a condition.
2026-05-09 20:18:05,713 [WARN] IP:2120 - Analog_Filter not found: check if there is a RefParameter without a condition.
2026-05-09 20:18:05,795 [WARN] IP:2120 - I2C_Coeff_DF not found: check if there is a RefParameter without a condition.
2026-05-09 20:18:05,795 [WARN] IP:2120 - Analog_Filter not found: check if there is a RefParameter without a condition.
2026-05-09 20:18:05,795 [WARN] IP:2120 - I2C_Coeff_DF not found: check if there is a RefParameter without a condition.
2026-05-09 20:18:05,795 [WARN] IP:2120 - Analog_Filter not found: check if there is a RefParameter without a condition.
2026-05-09 20:18:05,993 [WARN] IP:2120 - I2C_Coeff_DF not found: check if there is a RefParameter without a condition.
2026-05-09 20:18:05,994 [WARN] IP:2120 - Analog_Filter not found: check if there is a RefParameter without a condition.
2026-05-09 20:18:05,996 [WARN] IP:2120 - I2C_Coeff_DF not found: check if there is a RefParameter without a condition.
2026-05-09 20:18:05,996 [WARN] IP:2120 - Analog_Filter not found: check if there is a RefParameter without a condition.
2026-05-09 20:18:09,591 [WARN] IP:2120 - I2C_Coeff_DF not found: check if there is a RefParameter without a condition.
2026-05-09 20:18:09,592 [WARN] IP:2120 - Analog_Filter not found: check if there is a RefParameter without a condition.
2026-05-09 20:18:19,439 [INFO] NvicIntPanel:101 - NVIC parent = com.st.microxplorer.plugins.ip.nvic.MultiNvicIntPanel[,0,0,450x123,layout=javax.swing.BoxLayout,alignmentX=0.0,alignmentY=0.0,border=,flags=9,maximumSize=,minimumSize=,preferredSize=]
2026-05-09 20:18:25,351 [WARN] IP:2120 - I2C_Coeff_DF not found: check if there is a RefParameter without a condition.
2026-05-09 20:18:25,351 [WARN] IP:2120 - Analog_Filter not found: check if there is a RefParameter without a condition.
2026-05-09 20:19:33,837 [WARN] IP:2120 - I2C_Coeff_DF not found: check if there is a RefParameter without a condition.
2026-05-09 20:19:33,837 [WARN] IP:2120 - Analog_Filter not found: check if there is a RefParameter without a condition.
2026-05-09 20:19:33,838 [WARN] IP:2120 - I2C_Coeff_DF not found: check if there is a RefParameter without a condition.
2026-05-09 20:19:33,838 [WARN] IP:2120 - Analog_Filter not found: check if there is a RefParameter without a condition.
2026-05-09 20:19:38,756 [WARN] IP:2120 - I2C_Coeff_DF not found: check if there is a RefParameter without a condition.
2026-05-09 20:19:38,756 [WARN] IP:2120 - Analog_Filter not found: check if there is a RefParameter without a condition.
2026-05-09 20:19:38,757 [WARN] IP:2120 - I2C_Coeff_DF not found: check if there is a RefParameter without a condition.
2026-05-09 20:19:38,757 [WARN] IP:2120 - Analog_Filter not found: check if there is a RefParameter without a condition.
2026-05-09 20:19:49,539 [WARN] IP:2120 - I2C_Coeff_DF not found: check if there is a RefParameter without a condition.
2026-05-09 20:19:49,541 [WARN] IP:2120 - Analog_Filter not found: check if there is a RefParameter without a condition.
2026-05-09 20:19:49,544 [WARN] IP:2120 - I2C_Coeff_DF not found: check if there is a RefParameter without a condition.
2026-05-09 20:19:49,544 [WARN] IP:2120 - Analog_Filter not found: check if there is a RefParameter without a condition.
2026-05-09 20:19:52,903 [WARN] IP:2120 - I2C_Coeff_DF not found: check if there is a RefParameter without a condition.
2026-05-09 20:19:52,903 [WARN] IP:2120 - Analog_Filter not found: check if there is a RefParameter without a condition.
2026-05-09 20:19:52,907 [WARN] IP:2120 - I2C_Coeff_DF not found: check if there is a RefParameter without a condition.
2026-05-09 20:19:52,907 [WARN] IP:2120 - Analog_Filter not found: check if there is a RefParameter without a condition.
2026-05-09 20:20:07,797 [WARN] IP:2120 - I2C_Coeff_DF not found: check if there is a RefParameter without a condition.
2026-05-09 20:20:07,797 [WARN] IP:2120 - Analog_Filter not found: check if there is a RefParameter without a condition.
2026-05-09 20:20:07,798 [WARN] IP:2120 - I2C_Coeff_DF not found: check if there is a RefParameter without a condition.
2026-05-09 20:20:07,798 [WARN] IP:2120 - Analog_Filter not found: check if there is a RefParameter without a condition.
2026-05-09 20:20:12,558 [WARN] IP:2120 - I2C_Coeff_DF not found: check if there is a RefParameter without a condition.
2026-05-09 20:20:12,558 [WARN] IP:2120 - Analog_Filter not found: check if there is a RefParameter without a condition.
2026-05-09 20:20:12,558 [WARN] IP:2120 - I2C_Coeff_DF not found: check if there is a RefParameter without a condition.
2026-05-09 20:20:12,558 [WARN] IP:2120 - Analog_Filter not found: check if there is a RefParameter without a condition.
2026-05-09 20:20:14,499 [WARN] IP:2120 - I2C_Coeff_DF not found: check if there is a RefParameter without a condition.
2026-05-09 20:20:14,500 [WARN] IP:2120 - Analog_Filter not found: check if there is a RefParameter without a condition.
2026-05-09 20:20:14,500 [WARN] IP:2120 - I2C_Coeff_DF not found: check if there is a RefParameter without a condition.
2026-05-09 20:20:14,500 [WARN] IP:2120 - Analog_Filter not found: check if there is a RefParameter without a condition.
2026-05-09 20:20:20,696 [WARN] IP:2120 - I2C_Coeff_DF not found: check if there is a RefParameter without a condition.
2026-05-09 20:20:20,696 [WARN] IP:2120 - Analog_Filter not found: check if there is a RefParameter without a condition.
2026-05-09 20:20:20,696 [WARN] IP:2120 - I2C_Coeff_DF not found: check if there is a RefParameter without a condition.
2026-05-09 20:20:20,696 [WARN] IP:2120 - Analog_Filter not found: check if there is a RefParameter without a condition.
2026-05-09 20:20:25,460 [WARN] IP:2120 - I2C_Coeff_DF not found: check if there is a RefParameter without a condition.
2026-05-09 20:20:25,460 [WARN] IP:2120 - Analog_Filter not found: check if there is a RefParameter without a condition.
2026-05-09 20:20:25,460 [WARN] IP:2120 - I2C_Coeff_DF not found: check if there is a RefParameter without a condition.
2026-05-09 20:20:25,460 [WARN] IP:2120 - Analog_Filter not found: check if there is a RefParameter without a condition.
2026-05-09 20:20:27,394 [WARN] IP:2120 - I2C_Coeff_DF not found: check if there is a RefParameter without a condition.
2026-05-09 20:20:27,394 [WARN] IP:2120 - Analog_Filter not found: check if there is a RefParameter without a condition.
2026-05-09 20:20:27,395 [WARN] IP:2120 - I2C_Coeff_DF not found: check if there is a RefParameter without a condition.
2026-05-09 20:20:27,395 [WARN] IP:2120 - Analog_Filter not found: check if there is a RefParameter without a condition.
2026-05-09 20:20:27,757 [WARN] IP:2120 - I2C_Coeff_DF not found: check if there is a RefParameter without a condition.
2026-05-09 20:20:27,757 [WARN] IP:2120 - Analog_Filter not found: check if there is a RefParameter without a condition.
2026-05-09 20:20:27,758 [WARN] IP:2120 - I2C_Coeff_DF not found: check if there is a RefParameter without a condition.
2026-05-09 20:20:27,758 [WARN] IP:2120 - Analog_Filter not found: check if there is a RefParameter without a condition.
2026-05-09 20:20:31,407 [WARN] IP:2120 - I2C_Coeff_DF not found: check if there is a RefParameter without a condition.
2026-05-09 20:20:31,407 [WARN] IP:2120 - Analog_Filter not found: check if there is a RefParameter without a condition.
2026-05-09 20:20:31,408 [WARN] IP:2120 - I2C_Coeff_DF not found: check if there is a RefParameter without a condition.
2026-05-09 20:20:31,408 [WARN] IP:2120 - Analog_Filter not found: check if there is a RefParameter without a condition.
2026-05-09 20:20:31,576 [WARN] IP:2120 - I2C_Coeff_DF not found: check if there is a RefParameter without a condition.
2026-05-09 20:20:31,576 [WARN] IP:2120 - Analog_Filter not found: check if there is a RefParameter without a condition.
2026-05-09 20:20:31,576 [WARN] IP:2120 - I2C_Coeff_DF not found: check if there is a RefParameter without a condition.
2026-05-09 20:20:31,576 [WARN] IP:2120 - Analog_Filter not found: check if there is a RefParameter without a condition.
2026-05-09 20:21:22,083 [INFO] UtilMem:75 - End SaveConfig() Used Memory: 920649000 Bytes (1073741824)
2026-05-09 20:21:23,279 [INFO] UtilMem:75 - End SaveConfig() Used Memory: 945288480 Bytes (1073741824)
2026-05-09 20:21:26,067 [INFO] UtilMem:75 - End SaveConfig() Used Memory: 809526200 Bytes (1073741824)
2026-05-09 20:21:26,629 [INFO] BlockDiagram:2759 - set Specific Code input for plugin: SYS
2026-05-09 20:21:26,629 [INFO] BlockDiagram:2759 - set Specific Code input for plugin: RCC
2026-05-09 20:21:26,629 [INFO] BlockDiagram:2759 - set Specific Code input for plugin: I2C
2026-05-09 20:21:26,629 [INFO] BlockDiagram:2759 - set Specific Code input for plugin: NVIC
2026-05-09 20:21:26,629 [INFO] BlockDiagram:2759 - set Specific Code input for plugin: USART
2026-05-09 20:21:26,629 [INFO] BlockDiagram:2759 - set Specific Code input for plugin: GPIO
2026-05-09 20:21:26,631 [INFO] CodeGenerator:807 - code generatio: config db path: C:\ST\STM32CubeIDE_1.15.0\STM32CubeIDE\plugins\com.st.stm32cube.common.mx_6.11.0.202403141607\\db\
2026-05-09 20:21:26,632 [WARN] IP:2120 - I2C_Coeff_DF not found: check if there is a RefParameter without a condition.
2026-05-09 20:21:26,632 [WARN] IP:2120 - Analog_Filter not found: check if there is a RefParameter without a condition.
2026-05-09 20:21:26,760 [INFO] CodeEngine:255 - oldGeneratedFile, D:\WorkSpace\I2C_LLD\MXTmpFiles\license.tmp_save
2026-05-09 20:21:26,914 [INFO] CodeEngine:279 - Generated code: D:\WorkSpace\I2C_LLD\MXTmpFiles\license.tmp
2026-05-09 20:21:26,930 [INFO] CodeEngine:255 - oldGeneratedFile, D:\WorkSpace\I2C_LLD\MXTmpFiles\gpio.tmp_save
2026-05-09 20:21:27,032 [INFO] CodeEngine:279 - Generated code: D:\WorkSpace\I2C_LLD\MXTmpFiles\gpio.tmp
2026-05-09 20:21:27,149 [INFO] CodeEngine:255 - oldGeneratedFile, D:\WorkSpace\I2C_LLD\Core\Src\stm32f4xx_it.c_save
2026-05-09 20:21:27,385 [INFO] CodeEngine:279 - Generated code: D:\WorkSpace\I2C_LLD\Core\Src\stm32f4xx_it.c
2026-05-09 20:21:27,403 [INFO] CodeEngine:255 - oldGeneratedFile, D:\WorkSpace\I2C_LLD\Core\Inc\stm32f4xx_it.h_save
2026-05-09 20:21:27,505 [INFO] CodeEngine:279 - Generated code: D:\WorkSpace\I2C_LLD\Core\Inc\stm32f4xx_it.h
2026-05-09 20:21:27,535 [INFO] CodeEngine:255 - oldGeneratedFile, D:\WorkSpace\I2C_LLD\Core\Src\stm32f4xx_hal_msp.c_save
2026-05-09 20:21:27,648 [INFO] CodeEngine:279 - Generated code: D:\WorkSpace\I2C_LLD\Core\Src\stm32f4xx_hal_msp.c
2026-05-09 20:21:27,651 [INFO] CodeEngine:255 - oldGeneratedFile, D:\WorkSpace\I2C_LLD\MXTmpFiles\system.tmp_save
2026-05-09 20:21:27,749 [INFO] CodeEngine:279 - Generated code: D:\WorkSpace\I2C_LLD\MXTmpFiles\system.tmp
2026-05-09 20:21:27,832 [INFO] CodeEngine:311 - oldGeneratedFile, D:\WorkSpace\I2C_LLD\Core\Inc\stm32f4xx_hal_conf.h_save
2026-05-09 20:21:27,923 [INFO] CodeEngine:335 - Generated code: D:\WorkSpace\I2C_LLD\Core\Inc\stm32f4xx_hal_conf.h
2026-05-09 20:21:27,952 [WARN] IPConfigManager:2982 - Warning: the RefConfig PLL2P_FOR_MCO is not available in your config.xml file
2026-05-09 20:21:27,984 [INFO] CodeEngine:255 - oldGeneratedFile, D:\WorkSpace\I2C_LLD\Core\Inc\main.h_save
2026-05-09 20:21:28,072 [INFO] CodeEngine:279 - Generated code: D:\WorkSpace\I2C_LLD\Core\Inc\main.h
2026-05-09 20:21:28,083 [INFO] CodeEngine:255 - oldGeneratedFile, D:\WorkSpace\I2C_LLD\Core\Src\main.c_save
2026-05-09 20:21:28,408 [INFO] CodeEngine:279 - Generated code: D:\WorkSpace\I2C_LLD\Core\Src\main.c
2026-05-09 20:21:28,807 [INFO] ProjectBuilder:3163 - Time for Copy HAL[1] : 202mS.
2026-05-09 20:21:28,809 [INFO] ProjectBuilder:4736 - Project Generator version: 4.3.0-B58
2026-05-09 20:21:28,897 [INFO] ConfigFileManager:1503 - The Die is : DIE421
2026-05-09 20:21:31,980 [INFO] ProjectBuilder:5002 - Time for Generating toolchain IDE Files: 3171mS.
2026-05-09 20:21:31,993 [INFO] ProjectBuilder:3034 - Time for Copy CMSIS : 10mS.
2026-05-09 20:21:32,001 [INFO] ProjectBuilder:3034 - Time for Copy CMSIS : 0mS.
2026-05-09 22:08:03,279 [INFO] MainUpdater:2873 - connection check result : 10
2026-05-09 22:08:03,279 [INFO] McuFinderGlobals:76 - Set McuFinderConnectedMode to true
2026-05-09 22:08:03,808 [INFO] ServerAccessManage:473 - Download File mcusAds.json._tmp_
2026-05-09 22:08:03,946 [INFO] LoadUrlFilesThread:156 - End of LoadUrlFiles Thread
2026-05-09 22:08:05,652 [INFO] ServerAccessManage:473 - Download File cube-finder-db.zip
2026-05-09 22:08:17,684 [INFO] FileExtend:240 - Unzip File : cube-finder-db.zip
2026-05-09 22:08:17,685 [INFO] FileExtend:255 - Standard Zip Deflate
2026-05-09 22:08:19,197 [INFO] LoadUrlFilesThread:156 - End of LoadUrlFiles Thread
2026-05-09 22:08:20,398 [INFO] ServerAccessManage:473 - Download File crdb.zip
2026-05-09 22:08:21,348 [INFO] FileExtend:240 - Unzip File : crdb.zip
2026-05-09 22:08:21,348 [INFO] FileExtend:255 - Standard Zip Deflate
2026-05-09 22:08:21,489 [INFO] LoadUrlFilesThread:156 - End of LoadUrlFiles Thread
2026-05-09 22:08:22,955 [INFO] ServerAccessManage:473 - Download File tutoVideoDB.zip
2026-05-09 22:08:22,995 [INFO] FileExtend:240 - Unzip File : tutoVideoDB.zip
2026-05-09 22:08:22,995 [INFO] FileExtend:255 - Standard Zip Deflate
2026-05-09 22:08:23,126 [INFO] LoadUrlFilesThread:156 - End of LoadUrlFiles Thread
2026-05-09 22:08:23,126 [WARN] DbFile:41 - Overriding database path with different value: C:\Users\Aditya\.stmcufinder\plugins\mcufinder/ => C:\Users\Aditya\.stmcufinder\plugins\mcufinder
2026-05-09 22:08:23,980 [ERROR] ServerAccessManage:1089 - Problem, file not found on Server
2026-05-09 22:08:23,982 [ERROR] ServerAccessManage:651 - Problem, file not found on Server : api_config.json.
2026-05-09 22:08:26,926 [INFO] LoadUrlFilesThread:156 - End of LoadUrlFiles Thread
2026-05-09 22:08:28,703 [INFO] DbMcusAds:53 - JSON generation date=Mon Apr 27 13:44:29 IST 2026 (1777277669577)
2026-05-09 22:08:28,714 [INFO] ApiDb:448 - Save user favorites file C:\Users\Aditya/.stm32cubeide/favorites.mcus.txt: 0 item(s)
2026-05-09 22:08:28,714 [INFO] ApiDb:452 - User favorites MCUs=[]
2026-05-09 22:08:28,732 [INFO] ApiDb:581 - Connected to CubeFinder SQLite database (C:\Users\Aditya\.stmcufinder\plugins\mcufinder\mcu\cube-finder-db.db)
2026-05-09 22:08:29,102 [INFO] ApiDb:668 - CubeFinder database Data Model version=2.1
2026-05-09 22:08:29,102 [INFO] ApiDb:669 - CubeFinder database Configuration version=3.0.42
2026-05-09 22:08:29,102 [INFO] ApiDb:670 - CubeFinder database generation date=2026-05-06 (1778060171)
2026-05-09 22:08:29,102 [INFO] ApiDb:671 - CubeFinder database FW Pack versions=[FP-ATR-ASTRA1_V2.0.0, FP-SNS-FLIGHT1_V5.1.0, FP-SNS-MOTENV1_V5.1.0, FP-SNS-MOTENVWB1_V1.5.0, FP-SNS-SMARTAG2_V1.2.0, FP-SNS-STBOX1_V2.1.0, STM32Cube_FW_C0_V1.4.0, STM32Cube_FW_F4_V1.28.3, STM32Cube_FW_F7_V1.17.4, STM32Cube_FW_G0_V1.6.3, STM32Cube_FW_G4_V1.6.2, STM32Cube_FW_H5_V1.6.0, STM32Cube_FW_H7RS_V1.3.0, STM32Cube_FW_H7_V1.13.0, STM32Cube_FW_L0_V1.12.2, STM32Cube_FW_L4_V1.18.2, STM32Cube_FW_L5_V1.6.0, STM32Cube_FW_N6_V1.3.0, STM32Cube_FW_U0_V1.3.0, STM32Cube_FW_U3_V1.3.0, STM32Cube_FW_U5_V1.8.0, STM32Cube_FW_WB0_V1.4.0, STM32Cube_FW_WBA_V1.9.0, STM32Cube_FW_WB_V1.24.0, STM32Cube_FW_WL3_V1.4.0, STM32Cube_FW_WL_V1.5.0, X-CUBE-ALGOBUILD_V1.4.0, X-CUBE-ALS_V1.0.2, X-CUBE-AZRTOS-F4_V1.1.0, X-CUBE-AZRTOS-F7_V1.1.0, X-CUBE-AZRTOS-G0_V1.1.0, X-CUBE-AZRTOS-G4_V2.0.0, X-CUBE-AZRTOS-H7RS_V1.1.0, X-CUBE-AZRTOS-H7_V3.5.0, X-CUBE-AZRTOS-L4_V2.0.0, X-CUBE-AZRTOS-L5_V2.0.0, X-CUBE-AZRTOS-WB_V2.0.0, X-CUBE-AZRTOS-WL_V2.0.0, X-CUBE-BLE1_V7.1.0, X-CUBE-BLE2_V3.3.0, X-CUBE-BLEMGR_V4.1.0, X-CUBE-EEPRMA1_V5.2.0, X-CUBE-FREERTOS_V1.5.0, X-CUBE-GNSS1_V6.0.0, X-CUBE-MEMS1_V12.0.0, X-CUBE-NFC4_V3.0.0, X-CUBE-NFC7_V2.0.0, X-CUBE-SFXS2LP1_V4.0.0, X-CUBE-ST67W61_V1.2.0, X-CUBE-SUBG2_V5.0.0, X-CUBE-TOF1_V3.4.3]
2026-05-09 22:08:31,981 [INFO] ApiDb:240 - Found 483 in-development CPN: [B-G473E-ZEST1S, B-WB1M-WPAN1, B-WL5M-SUBG1, NUCLEO-C031C6, NUCLEO-H503RB, NUCLEO-H533RE, NUCLEO-H563ZI, NUCLEO-H7S3L8, NUCLEO-U031R8, NUCLEO-U083RC, NUCLEO-U545RE-Q, NUCLEO-U5A5ZJ-Q, NUCLEO-WBA52CG, NUCLEO-WBA55CG, STEVAL-PROTEUS1, STEVAL-SMARTAG2, STEVAL-STWINBX1, STM320518-EVAL, STM32C0116-DK, STM32C011D6Y3TR, STM32C011D6Y6TR, STM32C011F4P3, STM32C011F4P6, STM32C011F4U3, STM32C011F4U6TR, STM32C011F6P3, STM32C011F6P6, STM32C011F6U3, STM32C011F6U6TR, STM32C011J4M3, STM32C011J4M6, STM32C011J6M3, STM32C011J6M6, STM32C0316-DK, STM32C031C4T3, STM32C031C4T6, STM32C031C4U3, STM32C031C4U6, STM32C031C6T3, STM32C031C6T6, STM32C031C6U3, STM32C031C6U6, STM32C031F4P3, STM32C031F4P6, STM32C031F6P3, STM32C031F6P6, STM32C031G4U3, STM32C031G4U6, STM32C031G6U3, STM32C031G6U6, STM32C031K4T3, STM32C031K4T6, STM32C031K4U3, STM32C031K4U6, STM32C031K6T3, STM32C031K6T6, STM32C031K6U3, STM32C031K6U6, STM32G071K8TXN, STM32G071K8UXN, STM32G081GBU6N, STM32G081KBT6N, STM32G081KBUXN, STM32G0B1CCT6N, STM32G0B1KCT6, STM32G0B1NEY6TR, STM32G0B1RCT6N, STM32G0C1CCT6, STM32G0C1CCT6N, STM32G0C1CCU6N, STM32G0C1CET6N, STM32G0C1CEU6N, STM32G0C1KCT6, STM32G0C1NEY6TR, STM32G0C1RCI6N, STM32G0C1RCT6N, STM32G0C1REI6N, STM32G0C1RET6N, STM32G0C1VCI6, STM32G0C1VEI6, STM32G471CCT6, STM32G471CCU6, STM32G471CET3, STM32G471CET6, STM32G471CEU3, STM32G471CEU6, STM32G471MCT6, STM32G471MET3, STM32G471MET6, STM32G471MEY6TR, STM32G471QCT6, STM32G471QET3, STM32G471RCT6, STM32G471RET3, STM32G471RET6, STM32G471VCH6, STM32G471VCI6, STM32G471VCT6, STM32G471VEH3, STM32G471VEH6, STM32G471VEI3, STM32G471VEI6, STM32G471VET3, STM32G471VET6, STM32G474CCT6, STM32H503CBT6, STM32H503CBU6, STM32H503EBY6TR, STM32H503KBU6, STM32H503RBT6, STM32H523CCT6, STM32H523CCU6, STM32H523CET6, STM32H523CEU6, STM32H523HEY6TR, STM32H523RCT6, STM32H523RET6, STM32H523VCI6, STM32H523VCT6, STM32H523VEI6, STM32H523VET6, STM32H523ZCJ6, STM32H523ZCT6, STM32H523ZEJ6, STM32H523ZET6, STM32H533CET6, STM32H533CEU6, STM32H533HEY6TR, STM32H533RET6, STM32H533VEI6, STM32H533VET6, STM32H533ZEJ6, STM32H533ZET6, STM32H562AGI6, STM32H562AII6, STM32H562IGK6, STM32H562IGT6, STM32H562IIK6, STM32H562IIT6, STM32H562RGT6, STM32H562RGV6, STM32H562RIT6, STM32H562RIV6, STM32H562VGT6, STM32H562VIT6, STM32H562ZGT6, STM32H562ZIT6, STM32H563AGI6, STM32H563AII3Q, STM32H563AII6, STM32H563IGK6, STM32H563IGT6, STM32H563IIK3Q, STM32H563IIK6, STM32H563IIT3Q, STM32H563IIT6, STM32H563MIY3QTR, STM32H563RGT6, STM32H563RGV6, STM32H563RIT6, STM32H563RIV6, STM32H563VGT6, STM32H563VIT3Q, STM32H563VIT6, STM32H563ZGT6, STM32H563ZIT3Q, STM32H563ZIT6, STM32H573AII3Q, STM32H573AII6, STM32H573I-DK, STM32H573IIK3Q, STM32H573IIK6, STM32H573IIT3Q, STM32H573IIT6, STM32H573MIY3QTR, STM32H573RIT6, STM32H573RIV6, STM32H573VIT3Q, STM32H573VIT6, STM32H573ZIT3Q, STM32H573ZIT6, STM32H7R3A8I6, STM32H7R3I8K6, STM32H7R3I8T6, STM32H7R3L8H6, STM32H7R3L8H6H, STM32H7R3R8V6, STM32H7R3V8H6, STM32H7R3V8T6, STM32H7R3V8Y6, STM32H7R3Z8J6, STM32H7R3Z8T6, STM32H7R7A8I6, STM32H7R7I8K6, STM32H7R7I8T6, STM32H7R7L8H6, STM32H7R7L8H6H, STM32H7R7Z8J6, STM32H7S3A8I6, STM32H7S3I8K6, STM32H7S3I8T6, STM32H7S3L8H6, STM32H7S3L8H6H, STM32H7S3R8V6, STM32H7S3V8H6, STM32H7S3V8T6, STM32H7S3V8Y6, STM32H7S3Z8J6, STM32H7S3Z8T6, STM32H7S78-DK, STM32H7S7A8I6, STM32H7S7I8K6, STM32H7S7I8T6, STM32H7S7L8H6, STM32H7S7L8H6H, STM32H7S7Z8J6, STM32L4R5QGI6STR, STM32MP131AAE3, STM32MP131AAF3, STM32MP131AAG3, STM32MP131CAE3, STM32MP131CAF3, STM32MP131CAG3, STM32MP131DAE7, STM32MP131DAF7, STM32MP131DAG7, STM32MP131FAE7, STM32MP131FAF7, STM32MP131FAG7, STM32MP133AAE3, STM32MP133AAF3, STM32MP133AAG3, STM32MP133CAE3, STM32MP133CAF3, STM32MP133CAG3, STM32MP133DAE7, STM32MP133DAF7, STM32MP133DAG7, STM32MP133FAE7, STM32MP133FAF7, STM32MP133FAG7, STM32MP135AAE3, STM32MP135AAF3, STM32MP135AAG3, STM32MP135CAE3, STM32MP135CAF3, STM32MP135CAG3, STM32MP135DAE7, STM32MP135DAF7, STM32MP135DAG7, STM32MP135F-DK, STM32MP135FAE7, STM32MP135FAF7, STM32MP135FAF7T, STM32MP135FAF7U, STM32MP135FAG7, STM32U031C6T6, STM32U031C6U6, STM32U031C8T6, STM32U031C8U6, STM32U031F4P6, STM32U031F6P6, STM32U031F8P6, STM32U031G6Y6TR, STM32U031G8Y6TR, STM32U031K4U6, STM32U031K6U6, STM32U031K8U6, STM32U031R6I6, STM32U031R6T6, STM32U031R8I6, STM32U031R8T6, STM32U073C8T6, STM32U073C8U6, STM32U073CBT6, STM32U073CBU6, STM32U073CCT6, STM32U073CCU6, STM32U073H8Y6TR, STM32U073HBY6TR, STM32U073HCY6TR, STM32U073K8U6, STM32U073KBU6, STM32U073KCU6, STM32U073M8I6, STM32U073M8T6, STM32U073MBI6, STM32U073MBT6, STM32U073MCI6, STM32U073MCT6, STM32U073R8I6, STM32U073R8T6, STM32U073RBI6, STM32U073RBT6, STM32U073RCI6, STM32U073RCT6, STM32U083C-DK, STM32U083CCT6, STM32U083CCU6, STM32U083HCY6TR, STM32U083KCU6, STM32U083MCI6, STM32U083MCT6, STM32U083RCI6, STM32U083RCT6, STM32U535CBT6, STM32U535CBT6Q, STM32U535CBU6, STM32U535CBU6Q, STM32U535CCT6, STM32U535CCT6Q, STM32U535CCU6, STM32U535CCU6Q, STM32U535CET6, STM32U535CET6Q, STM32U535CEU6, STM32U535CEU6Q, STM32U535JEY6QTR, STM32U535NCY6QTR, STM32U535NEY6QTR, STM32U535RBI6, STM32U535RBI6Q, STM32U535RBT6, STM32U535RBT6Q, STM32U535RCI6, STM32U535RCI6Q, STM32U535RCT6, STM32U535RCT6Q, STM32U535REI6, STM32U535REI6Q, STM32U535RET6, STM32U535RET6Q, STM32U535VCI6, STM32U535VCI6Q, STM32U535VCT6, STM32U535VCT6Q, STM32U535VEI6, STM32U535VEI6Q, STM32U535VET6, STM32U535VET6Q, STM32U545CET6, STM32U545CET6Q, STM32U545CEU6, STM32U545CEU6Q, STM32U545JEY6QTR, STM32U545NEY6QTR, STM32U545REI6, STM32U545REI6Q, STM32U545RET6, STM32U545RET6Q, STM32U545VEI6, STM32U545VEI6Q, STM32U545VET6, STM32U545VET6Q, STM32U595AIH6, STM32U595AIH6Q, STM32U595AJH6, STM32U595AJH6Q, STM32U595QII6, STM32U595QII6Q, STM32U595QJI6, STM32U595QJI6Q, STM32U595RIT6, STM32U595RIT6Q, STM32U595RJT6, STM32U595RJT6Q, STM32U595VIT6, STM32U595VIT6Q, STM32U595VJT6, STM32U595VJT6Q, STM32U595ZIT6, STM32U595ZIT6Q, STM32U595ZIY6QTR, STM32U595ZJT6, STM32U595ZJT6Q, STM32U595ZJY6QTR, STM32U599BJY6QTR, STM32U599NIH6Q, STM32U599NJH6Q, STM32U599VIT6Q, STM32U599VJT6, STM32U599VJT6Q, STM32U599ZIT6Q, STM32U599ZIY6QTR, STM32U599ZJT6Q, STM32U599ZJY6QTR, STM32U5A5AJH6, STM32U5A5AJH6Q, STM32U5A5QII3Q , STM32U5A5QJI6, STM32U5A5QJI6Q, STM32U5A5RJT6, STM32U5A5RJT6Q, STM32U5A5VJT6, STM32U5A5VJT6Q, STM32U5A5ZJT6, STM32U5A5ZJT6Q, STM32U5A5ZJY6QTR, STM32U5A9BJY6QTR, STM32U5A9J-DK, STM32U5A9NJH6Q, STM32U5A9VJT6Q, STM32U5A9ZJT6Q, STM32U5A9ZJY6QTR, STM32U5F7VIT6, STM32U5F7VIT6Q, STM32U5F7VJT6, STM32U5F7VJT6Q, STM32U5F9BJY6QTR, STM32U5F9NJH6Q, STM32U5F9VIT6Q, STM32U5F9VJT6Q, STM32U5F9ZIJ6QTR, STM32U5F9ZIT6Q, STM32U5F9ZJJ6QTR, STM32U5F9ZJT6Q, STM32U5G7VJT6, STM32U5G7VJT6Q, STM32U5G9BJY6QTR, STM32U5G9J-DK1, STM32U5G9J-DK2, STM32U5G9NJH6Q, STM32U5G9VJT6Q, STM32U5G9ZJJ6QTR, STM32U5G9ZJT6Q, STM32WB1MMCH6, STM32WBA50KEU6, STM32WBA50KEU6TR, STM32WBA50KGU6, STM32WBA50KGU6TR, STM32WBA52CEU6, STM32WBA52CEU6TR, STM32WBA52CEU7, STM32WBA52CEU7TR, STM32WBA52CGU6, STM32WBA52CGU6TR, STM32WBA52CGU6U, STM32WBA52CGU7, STM32WBA52CGU7TR, STM32WBA52KEU6, STM32WBA52KEU6TR, STM32WBA52KGU6, STM32WBA52KGU6TR, STM32WBA54CEU6, STM32WBA54CEU6TR, STM32WBA54CEU7, STM32WBA54CEU7TR, STM32WBA54CGU6, STM32WBA54CGU6TR, STM32WBA54CGU7, STM32WBA54CGU7TR, STM32WBA54KEU6, STM32WBA54KEU6TR, STM32WBA54KEU7, STM32WBA54KEU7TR, STM32WBA54KGU6, STM32WBA54KGU6TR, STM32WBA54KGU7, STM32WBA54KGU7TR, STM32WBA55CEU6, STM32WBA55CEU6TR, STM32WBA55CEU7, STM32WBA55CEU7TR, STM32WBA55CGU6, STM32WBA55CGU6TR, STM32WBA55CGU6U, STM32WBA55CGU7, STM32WBA55CGU7TR, STM32WBA55G-DK1, STM32WBA55HEF6, STM32WBA55HEF7, STM32WBA55HGF6, STM32WBA55HGF7, STM32WBA55UEI6, STM32WBA55UEI6TR, STM32WBA55UEI7, STM32WBA55UEI7TR, STM32WBA55UGI6, STM32WBA55UGI6TR, STM32WBA55UGI7, STM32WBA55UGI7TR, STM32WL5MOCH6, STM32WL5MOCH6TR]
2026-05-09 22:08:31,988 [INFO] DbMcus:218 - Found 5076 MCUs, 4958 are supported
2026-05-09 22:08:31,990 [INFO] ApiDb:423 - Load user favorites file C:\Users\Aditya/.stm32cubeide/favorites.mcus.txt: 0 item(s)
2026-05-09 22:08:31,990 [INFO] ApiDb:427 - User favorites MCUs=[]
2026-05-09 22:08:31,990 [INFO] DbMcus:224 - Set 0 / 0 favorites MCUs
2026-05-09 22:08:32,630 [INFO] ApiDb:448 - Save user favorites file C:\Users\Aditya/.stm32cubeide/favorites.boards.txt: 0 item(s)
2026-05-09 22:08:32,630 [INFO] ApiDb:452 - User favorites Boards=[]
2026-05-09 22:08:32,631 [INFO] ApiDb:581 - Connected to CubeFinder SQLite database (C:\Users\Aditya\.stmcufinder\plugins\mcufinder\mcu\cube-finder-db.db)
2026-05-09 22:08:32,704 [INFO] ApiDb:668 - CubeFinder database Data Model version=2.1
2026-05-09 22:08:32,704 [INFO] ApiDb:669 - CubeFinder database Configuration version=3.0.42
2026-05-09 22:08:32,704 [INFO] ApiDb:670 - CubeFinder database generation date=2026-05-06 (1778060171)
2026-05-09 22:08:32,704 [INFO] ApiDb:671 - CubeFinder database FW Pack versions=[FP-ATR-ASTRA1_V2.0.0, FP-SNS-FLIGHT1_V5.1.0, FP-SNS-MOTENV1_V5.1.0, FP-SNS-MOTENVWB1_V1.5.0, FP-SNS-SMARTAG2_V1.2.0, FP-SNS-STBOX1_V2.1.0, STM32Cube_FW_C0_V1.4.0, STM32Cube_FW_F4_V1.28.3, STM32Cube_FW_F7_V1.17.4, STM32Cube_FW_G0_V1.6.3, STM32Cube_FW_G4_V1.6.2, STM32Cube_FW_H5_V1.6.0, STM32Cube_FW_H7RS_V1.3.0, STM32Cube_FW_H7_V1.13.0, STM32Cube_FW_L0_V1.12.2, STM32Cube_FW_L4_V1.18.2, STM32Cube_FW_L5_V1.6.0, STM32Cube_FW_N6_V1.3.0, STM32Cube_FW_U0_V1.3.0, STM32Cube_FW_U3_V1.3.0, STM32Cube_FW_U5_V1.8.0, STM32Cube_FW_WB0_V1.4.0, STM32Cube_FW_WBA_V1.9.0, STM32Cube_FW_WB_V1.24.0, STM32Cube_FW_WL3_V1.4.0, STM32Cube_FW_WL_V1.5.0, X-CUBE-ALGOBUILD_V1.4.0, X-CUBE-ALS_V1.0.2, X-CUBE-AZRTOS-F4_V1.1.0, X-CUBE-AZRTOS-F7_V1.1.0, X-CUBE-AZRTOS-G0_V1.1.0, X-CUBE-AZRTOS-G4_V2.0.0, X-CUBE-AZRTOS-H7RS_V1.1.0, X-CUBE-AZRTOS-H7_V3.5.0, X-CUBE-AZRTOS-L4_V2.0.0, X-CUBE-AZRTOS-L5_V2.0.0, X-CUBE-AZRTOS-WB_V2.0.0, X-CUBE-AZRTOS-WL_V2.0.0, X-CUBE-BLE1_V7.1.0, X-CUBE-BLE2_V3.3.0, X-CUBE-BLEMGR_V4.1.0, X-CUBE-EEPRMA1_V5.2.0, X-CUBE-FREERTOS_V1.5.0, X-CUBE-GNSS1_V6.0.0, X-CUBE-MEMS1_V12.0.0, X-CUBE-NFC4_V3.0.0, X-CUBE-NFC7_V2.0.0, X-CUBE-SFXS2LP1_V4.0.0, X-CUBE-ST67W61_V1.2.0, X-CUBE-SUBG2_V5.0.0, X-CUBE-TOF1_V3.4.3]
2026-05-09 22:08:32,761 [INFO] DbBoardsSqlite:226 - include board P-NUCLEO-WB55-NUCLEO as a kit item of type 'Nucleo-64'
2026-05-09 22:08:32,762 [INFO] DbBoardsSqlite:226 - include board P-NUCLEO-WB55-USBDONGLE as a kit item of type 'Nucleo USB Dongle'
2026-05-09 22:08:32,762 [INFO] DbBoardsSqlite:226 - include board STEVAL-IDP005V1 as a kit item of type 'Evaluation Board'
2026-05-09 22:08:32,763 [INFO] DbBoardsSqlite:226 - include board STEVAL-IDP005V2 as a kit item of type 'Evaluation Board'
2026-05-09 22:08:32,834 [INFO] ApiDb:240 - Found 483 in-development CPN: [B-G473E-ZEST1S, B-WB1M-WPAN1, B-WL5M-SUBG1, NUCLEO-C031C6, NUCLEO-H503RB, NUCLEO-H533RE, NUCLEO-H563ZI, NUCLEO-H7S3L8, NUCLEO-U031R8, NUCLEO-U083RC, NUCLEO-U545RE-Q, NUCLEO-U5A5ZJ-Q, NUCLEO-WBA52CG, NUCLEO-WBA55CG, STEVAL-PROTEUS1, STEVAL-SMARTAG2, STEVAL-STWINBX1, STM320518-EVAL, STM32C0116-DK, STM32C011D6Y3TR, STM32C011D6Y6TR, STM32C011F4P3, STM32C011F4P6, STM32C011F4U3, STM32C011F4U6TR, STM32C011F6P3, STM32C011F6P6, STM32C011F6U3, STM32C011F6U6TR, STM32C011J4M3, STM32C011J4M6, STM32C011J6M3, STM32C011J6M6, STM32C0316-DK, STM32C031C4T3, STM32C031C4T6, STM32C031C4U3, STM32C031C4U6, STM32C031C6T3, STM32C031C6T6, STM32C031C6U3, STM32C031C6U6, STM32C031F4P3, STM32C031F4P6, STM32C031F6P3, STM32C031F6P6, STM32C031G4U3, STM32C031G4U6, STM32C031G6U3, STM32C031G6U6, STM32C031K4T3, STM32C031K4T6, STM32C031K4U3, STM32C031K4U6, STM32C031K6T3, STM32C031K6T6, STM32C031K6U3, STM32C031K6U6, STM32G071K8TXN, STM32G071K8UXN, STM32G081GBU6N, STM32G081KBT6N, STM32G081KBUXN, STM32G0B1CCT6N, STM32G0B1KCT6, STM32G0B1NEY6TR, STM32G0B1RCT6N, STM32G0C1CCT6, STM32G0C1CCT6N, STM32G0C1CCU6N, STM32G0C1CET6N, STM32G0C1CEU6N, STM32G0C1KCT6, STM32G0C1NEY6TR, STM32G0C1RCI6N, STM32G0C1RCT6N, STM32G0C1REI6N, STM32G0C1RET6N, STM32G0C1VCI6, STM32G0C1VEI6, STM32G471CCT6, STM32G471CCU6, STM32G471CET3, STM32G471CET6, STM32G471CEU3, STM32G471CEU6, STM32G471MCT6, STM32G471MET3, STM32G471MET6, STM32G471MEY6TR, STM32G471QCT6, STM32G471QET3, STM32G471RCT6, STM32G471RET3, STM32G471RET6, STM32G471VCH6, STM32G471VCI6, STM32G471VCT6, STM32G471VEH3, STM32G471VEH6, STM32G471VEI3, STM32G471VEI6, STM32G471VET3, STM32G471VET6, STM32G474CCT6, STM32H503CBT6, STM32H503CBU6, STM32H503EBY6TR, STM32H503KBU6, STM32H503RBT6, STM32H523CCT6, STM32H523CCU6, STM32H523CET6, STM32H523CEU6, STM32H523HEY6TR, STM32H523RCT6, STM32H523RET6, STM32H523VCI6, STM32H523VCT6, STM32H523VEI6, STM32H523VET6, STM32H523ZCJ6, STM32H523ZCT6, STM32H523ZEJ6, STM32H523ZET6, STM32H533CET6, STM32H533CEU6, STM32H533HEY6TR, STM32H533RET6, STM32H533VEI6, STM32H533VET6, STM32H533ZEJ6, STM32H533ZET6, STM32H562AGI6, STM32H562AII6, STM32H562IGK6, STM32H562IGT6, STM32H562IIK6, STM32H562IIT6, STM32H562RGT6, STM32H562RGV6, STM32H562RIT6, STM32H562RIV6, STM32H562VGT6, STM32H562VIT6, STM32H562ZGT6, STM32H562ZIT6, STM32H563AGI6, STM32H563AII3Q, STM32H563AII6, STM32H563IGK6, STM32H563IGT6, STM32H563IIK3Q, STM32H563IIK6, STM32H563IIT3Q, STM32H563IIT6, STM32H563MIY3QTR, STM32H563RGT6, STM32H563RGV6, STM32H563RIT6, STM32H563RIV6, STM32H563VGT6, STM32H563VIT3Q, STM32H563VIT6, STM32H563ZGT6, STM32H563ZIT3Q, STM32H563ZIT6, STM32H573AII3Q, STM32H573AII6, STM32H573I-DK, STM32H573IIK3Q, STM32H573IIK6, STM32H573IIT3Q, STM32H573IIT6, STM32H573MIY3QTR, STM32H573RIT6, STM32H573RIV6, STM32H573VIT3Q, STM32H573VIT6, STM32H573ZIT3Q, STM32H573ZIT6, STM32H7R3A8I6, STM32H7R3I8K6, STM32H7R3I8T6, STM32H7R3L8H6, STM32H7R3L8H6H, STM32H7R3R8V6, STM32H7R3V8H6, STM32H7R3V8T6, STM32H7R3V8Y6, STM32H7R3Z8J6, STM32H7R3Z8T6, STM32H7R7A8I6, STM32H7R7I8K6, STM32H7R7I8T6, STM32H7R7L8H6, STM32H7R7L8H6H, STM32H7R7Z8J6, STM32H7S3A8I6, STM32H7S3I8K6, STM32H7S3I8T6, STM32H7S3L8H6, STM32H7S3L8H6H, STM32H7S3R8V6, STM32H7S3V8H6, STM32H7S3V8T6, STM32H7S3V8Y6, STM32H7S3Z8J6, STM32H7S3Z8T6, STM32H7S78-DK, STM32H7S7A8I6, STM32H7S7I8K6, STM32H7S7I8T6, STM32H7S7L8H6, STM32H7S7L8H6H, STM32H7S7Z8J6, STM32L4R5QGI6STR, STM32MP131AAE3, STM32MP131AAF3, STM32MP131AAG3, STM32MP131CAE3, STM32MP131CAF3, STM32MP131CAG3, STM32MP131DAE7, STM32MP131DAF7, STM32MP131DAG7, STM32MP131FAE7, STM32MP131FAF7, STM32MP131FAG7, STM32MP133AAE3, STM32MP133AAF3, STM32MP133AAG3, STM32MP133CAE3, STM32MP133CAF3, STM32MP133CAG3, STM32MP133DAE7, STM32MP133DAF7, STM32MP133DAG7, STM32MP133FAE7, STM32MP133FAF7, STM32MP133FAG7, STM32MP135AAE3, STM32MP135AAF3, STM32MP135AAG3, STM32MP135CAE3, STM32MP135CAF3, STM32MP135CAG3, STM32MP135DAE7, STM32MP135DAF7, STM32MP135DAG7, STM32MP135F-DK, STM32MP135FAE7, STM32MP135FAF7, STM32MP135FAF7T, STM32MP135FAF7U, STM32MP135FAG7, STM32U031C6T6, STM32U031C6U6, STM32U031C8T6, STM32U031C8U6, STM32U031F4P6, STM32U031F6P6, STM32U031F8P6, STM32U031G6Y6TR, STM32U031G8Y6TR, STM32U031K4U6, STM32U031K6U6, STM32U031K8U6, STM32U031R6I6, STM32U031R6T6, STM32U031R8I6, STM32U031R8T6, STM32U073C8T6, STM32U073C8U6, STM32U073CBT6, STM32U073CBU6, STM32U073CCT6, STM32U073CCU6, STM32U073H8Y6TR, STM32U073HBY6TR, STM32U073HCY6TR, STM32U073K8U6, STM32U073KBU6, STM32U073KCU6, STM32U073M8I6, STM32U073M8T6, STM32U073MBI6, STM32U073MBT6, STM32U073MCI6, STM32U073MCT6, STM32U073R8I6, STM32U073R8T6, STM32U073RBI6, STM32U073RBT6, STM32U073RCI6, STM32U073RCT6, STM32U083C-DK, STM32U083CCT6, STM32U083CCU6, STM32U083HCY6TR, STM32U083KCU6, STM32U083MCI6, STM32U083MCT6, STM32U083RCI6, STM32U083RCT6, STM32U535CBT6, STM32U535CBT6Q, STM32U535CBU6, STM32U535CBU6Q, STM32U535CCT6, STM32U535CCT6Q, STM32U535CCU6, STM32U535CCU6Q, STM32U535CET6, STM32U535CET6Q, STM32U535CEU6, STM32U535CEU6Q, STM32U535JEY6QTR, STM32U535NCY6QTR, STM32U535NEY6QTR, STM32U535RBI6, STM32U535RBI6Q, STM32U535RBT6, STM32U535RBT6Q, STM32U535RCI6, STM32U535RCI6Q, STM32U535RCT6, STM32U535RCT6Q, STM32U535REI6, STM32U535REI6Q, STM32U535RET6, STM32U535RET6Q, STM32U535VCI6, STM32U535VCI6Q, STM32U535VCT6, STM32U535VCT6Q, STM32U535VEI6, STM32U535VEI6Q, STM32U535VET6, STM32U535VET6Q, STM32U545CET6, STM32U545CET6Q, STM32U545CEU6, STM32U545CEU6Q, STM32U545JEY6QTR, STM32U545NEY6QTR, STM32U545REI6, STM32U545REI6Q, STM32U545RET6, STM32U545RET6Q, STM32U545VEI6, STM32U545VEI6Q, STM32U545VET6, STM32U545VET6Q, STM32U595AIH6, STM32U595AIH6Q, STM32U595AJH6, STM32U595AJH6Q, STM32U595QII6, STM32U595QII6Q, STM32U595QJI6, STM32U595QJI6Q, STM32U595RIT6, STM32U595RIT6Q, STM32U595RJT6, STM32U595RJT6Q, STM32U595VIT6, STM32U595VIT6Q, STM32U595VJT6, STM32U595VJT6Q, STM32U595ZIT6, STM32U595ZIT6Q, STM32U595ZIY6QTR, STM32U595ZJT6, STM32U595ZJT6Q, STM32U595ZJY6QTR, STM32U599BJY6QTR, STM32U599NIH6Q, STM32U599NJH6Q, STM32U599VIT6Q, STM32U599VJT6, STM32U599VJT6Q, STM32U599ZIT6Q, STM32U599ZIY6QTR, STM32U599ZJT6Q, STM32U599ZJY6QTR, STM32U5A5AJH6, STM32U5A5AJH6Q, STM32U5A5QII3Q , STM32U5A5QJI6, STM32U5A5QJI6Q, STM32U5A5RJT6, STM32U5A5RJT6Q, STM32U5A5VJT6, STM32U5A5VJT6Q, STM32U5A5ZJT6, STM32U5A5ZJT6Q, STM32U5A5ZJY6QTR, STM32U5A9BJY6QTR, STM32U5A9J-DK, STM32U5A9NJH6Q, STM32U5A9VJT6Q, STM32U5A9ZJT6Q, STM32U5A9ZJY6QTR, STM32U5F7VIT6, STM32U5F7VIT6Q, STM32U5F7VJT6, STM32U5F7VJT6Q, STM32U5F9BJY6QTR, STM32U5F9NJH6Q, STM32U5F9VIT6Q, STM32U5F9VJT6Q, STM32U5F9ZIJ6QTR, STM32U5F9ZIT6Q, STM32U5F9ZJJ6QTR, STM32U5F9ZJT6Q, STM32U5G7VJT6, STM32U5G7VJT6Q, STM32U5G9BJY6QTR, STM32U5G9J-DK1, STM32U5G9J-DK2, STM32U5G9NJH6Q, STM32U5G9VJT6Q, STM32U5G9ZJJ6QTR, STM32U5G9ZJT6Q, STM32WB1MMCH6, STM32WBA50KEU6, STM32WBA50KEU6TR, STM32WBA50KGU6, STM32WBA50KGU6TR, STM32WBA52CEU6, STM32WBA52CEU6TR, STM32WBA52CEU7, STM32WBA52CEU7TR, STM32WBA52CGU6, STM32WBA52CGU6TR, STM32WBA52CGU6U, STM32WBA52CGU7, STM32WBA52CGU7TR, STM32WBA52KEU6, STM32WBA52KEU6TR, STM32WBA52KGU6, STM32WBA52KGU6TR, STM32WBA54CEU6, STM32WBA54CEU6TR, STM32WBA54CEU7, STM32WBA54CEU7TR, STM32WBA54CGU6, STM32WBA54CGU6TR, STM32WBA54CGU7, STM32WBA54CGU7TR, STM32WBA54KEU6, STM32WBA54KEU6TR, STM32WBA54KEU7, STM32WBA54KEU7TR, STM32WBA54KGU6, STM32WBA54KGU6TR, STM32WBA54KGU7, STM32WBA54KGU7TR, STM32WBA55CEU6, STM32WBA55CEU6TR, STM32WBA55CEU7, STM32WBA55CEU7TR, STM32WBA55CGU6, STM32WBA55CGU6TR, STM32WBA55CGU6U, STM32WBA55CGU7, STM32WBA55CGU7TR, STM32WBA55G-DK1, STM32WBA55HEF6, STM32WBA55HEF7, STM32WBA55HGF6, STM32WBA55HGF7, STM32WBA55UEI6, STM32WBA55UEI6TR, STM32WBA55UEI7, STM32WBA55UEI7TR, STM32WBA55UGI6, STM32WBA55UGI6TR, STM32WBA55UGI7, STM32WBA55UGI7TR, STM32WL5MOCH6, STM32WL5MOCH6TR]
2026-05-09 22:08:32,850 [INFO] BoardInfo:889 - No configuration file found for board B-WBA5M-WPAN
2026-05-09 22:08:32,851 [INFO] DbBoards:161 - Board is not supported: B-WBA5M-WPAN
2026-05-09 22:08:32,854 [INFO] BoardInfo:889 - No configuration file found for board NUCLEO-C051C8
2026-05-09 22:08:32,854 [INFO] DbBoards:161 - Board is not supported: NUCLEO-C051C8
2026-05-09 22:08:32,855 [INFO] BoardInfo:889 - No configuration file found for board NUCLEO-C071RB
2026-05-09 22:08:32,855 [INFO] DbBoards:161 - Board is not supported: NUCLEO-C071RB
2026-05-09 22:08:32,856 [INFO] BoardInfo:889 - No configuration file found for board NUCLEO-C092RC
2026-05-09 22:08:32,856 [INFO] DbBoards:161 - Board is not supported: NUCLEO-C092RC
2026-05-09 22:08:32,896 [INFO] BoardInfo:889 - No configuration file found for board NUCLEO-H5E5ZJ
2026-05-09 22:08:32,897 [INFO] DbBoards:161 - Board is not supported: NUCLEO-H5E5ZJ
2026-05-09 22:08:32,956 [INFO] BoardInfo:889 - No configuration file found for board NUCLEO-N657X0-Q
2026-05-09 22:08:32,956 [INFO] DbBoards:161 - Board is not supported: NUCLEO-N657X0-Q
2026-05-09 22:08:32,978 [INFO] BoardInfo:889 - No configuration file found for board NUCLEO-U385RG-Q
2026-05-09 22:08:32,979 [INFO] DbBoards:161 - Board is not supported: NUCLEO-U385RG-Q
2026-05-09 22:08:32,980 [INFO] BoardInfo:889 - No configuration file found for board NUCLEO-U3C5ZI-Q
2026-05-09 22:08:32,980 [INFO] DbBoards:161 - Board is not supported: NUCLEO-U3C5ZI-Q
2026-05-09 22:08:33,003 [INFO] BoardInfo:889 - No configuration file found for board NUCLEO-WB05KZ
2026-05-09 22:08:33,003 [INFO] DbBoards:161 - Board is not supported: NUCLEO-WB05KZ
2026-05-09 22:08:33,004 [INFO] BoardInfo:889 - No configuration file found for board NUCLEO-WB07CC
2026-05-09 22:08:33,005 [INFO] DbBoards:161 - Board is not supported: NUCLEO-WB07CC
2026-05-09 22:08:33,006 [INFO] BoardInfo:889 - No configuration file found for board NUCLEO-WB09KE
2026-05-09 22:08:33,006 [INFO] DbBoards:161 - Board is not supported: NUCLEO-WB09KE
2026-05-09 22:08:33,010 [INFO] BoardInfo:889 - No configuration file found for board NUCLEO-WBA25CE1
2026-05-09 22:08:33,010 [INFO] DbBoards:161 - Board is not supported: NUCLEO-WBA25CE1
2026-05-09 22:08:33,014 [INFO] BoardInfo:889 - No configuration file found for board NUCLEO-WBA65RI
2026-05-09 22:08:33,015 [INFO] DbBoards:161 - Board is not supported: NUCLEO-WBA65RI
2026-05-09 22:08:33,016 [INFO] BoardInfo:889 - No configuration file found for board NUCLEO-WL33CC1
2026-05-09 22:08:33,016 [INFO] DbBoards:161 - Board is not supported: NUCLEO-WL33CC1
2026-05-09 22:08:33,017 [INFO] BoardInfo:889 - No configuration file found for board NUCLEO-WL33CC2
2026-05-09 22:08:33,018 [INFO] DbBoards:161 - Board is not supported: NUCLEO-WL33CC2
2026-05-09 22:08:33,019 [INFO] BoardInfo:889 - No configuration file found for board NUCLEO-WL3RKB1
2026-05-09 22:08:33,019 [INFO] DbBoards:161 - Board is not supported: NUCLEO-WL3RKB1
2026-05-09 22:08:33,020 [INFO] BoardInfo:889 - No configuration file found for board NUCLEO-WL3RKB2
2026-05-09 22:08:33,020 [INFO] DbBoards:161 - Board is not supported: NUCLEO-WL3RKB2
2026-05-09 22:08:33,027 [INFO] BoardInfo:889 - No configuration file found for board P-NUCLEO-WB55
2026-05-09 22:08:33,027 [INFO] DbBoards:161 - Kit is not supported: P-NUCLEO-WB55
2026-05-09 22:08:33,033 [INFO] BoardInfo:889 - No configuration file found for board STEVAL-BFA001V1B
2026-05-09 22:08:33,033 [INFO] DbBoards:161 - Kit is not supported: STEVAL-BFA001V1B
2026-05-09 22:08:33,034 [INFO] BoardInfo:889 - No configuration file found for board STEVAL-BFA001V2B
2026-05-09 22:08:33,034 [INFO] DbBoards:161 - Kit is not supported: STEVAL-BFA001V2B
2026-05-09 22:08:33,493 [INFO] BoardInfo:889 - No configuration file found for board STM32H5F5J-DK
2026-05-09 22:08:33,497 [INFO] DbBoards:161 - Board is not supported: STM32H5F5J-DK
2026-05-09 22:08:33,818 [INFO] BoardInfo:889 - No configuration file found for board STM32MP215F-DK
2026-05-09 22:08:33,819 [INFO] DbBoards:161 - Board is not supported: STM32MP215F-DK
2026-05-09 22:08:33,821 [INFO] BoardInfo:889 - No configuration file found for board STM32MP257F-DK
2026-05-09 22:08:33,822 [INFO] DbBoards:161 - Board is not supported: STM32MP257F-DK
2026-05-09 22:08:33,824 [INFO] BoardInfo:889 - No configuration file found for board STM32MP257F-EV1
2026-05-09 22:08:33,825 [INFO] DbBoards:161 - Board is not supported: STM32MP257F-EV1
2026-05-09 22:08:33,827 [INFO] BoardInfo:889 - No configuration file found for board STM32N6570-DK
2026-05-09 22:08:33,828 [INFO] DbBoards:161 - Board is not supported: STM32N6570-DK
2026-05-09 22:08:33,850 [INFO] BoardInfo:889 - No configuration file found for board STM32WBA65I-DK1
2026-05-09 22:08:33,851 [INFO] DbBoards:161 - Board is not supported: STM32WBA65I-DK1
2026-05-09 22:08:33,851 [INFO] DbBoards:168 - Found 218 boards, 192 are supported
2026-05-09 22:08:33,851 [INFO] DbBoards:169 - Found 218 boards, 8 of them is supported for  Bsp
2026-05-09 22:08:33,860 [INFO] ApiDb:423 - Load user favorites file C:\Users\Aditya/.stm32cubeide/favorites.boards.txt: 0 item(s)
2026-05-09 22:08:33,860 [INFO] ApiDb:427 - User favorites Boards=[]
2026-05-09 22:08:33,861 [INFO] DbBoards:198 - Set 0 / 0 favorites Boards
2026-05-09 22:08:33,883 [ERROR] TargetSelectorAdapter:267 - Unable to refresh data
2026-05-09 22:08:34,076 [INFO] McuFinderGlobals:76 - Set McuFinderConnectedMode to true
2026-05-09 22:08:34,080 [INFO] MultiScanPanel:200 - Auto-refresh data requested => check proxy status ongoing
2026-05-09 22:08:34,080 [INFO] FinderPluginLoader:95 - Searching for filters in installed packs
2026-05-09 22:08:36,231 [INFO] LoadUrlFilesThread:185 - End of LoadServerUrlFiles without Thread
2026-05-09 22:08:36,231 [INFO] DetailPanel:341 - Set advertising image to C:/Users/Aditya/STM32Cube/Repository/\en.prom-stm32wba2-stm32-nucleo-board-0426.png
2026-05-09 22:08:42,613 [INFO] McuFinderGlobals:76 - Set McuFinderConnectedMode to true
2026-05-09 22:08:42,615 [INFO] ApiDb:448 - Save user favorites file C:\Users\Aditya/.stm32cubeide/favorites.mcus.txt: 0 item(s)
2026-05-09 22:08:42,615 [INFO] ApiDb:452 - User favorites MCUs=[]
2026-05-09 22:11:13,929 [INFO] MainUpdater:2873 - connection check result : 10
2026-05-09 22:11:13,930 [INFO] McuFinderGlobals:76 - Set McuFinderConnectedMode to true
2026-05-09 22:11:14,788 [INFO] ServerAccessManage:473 - Download File mcusAds.json._tmp_
2026-05-09 22:11:14,918 [INFO] LoadUrlFilesThread:156 - End of LoadUrlFiles Thread
2026-05-09 22:11:16,222 [INFO] ServerAccessManage:473 - Download File cube-finder-db.zip
2026-05-09 22:11:16,224 [ERROR] ServerAccessManage:651 - User Cancel Download : cube-finder-db.zip.
2026-05-09 22:11:16,325 [INFO] LoadUrlFilesThread:156 - End of LoadUrlFiles Thread
2026-05-09 22:11:18,737 [INFO] DbMcusAds:53 - JSON generation date=Mon Apr 27 13:44:29 IST 2026 (1777277669577)
2026-05-09 22:11:18,740 [INFO] ApiDb:448 - Save user favorites file C:\Users\Aditya/.stm32cubeide/favorites.mcus.txt: 0 item(s)
2026-05-09 22:11:18,740 [INFO] ApiDb:452 - User favorites MCUs=[]
2026-05-09 22:11:18,742 [INFO] ApiDb:581 - Connected to CubeFinder SQLite database (C:\Users\Aditya\.stmcufinder\plugins\mcufinder\mcu\cube-finder-db.db)
2026-05-09 22:11:18,798 [INFO] ApiDb:668 - CubeFinder database Data Model version=2.1
2026-05-09 22:11:18,798 [INFO] ApiDb:669 - CubeFinder database Configuration version=3.0.42
2026-05-09 22:11:18,798 [INFO] ApiDb:670 - CubeFinder database generation date=2026-05-06 (1778060171)
2026-05-09 22:11:18,798 [INFO] ApiDb:671 - CubeFinder database FW Pack versions=[FP-ATR-ASTRA1_V2.0.0, FP-SNS-FLIGHT1_V5.1.0, FP-SNS-MOTENV1_V5.1.0, FP-SNS-MOTENVWB1_V1.5.0, FP-SNS-SMARTAG2_V1.2.0, FP-SNS-STBOX1_V2.1.0, STM32Cube_FW_C0_V1.4.0, STM32Cube_FW_F4_V1.28.3, STM32Cube_FW_F7_V1.17.4, STM32Cube_FW_G0_V1.6.3, STM32Cube_FW_G4_V1.6.2, STM32Cube_FW_H5_V1.6.0, STM32Cube_FW_H7RS_V1.3.0, STM32Cube_FW_H7_V1.13.0, STM32Cube_FW_L0_V1.12.2, STM32Cube_FW_L4_V1.18.2, STM32Cube_FW_L5_V1.6.0, STM32Cube_FW_N6_V1.3.0, STM32Cube_FW_U0_V1.3.0, STM32Cube_FW_U3_V1.3.0, STM32Cube_FW_U5_V1.8.0, STM32Cube_FW_WB0_V1.4.0, STM32Cube_FW_WBA_V1.9.0, STM32Cube_FW_WB_V1.24.0, STM32Cube_FW_WL3_V1.4.0, STM32Cube_FW_WL_V1.5.0, X-CUBE-ALGOBUILD_V1.4.0, X-CUBE-ALS_V1.0.2, X-CUBE-AZRTOS-F4_V1.1.0, X-CUBE-AZRTOS-F7_V1.1.0, X-CUBE-AZRTOS-G0_V1.1.0, X-CUBE-AZRTOS-G4_V2.0.0, X-CUBE-AZRTOS-H7RS_V1.1.0, X-CUBE-AZRTOS-H7_V3.5.0, X-CUBE-AZRTOS-L4_V2.0.0, X-CUBE-AZRTOS-L5_V2.0.0, X-CUBE-AZRTOS-WB_V2.0.0, X-CUBE-AZRTOS-WL_V2.0.0, X-CUBE-BLE1_V7.1.0, X-CUBE-BLE2_V3.3.0, X-CUBE-BLEMGR_V4.1.0, X-CUBE-EEPRMA1_V5.2.0, X-CUBE-FREERTOS_V1.5.0, X-CUBE-GNSS1_V6.0.0, X-CUBE-MEMS1_V12.0.0, X-CUBE-NFC4_V3.0.0, X-CUBE-NFC7_V2.0.0, X-CUBE-SFXS2LP1_V4.0.0, X-CUBE-ST67W61_V1.2.0, X-CUBE-SUBG2_V5.0.0, X-CUBE-TOF1_V3.4.3]
2026-05-09 22:11:20,484 [INFO] ApiDb:240 - Found 483 in-development CPN: [B-G473E-ZEST1S, B-WB1M-WPAN1, B-WL5M-SUBG1, NUCLEO-C031C6, NUCLEO-H503RB, NUCLEO-H533RE, NUCLEO-H563ZI, NUCLEO-H7S3L8, NUCLEO-U031R8, NUCLEO-U083RC, NUCLEO-U545RE-Q, NUCLEO-U5A5ZJ-Q, NUCLEO-WBA52CG, NUCLEO-WBA55CG, STEVAL-PROTEUS1, STEVAL-SMARTAG2, STEVAL-STWINBX1, STM320518-EVAL, STM32C0116-DK, STM32C011D6Y3TR, STM32C011D6Y6TR, STM32C011F4P3, STM32C011F4P6, STM32C011F4U3, STM32C011F4U6TR, STM32C011F6P3, STM32C011F6P6, STM32C011F6U3, STM32C011F6U6TR, STM32C011J4M3, STM32C011J4M6, STM32C011J6M3, STM32C011J6M6, STM32C0316-DK, STM32C031C4T3, STM32C031C4T6, STM32C031C4U3, STM32C031C4U6, STM32C031C6T3, STM32C031C6T6, STM32C031C6U3, STM32C031C6U6, STM32C031F4P3, STM32C031F4P6, STM32C031F6P3, STM32C031F6P6, STM32C031G4U3, STM32C031G4U6, STM32C031G6U3, STM32C031G6U6, STM32C031K4T3, STM32C031K4T6, STM32C031K4U3, STM32C031K4U6, STM32C031K6T3, STM32C031K6T6, STM32C031K6U3, STM32C031K6U6, STM32G071K8TXN, STM32G071K8UXN, STM32G081GBU6N, STM32G081KBT6N, STM32G081KBUXN, STM32G0B1CCT6N, STM32G0B1KCT6, STM32G0B1NEY6TR, STM32G0B1RCT6N, STM32G0C1CCT6, STM32G0C1CCT6N, STM32G0C1CCU6N, STM32G0C1CET6N, STM32G0C1CEU6N, STM32G0C1KCT6, STM32G0C1NEY6TR, STM32G0C1RCI6N, STM32G0C1RCT6N, STM32G0C1REI6N, STM32G0C1RET6N, STM32G0C1VCI6, STM32G0C1VEI6, STM32G471CCT6, STM32G471CCU6, STM32G471CET3, STM32G471CET6, STM32G471CEU3, STM32G471CEU6, STM32G471MCT6, STM32G471MET3, STM32G471MET6, STM32G471MEY6TR, STM32G471QCT6, STM32G471QET3, STM32G471RCT6, STM32G471RET3, STM32G471RET6, STM32G471VCH6, STM32G471VCI6, STM32G471VCT6, STM32G471VEH3, STM32G471VEH6, STM32G471VEI3, STM32G471VEI6, STM32G471VET3, STM32G471VET6, STM32G474CCT6, STM32H503CBT6, STM32H503CBU6, STM32H503EBY6TR, STM32H503KBU6, STM32H503RBT6, STM32H523CCT6, STM32H523CCU6, STM32H523CET6, STM32H523CEU6, STM32H523HEY6TR, STM32H523RCT6, STM32H523RET6, STM32H523VCI6, STM32H523VCT6, STM32H523VEI6, STM32H523VET6, STM32H523ZCJ6, STM32H523ZCT6, STM32H523ZEJ6, STM32H523ZET6, STM32H533CET6, STM32H533CEU6, STM32H533HEY6TR, STM32H533RET6, STM32H533VEI6, STM32H533VET6, STM32H533ZEJ6, STM32H533ZET6, STM32H562AGI6, STM32H562AII6, STM32H562IGK6, STM32H562IGT6, STM32H562IIK6, STM32H562IIT6, STM32H562RGT6, STM32H562RGV6, STM32H562RIT6, STM32H562RIV6, STM32H562VGT6, STM32H562VIT6, STM32H562ZGT6, STM32H562ZIT6, STM32H563AGI6, STM32H563AII3Q, STM32H563AII6, STM32H563IGK6, STM32H563IGT6, STM32H563IIK3Q, STM32H563IIK6, STM32H563IIT3Q, STM32H563IIT6, STM32H563MIY3QTR, STM32H563RGT6, STM32H563RGV6, STM32H563RIT6, STM32H563RIV6, STM32H563VGT6, STM32H563VIT3Q, STM32H563VIT6, STM32H563ZGT6, STM32H563ZIT3Q, STM32H563ZIT6, STM32H573AII3Q, STM32H573AII6, STM32H573I-DK, STM32H573IIK3Q, STM32H573IIK6, STM32H573IIT3Q, STM32H573IIT6, STM32H573MIY3QTR, STM32H573RIT6, STM32H573RIV6, STM32H573VIT3Q, STM32H573VIT6, STM32H573ZIT3Q, STM32H573ZIT6, STM32H7R3A8I6, STM32H7R3I8K6, STM32H7R3I8T6, STM32H7R3L8H6, STM32H7R3L8H6H, STM32H7R3R8V6, STM32H7R3V8H6, STM32H7R3V8T6, STM32H7R3V8Y6, STM32H7R3Z8J6, STM32H7R3Z8T6, STM32H7R7A8I6, STM32H7R7I8K6, STM32H7R7I8T6, STM32H7R7L8H6, STM32H7R7L8H6H, STM32H7R7Z8J6, STM32H7S3A8I6, STM32H7S3I8K6, STM32H7S3I8T6, STM32H7S3L8H6, STM32H7S3L8H6H, STM32H7S3R8V6, STM32H7S3V8H6, STM32H7S3V8T6, STM32H7S3V8Y6, STM32H7S3Z8J6, STM32H7S3Z8T6, STM32H7S78-DK, STM32H7S7A8I6, STM32H7S7I8K6, STM32H7S7I8T6, STM32H7S7L8H6, STM32H7S7L8H6H, STM32H7S7Z8J6, STM32L4R5QGI6STR, STM32MP131AAE3, STM32MP131AAF3, STM32MP131AAG3, STM32MP131CAE3, STM32MP131CAF3, STM32MP131CAG3, STM32MP131DAE7, STM32MP131DAF7, STM32MP131DAG7, STM32MP131FAE7, STM32MP131FAF7, STM32MP131FAG7, STM32MP133AAE3, STM32MP133AAF3, STM32MP133AAG3, STM32MP133CAE3, STM32MP133CAF3, STM32MP133CAG3, STM32MP133DAE7, STM32MP133DAF7, STM32MP133DAG7, STM32MP133FAE7, STM32MP133FAF7, STM32MP133FAG7, STM32MP135AAE3, STM32MP135AAF3, STM32MP135AAG3, STM32MP135CAE3, STM32MP135CAF3, STM32MP135CAG3, STM32MP135DAE7, STM32MP135DAF7, STM32MP135DAG7, STM32MP135F-DK, STM32MP135FAE7, STM32MP135FAF7, STM32MP135FAF7T, STM32MP135FAF7U, STM32MP135FAG7, STM32U031C6T6, STM32U031C6U6, STM32U031C8T6, STM32U031C8U6, STM32U031F4P6, STM32U031F6P6, STM32U031F8P6, STM32U031G6Y6TR, STM32U031G8Y6TR, STM32U031K4U6, STM32U031K6U6, STM32U031K8U6, STM32U031R6I6, STM32U031R6T6, STM32U031R8I6, STM32U031R8T6, STM32U073C8T6, STM32U073C8U6, STM32U073CBT6, STM32U073CBU6, STM32U073CCT6, STM32U073CCU6, STM32U073H8Y6TR, STM32U073HBY6TR, STM32U073HCY6TR, STM32U073K8U6, STM32U073KBU6, STM32U073KCU6, STM32U073M8I6, STM32U073M8T6, STM32U073MBI6, STM32U073MBT6, STM32U073MCI6, STM32U073MCT6, STM32U073R8I6, STM32U073R8T6, STM32U073RBI6, STM32U073RBT6, STM32U073RCI6, STM32U073RCT6, STM32U083C-DK, STM32U083CCT6, STM32U083CCU6, STM32U083HCY6TR, STM32U083KCU6, STM32U083MCI6, STM32U083MCT6, STM32U083RCI6, STM32U083RCT6, STM32U535CBT6, STM32U535CBT6Q, STM32U535CBU6, STM32U535CBU6Q, STM32U535CCT6, STM32U535CCT6Q, STM32U535CCU6, STM32U535CCU6Q, STM32U535CET6, STM32U535CET6Q, STM32U535CEU6, STM32U535CEU6Q, STM32U535JEY6QTR, STM32U535NCY6QTR, STM32U535NEY6QTR, STM32U535RBI6, STM32U535RBI6Q, STM32U535RBT6, STM32U535RBT6Q, STM32U535RCI6, STM32U535RCI6Q, STM32U535RCT6, STM32U535RCT6Q, STM32U535REI6, STM32U535REI6Q, STM32U535RET6, STM32U535RET6Q, STM32U535VCI6, STM32U535VCI6Q, STM32U535VCT6, STM32U535VCT6Q, STM32U535VEI6, STM32U535VEI6Q, STM32U535VET6, STM32U535VET6Q, STM32U545CET6, STM32U545CET6Q, STM32U545CEU6, STM32U545CEU6Q, STM32U545JEY6QTR, STM32U545NEY6QTR, STM32U545REI6, STM32U545REI6Q, STM32U545RET6, STM32U545RET6Q, STM32U545VEI6, STM32U545VEI6Q, STM32U545VET6, STM32U545VET6Q, STM32U595AIH6, STM32U595AIH6Q, STM32U595AJH6, STM32U595AJH6Q, STM32U595QII6, STM32U595QII6Q, STM32U595QJI6, STM32U595QJI6Q, STM32U595RIT6, STM32U595RIT6Q, STM32U595RJT6, STM32U595RJT6Q, STM32U595VIT6, STM32U595VIT6Q, STM32U595VJT6, STM32U595VJT6Q, STM32U595ZIT6, STM32U595ZIT6Q, STM32U595ZIY6QTR, STM32U595ZJT6, STM32U595ZJT6Q, STM32U595ZJY6QTR, STM32U599BJY6QTR, STM32U599NIH6Q, STM32U599NJH6Q, STM32U599VIT6Q, STM32U599VJT6, STM32U599VJT6Q, STM32U599ZIT6Q, STM32U599ZIY6QTR, STM32U599ZJT6Q, STM32U599ZJY6QTR, STM32U5A5AJH6, STM32U5A5AJH6Q, STM32U5A5QII3Q , STM32U5A5QJI6, STM32U5A5QJI6Q, STM32U5A5RJT6, STM32U5A5RJT6Q, STM32U5A5VJT6, STM32U5A5VJT6Q, STM32U5A5ZJT6, STM32U5A5ZJT6Q, STM32U5A5ZJY6QTR, STM32U5A9BJY6QTR, STM32U5A9J-DK, STM32U5A9NJH6Q, STM32U5A9VJT6Q, STM32U5A9ZJT6Q, STM32U5A9ZJY6QTR, STM32U5F7VIT6, STM32U5F7VIT6Q, STM32U5F7VJT6, STM32U5F7VJT6Q, STM32U5F9BJY6QTR, STM32U5F9NJH6Q, STM32U5F9VIT6Q, STM32U5F9VJT6Q, STM32U5F9ZIJ6QTR, STM32U5F9ZIT6Q, STM32U5F9ZJJ6QTR, STM32U5F9ZJT6Q, STM32U5G7VJT6, STM32U5G7VJT6Q, STM32U5G9BJY6QTR, STM32U5G9J-DK1, STM32U5G9J-DK2, STM32U5G9NJH6Q, STM32U5G9VJT6Q, STM32U5G9ZJJ6QTR, STM32U5G9ZJT6Q, STM32WB1MMCH6, STM32WBA50KEU6, STM32WBA50KEU6TR, STM32WBA50KGU6, STM32WBA50KGU6TR, STM32WBA52CEU6, STM32WBA52CEU6TR, STM32WBA52CEU7, STM32WBA52CEU7TR, STM32WBA52CGU6, STM32WBA52CGU6TR, STM32WBA52CGU6U, STM32WBA52CGU7, STM32WBA52CGU7TR, STM32WBA52KEU6, STM32WBA52KEU6TR, STM32WBA52KGU6, STM32WBA52KGU6TR, STM32WBA54CEU6, STM32WBA54CEU6TR, STM32WBA54CEU7, STM32WBA54CEU7TR, STM32WBA54CGU6, STM32WBA54CGU6TR, STM32WBA54CGU7, STM32WBA54CGU7TR, STM32WBA54KEU6, STM32WBA54KEU6TR, STM32WBA54KEU7, STM32WBA54KEU7TR, STM32WBA54KGU6, STM32WBA54KGU6TR, STM32WBA54KGU7, STM32WBA54KGU7TR, STM32WBA55CEU6, STM32WBA55CEU6TR, STM32WBA55CEU7, STM32WBA55CEU7TR, STM32WBA55CGU6, STM32WBA55CGU6TR, STM32WBA55CGU6U, STM32WBA55CGU7, STM32WBA55CGU7TR, STM32WBA55G-DK1, STM32WBA55HEF6, STM32WBA55HEF7, STM32WBA55HGF6, STM32WBA55HGF7, STM32WBA55UEI6, STM32WBA55UEI6TR, STM32WBA55UEI7, STM32WBA55UEI7TR, STM32WBA55UGI6, STM32WBA55UGI6TR, STM32WBA55UGI7, STM32WBA55UGI7TR, STM32WL5MOCH6, STM32WL5MOCH6TR]
2026-05-09 22:11:20,486 [INFO] DbMcus:218 - Found 5076 MCUs, 4958 are supported
2026-05-09 22:11:20,486 [INFO] ApiDb:423 - Load user favorites file C:\Users\Aditya/.stm32cubeide/favorites.mcus.txt: 0 item(s)
2026-05-09 22:11:20,486 [INFO] ApiDb:427 - User favorites MCUs=[]
2026-05-09 22:11:20,486 [INFO] DbMcus:224 - Set 0 / 0 favorites MCUs
2026-05-09 22:11:20,847 [INFO] ApiDb:448 - Save user favorites file C:\Users\Aditya/.stm32cubeide/favorites.boards.txt: 0 item(s)
2026-05-09 22:11:20,847 [INFO] ApiDb:452 - User favorites Boards=[]
2026-05-09 22:11:20,848 [INFO] ApiDb:581 - Connected to CubeFinder SQLite database (C:\Users\Aditya\.stmcufinder\plugins\mcufinder\mcu\cube-finder-db.db)
2026-05-09 22:11:20,917 [INFO] ApiDb:668 - CubeFinder database Data Model version=2.1
2026-05-09 22:11:20,917 [INFO] ApiDb:669 - CubeFinder database Configuration version=3.0.42
2026-05-09 22:11:20,917 [INFO] ApiDb:670 - CubeFinder database generation date=2026-05-06 (1778060171)
2026-05-09 22:11:20,917 [INFO] ApiDb:671 - CubeFinder database FW Pack versions=[FP-ATR-ASTRA1_V2.0.0, FP-SNS-FLIGHT1_V5.1.0, FP-SNS-MOTENV1_V5.1.0, FP-SNS-MOTENVWB1_V1.5.0, FP-SNS-SMARTAG2_V1.2.0, FP-SNS-STBOX1_V2.1.0, STM32Cube_FW_C0_V1.4.0, STM32Cube_FW_F4_V1.28.3, STM32Cube_FW_F7_V1.17.4, STM32Cube_FW_G0_V1.6.3, STM32Cube_FW_G4_V1.6.2, STM32Cube_FW_H5_V1.6.0, STM32Cube_FW_H7RS_V1.3.0, STM32Cube_FW_H7_V1.13.0, STM32Cube_FW_L0_V1.12.2, STM32Cube_FW_L4_V1.18.2, STM32Cube_FW_L5_V1.6.0, STM32Cube_FW_N6_V1.3.0, STM32Cube_FW_U0_V1.3.0, STM32Cube_FW_U3_V1.3.0, STM32Cube_FW_U5_V1.8.0, STM32Cube_FW_WB0_V1.4.0, STM32Cube_FW_WBA_V1.9.0, STM32Cube_FW_WB_V1.24.0, STM32Cube_FW_WL3_V1.4.0, STM32Cube_FW_WL_V1.5.0, X-CUBE-ALGOBUILD_V1.4.0, X-CUBE-ALS_V1.0.2, X-CUBE-AZRTOS-F4_V1.1.0, X-CUBE-AZRTOS-F7_V1.1.0, X-CUBE-AZRTOS-G0_V1.1.0, X-CUBE-AZRTOS-G4_V2.0.0, X-CUBE-AZRTOS-H7RS_V1.1.0, X-CUBE-AZRTOS-H7_V3.5.0, X-CUBE-AZRTOS-L4_V2.0.0, X-CUBE-AZRTOS-L5_V2.0.0, X-CUBE-AZRTOS-WB_V2.0.0, X-CUBE-AZRTOS-WL_V2.0.0, X-CUBE-BLE1_V7.1.0, X-CUBE-BLE2_V3.3.0, X-CUBE-BLEMGR_V4.1.0, X-CUBE-EEPRMA1_V5.2.0, X-CUBE-FREERTOS_V1.5.0, X-CUBE-GNSS1_V6.0.0, X-CUBE-MEMS1_V12.0.0, X-CUBE-NFC4_V3.0.0, X-CUBE-NFC7_V2.0.0, X-CUBE-SFXS2LP1_V4.0.0, X-CUBE-ST67W61_V1.2.0, X-CUBE-SUBG2_V5.0.0, X-CUBE-TOF1_V3.4.3]
2026-05-09 22:11:20,955 [INFO] DbBoardsSqlite:226 - include board P-NUCLEO-WB55-NUCLEO as a kit item of type 'Nucleo-64'
2026-05-09 22:11:20,955 [INFO] DbBoardsSqlite:226 - include board P-NUCLEO-WB55-USBDONGLE as a kit item of type 'Nucleo USB Dongle'
2026-05-09 22:11:20,955 [INFO] DbBoardsSqlite:226 - include board STEVAL-IDP005V1 as a kit item of type 'Evaluation Board'
2026-05-09 22:11:20,955 [INFO] DbBoardsSqlite:226 - include board STEVAL-IDP005V2 as a kit item of type 'Evaluation Board'
2026-05-09 22:11:21,009 [INFO] ApiDb:240 - Found 483 in-development CPN: [B-G473E-ZEST1S, B-WB1M-WPAN1, B-WL5M-SUBG1, NUCLEO-C031C6, NUCLEO-H503RB, NUCLEO-H533RE, NUCLEO-H563ZI, NUCLEO-H7S3L8, NUCLEO-U031R8, NUCLEO-U083RC, NUCLEO-U545RE-Q, NUCLEO-U5A5ZJ-Q, NUCLEO-WBA52CG, NUCLEO-WBA55CG, STEVAL-PROTEUS1, STEVAL-SMARTAG2, STEVAL-STWINBX1, STM320518-EVAL, STM32C0116-DK, STM32C011D6Y3TR, STM32C011D6Y6TR, STM32C011F4P3, STM32C011F4P6, STM32C011F4U3, STM32C011F4U6TR, STM32C011F6P3, STM32C011F6P6, STM32C011F6U3, STM32C011F6U6TR, STM32C011J4M3, STM32C011J4M6, STM32C011J6M3, STM32C011J6M6, STM32C0316-DK, STM32C031C4T3, STM32C031C4T6, STM32C031C4U3, STM32C031C4U6, STM32C031C6T3, STM32C031C6T6, STM32C031C6U3, STM32C031C6U6, STM32C031F4P3, STM32C031F4P6, STM32C031F6P3, STM32C031F6P6, STM32C031G4U3, STM32C031G4U6, STM32C031G6U3, STM32C031G6U6, STM32C031K4T3, STM32C031K4T6, STM32C031K4U3, STM32C031K4U6, STM32C031K6T3, STM32C031K6T6, STM32C031K6U3, STM32C031K6U6, STM32G071K8TXN, STM32G071K8UXN, STM32G081GBU6N, STM32G081KBT6N, STM32G081KBUXN, STM32G0B1CCT6N, STM32G0B1KCT6, STM32G0B1NEY6TR, STM32G0B1RCT6N, STM32G0C1CCT6, STM32G0C1CCT6N, STM32G0C1CCU6N, STM32G0C1CET6N, STM32G0C1CEU6N, STM32G0C1KCT6, STM32G0C1NEY6TR, STM32G0C1RCI6N, STM32G0C1RCT6N, STM32G0C1REI6N, STM32G0C1RET6N, STM32G0C1VCI6, STM32G0C1VEI6, STM32G471CCT6, STM32G471CCU6, STM32G471CET3, STM32G471CET6, STM32G471CEU3, STM32G471CEU6, STM32G471MCT6, STM32G471MET3, STM32G471MET6, STM32G471MEY6TR, STM32G471QCT6, STM32G471QET3, STM32G471RCT6, STM32G471RET3, STM32G471RET6, STM32G471VCH6, STM32G471VCI6, STM32G471VCT6, STM32G471VEH3, STM32G471VEH6, STM32G471VEI3, STM32G471VEI6, STM32G471VET3, STM32G471VET6, STM32G474CCT6, STM32H503CBT6, STM32H503CBU6, STM32H503EBY6TR, STM32H503KBU6, STM32H503RBT6, STM32H523CCT6, STM32H523CCU6, STM32H523CET6, STM32H523CEU6, STM32H523HEY6TR, STM32H523RCT6, STM32H523RET6, STM32H523VCI6, STM32H523VCT6, STM32H523VEI6, STM32H523VET6, STM32H523ZCJ6, STM32H523ZCT6, STM32H523ZEJ6, STM32H523ZET6, STM32H533CET6, STM32H533CEU6, STM32H533HEY6TR, STM32H533RET6, STM32H533VEI6, STM32H533VET6, STM32H533ZEJ6, STM32H533ZET6, STM32H562AGI6, STM32H562AII6, STM32H562IGK6, STM32H562IGT6, STM32H562IIK6, STM32H562IIT6, STM32H562RGT6, STM32H562RGV6, STM32H562RIT6, STM32H562RIV6, STM32H562VGT6, STM32H562VIT6, STM32H562ZGT6, STM32H562ZIT6, STM32H563AGI6, STM32H563AII3Q, STM32H563AII6, STM32H563IGK6, STM32H563IGT6, STM32H563IIK3Q, STM32H563IIK6, STM32H563IIT3Q, STM32H563IIT6, STM32H563MIY3QTR, STM32H563RGT6, STM32H563RGV6, STM32H563RIT6, STM32H563RIV6, STM32H563VGT6, STM32H563VIT3Q, STM32H563VIT6, STM32H563ZGT6, STM32H563ZIT3Q, STM32H563ZIT6, STM32H573AII3Q, STM32H573AII6, STM32H573I-DK, STM32H573IIK3Q, STM32H573IIK6, STM32H573IIT3Q, STM32H573IIT6, STM32H573MIY3QTR, STM32H573RIT6, STM32H573RIV6, STM32H573VIT3Q, STM32H573VIT6, STM32H573ZIT3Q, STM32H573ZIT6, STM32H7R3A8I6, STM32H7R3I8K6, STM32H7R3I8T6, STM32H7R3L8H6, STM32H7R3L8H6H, STM32H7R3R8V6, STM32H7R3V8H6, STM32H7R3V8T6, STM32H7R3V8Y6, STM32H7R3Z8J6, STM32H7R3Z8T6, STM32H7R7A8I6, STM32H7R7I8K6, STM32H7R7I8T6, STM32H7R7L8H6, STM32H7R7L8H6H, STM32H7R7Z8J6, STM32H7S3A8I6, STM32H7S3I8K6, STM32H7S3I8T6, STM32H7S3L8H6, STM32H7S3L8H6H, STM32H7S3R8V6, STM32H7S3V8H6, STM32H7S3V8T6, STM32H7S3V8Y6, STM32H7S3Z8J6, STM32H7S3Z8T6, STM32H7S78-DK, STM32H7S7A8I6, STM32H7S7I8K6, STM32H7S7I8T6, STM32H7S7L8H6, STM32H7S7L8H6H, STM32H7S7Z8J6, STM32L4R5QGI6STR, STM32MP131AAE3, STM32MP131AAF3, STM32MP131AAG3, STM32MP131CAE3, STM32MP131CAF3, STM32MP131CAG3, STM32MP131DAE7, STM32MP131DAF7, STM32MP131DAG7, STM32MP131FAE7, STM32MP131FAF7, STM32MP131FAG7, STM32MP133AAE3, STM32MP133AAF3, STM32MP133AAG3, STM32MP133CAE3, STM32MP133CAF3, STM32MP133CAG3, STM32MP133DAE7, STM32MP133DAF7, STM32MP133DAG7, STM32MP133FAE7, STM32MP133FAF7, STM32MP133FAG7, STM32MP135AAE3, STM32MP135AAF3, STM32MP135AAG3, STM32MP135CAE3, STM32MP135CAF3, STM32MP135CAG3, STM32MP135DAE7, STM32MP135DAF7, STM32MP135DAG7, STM32MP135F-DK, STM32MP135FAE7, STM32MP135FAF7, STM32MP135FAF7T, STM32MP135FAF7U, STM32MP135FAG7, STM32U031C6T6, STM32U031C6U6, STM32U031C8T6, STM32U031C8U6, STM32U031F4P6, STM32U031F6P6, STM32U031F8P6, STM32U031G6Y6TR, STM32U031G8Y6TR, STM32U031K4U6, STM32U031K6U6, STM32U031K8U6, STM32U031R6I6, STM32U031R6T6, STM32U031R8I6, STM32U031R8T6, STM32U073C8T6, STM32U073C8U6, STM32U073CBT6, STM32U073CBU6, STM32U073CCT6, STM32U073CCU6, STM32U073H8Y6TR, STM32U073HBY6TR, STM32U073HCY6TR, STM32U073K8U6, STM32U073KBU6, STM32U073KCU6, STM32U073M8I6, STM32U073M8T6, STM32U073MBI6, STM32U073MBT6, STM32U073MCI6, STM32U073MCT6, STM32U073R8I6, STM32U073R8T6, STM32U073RBI6, STM32U073RBT6, STM32U073RCI6, STM32U073RCT6, STM32U083C-DK, STM32U083CCT6, STM32U083CCU6, STM32U083HCY6TR, STM32U083KCU6, STM32U083MCI6, STM32U083MCT6, STM32U083RCI6, STM32U083RCT6, STM32U535CBT6, STM32U535CBT6Q, STM32U535CBU6, STM32U535CBU6Q, STM32U535CCT6, STM32U535CCT6Q, STM32U535CCU6, STM32U535CCU6Q, STM32U535CET6, STM32U535CET6Q, STM32U535CEU6, STM32U535CEU6Q, STM32U535JEY6QTR, STM32U535NCY6QTR, STM32U535NEY6QTR, STM32U535RBI6, STM32U535RBI6Q, STM32U535RBT6, STM32U535RBT6Q, STM32U535RCI6, STM32U535RCI6Q, STM32U535RCT6, STM32U535RCT6Q, STM32U535REI6, STM32U535REI6Q, STM32U535RET6, STM32U535RET6Q, STM32U535VCI6, STM32U535VCI6Q, STM32U535VCT6, STM32U535VCT6Q, STM32U535VEI6, STM32U535VEI6Q, STM32U535VET6, STM32U535VET6Q, STM32U545CET6, STM32U545CET6Q, STM32U545CEU6, STM32U545CEU6Q, STM32U545JEY6QTR, STM32U545NEY6QTR, STM32U545REI6, STM32U545REI6Q, STM32U545RET6, STM32U545RET6Q, STM32U545VEI6, STM32U545VEI6Q, STM32U545VET6, STM32U545VET6Q, STM32U595AIH6, STM32U595AIH6Q, STM32U595AJH6, STM32U595AJH6Q, STM32U595QII6, STM32U595QII6Q, STM32U595QJI6, STM32U595QJI6Q, STM32U595RIT6, STM32U595RIT6Q, STM32U595RJT6, STM32U595RJT6Q, STM32U595VIT6, STM32U595VIT6Q, STM32U595VJT6, STM32U595VJT6Q, STM32U595ZIT6, STM32U595ZIT6Q, STM32U595ZIY6QTR, STM32U595ZJT6, STM32U595ZJT6Q, STM32U595ZJY6QTR, STM32U599BJY6QTR, STM32U599NIH6Q, STM32U599NJH6Q, STM32U599VIT6Q, STM32U599VJT6, STM32U599VJT6Q, STM32U599ZIT6Q, STM32U599ZIY6QTR, STM32U599ZJT6Q, STM32U599ZJY6QTR, STM32U5A5AJH6, STM32U5A5AJH6Q, STM32U5A5QII3Q , STM32U5A5QJI6, STM32U5A5QJI6Q, STM32U5A5RJT6, STM32U5A5RJT6Q, STM32U5A5VJT6, STM32U5A5VJT6Q, STM32U5A5ZJT6, STM32U5A5ZJT6Q, STM32U5A5ZJY6QTR, STM32U5A9BJY6QTR, STM32U5A9J-DK, STM32U5A9NJH6Q, STM32U5A9VJT6Q, STM32U5A9ZJT6Q, STM32U5A9ZJY6QTR, STM32U5F7VIT6, STM32U5F7VIT6Q, STM32U5F7VJT6, STM32U5F7VJT6Q, STM32U5F9BJY6QTR, STM32U5F9NJH6Q, STM32U5F9VIT6Q, STM32U5F9VJT6Q, STM32U5F9ZIJ6QTR, STM32U5F9ZIT6Q, STM32U5F9ZJJ6QTR, STM32U5F9ZJT6Q, STM32U5G7VJT6, STM32U5G7VJT6Q, STM32U5G9BJY6QTR, STM32U5G9J-DK1, STM32U5G9J-DK2, STM32U5G9NJH6Q, STM32U5G9VJT6Q, STM32U5G9ZJJ6QTR, STM32U5G9ZJT6Q, STM32WB1MMCH6, STM32WBA50KEU6, STM32WBA50KEU6TR, STM32WBA50KGU6, STM32WBA50KGU6TR, STM32WBA52CEU6, STM32WBA52CEU6TR, STM32WBA52CEU7, STM32WBA52CEU7TR, STM32WBA52CGU6, STM32WBA52CGU6TR, STM32WBA52CGU6U, STM32WBA52CGU7, STM32WBA52CGU7TR, STM32WBA52KEU6, STM32WBA52KEU6TR, STM32WBA52KGU6, STM32WBA52KGU6TR, STM32WBA54CEU6, STM32WBA54CEU6TR, STM32WBA54CEU7, STM32WBA54CEU7TR, STM32WBA54CGU6, STM32WBA54CGU6TR, STM32WBA54CGU7, STM32WBA54CGU7TR, STM32WBA54KEU6, STM32WBA54KEU6TR, STM32WBA54KEU7, STM32WBA54KEU7TR, STM32WBA54KGU6, STM32WBA54KGU6TR, STM32WBA54KGU7, STM32WBA54KGU7TR, STM32WBA55CEU6, STM32WBA55CEU6TR, STM32WBA55CEU7, STM32WBA55CEU7TR, STM32WBA55CGU6, STM32WBA55CGU6TR, STM32WBA55CGU6U, STM32WBA55CGU7, STM32WBA55CGU7TR, STM32WBA55G-DK1, STM32WBA55HEF6, STM32WBA55HEF7, STM32WBA55HGF6, STM32WBA55HGF7, STM32WBA55UEI6, STM32WBA55UEI6TR, STM32WBA55UEI7, STM32WBA55UEI7TR, STM32WBA55UGI6, STM32WBA55UGI6TR, STM32WBA55UGI7, STM32WBA55UGI7TR, STM32WL5MOCH6, STM32WL5MOCH6TR]
2026-05-09 22:11:21,019 [INFO] BoardInfo:889 - No configuration file found for board B-WBA5M-WPAN
2026-05-09 22:11:21,019 [INFO] DbBoards:161 - Board is not supported: B-WBA5M-WPAN
2026-05-09 22:11:21,021 [INFO] BoardInfo:889 - No configuration file found for board NUCLEO-C051C8
2026-05-09 22:11:21,021 [INFO] DbBoards:161 - Board is not supported: NUCLEO-C051C8
2026-05-09 22:11:21,022 [INFO] BoardInfo:889 - No configuration file found for board NUCLEO-C071RB
2026-05-09 22:11:21,022 [INFO] DbBoards:161 - Board is not supported: NUCLEO-C071RB
2026-05-09 22:11:21,024 [INFO] BoardInfo:889 - No configuration file found for board NUCLEO-C092RC
2026-05-09 22:11:21,024 [INFO] DbBoards:161 - Board is not supported: NUCLEO-C092RC
2026-05-09 22:11:21,054 [INFO] BoardInfo:889 - No configuration file found for board NUCLEO-H5E5ZJ
2026-05-09 22:11:21,055 [INFO] DbBoards:161 - Board is not supported: NUCLEO-H5E5ZJ
2026-05-09 22:11:21,105 [INFO] BoardInfo:889 - No configuration file found for board NUCLEO-N657X0-Q
2026-05-09 22:11:21,105 [INFO] DbBoards:161 - Board is not supported: NUCLEO-N657X0-Q
2026-05-09 22:11:21,107 [INFO] BoardInfo:889 - No configuration file found for board NUCLEO-U385RG-Q
2026-05-09 22:11:21,107 [INFO] DbBoards:161 - Board is not supported: NUCLEO-U385RG-Q
2026-05-09 22:11:21,108 [INFO] BoardInfo:889 - No configuration file found for board NUCLEO-U3C5ZI-Q
2026-05-09 22:11:21,108 [INFO] DbBoards:161 - Board is not supported: NUCLEO-U3C5ZI-Q
2026-05-09 22:11:21,112 [INFO] BoardInfo:889 - No configuration file found for board NUCLEO-WB05KZ
2026-05-09 22:11:21,112 [INFO] DbBoards:161 - Board is not supported: NUCLEO-WB05KZ
2026-05-09 22:11:21,112 [INFO] BoardInfo:889 - No configuration file found for board NUCLEO-WB07CC
2026-05-09 22:11:21,113 [INFO] DbBoards:161 - Board is not supported: NUCLEO-WB07CC
2026-05-09 22:11:21,113 [INFO] BoardInfo:889 - No configuration file found for board NUCLEO-WB09KE
2026-05-09 22:11:21,114 [INFO] DbBoards:161 - Board is not supported: NUCLEO-WB09KE
2026-05-09 22:11:21,116 [INFO] BoardInfo:889 - No configuration file found for board NUCLEO-WBA25CE1
2026-05-09 22:11:21,116 [INFO] DbBoards:161 - Board is not supported: NUCLEO-WBA25CE1
2026-05-09 22:11:21,119 [INFO] BoardInfo:889 - No configuration file found for board NUCLEO-WBA65RI
2026-05-09 22:11:21,119 [INFO] DbBoards:161 - Board is not supported: NUCLEO-WBA65RI
2026-05-09 22:11:21,120 [INFO] BoardInfo:889 - No configuration file found for board NUCLEO-WL33CC1
2026-05-09 22:11:21,120 [INFO] DbBoards:161 - Board is not supported: NUCLEO-WL33CC1
2026-05-09 22:11:21,121 [INFO] BoardInfo:889 - No configuration file found for board NUCLEO-WL33CC2
2026-05-09 22:11:21,121 [INFO] DbBoards:161 - Board is not supported: NUCLEO-WL33CC2
2026-05-09 22:11:21,122 [INFO] BoardInfo:889 - No configuration file found for board NUCLEO-WL3RKB1
2026-05-09 22:11:21,122 [INFO] DbBoards:161 - Board is not supported: NUCLEO-WL3RKB1
2026-05-09 22:11:21,123 [INFO] BoardInfo:889 - No configuration file found for board NUCLEO-WL3RKB2
2026-05-09 22:11:21,123 [INFO] DbBoards:161 - Board is not supported: NUCLEO-WL3RKB2
2026-05-09 22:11:21,126 [INFO] BoardInfo:889 - No configuration file found for board P-NUCLEO-WB55
2026-05-09 22:11:21,126 [INFO] DbBoards:161 - Kit is not supported: P-NUCLEO-WB55
2026-05-09 22:11:21,130 [INFO] BoardInfo:889 - No configuration file found for board STEVAL-BFA001V1B
2026-05-09 22:11:21,130 [INFO] DbBoards:161 - Kit is not supported: STEVAL-BFA001V1B
2026-05-09 22:11:21,131 [INFO] BoardInfo:889 - No configuration file found for board STEVAL-BFA001V2B
2026-05-09 22:11:21,131 [INFO] DbBoards:161 - Kit is not supported: STEVAL-BFA001V2B
2026-05-09 22:11:21,187 [INFO] BoardInfo:889 - No configuration file found for board STM32H5F5J-DK
2026-05-09 22:11:21,187 [INFO] DbBoards:161 - Board is not supported: STM32H5F5J-DK
2026-05-09 22:11:21,218 [INFO] BoardInfo:889 - No configuration file found for board STM32MP215F-DK
2026-05-09 22:11:21,218 [INFO] DbBoards:161 - Board is not supported: STM32MP215F-DK
2026-05-09 22:11:21,219 [INFO] BoardInfo:889 - No configuration file found for board STM32MP257F-DK
2026-05-09 22:11:21,219 [INFO] DbBoards:161 - Board is not supported: STM32MP257F-DK
2026-05-09 22:11:21,220 [INFO] BoardInfo:889 - No configuration file found for board STM32MP257F-EV1
2026-05-09 22:11:21,220 [INFO] DbBoards:161 - Board is not supported: STM32MP257F-EV1
2026-05-09 22:11:21,220 [INFO] BoardInfo:889 - No configuration file found for board STM32N6570-DK
2026-05-09 22:11:21,221 [INFO] DbBoards:161 - Board is not supported: STM32N6570-DK
2026-05-09 22:11:21,228 [INFO] BoardInfo:889 - No configuration file found for board STM32WBA65I-DK1
2026-05-09 22:11:21,228 [INFO] DbBoards:161 - Board is not supported: STM32WBA65I-DK1
2026-05-09 22:11:21,228 [INFO] DbBoards:168 - Found 218 boards, 192 are supported
2026-05-09 22:11:21,228 [INFO] DbBoards:169 - Found 218 boards, 8 of them is supported for  Bsp
2026-05-09 22:11:21,231 [INFO] ApiDb:423 - Load user favorites file C:\Users\Aditya/.stm32cubeide/favorites.boards.txt: 0 item(s)
2026-05-09 22:11:21,231 [INFO] ApiDb:427 - User favorites Boards=[]
2026-05-09 22:11:21,231 [INFO] DbBoards:198 - Set 0 / 0 favorites Boards
2026-05-09 22:11:21,236 [ERROR] TargetSelectorAdapter:267 - Unable to refresh data
2026-05-09 22:11:21,280 [INFO] McuFinderGlobals:76 - Set McuFinderConnectedMode to true
2026-05-09 22:11:21,281 [INFO] MultiScanPanel:200 - Auto-refresh data requested => check proxy status ongoing
2026-05-09 22:11:21,281 [INFO] FinderPluginLoader:95 - Searching for filters in installed packs
2026-05-09 22:11:22,262 [INFO] LoadUrlFilesThread:185 - End of LoadServerUrlFiles without Thread
2026-05-09 22:11:22,262 [INFO] DetailPanel:341 - Set advertising image to C:/Users/Aditya/STM32Cube/Repository/\en.prom-stm32wba2-stm32-nucleo-board-0426.png
2026-05-09 22:11:46,937 [ERROR] LogOutputStream:75 - [STDERR_REDIRECT] SLF4J: Failed to load class "org.slf4j.impl.StaticLoggerBinder".
2026-05-09 22:11:46,938 [ERROR] LogOutputStream:75 - [STDERR_REDIRECT] SLF4J: Defaulting to no-operation (NOP) logger implementation
2026-05-09 22:11:46,939 [ERROR] LogOutputStream:75 - [STDERR_REDIRECT] SLF4J: See http://www.slf4j.org/codes.html#StaticLoggerBinder for further details.
2026-05-09 22:15:39,578 [INFO] MainUpdater:2873 - connection check result : 10
2026-05-09 22:15:39,579 [INFO] McuFinderGlobals:76 - Set McuFinderConnectedMode to true
2026-05-09 22:15:40,597 [INFO] ServerAccessManage:473 - Download File mcusAds.json._tmp_
2026-05-09 22:15:40,742 [INFO] LoadUrlFilesThread:156 - End of LoadUrlFiles Thread
2026-05-09 22:15:41,013 [INFO] ServerAccessManage:473 - Download File cube-finder-db.zip
2026-05-09 22:15:41,336 [ERROR] ServerAccessManage:651 - User Cancel Download : cube-finder-db.zip.
2026-05-09 22:15:41,472 [INFO] LoadUrlFilesThread:156 - End of LoadUrlFiles Thread
2026-05-09 22:15:42,380 [INFO] DbMcusAds:53 - JSON generation date=Mon Apr 27 13:44:29 IST 2026 (1777277669577)
2026-05-09 22:15:42,383 [INFO] ApiDb:448 - Save user favorites file C:\Users\Aditya/.stm32cubeide/favorites.mcus.txt: 0 item(s)
2026-05-09 22:15:42,383 [INFO] ApiDb:452 - User favorites MCUs=[]
2026-05-09 22:15:42,385 [INFO] ApiDb:581 - Connected to CubeFinder SQLite database (C:\Users\Aditya\.stmcufinder\plugins\mcufinder\mcu\cube-finder-db.db)
2026-05-09 22:15:42,439 [INFO] ApiDb:668 - CubeFinder database Data Model version=2.1
2026-05-09 22:15:42,439 [INFO] ApiDb:669 - CubeFinder database Configuration version=3.0.42
2026-05-09 22:15:42,440 [INFO] ApiDb:670 - CubeFinder database generation date=2026-05-06 (1778060171)
2026-05-09 22:15:42,440 [INFO] ApiDb:671 - CubeFinder database FW Pack versions=[FP-ATR-ASTRA1_V2.0.0, FP-SNS-FLIGHT1_V5.1.0, FP-SNS-MOTENV1_V5.1.0, FP-SNS-MOTENVWB1_V1.5.0, FP-SNS-SMARTAG2_V1.2.0, FP-SNS-STBOX1_V2.1.0, STM32Cube_FW_C0_V1.4.0, STM32Cube_FW_F4_V1.28.3, STM32Cube_FW_F7_V1.17.4, STM32Cube_FW_G0_V1.6.3, STM32Cube_FW_G4_V1.6.2, STM32Cube_FW_H5_V1.6.0, STM32Cube_FW_H7RS_V1.3.0, STM32Cube_FW_H7_V1.13.0, STM32Cube_FW_L0_V1.12.2, STM32Cube_FW_L4_V1.18.2, STM32Cube_FW_L5_V1.6.0, STM32Cube_FW_N6_V1.3.0, STM32Cube_FW_U0_V1.3.0, STM32Cube_FW_U3_V1.3.0, STM32Cube_FW_U5_V1.8.0, STM32Cube_FW_WB0_V1.4.0, STM32Cube_FW_WBA_V1.9.0, STM32Cube_FW_WB_V1.24.0, STM32Cube_FW_WL3_V1.4.0, STM32Cube_FW_WL_V1.5.0, X-CUBE-ALGOBUILD_V1.4.0, X-CUBE-ALS_V1.0.2, X-CUBE-AZRTOS-F4_V1.1.0, X-CUBE-AZRTOS-F7_V1.1.0, X-CUBE-AZRTOS-G0_V1.1.0, X-CUBE-AZRTOS-G4_V2.0.0, X-CUBE-AZRTOS-H7RS_V1.1.0, X-CUBE-AZRTOS-H7_V3.5.0, X-CUBE-AZRTOS-L4_V2.0.0, X-CUBE-AZRTOS-L5_V2.0.0, X-CUBE-AZRTOS-WB_V2.0.0, X-CUBE-AZRTOS-WL_V2.0.0, X-CUBE-BLE1_V7.1.0, X-CUBE-BLE2_V3.3.0, X-CUBE-BLEMGR_V4.1.0, X-CUBE-EEPRMA1_V5.2.0, X-CUBE-FREERTOS_V1.5.0, X-CUBE-GNSS1_V6.0.0, X-CUBE-MEMS1_V12.0.0, X-CUBE-NFC4_V3.0.0, X-CUBE-NFC7_V2.0.0, X-CUBE-SFXS2LP1_V4.0.0, X-CUBE-ST67W61_V1.2.0, X-CUBE-SUBG2_V5.0.0, X-CUBE-TOF1_V3.4.3]
2026-05-09 22:15:44,433 [INFO] ApiDb:240 - Found 483 in-development CPN: [B-G473E-ZEST1S, B-WB1M-WPAN1, B-WL5M-SUBG1, NUCLEO-C031C6, NUCLEO-H503RB, NUCLEO-H533RE, NUCLEO-H563ZI, NUCLEO-H7S3L8, NUCLEO-U031R8, NUCLEO-U083RC, NUCLEO-U545RE-Q, NUCLEO-U5A5ZJ-Q, NUCLEO-WBA52CG, NUCLEO-WBA55CG, STEVAL-PROTEUS1, STEVAL-SMARTAG2, STEVAL-STWINBX1, STM320518-EVAL, STM32C0116-DK, STM32C011D6Y3TR, STM32C011D6Y6TR, STM32C011F4P3, STM32C011F4P6, STM32C011F4U3, STM32C011F4U6TR, STM32C011F6P3, STM32C011F6P6, STM32C011F6U3, STM32C011F6U6TR, STM32C011J4M3, STM32C011J4M6, STM32C011J6M3, STM32C011J6M6, STM32C0316-DK, STM32C031C4T3, STM32C031C4T6, STM32C031C4U3, STM32C031C4U6, STM32C031C6T3, STM32C031C6T6, STM32C031C6U3, STM32C031C6U6, STM32C031F4P3, STM32C031F4P6, STM32C031F6P3, STM32C031F6P6, STM32C031G4U3, STM32C031G4U6, STM32C031G6U3, STM32C031G6U6, STM32C031K4T3, STM32C031K4T6, STM32C031K4U3, STM32C031K4U6, STM32C031K6T3, STM32C031K6T6, STM32C031K6U3, STM32C031K6U6, STM32G071K8TXN, STM32G071K8UXN, STM32G081GBU6N, STM32G081KBT6N, STM32G081KBUXN, STM32G0B1CCT6N, STM32G0B1KCT6, STM32G0B1NEY6TR, STM32G0B1RCT6N, STM32G0C1CCT6, STM32G0C1CCT6N, STM32G0C1CCU6N, STM32G0C1CET6N, STM32G0C1CEU6N, STM32G0C1KCT6, STM32G0C1NEY6TR, STM32G0C1RCI6N, STM32G0C1RCT6N, STM32G0C1REI6N, STM32G0C1RET6N, STM32G0C1VCI6, STM32G0C1VEI6, STM32G471CCT6, STM32G471CCU6, STM32G471CET3, STM32G471CET6, STM32G471CEU3, STM32G471CEU6, STM32G471MCT6, STM32G471MET3, STM32G471MET6, STM32G471MEY6TR, STM32G471QCT6, STM32G471QET3, STM32G471RCT6, STM32G471RET3, STM32G471RET6, STM32G471VCH6, STM32G471VCI6, STM32G471VCT6, STM32G471VEH3, STM32G471VEH6, STM32G471VEI3, STM32G471VEI6, STM32G471VET3, STM32G471VET6, STM32G474CCT6, STM32H503CBT6, STM32H503CBU6, STM32H503EBY6TR, STM32H503KBU6, STM32H503RBT6, STM32H523CCT6, STM32H523CCU6, STM32H523CET6, STM32H523CEU6, STM32H523HEY6TR, STM32H523RCT6, STM32H523RET6, STM32H523VCI6, STM32H523VCT6, STM32H523VEI6, STM32H523VET6, STM32H523ZCJ6, STM32H523ZCT6, STM32H523ZEJ6, STM32H523ZET6, STM32H533CET6, STM32H533CEU6, STM32H533HEY6TR, STM32H533RET6, STM32H533VEI6, STM32H533VET6, STM32H533ZEJ6, STM32H533ZET6, STM32H562AGI6, STM32H562AII6, STM32H562IGK6, STM32H562IGT6, STM32H562IIK6, STM32H562IIT6, STM32H562RGT6, STM32H562RGV6, STM32H562RIT6, STM32H562RIV6, STM32H562VGT6, STM32H562VIT6, STM32H562ZGT6, STM32H562ZIT6, STM32H563AGI6, STM32H563AII3Q, STM32H563AII6, STM32H563IGK6, STM32H563IGT6, STM32H563IIK3Q, STM32H563IIK6, STM32H563IIT3Q, STM32H563IIT6, STM32H563MIY3QTR, STM32H563RGT6, STM32H563RGV6, STM32H563RIT6, STM32H563RIV6, STM32H563VGT6, STM32H563VIT3Q, STM32H563VIT6, STM32H563ZGT6, STM32H563ZIT3Q, STM32H563ZIT6, STM32H573AII3Q, STM32H573AII6, STM32H573I-DK, STM32H573IIK3Q, STM32H573IIK6, STM32H573IIT3Q, STM32H573IIT6, STM32H573MIY3QTR, STM32H573RIT6, STM32H573RIV6, STM32H573VIT3Q, STM32H573VIT6, STM32H573ZIT3Q, STM32H573ZIT6, STM32H7R3A8I6, STM32H7R3I8K6, STM32H7R3I8T6, STM32H7R3L8H6, STM32H7R3L8H6H, STM32H7R3R8V6, STM32H7R3V8H6, STM32H7R3V8T6, STM32H7R3V8Y6, STM32H7R3Z8J6, STM32H7R3Z8T6, STM32H7R7A8I6, STM32H7R7I8K6, STM32H7R7I8T6, STM32H7R7L8H6, STM32H7R7L8H6H, STM32H7R7Z8J6, STM32H7S3A8I6, STM32H7S3I8K6, STM32H7S3I8T6, STM32H7S3L8H6, STM32H7S3L8H6H, STM32H7S3R8V6, STM32H7S3V8H6, STM32H7S3V8T6, STM32H7S3V8Y6, STM32H7S3Z8J6, STM32H7S3Z8T6, STM32H7S78-DK, STM32H7S7A8I6, STM32H7S7I8K6, STM32H7S7I8T6, STM32H7S7L8H6, STM32H7S7L8H6H, STM32H7S7Z8J6, STM32L4R5QGI6STR, STM32MP131AAE3, STM32MP131AAF3, STM32MP131AAG3, STM32MP131CAE3, STM32MP131CAF3, STM32MP131CAG3, STM32MP131DAE7, STM32MP131DAF7, STM32MP131DAG7, STM32MP131FAE7, STM32MP131FAF7, STM32MP131FAG7, STM32MP133AAE3, STM32MP133AAF3, STM32MP133AAG3, STM32MP133CAE3, STM32MP133CAF3, STM32MP133CAG3, STM32MP133DAE7, STM32MP133DAF7, STM32MP133DAG7, STM32MP133FAE7, STM32MP133FAF7, STM32MP133FAG7, STM32MP135AAE3, STM32MP135AAF3, STM32MP135AAG3, STM32MP135CAE3, STM32MP135CAF3, STM32MP135CAG3, STM32MP135DAE7, STM32MP135DAF7, STM32MP135DAG7, STM32MP135F-DK, STM32MP135FAE7, STM32MP135FAF7, STM32MP135FAF7T, STM32MP135FAF7U, STM32MP135FAG7, STM32U031C6T6, STM32U031C6U6, STM32U031C8T6, STM32U031C8U6, STM32U031F4P6, STM32U031F6P6, STM32U031F8P6, STM32U031G6Y6TR, STM32U031G8Y6TR, STM32U031K4U6, STM32U031K6U6, STM32U031K8U6, STM32U031R6I6, STM32U031R6T6, STM32U031R8I6, STM32U031R8T6, STM32U073C8T6, STM32U073C8U6, STM32U073CBT6, STM32U073CBU6, STM32U073CCT6, STM32U073CCU6, STM32U073H8Y6TR, STM32U073HBY6TR, STM32U073HCY6TR, STM32U073K8U6, STM32U073KBU6, STM32U073KCU6, STM32U073M8I6, STM32U073M8T6, STM32U073MBI6, STM32U073MBT6, STM32U073MCI6, STM32U073MCT6, STM32U073R8I6, STM32U073R8T6, STM32U073RBI6, STM32U073RBT6, STM32U073RCI6, STM32U073RCT6, STM32U083C-DK, STM32U083CCT6, STM32U083CCU6, STM32U083HCY6TR, STM32U083KCU6, STM32U083MCI6, STM32U083MCT6, STM32U083RCI6, STM32U083RCT6, STM32U535CBT6, STM32U535CBT6Q, STM32U535CBU6, STM32U535CBU6Q, STM32U535CCT6, STM32U535CCT6Q, STM32U535CCU6, STM32U535CCU6Q, STM32U535CET6, STM32U535CET6Q, STM32U535CEU6, STM32U535CEU6Q, STM32U535JEY6QTR, STM32U535NCY6QTR, STM32U535NEY6QTR, STM32U535RBI6, STM32U535RBI6Q, STM32U535RBT6, STM32U535RBT6Q, STM32U535RCI6, STM32U535RCI6Q, STM32U535RCT6, STM32U535RCT6Q, STM32U535REI6, STM32U535REI6Q, STM32U535RET6, STM32U535RET6Q, STM32U535VCI6, STM32U535VCI6Q, STM32U535VCT6, STM32U535VCT6Q, STM32U535VEI6, STM32U535VEI6Q, STM32U535VET6, STM32U535VET6Q, STM32U545CET6, STM32U545CET6Q, STM32U545CEU6, STM32U545CEU6Q, STM32U545JEY6QTR, STM32U545NEY6QTR, STM32U545REI6, STM32U545REI6Q, STM32U545RET6, STM32U545RET6Q, STM32U545VEI6, STM32U545VEI6Q, STM32U545VET6, STM32U545VET6Q, STM32U595AIH6, STM32U595AIH6Q, STM32U595AJH6, STM32U595AJH6Q, STM32U595QII6, STM32U595QII6Q, STM32U595QJI6, STM32U595QJI6Q, STM32U595RIT6, STM32U595RIT6Q, STM32U595RJT6, STM32U595RJT6Q, STM32U595VIT6, STM32U595VIT6Q, STM32U595VJT6, STM32U595VJT6Q, STM32U595ZIT6, STM32U595ZIT6Q, STM32U595ZIY6QTR, STM32U595ZJT6, STM32U595ZJT6Q, STM32U595ZJY6QTR, STM32U599BJY6QTR, STM32U599NIH6Q, STM32U599NJH6Q, STM32U599VIT6Q, STM32U599VJT6, STM32U599VJT6Q, STM32U599ZIT6Q, STM32U599ZIY6QTR, STM32U599ZJT6Q, STM32U599ZJY6QTR, STM32U5A5AJH6, STM32U5A5AJH6Q, STM32U5A5QII3Q , STM32U5A5QJI6, STM32U5A5QJI6Q, STM32U5A5RJT6, STM32U5A5RJT6Q, STM32U5A5VJT6, STM32U5A5VJT6Q, STM32U5A5ZJT6, STM32U5A5ZJT6Q, STM32U5A5ZJY6QTR, STM32U5A9BJY6QTR, STM32U5A9J-DK, STM32U5A9NJH6Q, STM32U5A9VJT6Q, STM32U5A9ZJT6Q, STM32U5A9ZJY6QTR, STM32U5F7VIT6, STM32U5F7VIT6Q, STM32U5F7VJT6, STM32U5F7VJT6Q, STM32U5F9BJY6QTR, STM32U5F9NJH6Q, STM32U5F9VIT6Q, STM32U5F9VJT6Q, STM32U5F9ZIJ6QTR, STM32U5F9ZIT6Q, STM32U5F9ZJJ6QTR, STM32U5F9ZJT6Q, STM32U5G7VJT6, STM32U5G7VJT6Q, STM32U5G9BJY6QTR, STM32U5G9J-DK1, STM32U5G9J-DK2, STM32U5G9NJH6Q, STM32U5G9VJT6Q, STM32U5G9ZJJ6QTR, STM32U5G9ZJT6Q, STM32WB1MMCH6, STM32WBA50KEU6, STM32WBA50KEU6TR, STM32WBA50KGU6, STM32WBA50KGU6TR, STM32WBA52CEU6, STM32WBA52CEU6TR, STM32WBA52CEU7, STM32WBA52CEU7TR, STM32WBA52CGU6, STM32WBA52CGU6TR, STM32WBA52CGU6U, STM32WBA52CGU7, STM32WBA52CGU7TR, STM32WBA52KEU6, STM32WBA52KEU6TR, STM32WBA52KGU6, STM32WBA52KGU6TR, STM32WBA54CEU6, STM32WBA54CEU6TR, STM32WBA54CEU7, STM32WBA54CEU7TR, STM32WBA54CGU6, STM32WBA54CGU6TR, STM32WBA54CGU7, STM32WBA54CGU7TR, STM32WBA54KEU6, STM32WBA54KEU6TR, STM32WBA54KEU7, STM32WBA54KEU7TR, STM32WBA54KGU6, STM32WBA54KGU6TR, STM32WBA54KGU7, STM32WBA54KGU7TR, STM32WBA55CEU6, STM32WBA55CEU6TR, STM32WBA55CEU7, STM32WBA55CEU7TR, STM32WBA55CGU6, STM32WBA55CGU6TR, STM32WBA55CGU6U, STM32WBA55CGU7, STM32WBA55CGU7TR, STM32WBA55G-DK1, STM32WBA55HEF6, STM32WBA55HEF7, STM32WBA55HGF6, STM32WBA55HGF7, STM32WBA55UEI6, STM32WBA55UEI6TR, STM32WBA55UEI7, STM32WBA55UEI7TR, STM32WBA55UGI6, STM32WBA55UGI6TR, STM32WBA55UGI7, STM32WBA55UGI7TR, STM32WL5MOCH6, STM32WL5MOCH6TR]
2026-05-09 22:15:44,433 [INFO] DbMcus:218 - Found 5076 MCUs, 4958 are supported
2026-05-09 22:15:44,435 [INFO] ApiDb:423 - Load user favorites file C:\Users\Aditya/.stm32cubeide/favorites.mcus.txt: 0 item(s)
2026-05-09 22:15:44,435 [INFO] ApiDb:427 - User favorites MCUs=[]
2026-05-09 22:15:44,435 [INFO] DbMcus:224 - Set 0 / 0 favorites MCUs
2026-05-09 22:15:45,041 [INFO] ApiDb:448 - Save user favorites file C:\Users\Aditya/.stm32cubeide/favorites.boards.txt: 0 item(s)
2026-05-09 22:15:45,042 [INFO] ApiDb:452 - User favorites Boards=[]
2026-05-09 22:15:45,043 [INFO] ApiDb:581 - Connected to CubeFinder SQLite database (C:\Users\Aditya\.stmcufinder\plugins\mcufinder\mcu\cube-finder-db.db)
2026-05-09 22:15:45,097 [INFO] ApiDb:668 - CubeFinder database Data Model version=2.1
2026-05-09 22:15:45,097 [INFO] ApiDb:669 - CubeFinder database Configuration version=3.0.42
2026-05-09 22:15:45,097 [INFO] ApiDb:670 - CubeFinder database generation date=2026-05-06 (1778060171)
2026-05-09 22:15:45,097 [INFO] ApiDb:671 - CubeFinder database FW Pack versions=[FP-ATR-ASTRA1_V2.0.0, FP-SNS-FLIGHT1_V5.1.0, FP-SNS-MOTENV1_V5.1.0, FP-SNS-MOTENVWB1_V1.5.0, FP-SNS-SMARTAG2_V1.2.0, FP-SNS-STBOX1_V2.1.0, STM32Cube_FW_C0_V1.4.0, STM32Cube_FW_F4_V1.28.3, STM32Cube_FW_F7_V1.17.4, STM32Cube_FW_G0_V1.6.3, STM32Cube_FW_G4_V1.6.2, STM32Cube_FW_H5_V1.6.0, STM32Cube_FW_H7RS_V1.3.0, STM32Cube_FW_H7_V1.13.0, STM32Cube_FW_L0_V1.12.2, STM32Cube_FW_L4_V1.18.2, STM32Cube_FW_L5_V1.6.0, STM32Cube_FW_N6_V1.3.0, STM32Cube_FW_U0_V1.3.0, STM32Cube_FW_U3_V1.3.0, STM32Cube_FW_U5_V1.8.0, STM32Cube_FW_WB0_V1.4.0, STM32Cube_FW_WBA_V1.9.0, STM32Cube_FW_WB_V1.24.0, STM32Cube_FW_WL3_V1.4.0, STM32Cube_FW_WL_V1.5.0, X-CUBE-ALGOBUILD_V1.4.0, X-CUBE-ALS_V1.0.2, X-CUBE-AZRTOS-F4_V1.1.0, X-CUBE-AZRTOS-F7_V1.1.0, X-CUBE-AZRTOS-G0_V1.1.0, X-CUBE-AZRTOS-G4_V2.0.0, X-CUBE-AZRTOS-H7RS_V1.1.0, X-CUBE-AZRTOS-H7_V3.5.0, X-CUBE-AZRTOS-L4_V2.0.0, X-CUBE-AZRTOS-L5_V2.0.0, X-CUBE-AZRTOS-WB_V2.0.0, X-CUBE-AZRTOS-WL_V2.0.0, X-CUBE-BLE1_V7.1.0, X-CUBE-BLE2_V3.3.0, X-CUBE-BLEMGR_V4.1.0, X-CUBE-EEPRMA1_V5.2.0, X-CUBE-FREERTOS_V1.5.0, X-CUBE-GNSS1_V6.0.0, X-CUBE-MEMS1_V12.0.0, X-CUBE-NFC4_V3.0.0, X-CUBE-NFC7_V2.0.0, X-CUBE-SFXS2LP1_V4.0.0, X-CUBE-ST67W61_V1.2.0, X-CUBE-SUBG2_V5.0.0, X-CUBE-TOF1_V3.4.3]
2026-05-09 22:15:45,133 [INFO] DbBoardsSqlite:226 - include board P-NUCLEO-WB55-NUCLEO as a kit item of type 'Nucleo-64'
2026-05-09 22:15:45,133 [INFO] DbBoardsSqlite:226 - include board P-NUCLEO-WB55-USBDONGLE as a kit item of type 'Nucleo USB Dongle'
2026-05-09 22:15:45,133 [INFO] DbBoardsSqlite:226 - include board STEVAL-IDP005V1 as a kit item of type 'Evaluation Board'
2026-05-09 22:15:45,133 [INFO] DbBoardsSqlite:226 - include board STEVAL-IDP005V2 as a kit item of type 'Evaluation Board'
2026-05-09 22:15:45,188 [INFO] ApiDb:240 - Found 483 in-development CPN: [B-G473E-ZEST1S, B-WB1M-WPAN1, B-WL5M-SUBG1, NUCLEO-C031C6, NUCLEO-H503RB, NUCLEO-H533RE, NUCLEO-H563ZI, NUCLEO-H7S3L8, NUCLEO-U031R8, NUCLEO-U083RC, NUCLEO-U545RE-Q, NUCLEO-U5A5ZJ-Q, NUCLEO-WBA52CG, NUCLEO-WBA55CG, STEVAL-PROTEUS1, STEVAL-SMARTAG2, STEVAL-STWINBX1, STM320518-EVAL, STM32C0116-DK, STM32C011D6Y3TR, STM32C011D6Y6TR, STM32C011F4P3, STM32C011F4P6, STM32C011F4U3, STM32C011F4U6TR, STM32C011F6P3, STM32C011F6P6, STM32C011F6U3, STM32C011F6U6TR, STM32C011J4M3, STM32C011J4M6, STM32C011J6M3, STM32C011J6M6, STM32C0316-DK, STM32C031C4T3, STM32C031C4T6, STM32C031C4U3, STM32C031C4U6, STM32C031C6T3, STM32C031C6T6, STM32C031C6U3, STM32C031C6U6, STM32C031F4P3, STM32C031F4P6, STM32C031F6P3, STM32C031F6P6, STM32C031G4U3, STM32C031G4U6, STM32C031G6U3, STM32C031G6U6, STM32C031K4T3, STM32C031K4T6, STM32C031K4U3, STM32C031K4U6, STM32C031K6T3, STM32C031K6T6, STM32C031K6U3, STM32C031K6U6, STM32G071K8TXN, STM32G071K8UXN, STM32G081GBU6N, STM32G081KBT6N, STM32G081KBUXN, STM32G0B1CCT6N, STM32G0B1KCT6, STM32G0B1NEY6TR, STM32G0B1RCT6N, STM32G0C1CCT6, STM32G0C1CCT6N, STM32G0C1CCU6N, STM32G0C1CET6N, STM32G0C1CEU6N, STM32G0C1KCT6, STM32G0C1NEY6TR, STM32G0C1RCI6N, STM32G0C1RCT6N, STM32G0C1REI6N, STM32G0C1RET6N, STM32G0C1VCI6, STM32G0C1VEI6, STM32G471CCT6, STM32G471CCU6, STM32G471CET3, STM32G471CET6, STM32G471CEU3, STM32G471CEU6, STM32G471MCT6, STM32G471MET3, STM32G471MET6, STM32G471MEY6TR, STM32G471QCT6, STM32G471QET3, STM32G471RCT6, STM32G471RET3, STM32G471RET6, STM32G471VCH6, STM32G471VCI6, STM32G471VCT6, STM32G471VEH3, STM32G471VEH6, STM32G471VEI3, STM32G471VEI6, STM32G471VET3, STM32G471VET6, STM32G474CCT6, STM32H503CBT6, STM32H503CBU6, STM32H503EBY6TR, STM32H503KBU6, STM32H503RBT6, STM32H523CCT6, STM32H523CCU6, STM32H523CET6, STM32H523CEU6, STM32H523HEY6TR, STM32H523RCT6, STM32H523RET6, STM32H523VCI6, STM32H523VCT6, STM32H523VEI6, STM32H523VET6, STM32H523ZCJ6, STM32H523ZCT6, STM32H523ZEJ6, STM32H523ZET6, STM32H533CET6, STM32H533CEU6, STM32H533HEY6TR, STM32H533RET6, STM32H533VEI6, STM32H533VET6, STM32H533ZEJ6, STM32H533ZET6, STM32H562AGI6, STM32H562AII6, STM32H562IGK6, STM32H562IGT6, STM32H562IIK6, STM32H562IIT6, STM32H562RGT6, STM32H562RGV6, STM32H562RIT6, STM32H562RIV6, STM32H562VGT6, STM32H562VIT6, STM32H562ZGT6, STM32H562ZIT6, STM32H563AGI6, STM32H563AII3Q, STM32H563AII6, STM32H563IGK6, STM32H563IGT6, STM32H563IIK3Q, STM32H563IIK6, STM32H563IIT3Q, STM32H563IIT6, STM32H563MIY3QTR, STM32H563RGT6, STM32H563RGV6, STM32H563RIT6, STM32H563RIV6, STM32H563VGT6, STM32H563VIT3Q, STM32H563VIT6, STM32H563ZGT6, STM32H563ZIT3Q, STM32H563ZIT6, STM32H573AII3Q, STM32H573AII6, STM32H573I-DK, STM32H573IIK3Q, STM32H573IIK6, STM32H573IIT3Q, STM32H573IIT6, STM32H573MIY3QTR, STM32H573RIT6, STM32H573RIV6, STM32H573VIT3Q, STM32H573VIT6, STM32H573ZIT3Q, STM32H573ZIT6, STM32H7R3A8I6, STM32H7R3I8K6, STM32H7R3I8T6, STM32H7R3L8H6, STM32H7R3L8H6H, STM32H7R3R8V6, STM32H7R3V8H6, STM32H7R3V8T6, STM32H7R3V8Y6, STM32H7R3Z8J6, STM32H7R3Z8T6, STM32H7R7A8I6, STM32H7R7I8K6, STM32H7R7I8T6, STM32H7R7L8H6, STM32H7R7L8H6H, STM32H7R7Z8J6, STM32H7S3A8I6, STM32H7S3I8K6, STM32H7S3I8T6, STM32H7S3L8H6, STM32H7S3L8H6H, STM32H7S3R8V6, STM32H7S3V8H6, STM32H7S3V8T6, STM32H7S3V8Y6, STM32H7S3Z8J6, STM32H7S3Z8T6, STM32H7S78-DK, STM32H7S7A8I6, STM32H7S7I8K6, STM32H7S7I8T6, STM32H7S7L8H6, STM32H7S7L8H6H, STM32H7S7Z8J6, STM32L4R5QGI6STR, STM32MP131AAE3, STM32MP131AAF3, STM32MP131AAG3, STM32MP131CAE3, STM32MP131CAF3, STM32MP131CAG3, STM32MP131DAE7, STM32MP131DAF7, STM32MP131DAG7, STM32MP131FAE7, STM32MP131FAF7, STM32MP131FAG7, STM32MP133AAE3, STM32MP133AAF3, STM32MP133AAG3, STM32MP133CAE3, STM32MP133CAF3, STM32MP133CAG3, STM32MP133DAE7, STM32MP133DAF7, STM32MP133DAG7, STM32MP133FAE7, STM32MP133FAF7, STM32MP133FAG7, STM32MP135AAE3, STM32MP135AAF3, STM32MP135AAG3, STM32MP135CAE3, STM32MP135CAF3, STM32MP135CAG3, STM32MP135DAE7, STM32MP135DAF7, STM32MP135DAG7, STM32MP135F-DK, STM32MP135FAE7, STM32MP135FAF7, STM32MP135FAF7T, STM32MP135FAF7U, STM32MP135FAG7, STM32U031C6T6, STM32U031C6U6, STM32U031C8T6, STM32U031C8U6, STM32U031F4P6, STM32U031F6P6, STM32U031F8P6, STM32U031G6Y6TR, STM32U031G8Y6TR, STM32U031K4U6, STM32U031K6U6, STM32U031K8U6, STM32U031R6I6, STM32U031R6T6, STM32U031R8I6, STM32U031R8T6, STM32U073C8T6, STM32U073C8U6, STM32U073CBT6, STM32U073CBU6, STM32U073CCT6, STM32U073CCU6, STM32U073H8Y6TR, STM32U073HBY6TR, STM32U073HCY6TR, STM32U073K8U6, STM32U073KBU6, STM32U073KCU6, STM32U073M8I6, STM32U073M8T6, STM32U073MBI6, STM32U073MBT6, STM32U073MCI6, STM32U073MCT6, STM32U073R8I6, STM32U073R8T6, STM32U073RBI6, STM32U073RBT6, STM32U073RCI6, STM32U073RCT6, STM32U083C-DK, STM32U083CCT6, STM32U083CCU6, STM32U083HCY6TR, STM32U083KCU6, STM32U083MCI6, STM32U083MCT6, STM32U083RCI6, STM32U083RCT6, STM32U535CBT6, STM32U535CBT6Q, STM32U535CBU6, STM32U535CBU6Q, STM32U535CCT6, STM32U535CCT6Q, STM32U535CCU6, STM32U535CCU6Q, STM32U535CET6, STM32U535CET6Q, STM32U535CEU6, STM32U535CEU6Q, STM32U535JEY6QTR, STM32U535NCY6QTR, STM32U535NEY6QTR, STM32U535RBI6, STM32U535RBI6Q, STM32U535RBT6, STM32U535RBT6Q, STM32U535RCI6, STM32U535RCI6Q, STM32U535RCT6, STM32U535RCT6Q, STM32U535REI6, STM32U535REI6Q, STM32U535RET6, STM32U535RET6Q, STM32U535VCI6, STM32U535VCI6Q, STM32U535VCT6, STM32U535VCT6Q, STM32U535VEI6, STM32U535VEI6Q, STM32U535VET6, STM32U535VET6Q, STM32U545CET6, STM32U545CET6Q, STM32U545CEU6, STM32U545CEU6Q, STM32U545JEY6QTR, STM32U545NEY6QTR, STM32U545REI6, STM32U545REI6Q, STM32U545RET6, STM32U545RET6Q, STM32U545VEI6, STM32U545VEI6Q, STM32U545VET6, STM32U545VET6Q, STM32U595AIH6, STM32U595AIH6Q, STM32U595AJH6, STM32U595AJH6Q, STM32U595QII6, STM32U595QII6Q, STM32U595QJI6, STM32U595QJI6Q, STM32U595RIT6, STM32U595RIT6Q, STM32U595RJT6, STM32U595RJT6Q, STM32U595VIT6, STM32U595VIT6Q, STM32U595VJT6, STM32U595VJT6Q, STM32U595ZIT6, STM32U595ZIT6Q, STM32U595ZIY6QTR, STM32U595ZJT6, STM32U595ZJT6Q, STM32U595ZJY6QTR, STM32U599BJY6QTR, STM32U599NIH6Q, STM32U599NJH6Q, STM32U599VIT6Q, STM32U599VJT6, STM32U599VJT6Q, STM32U599ZIT6Q, STM32U599ZIY6QTR, STM32U599ZJT6Q, STM32U599ZJY6QTR, STM32U5A5AJH6, STM32U5A5AJH6Q, STM32U5A5QII3Q , STM32U5A5QJI6, STM32U5A5QJI6Q, STM32U5A5RJT6, STM32U5A5RJT6Q, STM32U5A5VJT6, STM32U5A5VJT6Q, STM32U5A5ZJT6, STM32U5A5ZJT6Q, STM32U5A5ZJY6QTR, STM32U5A9BJY6QTR, STM32U5A9J-DK, STM32U5A9NJH6Q, STM32U5A9VJT6Q, STM32U5A9ZJT6Q, STM32U5A9ZJY6QTR, STM32U5F7VIT6, STM32U5F7VIT6Q, STM32U5F7VJT6, STM32U5F7VJT6Q, STM32U5F9BJY6QTR, STM32U5F9NJH6Q, STM32U5F9VIT6Q, STM32U5F9VJT6Q, STM32U5F9ZIJ6QTR, STM32U5F9ZIT6Q, STM32U5F9ZJJ6QTR, STM32U5F9ZJT6Q, STM32U5G7VJT6, STM32U5G7VJT6Q, STM32U5G9BJY6QTR, STM32U5G9J-DK1, STM32U5G9J-DK2, STM32U5G9NJH6Q, STM32U5G9VJT6Q, STM32U5G9ZJJ6QTR, STM32U5G9ZJT6Q, STM32WB1MMCH6, STM32WBA50KEU6, STM32WBA50KEU6TR, STM32WBA50KGU6, STM32WBA50KGU6TR, STM32WBA52CEU6, STM32WBA52CEU6TR, STM32WBA52CEU7, STM32WBA52CEU7TR, STM32WBA52CGU6, STM32WBA52CGU6TR, STM32WBA52CGU6U, STM32WBA52CGU7, STM32WBA52CGU7TR, STM32WBA52KEU6, STM32WBA52KEU6TR, STM32WBA52KGU6, STM32WBA52KGU6TR, STM32WBA54CEU6, STM32WBA54CEU6TR, STM32WBA54CEU7, STM32WBA54CEU7TR, STM32WBA54CGU6, STM32WBA54CGU6TR, STM32WBA54CGU7, STM32WBA54CGU7TR, STM32WBA54KEU6, STM32WBA54KEU6TR, STM32WBA54KEU7, STM32WBA54KEU7TR, STM32WBA54KGU6, STM32WBA54KGU6TR, STM32WBA54KGU7, STM32WBA54KGU7TR, STM32WBA55CEU6, STM32WBA55CEU6TR, STM32WBA55CEU7, STM32WBA55CEU7TR, STM32WBA55CGU6, STM32WBA55CGU6TR, STM32WBA55CGU6U, STM32WBA55CGU7, STM32WBA55CGU7TR, STM32WBA55G-DK1, STM32WBA55HEF6, STM32WBA55HEF7, STM32WBA55HGF6, STM32WBA55HGF7, STM32WBA55UEI6, STM32WBA55UEI6TR, STM32WBA55UEI7, STM32WBA55UEI7TR, STM32WBA55UGI6, STM32WBA55UGI6TR, STM32WBA55UGI7, STM32WBA55UGI7TR, STM32WL5MOCH6, STM32WL5MOCH6TR]
2026-05-09 22:15:45,199 [INFO] BoardInfo:889 - No configuration file found for board B-WBA5M-WPAN
2026-05-09 22:15:45,199 [INFO] DbBoards:161 - Board is not supported: B-WBA5M-WPAN
2026-05-09 22:15:45,202 [INFO] BoardInfo:889 - No configuration file found for board NUCLEO-C051C8
2026-05-09 22:15:45,202 [INFO] DbBoards:161 - Board is not supported: NUCLEO-C051C8
2026-05-09 22:15:45,203 [INFO] BoardInfo:889 - No configuration file found for board NUCLEO-C071RB
2026-05-09 22:15:45,203 [INFO] DbBoards:161 - Board is not supported: NUCLEO-C071RB
2026-05-09 22:15:45,204 [INFO] BoardInfo:889 - No configuration file found for board NUCLEO-C092RC
2026-05-09 22:15:45,204 [INFO] DbBoards:161 - Board is not supported: NUCLEO-C092RC
2026-05-09 22:15:45,271 [INFO] BoardInfo:889 - No configuration file found for board NUCLEO-H5E5ZJ
2026-05-09 22:15:45,271 [INFO] DbBoards:161 - Board is not supported: NUCLEO-H5E5ZJ
2026-05-09 22:15:45,359 [INFO] BoardInfo:889 - No configuration file found for board NUCLEO-N657X0-Q
2026-05-09 22:15:45,360 [INFO] DbBoards:161 - Board is not supported: NUCLEO-N657X0-Q
2026-05-09 22:15:45,363 [INFO] BoardInfo:889 - No configuration file found for board NUCLEO-U385RG-Q
2026-05-09 22:15:45,363 [INFO] DbBoards:161 - Board is not supported: NUCLEO-U385RG-Q
2026-05-09 22:15:45,364 [INFO] BoardInfo:889 - No configuration file found for board NUCLEO-U3C5ZI-Q
2026-05-09 22:15:45,364 [INFO] DbBoards:161 - Board is not supported: NUCLEO-U3C5ZI-Q
2026-05-09 22:15:45,368 [INFO] BoardInfo:889 - No configuration file found for board NUCLEO-WB05KZ
2026-05-09 22:15:45,368 [INFO] DbBoards:161 - Board is not supported: NUCLEO-WB05KZ
2026-05-09 22:15:45,369 [INFO] BoardInfo:889 - No configuration file found for board NUCLEO-WB07CC
2026-05-09 22:15:45,369 [INFO] DbBoards:161 - Board is not supported: NUCLEO-WB07CC
2026-05-09 22:15:45,370 [INFO] BoardInfo:889 - No configuration file found for board NUCLEO-WB09KE
2026-05-09 22:15:45,370 [INFO] DbBoards:161 - Board is not supported: NUCLEO-WB09KE
2026-05-09 22:15:45,373 [INFO] BoardInfo:889 - No configuration file found for board NUCLEO-WBA25CE1
2026-05-09 22:15:45,373 [INFO] DbBoards:161 - Board is not supported: NUCLEO-WBA25CE1
2026-05-09 22:15:45,376 [INFO] BoardInfo:889 - No configuration file found for board NUCLEO-WBA65RI
2026-05-09 22:15:45,376 [INFO] DbBoards:161 - Board is not supported: NUCLEO-WBA65RI
2026-05-09 22:15:45,377 [INFO] BoardInfo:889 - No configuration file found for board NUCLEO-WL33CC1
2026-05-09 22:15:45,378 [INFO] DbBoards:161 - Board is not supported: NUCLEO-WL33CC1
2026-05-09 22:15:45,379 [INFO] BoardInfo:889 - No configuration file found for board NUCLEO-WL33CC2
2026-05-09 22:15:45,379 [INFO] DbBoards:161 - Board is not supported: NUCLEO-WL33CC2
2026-05-09 22:15:45,380 [INFO] BoardInfo:889 - No configuration file found for board NUCLEO-WL3RKB1
2026-05-09 22:15:45,380 [INFO] DbBoards:161 - Board is not supported: NUCLEO-WL3RKB1
2026-05-09 22:15:45,381 [INFO] BoardInfo:889 - No configuration file found for board NUCLEO-WL3RKB2
2026-05-09 22:15:45,381 [INFO] DbBoards:161 - Board is not supported: NUCLEO-WL3RKB2
2026-05-09 22:15:45,386 [INFO] BoardInfo:889 - No configuration file found for board P-NUCLEO-WB55
2026-05-09 22:15:45,386 [INFO] DbBoards:161 - Kit is not supported: P-NUCLEO-WB55
2026-05-09 22:15:45,390 [INFO] BoardInfo:889 - No configuration file found for board STEVAL-BFA001V1B
2026-05-09 22:15:45,390 [INFO] DbBoards:161 - Kit is not supported: STEVAL-BFA001V1B
2026-05-09 22:15:45,391 [INFO] BoardInfo:889 - No configuration file found for board STEVAL-BFA001V2B
2026-05-09 22:15:45,391 [INFO] DbBoards:161 - Kit is not supported: STEVAL-BFA001V2B
2026-05-09 22:15:45,535 [INFO] BoardInfo:889 - No configuration file found for board STM32H5F5J-DK
2026-05-09 22:15:45,539 [INFO] DbBoards:161 - Board is not supported: STM32H5F5J-DK
2026-05-09 22:15:45,585 [INFO] BoardInfo:889 - No configuration file found for board STM32MP215F-DK
2026-05-09 22:15:45,586 [INFO] DbBoards:161 - Board is not supported: STM32MP215F-DK
2026-05-09 22:15:45,587 [INFO] BoardInfo:889 - No configuration file found for board STM32MP257F-DK
2026-05-09 22:15:45,587 [INFO] DbBoards:161 - Board is not supported: STM32MP257F-DK
2026-05-09 22:15:45,588 [INFO] BoardInfo:889 - No configuration file found for board STM32MP257F-EV1
2026-05-09 22:15:45,588 [INFO] DbBoards:161 - Board is not supported: STM32MP257F-EV1
2026-05-09 22:15:45,589 [INFO] BoardInfo:889 - No configuration file found for board STM32N6570-DK
2026-05-09 22:15:45,589 [INFO] DbBoards:161 - Board is not supported: STM32N6570-DK
2026-05-09 22:15:45,597 [INFO] BoardInfo:889 - No configuration file found for board STM32WBA65I-DK1
2026-05-09 22:15:45,597 [INFO] DbBoards:161 - Board is not supported: STM32WBA65I-DK1
2026-05-09 22:15:45,597 [INFO] DbBoards:168 - Found 218 boards, 192 are supported
2026-05-09 22:15:45,597 [INFO] DbBoards:169 - Found 218 boards, 8 of them is supported for  Bsp
2026-05-09 22:15:45,599 [INFO] ApiDb:423 - Load user favorites file C:\Users\Aditya/.stm32cubeide/favorites.boards.txt: 0 item(s)
2026-05-09 22:15:45,599 [INFO] ApiDb:427 - User favorites Boards=[]
2026-05-09 22:15:45,599 [INFO] DbBoards:198 - Set 0 / 0 favorites Boards
2026-05-09 22:15:46,237 [ERROR] TargetSelectorAdapter:267 - Unable to refresh data
2026-05-09 22:15:46,349 [INFO] McuFinderGlobals:76 - Set McuFinderConnectedMode to true
2026-05-09 22:15:46,352 [INFO] MultiScanPanel:200 - Auto-refresh data requested => check proxy status ongoing
2026-05-09 22:15:46,355 [INFO] FinderPluginLoader:95 - Searching for filters in installed packs
2026-05-09 22:15:48,004 [INFO] LoadUrlFilesThread:185 - End of LoadServerUrlFiles without Thread
2026-05-09 22:15:48,004 [INFO] DetailPanel:341 - Set advertising image to C:/Users/Aditya/STM32Cube/Repository/\en.prom-stm32wba2-stm32-nucleo-board-0426.png
2026-05-09 22:15:51,622 [INFO] MultiScanPanel:200 - Auto-refresh data requested => check proxy status ongoing
2026-05-09 22:15:51,687 [INFO] LoadUrlFilesThread:185 - End of LoadServerUrlFiles without Thread
2026-05-09 22:15:51,687 [INFO] DetailPanel:341 - Set advertising image to C:/Users/Aditya/STM32Cube/Repository/\en.prom-stm32wba2-stm32-nucleo-board-0426.png
2026-05-09 22:15:51,693 [INFO] DbBoards:642 - Loading board mini-images...
2026-05-09 22:15:54,485 [INFO] DbBoards:665 - Loaded 218 board mini-images
2026-05-09 22:16:18,598 [INFO] MainUpdater:2873 - connection check result : 10
2026-05-09 22:16:18,598 [INFO] MainUpdater:2873 - connection check result : 10
2026-05-09 22:16:18,614 [INFO] MicroXplorer:468 - Change Database Path : 
2026-05-09 22:16:18,615 [INFO] MicroXplorer:498 - Change Database Version : DB.6.0.110
2026-05-09 22:16:18,625 [ERROR] ProjectManagerView:394 - 
java.lang.NullPointerException: Cannot invoke "javax.swing.JTextField.getText()" because the return value of "java.util.List.get(int)" is null
	at com.st.microxplorer.plugins.projectmanager.gui.ProjectChoiceTab$10.caretUpdate(ProjectChoiceTab.java:2504) ~[filemanager.jar:?]
	at javax.swing.text.JTextComponent.fireCaretUpdate(JTextComponent.java:412) ~[?:?]
	at javax.swing.text.JTextComponent$MutableCaretEvent.fire(JTextComponent.java:4491) ~[?:?]
	at javax.swing.text.JTextComponent$MutableCaretEvent.stateChanged(JTextComponent.java:4513) ~[?:?]
	at javax.swing.text.DefaultCaret.fireStateChanged(DefaultCaret.java:842) ~[?:?]
	at javax.swing.text.DefaultCaret.changeCaretPosition(DefaultCaret.java:1313) ~[?:?]
	at javax.swing.text.DefaultCaret.handleSetDot(DefaultCaret.java:1212) ~[?:?]
	at javax.swing.text.DefaultCaret.setDot(DefaultCaret.java:1193) ~[?:?]
	at javax.swing.text.DefaultCaret$Handler.insertUpdate(DefaultCaret.java:1789) ~[?:?]
	at javax.swing.text.AbstractDocument.fireInsertUpdate(AbstractDocument.java:226) ~[?:?]
	at javax.swing.text.AbstractDocument.handleInsertString(AbstractDocument.java:780) ~[?:?]
	at javax.swing.text.AbstractDocument.insertString(AbstractDocument.java:739) ~[?:?]
	at javax.swing.text.PlainDocument.insertString(PlainDocument.java:131) ~[?:?]
	at javax.swing.text.AbstractDocument.replace(AbstractDocument.java:698) ~[?:?]
	at javax.swing.text.JTextComponent.setText(JTextComponent.java:1729) ~[?:?]
	at com.st.microxplorer.plugins.projectmanager.gui.ProjectChoiceTab.createHeapStackFields(ProjectChoiceTab.java:944) ~[filemanager.jar:?]
	at com.st.microxplorer.plugins.projectmanager.gui.ProjectChoiceTab.buildLinkSettingsPanel(ProjectChoiceTab.java:3475) ~[filemanager.jar:?]
	at com.st.microxplorer.plugins.projectmanager.gui.ProjectChoiceTab.defineWindowsFields(ProjectChoiceTab.java:1816) ~[filemanager.jar:?]
	at com.st.microxplorer.plugins.projectmanager.gui.ProjectChoiceTab.updateSettings(ProjectChoiceTab.java:544) ~[filemanager.jar:?]
	at com.st.microxplorer.plugins.projectmanager.gui.ProjectSettingsPanel.UpdateDialog(ProjectSettingsPanel.java:245) ~[filemanager.jar:?]
	at com.st.microxplorer.plugins.projectmanager.ProjectManagerView.propertyChange(ProjectManagerView.java:391) ~[filemanager.jar:?]
	at java.beans.PropertyChangeSupport.fire(PropertyChangeSupport.java:343) ~[?:?]
	at java.beans.PropertyChangeSupport.firePropertyChange(PropertyChangeSupport.java:335) ~[?:?]
	at java.beans.PropertyChangeSupport.firePropertyChange(PropertyChangeSupport.java:268) ~[?:?]
	at com.st.microxplorer.util.MXPropertyChangeSupport.firePropertyChange(MXPropertyChangeSupport.java:54) ~[STM32CubeMX.jar:?]
	at com.st.microxplorer.mxsystem.MxSystem.closeConfig(MxSystem.java:900) ~[STM32CubeMX.jar:?]
	at com.st.microxplorer.maingui.MainPanel.closeConfig(MainPanel.java:776) ~[STM32CubeMX.jar:?]
	at com.st.microxplorer.plugins.filemanager.engine.OpenFileManager.loadConfigurationFile(OpenFileManager.java:245) ~[filemanager.jar:?]
	at com.st.microxplorer.plugins.filemanager.engine.MainFileManager.userLoadConfig(MainFileManager.java:315) ~[filemanager.jar:?]
	at com.st.microxplorer.plugins.filemanager.FileManagerView.getSpecificTask(FileManagerView.java:251) ~[filemanager.jar:?]
	at com.st.stm32cube.common.mx.editor.CubeMxEditor.getMxTabbedPaneInstance(CubeMxEditor.java:1191) ~[com.st.stm32cube.common.mx_6.11.0.202403141607/:?]
	at com.st.stm32cube.common.mx.editor.CubeMxEditor$12$1.createSwingComponent(CubeMxEditor.java:1068) ~[com.st.stm32cube.common.mx_6.11.0.202403141607/:?]
	at com.st.stm32cube.common.mx.oss.core.awtswtbridge.EmbeddedSwingComposite.doComponentCreation(EmbeddedSwingComposite.java:492) ~[com.st.stm32cube.common.mx.oss_6.11.0.202403141607/:?]
	at com.st.stm32cube.common.mx.oss.core.awtswtbridge.EmbeddedSwingComposite$4.run(EmbeddedSwingComposite.java:291) ~[com.st.stm32cube.common.mx.oss_6.11.0.202403141607/:?]
	at com.st.stm32cube.common.mx.oss.core.awtswtbridge.AwtEnvironment$2.run(AwtEnvironment.java:166) ~[com.st.stm32cube.common.mx.oss_6.11.0.202403141607/:?]
	at java.awt.event.InvocationEvent.dispatch(InvocationEvent.java:318) ~[?:?]
	at java.awt.EventQueue.dispatchEventImpl(EventQueue.java:773) ~[?:?]
	at java.awt.EventQueue$4.run(EventQueue.java:720) ~[?:?]
	at java.awt.EventQueue$4.run(EventQueue.java:714) ~[?:?]
	at java.security.AccessController.doPrivileged(AccessController.java:399) ~[?:?]
	at java.security.ProtectionDomain$JavaSecurityAccessImpl.doIntersectionPrivilege(ProtectionDomain.java:86) ~[?:?]
	at java.awt.EventQueue.dispatchEvent(EventQueue.java:742) ~[?:?]
	at java.awt.EventDispatchThread.pumpOneEventForFilters(EventDispatchThread.java:203) ~[?:?]
	at java.awt.EventDispatchThread.pumpEventsForFilter(EventDispatchThread.java:124) ~[?:?]
	at java.awt.EventDispatchThread.pumpEventsForHierarchy(EventDispatchThread.java:113) ~[?:?]
	at java.awt.EventDispatchThread.pumpEvents(EventDispatchThread.java:109) ~[?:?]
	at java.awt.EventDispatchThread.pumpEvents(EventDispatchThread.java:101) ~[?:?]
	at java.awt.EventDispatchThread.run(EventDispatchThread.java:90) ~[?:?]
2026-05-09 22:16:18,635 [WARN] ThirdParty:871 - waiting for thirdparty lock release [close project]
2026-05-09 22:16:18,635 [INFO] ThirdParty:873 - entering critical section [close project]
2026-05-09 22:16:18,635 [INFO] ThirdParty:883 - exiting critical section [close project]
2026-05-09 22:16:18,636 [INFO] PinOutPanel:1561 - setPackage(No Configuration,No Configuration)
2026-05-09 22:16:18,644 [WARN] IpParametersView:151 - Warning: This peripheral hasn't parameters
2026-05-09 22:16:18,648 [WARN] MainPanel:272 - <html><b><center>Warning: This peripheral has no parameters to be configured<br></b></html>
2026-05-09 22:16:18,656 [INFO] UtilMem:75 - Begin LoadConfig() Used Memory: 1033104360 Bytes (1073741824)
2026-05-09 22:16:18,657 [INFO] OpenFileManager:312 - Change cursor
2026-05-09 22:16:18,673 [INFO] RulesReader:64 - Compatibility file has been processed (297 Rules)
2026-05-09 22:16:18,676 [INFO] ProjectFactory:442 - No CPN specified for board NUCLEO-F446RE => set CPN to STM32F446RET6
2026-05-09 22:16:18,677 [INFO] Mcu:2021 - Initializing MCU STM32F446R(C-E)Tx STM32F446RETx STM32F446RET6
2026-05-09 22:16:20,086 [INFO] Context:663 - Trying to add GPIOservice into a context  which must be forbidden
2026-05-09 22:16:21,127 [INFO] Rule:228 - rule 117617 - U5Cobra4M][GTZC] default value MPCBB3 and MPCBB5 - Not Secured memory - MPCBB1 is applicable
2026-05-09 22:16:21,127 [INFO] Rule:228 - rule 117617 - U5Cobra4M][GTZC] default value MPCBB3 and MPCBB5 - Not Secured memory - MPCBB1 is applicable
2026-05-09 22:16:21,128 [INFO] Rule:228 - rule 117617 - U5Cobra4M][GTZC] default value MPCBB3 and MPCBB5 - Not Secured memory - MPCBB2 is applicable
2026-05-09 22:16:21,128 [INFO] Rule:228 - rule 117617 - U5Cobra4M][GTZC] default value MPCBB3 and MPCBB5 - Not Secured memory - MPCBB2 is applicable
2026-05-09 22:16:21,128 [INFO] Rule:228 - rule 117617 - U5Cobra4M][GTZC] default value MPCBB3 and MPCBB5 - Not Secured memory - MPCBB3 is applicable
2026-05-09 22:16:21,128 [INFO] Rule:228 - rule 117617 - U5Cobra4M][GTZC] default value MPCBB3 and MPCBB5 - Not Secured memory - MPCBB3 is applicable
2026-05-09 22:16:21,128 [INFO] Rule:228 - rule 117617 - U5Cobra4M][GTZC] default value MPCBB3 and MPCBB5 - Not Secured memory - MPCBB4 is applicable
2026-05-09 22:16:21,128 [INFO] Rule:228 - rule 117617 - U5Cobra4M][GTZC] default value MPCBB3 and MPCBB5 - Not Secured memory - MPCBB4 is applicable
2026-05-09 22:16:21,128 [INFO] Rule:228 - rule 117617 - U5Cobra4M][GTZC] default value MPCBB3 and MPCBB5 - Secured memory - MPCBB1 is applicable
2026-05-09 22:16:21,128 [INFO] Rule:228 - rule 117617 - U5Cobra4M][GTZC] default value MPCBB3 and MPCBB5 - Secured memory - MPCBB2 is applicable
2026-05-09 22:16:21,128 [INFO] Rule:228 - rule 117617 - U5Cobra4M][GTZC] default value MPCBB3 and MPCBB5 - Secured memory - MPCBB3 is applicable
2026-05-09 22:16:21,128 [INFO] Rule:228 - rule 117617 - U5Cobra4M][GTZC] default value MPCBB3 and MPCBB5 - Secured memory - MPCBB4 is applicable
2026-05-09 22:16:21,128 [INFO] Rule:228 - rule 117617 - U5Cobra4M][GTZC] default value MPCBB3 and MPCBB5 - Privileged memory - MPCBB1 is applicable
2026-05-09 22:16:21,128 [INFO] Rule:228 - rule 117617 - U5Cobra4M][GTZC] default value MPCBB3 and MPCBB5 - Privileged memory - MPCBB2 is applicable
2026-05-09 22:16:21,128 [INFO] Rule:228 - rule 117617 - U5Cobra4M][GTZC] default value MPCBB3 and MPCBB5 - Privileged memory - MPCBB3 is applicable
2026-05-09 22:16:21,128 [INFO] Rule:228 - rule 117617 - U5Cobra4M][GTZC] default value MPCBB3 and MPCBB5 - Privileged memory - MPCBB4 is applicable
2026-05-09 22:16:21,128 [INFO] Rule:228 - rule 117617 - U5Cobra4M][GTZC] default value MPCBB3 and MPCBB5 - Not Privileged memory - MPCBB1 is applicable
2026-05-09 22:16:21,128 [INFO] Rule:228 - rule 117617 - U5Cobra4M][GTZC] default value MPCBB3 and MPCBB5 - Not Privileged memory - MPCBB2 is applicable
2026-05-09 22:16:21,128 [INFO] Rule:228 - rule 117617 - U5Cobra4M][GTZC] default value MPCBB3 and MPCBB5 - Not Privileged memory - MPCBB3 is applicable
2026-05-09 22:16:21,128 [INFO] Rule:228 - rule 117617 - U5Cobra4M][GTZC] default value MPCBB3 and MPCBB5 - Not Privileged memory - MPCBB4 is applicable
2026-05-09 22:16:21,128 [INFO] Rule:228 - rule 117617 - U5Cobra4M][GTZC] default value MPCBB3 and MPCBB5 - Privileged memory - MPCBB1 is applicable
2026-05-09 22:16:21,128 [INFO] Rule:228 - rule 117617 - U5Cobra4M][GTZC] default value MPCBB3 and MPCBB5 - Privileged memory - MPCBB2 is applicable
2026-05-09 22:16:21,128 [INFO] Rule:228 - rule 117617 - U5Cobra4M][GTZC] default value MPCBB3 and MPCBB5 - Privileged memory - MPCBB3 is applicable
2026-05-09 22:16:21,128 [INFO] Rule:228 - rule 117617 - U5Cobra4M][GTZC] default value MPCBB3 and MPCBB5 - Privileged memory - MPCBB4 is applicable
2026-05-09 22:16:21,128 [INFO] Rule:228 - rule 117617 - U5Cobra4M][GTZC] default value MPCBB3 and MPCBB5 - Privileged memory - MPCBB1 is applicable
2026-05-09 22:16:21,128 [INFO] Rule:228 - rule 117617 - U5Cobra4M][GTZC] default value MPCBB3 and MPCBB5 - Privileged memory - MPCBB2 is applicable
2026-05-09 22:16:21,128 [INFO] Rule:228 - rule 117617 - U5Cobra4M][GTZC] default value MPCBB3 and MPCBB5 - Privileged memory - MPCBB3 is applicable
2026-05-09 22:16:21,128 [INFO] Rule:228 - rule 117617 - U5Cobra4M][GTZC] default value MPCBB3 and MPCBB5 - Privileged memory - MPCBB4 is applicable
2026-05-09 22:16:21,128 [INFO] Rule:228 - rule 117617 - U5Cobra4M][GTZC] default value MPCBB3 and MPCBB5 - Not Privileged memory - MPCBB1 is applicable
2026-05-09 22:16:21,128 [INFO] Rule:228 - rule 117617 - U5Cobra4M][GTZC] default value MPCBB3 and MPCBB5 - Not Privileged memory - MPCBB2 is applicable
2026-05-09 22:16:21,128 [INFO] Rule:228 - rule 117617 - U5Cobra4M][GTZC] default value MPCBB3 and MPCBB5 - Not Privileged memory - MPCBB3 is applicable
2026-05-09 22:16:21,128 [INFO] Rule:228 - rule 117617 - U5Cobra4M][GTZC] default value MPCBB3 and MPCBB5 - Not Privileged memory - MPCBB4 is applicable
2026-05-09 22:16:21,129 [INFO] Rule:228 - rule 117617 - U5Cobra4M][GTZC] default value MPCBB3 and MPCBB5 - Privileged memory - MPCBB1 is applicable
2026-05-09 22:16:21,129 [INFO] Rule:228 - rule 117617 - U5Cobra4M][GTZC] default value MPCBB3 and MPCBB5 - Privileged memory - MPCBB2 is applicable
2026-05-09 22:16:21,129 [INFO] Rule:228 - rule 117617 - U5Cobra4M][GTZC] default value MPCBB3 and MPCBB5 - Privileged memory - MPCBB3 is applicable
2026-05-09 22:16:21,129 [INFO] Rule:228 - rule 117617 - U5Cobra4M][GTZC] default value MPCBB3 and MPCBB5 - Privileged memory - MPCBB4 is applicable
2026-05-09 22:16:21,129 [INFO] Rule:228 - rule Rename SubGHz_Phy SUBGHZ_APPLICATION SUBGHZ_PINGPONG to SUBGHZ_ADV_APPLICATION is applicable
2026-05-09 22:16:21,129 [INFO] Rule:228 - rule Rename Enabled to IBEACON is applicable
2026-05-09 22:16:21,129 [INFO] Rule:228 - rule GTZC_S instance for project manager is applicable
2026-05-09 22:16:21,129 [INFO] Rule:228 - rule GTZC_S instance for context M33S is applicable
2026-05-09 22:16:21,129 [INFO] Rule:228 - rule GTZC_S instance value for IP GTZC is applicable
2026-05-09 22:16:21,129 [INFO] Rule:228 - rule GTZC_S instance for mcu.IP is applicable
2026-05-09 22:16:21,129 [INFO] Rule:228 - rule GTZC_S instance for VP is applicable
2026-05-09 22:16:21,129 [INFO] Rule:228 - rule GTZC_S instance for signal is applicable
2026-05-09 22:16:21,129 [INFO] Rule:228 - rule GTZC_S instance for mcu.Pin is applicable
2026-05-09 22:16:21,129 [INFO] Rule:228 - rule GTZC_S instance for VP is applicable
2026-05-09 22:16:21,129 [INFO] Rule:228 - rule GTZC_S instance for signal is applicable
2026-05-09 22:16:21,129 [INFO] Rule:228 - rule GTZC_S instance for mcu is applicable
2026-05-09 22:16:21,129 [INFO] Rule:228 - rule GTZC_S instance for mcu.Pin is applicable
2026-05-09 22:16:21,129 [INFO] Rule:228 - rule GTZC_S instance value for IP GTZC is applicable
2026-05-09 22:16:21,129 [INFO] Rule:228 - rule GTZC_S instance for project manager is applicable
2026-05-09 22:16:21,129 [INFO] Rule:228 - rule GTZC_S instance for context M33S is applicable
2026-05-09 22:16:21,129 [INFO] Rule:228 - rule GTZC_S instance for VP is applicable
2026-05-09 22:16:21,129 [INFO] Rule:228 - rule GTZC_S instance for signal is applicable
2026-05-09 22:16:21,129 [INFO] Rule:228 - rule SPDIFRX instance for mcu is applicable
2026-05-09 22:16:21,129 [INFO] Rule:228 - rule Rename Tracer Mode is applicable
2026-05-09 22:16:21,129 [INFO] Rule:228 - rule SPDIFRX instance value for IP SPDIFRX is applicable
2026-05-09 22:16:21,129 [INFO] Rule:228 - rule SPDIFRX instance for signal is applicable
2026-05-09 22:16:21,129 [INFO] Rule:228 - rule SPDIFRX instance for project manager is applicable
2026-05-09 22:16:21,129 [INFO] Rule:228 - rule SPDIFRX instance for project manager is applicable
2026-05-09 22:16:21,129 [INFO] Rule:228 - rule ADC Scan  fix with FW F7 is applicable
2026-05-09 22:16:21,129 [INFO] Rule:228 - rule ADC Scan  fix with FW F7 is applicable
2026-05-09 22:16:21,129 [INFO] Rule:228 - rule WakeUp0 Mode is applicable
2026-05-09 22:16:21,129 [INFO] Rule:228 - rule WakeUp0 SIGNAL is applicable
2026-05-09 22:16:21,129 [INFO] Rule:228 - rule WakeUp1 Mode is applicable
2026-05-09 22:16:21,129 [INFO] Rule:228 - rule WakeUp1 SIGNAL is applicable
2026-05-09 22:16:21,129 [INFO] Rule:228 - rule WakeUp2 Mode is applicable
2026-05-09 22:16:21,130 [INFO] Rule:228 - rule WakeUp2 SIGNAL is applicable
2026-05-09 22:16:21,130 [INFO] Rule:228 - rule WakeUp4 Mode is applicable
2026-05-09 22:16:21,130 [INFO] Rule:228 - rule WakeUp4 SIGNAL is applicable
2026-05-09 22:16:21,130 [INFO] Rule:228 - rule WakeUp5 Mode is applicable
2026-05-09 22:16:21,130 [INFO] Rule:228 - rule WakeUp5 SIGNAL is applicable
2026-05-09 22:16:21,130 [INFO] Rule:228 - rule Add RTC Activate Clock Source is applicable
2026-05-09 22:16:21,130 [INFO] Rule:228 - rule Add RTC Activate Calendar 1 is applicable
2026-05-09 22:16:21,130 [INFO] Rule:228 - rule Add RTC Activate Calendar 2 is applicable
2026-05-09 22:16:21,130 [INFO] Rule:228 - rule Add RTC Activate Calendar 3 is applicable
2026-05-09 22:16:21,130 [INFO] Rule:228 - rule UART/USART TX Mode is applicable
2026-05-09 22:16:21,130 [INFO] Rule:228 - rule UART/USART RX Mode is applicable
2026-05-09 22:16:21,130 [INFO] Rule:228 - rule UART/USART RX TX Mode is applicable
2026-05-09 22:16:21,130 [INFO] Rule:228 - rule UART/USART PARITY NONE is applicable
2026-05-09 22:16:21,130 [INFO] Rule:228 - rule UART/USART PARITY EVEN is applicable
2026-05-09 22:16:21,130 [INFO] Rule:228 - rule UART/USART PARITY ODD is applicable
2026-05-09 22:16:21,130 [INFO] Rule:228 - rule USART StopBits 1 is applicable
2026-05-09 22:16:21,130 [INFO] Rule:228 - rule USART StopBits 2 is applicable
2026-05-09 22:16:21,130 [INFO] Rule:228 - rule USART StopBits 1.5 is applicable
2026-05-09 22:16:21,130 [INFO] Rule:228 - rule USART StopBits 0.5 is applicable
2026-05-09 22:16:21,130 [INFO] Rule:228 - rule UART/USART WORD LENGTH 7 is applicable
2026-05-09 22:16:21,130 [INFO] Rule:228 - rule UART/USART WORD LENGTH 8 is applicable
2026-05-09 22:16:21,130 [INFO] Rule:228 - rule UART/USART WORD LENGTH 9 is applicable
2026-05-09 22:16:21,130 [INFO] Rule:228 - rule Rename FMC NAND NCE signal is applicable
2026-05-09 22:16:21,130 [INFO] Rule:228 - rule Rename FMC NAND INT signal is applicable
2026-05-09 22:16:21,130 [INFO] Rule:228 - rule Change Default Value for LSE Drive Capability for WB family is applicable
2026-05-09 22:16:21,130 [INFO] Rule:228 - rule Change Default Value for ADC Clock Prescaler G0 family is applicable
2026-05-09 22:16:21,130 [INFO] Rule:228 - rule Change Default Value for ADC ExternalTrigConv L4 family is applicable
2026-05-09 22:16:21,130 [INFO] Rule:228 - rule Change Default Value for ADC ExternalTrigInjecConv L4 family is applicable
2026-05-09 22:16:21,130 [INFO] Rule:228 - rule Change Default Value for ADC ExternalTrigConv F3 family is applicable
2026-05-09 22:16:21,130 [INFO] Rule:228 - rule Change Default Value for ADC ExternalTrigInjecConv F3 family is applicable
2026-05-09 22:16:21,130 [INFO] Rule:228 - rule Change Default Value for ADC ExternalTrigConv Goldfish serie is applicable
2026-05-09 22:16:21,130 [INFO] Rule:228 - rule Change Default Value for ADC ExternalTrigInjecConv Goldfish serie is applicable
2026-05-09 22:16:21,130 [INFO] Rule:228 - rule Change Default Value for ADC ExternalTrigConv L0 family is applicable
2026-05-09 22:16:21,130 [INFO] Rule:228 - rule Change Default Value for ADC ExternalTrigConv F0 family is applicable
2026-05-09 22:16:21,130 [INFO] Rule:228 - rule Change Default Value for ADC ExternalTrigConvn L1 family is applicable
2026-05-09 22:16:21,130 [INFO] Rule:228 - rule Change Default Value for ADC ExternalTrigInjecConv L1 family is applicable
2026-05-09 22:16:21,130 [INFO] Rule:228 - rule Change Default Value for ADC ExternalTrigConv F1 family is applicable
2026-05-09 22:16:21,130 [INFO] Rule:228 - rule Change Default Value for ADC ExternalTrigInjecConv F1 family is applicable
2026-05-09 22:16:21,130 [INFO] Rule:228 - rule Change Default Value for ADC ExternalTrigConv F7 family is applicable
2026-05-09 22:16:21,131 [INFO] Rule:228 - rule Change Default Value for ADC ExternalTrigInjecConv F7 family is applicable
2026-05-09 22:16:21,131 [INFO] Rule:228 - rule Change Default Value for ADC ExternalTrigConv F4 and F2 family is applicable
2026-05-09 22:16:21,131 [INFO] Rule:228 - rule Change Default Value for ADC ExternalTrigInjecConv F4 and F2 family is applicable
2026-05-09 22:16:21,131 [INFO] Rule:228 - rule ADC SamplingTime fix with FW L0  is applicable
2026-05-09 22:16:21,131 [INFO] Rule:228 - rule ADC SamplingTime fix with FW L0  is applicable
2026-05-09 22:16:21,131 [INFO] Rule:228 - rule ADC SamplingTime fix with FW L0 is applicable
2026-05-09 22:16:21,131 [INFO] Rule:228 - rule ADC SamplingTime fix with FW L0 is applicable
2026-05-09 22:16:21,131 [INFO] Rule:228 - rule ADC SamplingTime fix with FW L0  is applicable
2026-05-09 22:16:21,131 [INFO] Rule:228 - rule ADC SamplingTime fix with FW L0 is applicable
2026-05-09 22:16:21,131 [INFO] Rule:228 - rule Rename USB_OE Signal is applicable
2026-05-09 22:16:21,131 [INFO] Rule:228 - rule Rename Activate_OE Mode is applicable
2026-05-09 22:16:21,131 [INFO] Rule:228 - rule Rename DIE462/DIE415 pin PC14/OSC32_IN -> PC14-OSC32_IN (PC14) is applicable
2026-05-09 22:16:21,131 [INFO] Rule:228 - rule Rename DIE462/DIE415 pin PC15/OSC32_OUT -> PC15-OSC32_OUT (PC15) is applicable
2026-05-09 22:16:21,131 [INFO] Rule:228 - rule Rename DIE462/DIE415 pin PH0/OSC_IN -> PH0-OSC_IN (PH0) is applicable
2026-05-09 22:16:21,131 [INFO] Rule:228 - rule Rename DIE462/DIE415 pin PH1/OSC_OUT -> PH1-OSC_OUT (PH1) is applicable
2026-05-09 22:16:21,131 [INFO] Rule:228 - rule Rename DIE462 pin PA13 -> PA13 (JTMS/SWDIO) is applicable
2026-05-09 22:16:21,131 [INFO] Rule:228 - rule Rename DIE415 pin PA13 -> PA13 (JTMS/SWDIO) is applicable
2026-05-09 22:16:21,131 [INFO] Rule:228 - rule Rename DIE462 pin PA14 -> PA14 (JTCK/SWCLK) is applicable
2026-05-09 22:16:21,131 [INFO] Rule:228 - rule Rename DIE415 pin PA14 -> PA14 (JTCK/SWCLK) is applicable
2026-05-09 22:16:21,131 [INFO] Rule:228 - rule Rename DIE462/DIE415 pin PA15 -> PA15 (JTDI) is applicable
2026-05-09 22:16:21,131 [INFO] Rule:228 - rule Rename DIE462 pin PB3 -> PB3 (JTD0/TRACESWO) is applicable
2026-05-09 22:16:21,131 [INFO] Rule:228 - rule Rename DIE415 pin PB3 -> PB3 (JTD0-TRACESWO) is applicable
2026-05-09 22:16:21,131 [INFO] Rule:228 - rule Rename DIE462/DIE415 pin PB4 -> PB4 (NJTRST) is applicable
2026-05-09 22:16:21,131 [INFO] Rule:228 - rule Rename DIE462 pin PH3/BOOT0 -> PH3-BOOT0 (BOOT0) is applicable
2026-05-09 22:16:21,131 [INFO] Rule:228 - rule Rename CRYP DataEncryptionTypesList to Algorithm is applicable
2026-05-09 22:16:21,131 [INFO] Rule:228 - rule Rename AES DataEncryptionTypesList to Algorithm is applicable
2026-05-09 22:16:21,131 [INFO] Rule:228 - rule Rename TDESECB to CRYP_TDES_ECB is applicable
2026-05-09 22:16:21,131 [INFO] Rule:228 - rule Rename TDESCBC to CRYP_TDES_CBC is applicable
2026-05-09 22:16:21,131 [INFO] Rule:228 - rule Rename DESECB to CRYP_DES_ECB is applicable
2026-05-09 22:16:21,131 [INFO] Rule:228 - rule Rename DESCBC to CRYP_DES_CBC is applicable
2026-05-09 22:16:21,131 [INFO] Rule:228 - rule Rename AESECB to CRYP_AES_ECB is applicable
2026-05-09 22:16:21,131 [INFO] Rule:228 - rule Rename AESCBC to CRYP_AES_CBC is applicable
2026-05-09 22:16:21,131 [INFO] Rule:228 - rule Rename AESCTR to CRYP_AES_CTR is applicable
2026-05-09 22:16:21,131 [INFO] Rule:228 - rule Rename AESGCM to CRYP_AES_GCM is applicable
2026-05-09 22:16:21,131 [INFO] Rule:228 - rule Rename AESCCM to CRYP_AES_CCM is applicable
2026-05-09 22:16:21,131 [INFO] Rule:228 - rule Rename CAN TimeSeg1 to BS1 is applicable
2026-05-09 22:16:21,131 [INFO] Rule:228 - rule Rename CAN TimeSeg2 to BS2 is applicable
2026-05-09 22:16:21,131 [INFO] Rule:228 - rule Rename CAN SyncJumpWidth to SJW is applicable
2026-05-09 22:16:21,132 [INFO] Rule:228 - rule TimeTriggeredMode to TTCM is applicable
2026-05-09 22:16:21,132 [INFO] Rule:228 - rule Rename CAN AutoBusOff to ABOM is applicable
2026-05-09 22:16:21,132 [INFO] Rule:228 - rule Rename CAN AutoWakeUp to AWUM is applicable
2026-05-09 22:16:21,132 [INFO] Rule:228 - rule Rename CAN AutoRetransmission to NART is applicable
2026-05-09 22:16:21,132 [INFO] Rule:228 - rule Rename CAN ReceiveFifoLocked to RFLM is applicable
2026-05-09 22:16:21,132 [INFO] Rule:228 - rule Rename CAN TransmitFifoPriority to TXFP is applicable
2026-05-09 22:16:21,132 [INFO] Rule:228 - rule Rename HRTIMER HRTIM_OUTPUTFAULTLEVEL_HIGH in HRTIMER HRTIM_OUTPUTFAULTLEVEL_HIGHZ is applicable
2026-05-09 22:16:21,132 [INFO] Rule:228 - rule Rename TIMER TIM_CLEARINPUTSOURCE_OCREFCLR in  TIMER TIM_CLEARINPUTSOURCE_NONE for F7 family is applicable
2026-05-09 22:16:21,132 [INFO] Rule:228 - rule FDCAN_R1 - Rename FDCAN mode Master into Classic is applicable
2026-05-09 22:16:21,132 [INFO] Rule:228 - rule FDCAN_R2 - Rename FDCAN mode Slave into Classic is applicable
2026-05-09 22:16:21,132 [INFO] Rule:228 - rule FDCAN1_R3 - if PA10.Mode=FullDuplex, add Pin PA12 is applicable
2026-05-09 22:16:21,132 [INFO] Rule:228 - rule FDCAN1_R3 - if PA9.Mode=FullDuplex, add Pin PA11 is applicable
2026-05-09 22:16:21,132 [INFO] Rule:228 - rule FDCAN1_R3 - Alternatepin_1 - if PE1.Mode=FullDuplex, add Pin PB9 is applicable
2026-05-09 22:16:21,132 [INFO] Rule:228 - rule FDCAN1_R3 - Alternatepin_1 - if PE0.Mode=FullDuplex, add Pin PB8 is applicable
2026-05-09 22:16:21,132 [INFO] Rule:228 - rule FDCAN1_R3 - Alternatepin_2 - if PD5.Mode=FullDuplex, add Pin PD1 is applicable
2026-05-09 22:16:21,132 [INFO] Rule:228 - rule FDCAN1_R3 - Alternatepin_2 - if PD4.Mode=FullDuplex, add Pin PD0 is applicable
2026-05-09 22:16:21,132 [INFO] Rule:228 - rule FDCAN1_R4 - Rename Mode FullDuplex into Enable FDCAN_TXFD for pin PA10 is applicable
2026-05-09 22:16:21,132 [INFO] Rule:228 - rule FDCAN1_R4 - Rename Mode FullDuplex into Enable FDCAN_TXFD for pin PA9 is applicable
2026-05-09 22:16:21,132 [INFO] Rule:228 - rule FDCAN1_R4 - Alternatepin_1 - Rename Mode FullDuplex into Enable FDCAN_TXFD for pin PE1 is applicable
2026-05-09 22:16:21,132 [INFO] Rule:228 - rule FDCAN1_R4 - Alternatepin_1 - Rename Mode FullDuplex into Enable FDCAN_TXFD for pin PE0 is applicable
2026-05-09 22:16:21,132 [INFO] Rule:228 - rule FDCAN1_R4 - Alternatepin_2 - Rename Mode FullDuplex into Enable FDCAN_TXFD for pin PD5 is applicable
2026-05-09 22:16:21,132 [INFO] Rule:228 - rule FDCAN1_R4 - Alternatepin_2 - Rename Mode FullDuplex into Enable FDCAN_TXFD for pin PD4 is applicable
2026-05-09 22:16:21,132 [INFO] Rule:228 - rule FDCAN2_R3 - if PD10.Mode=FullDuplex, add Pin PB13 is applicable
2026-05-09 22:16:21,132 [INFO] Rule:228 - rule FDCAN2_R3 - if PD9.Mode=FullDuplex, add Pin PB12 is applicable
2026-05-09 22:16:21,132 [INFO] Rule:228 - rule FDCAN2_R3 - Alternatepin_1 - if PB7.Mode=FullDuplex, add Pin PB6 is applicable
2026-05-09 22:16:21,132 [INFO] Rule:228 - rule FDCAN2_R3 - Alternatepin_1 - if PD9.Mode=FullDuplex, add Pin PB12 is applicable
2026-05-09 22:16:21,132 [INFO] Rule:228 - rule FDCAN2_R4 - Rename Mode FullDuplex into Enable FDCAN_TXFD for pin PD10 is applicable
2026-05-09 22:16:21,132 [INFO] Rule:228 - rule FDCAN2_R4 - Rename Mode FullDuplex into Enable FDCAN_TXFD for pin PD9 is applicable
2026-05-09 22:16:21,132 [INFO] Rule:228 - rule FDCAN2_R4 - Alternatepin_1 - Rename Mode FullDuplex into Enable FDCAN_TXFD for pin PB7 is applicable
2026-05-09 22:16:21,132 [INFO] Rule:228 - rule FDCAN2_R4 - Alternatepin_1 - Rename Mode FullDuplex into Enable FDCAN_TXFD for pin PD6 is applicable
2026-05-09 22:16:21,132 [INFO] Rule:228 - rule USART TxPinLevelInvertParam Mode is applicable
2026-05-09 22:16:21,132 [INFO] Rule:228 - rule USART RxPinLevelInvertParam Mode is applicable
2026-05-09 22:16:21,132 [INFO] Rule:228 - rule USART DataInvertParam Mode is applicable
2026-05-09 22:16:21,132 [INFO] Rule:228 - rule USART SwapParam Mode is applicable
2026-05-09 22:16:21,132 [INFO] Rule:228 - rule USART OverrunDisableParam Mode is applicable
2026-05-09 22:16:21,132 [INFO] Rule:228 - rule USART DMADisableonRxErrorParam Mode is applicable
2026-05-09 22:16:21,132 [INFO] Rule:228 - rule USART MSBFirstParam Mode is applicable
2026-05-09 22:16:21,132 [INFO] Rule:228 - rule Update MwName for USB_DEVICE is applicable
2026-05-09 22:16:21,132 [INFO] Rule:228 - rule Change PWR_Regulator_Voltage_Scale Default Value for RCC  H7 family is applicable
2026-05-09 22:16:21,132 [INFO] Rule:228 - rule UART/USART IPParameter rename Prescaler parameter to ClockPrescaler is applicable
2026-05-09 22:16:21,132 [INFO] Rule:228 - rule UART/USART Prescaler rename Prescaler parameter to ClockPrescaler is applicable
2026-05-09 22:16:21,132 [INFO] Rule:228 - rule TIM1CLockSelection is applicable
2026-05-09 22:16:21,132 [INFO] Rule:228 - rule TIM15CLockSelection is applicable
2026-05-09 22:16:21,132 [INFO] Rule:228 - rule align RCC SDMMC3CLockSelection default value on MP1 is applicable
2026-05-09 22:16:21,132 [INFO] Rule:228 - rule align RCC SDMMC12CLockSelection default value on MP1 is applicable
2026-05-09 22:16:21,132 [INFO] Rule:228 - rule align RCC QSPICLockSelection default value on MP1 is applicable
2026-05-09 22:16:21,132 [INFO] Rule:228 - rule align RCC QSPICLockSelection default value on MP1 is applicable
2026-05-09 22:16:21,132 [INFO] Rule:228 - rule align RCC SPI6CLockSelection default value on MP1 is applicable
2026-05-09 22:16:21,133 [INFO] Rule:228 - rule align RCC LPTIM23CLockSelection default value on MP1 is applicable
2026-05-09 22:16:21,133 [INFO] Rule:228 - rule align RCC LPTIM1CLockSelection default value on MP1 is applicable
2026-05-09 22:16:21,133 [INFO] Rule:228 - rule align RCC USART1CLockSelection default value on MP1 is applicable
2026-05-09 22:16:21,133 [INFO] Rule:228 - rule align RCC USART24CLockSelection default value on MP1 is applicable
2026-05-09 22:16:21,133 [INFO] Rule:228 - rule align RCC USART6CLockSelection default value on MP1 is applicable
2026-05-09 22:16:21,133 [INFO] Rule:228 - rule align RCC UART78CLockSelection default value on MP1 is applicable
2026-05-09 22:16:21,133 [INFO] Rule:228 - rule align RCC USART35CLockSelection default value on MP1 is applicable
2026-05-09 22:16:21,133 [INFO] Rule:228 - rule align RCC SPI45CLockSelection default value on MP1 is applicable
2026-05-09 22:16:21,133 [INFO] Rule:228 - rule align RCC I2C46CLockSelection BCLK value on MP1 is applicable
2026-05-09 22:16:21,133 [INFO] Rule:228 - rule align RCC SPI45CLockSelection default value on MP1 is applicable
2026-05-09 22:16:21,133 [INFO] Rule:228 - rule align RCC I2C12CLockSelection default value on MP1 is applicable
2026-05-09 22:16:21,133 [INFO] Rule:228 - rule align RCC I2C35CLockSelection default value on MP1 is applicable
2026-05-09 22:16:21,133 [INFO] Rule:228 - rule align RCC LPTIM45CLockSelection default value on MP1 is applicable
2026-05-09 22:16:21,133 [INFO] Rule:228 - rule Rename DCMI PIXCK signal is applicable
2026-05-09 22:16:21,133 [INFO] Rule:228 - rule Change Default Value for I2C46CLockSelection MP1 family is applicable
2026-05-09 22:16:21,133 [INFO] Rule:228 - rule Change Default Value for UART for G4, G0 and WB families is applicable
2026-05-09 22:16:21,133 [INFO] Rule:228 - rule Change Default Value for USART for G4, G0 and WB families is applicable
2026-05-09 22:16:21,133 [INFO] Rule:228 - rule Change Default Value for USART for G4 family is applicable
2026-05-09 22:16:21,133 [INFO] Rule:228 - rule Change USART1CLockSelection refparam name for MP1 is applicable
2026-05-09 22:16:21,133 [INFO] Rule:228 - rule Change USART2CLockSelection refparam name for MP1 is applicable
2026-05-09 22:16:21,133 [INFO] Rule:228 - rule Change USART3CLockSelection refparam name for MP1 is applicable
2026-05-09 22:16:21,133 [INFO] Rule:228 - rule Change UART4CLockSelection refparam name for MP1 is applicable
2026-05-09 22:16:21,133 [INFO] Rule:228 - rule Change UART5CLockSelection refparam name for MP1 is applicable
2026-05-09 22:16:21,133 [INFO] Rule:228 - rule Change LPUART1CLockSelection refparam name for MP1 is applicable
2026-05-09 22:16:21,133 [INFO] Rule:228 - rule Change LPTIM1CLockSelection refparam name for MP1 is applicable
2026-05-09 22:16:21,133 [INFO] Rule:228 - rule Change LPTIM2CLockSelection refparam name for MP1 is applicable
2026-05-09 22:16:21,133 [INFO] Rule:228 - rule Change RCC_MCO1Source refparam name for MP1 is applicable
2026-05-09 22:16:21,133 [INFO] Rule:228 - rule Change LSCOSource1 refparam name for MP1 is applicable
2026-05-09 22:16:21,133 [INFO] Rule:228 - rule Change SMPSCLockSelection refparam name for MP1 is applicable
2026-05-09 22:16:21,133 [INFO] Rule:228 - rule Change LPTIM3CLockSelection refparam name for MP1 is applicable
2026-05-09 22:16:21,133 [INFO] Rule:228 - rule Change MPCBB* Default Template Mode to Parameters is applicable
2026-05-09 22:16:21,133 [INFO] Rule:228 - rule Change MPCWM* or MPCBB* Secure Mode to Parameters is applicable
2026-05-09 22:16:21,133 [INFO] Rule:228 - rule Change MPCWM* or MPCBB* No Secure Mode to Parameters is applicable
2026-05-09 22:16:21,133 [INFO] Rule:228 - rule Change TZSC IP Secure Mode to Parameters is applicable
2026-05-09 22:16:21,133 [INFO] Rule:228 - rule Change TZSC IP No Secure Mode to Parameters is applicable
2026-05-09 22:16:21,133 [INFO] Rule:228 - rule Change TZSC IP Privilege Mode to Parameters is applicable
2026-05-09 22:16:21,133 [INFO] Rule:228 - rule Change TZSC IP No Privilege Mode to Parameters is applicable
2026-05-09 22:16:21,133 [INFO] Rule:228 - rule Change TZIC IT Secure Mode to Parameters is applicable
2026-05-09 22:16:21,133 [INFO] Rule:228 - rule Change TZIC IT No Secure Mode to Parameters is applicable
2026-05-09 22:16:21,133 [INFO] Rule:228 - rule Add MPCBB1_NonSecureArea_Start_Address value with referenced to MPCBB1_NonSecureArea_Start value is applicable
2026-05-09 22:16:21,133 [INFO] Rule:228 - rule Add MPCBB2_NonSecureArea_Start_Address value with referenced to MPCBB2_NonSecureArea_Start value is applicable
2026-05-09 22:16:21,133 [INFO] Rule:228 - rule Add MPCWM1_NonSecureArea*_Start_Address value with referenced to MPCWM1_NonSecureArea*_Start value is applicable
2026-05-09 22:16:21,133 [INFO] Rule:228 - rule Add MPCWM2_NonSecureArea*_Start_Address value with referenced to MPCWM2_NonSecureArea*_Start value is applicable
2026-05-09 22:16:21,133 [INFO] Rule:228 - rule Add MPCWM3_NonSecureArea_Start_Address value with referenced to MPCWM3_NonSecureArea_Start value is applicable
2026-05-09 22:16:21,133 [INFO] Rule:228 - rule Change Default Value for PLL1UserDefinedConfig is applicable
2026-05-09 22:16:21,133 [INFO] Rule:228 - rule Change GPIO_PuPd Default Value for USART in async mode is applicable
2026-05-09 22:16:21,133 [INFO] Rule:228 - rule Change SMPSDivider Default Value is applicable
2026-05-09 22:16:21,133 [INFO] Rule:228 - rule OPAMP is applicable
2026-05-09 22:16:21,133 [INFO] Rule:228 - rule LPUART IPParameter rename Prescaler parameter to ClockPrescaler for STM32H7 is applicable
2026-05-09 22:16:21,133 [INFO] Rule:228 - rule LPUART IPParameter rename Prescaler parameter to ClockPrescaler for STM32H7 is applicable
2026-05-09 22:16:21,133 [INFO] Rule:228 - rule LPUART IPParameter rename Prescaler parameter to ClockPrescaler for STM32WB is applicable
2026-05-09 22:16:21,133 [INFO] Rule:228 - rule LPUART IPParameter rename Prescaler parameter to ClockPrescaler for STM32WB is applicable
2026-05-09 22:16:21,133 [INFO] Rule:228 - rule LPUART IPParameter rename Prescaler parameter to ClockPrescaler for STM32G4 is applicable
2026-05-09 22:16:21,133 [INFO] Rule:228 - rule LPUART IPParameter rename Prescaler parameter to ClockPrescaler for STM32G4 is applicable
2026-05-09 22:16:21,133 [INFO] Rule:228 - rule LPUART IPParameter rename Prescaler parameter to ClockPrescaler for STM32L5 is applicable
2026-05-09 22:16:21,134 [INFO] Rule:228 - rule LPUART IPParameter rename Prescaler parameter to ClockPrescaler for STM32L5 is applicable
2026-05-09 22:16:21,134 [INFO] Rule:228 - rule LPUART IPParameter rename Prescaler parameter to ClockPrescaler for STM32G4 is applicable
2026-05-09 22:16:21,134 [INFO] Rule:228 - rule LPUART IPParameter rename Prescaler parameter to ClockPrescaler for STM32G4 is applicable
2026-05-09 22:16:21,134 [INFO] Rule:228 - rule USB device lib V2.5.3 for L0 rename USBD_SUPPORT_USER_STRING parameter to USBD_SUPPORT_USER_STRING_DESC4 is applicable
2026-05-09 22:16:21,134 [INFO] Rule:228 - rule I2SCLockSelection clock entry align is applicable
2026-05-09 22:16:21,134 [INFO] Rule:228 - rule Assign TIMx context if used as SYS timebase is applicable
2026-05-09 22:16:21,134 [INFO] Rule:228 - rule Change GPIO_Pu Default Value for I2C is applicable
2026-05-09 22:16:21,134 [INFO] Rule:228 - rule Change GPIO_Pu Default Value for SMBus is applicable
2026-05-09 22:16:21,134 [INFO] Rule:228 - rule change FDCAN default value is applicable
2026-05-09 22:16:21,134 [INFO] Rule:228 - rule Change mode sai is applicable
2026-05-09 22:16:21,134 [INFO] Rule:228 - rule **Change sai mode is applicable
2026-05-09 22:16:21,134 [INFO] Rule:228 - rule Rename STM32WPAN CFG_BLE_IRK to CFG_BLE_IR is applicable
2026-05-09 22:16:21,134 [INFO] Rule:228 - rule Rename STM32WPAN CFG_BLE_ERK to CFG_BLE_ER is applicable
2026-05-09 22:16:21,134 [INFO] Rule:228 - rule Rename STM32WPAN CFG_BLE_IRK_HEX to CFG_BLE_IR_HEX is applicable
2026-05-09 22:16:21,134 [INFO] Rule:228 - rule Rename STM32WPAN CFG_BLE_ERK_HEX to CFG_BLE_ER_HEX is applicable
2026-05-09 22:16:21,141 [INFO] DbConfProperties:307 - Apply Compatibility (49/262 Rules)
2026-05-09 22:16:21,170 [INFO] ImportTextPane:194 - (OptionalMessage_ERROR) Unable to find key (Mcu.ThirdPartyNb) in loaded IOC file
2026-05-09 22:16:21,217 [INFO] RtosManager:555 - Registered RTOS mode: class=CMSIS, group=RTOS, mode=CMSIS_V1, owner=FREERTOS
2026-05-09 22:16:21,218 [INFO] RtosManager:555 - Registered RTOS mode: class=CMSIS, group=RTOS2, mode=CMSIS_V2, owner=FREERTOS
2026-05-09 22:16:21,218 [INFO] RtosManager:555 - Registered RTOS mode: class=RTOS, group=Core, mode=CMSIS_V1, owner=FREERTOS
2026-05-09 22:16:21,219 [INFO] RtosManager:555 - Registered RTOS mode: class=RTOS, group=Core, mode=CMSIS_V2, owner=FREERTOS
2026-05-09 22:16:21,219 [WARN] ModelIntegratedComponent:184 - Missing modes for component STMicroelectronics:FreeRTOS:0.0.1:STMicroelectronics:RTOS:FreeRTOS:Core:::10.2.0:
2026-05-09 22:16:21,224 [WARN] ModelIntegratedComponent:63 - No mode defined for component null
2026-05-09 22:16:21,224 [WARN] ModelIntegratedComponent:63 - No mode defined for component null
2026-05-09 22:16:21,224 [WARN] ModelIntegratedComponent:63 - No mode defined for component null
2026-05-09 22:16:21,224 [WARN] ModelIntegratedComponent:63 - No mode defined for component null
2026-05-09 22:16:21,224 [WARN] ModelIntegratedComponent:63 - No mode defined for component null
2026-05-09 22:16:21,224 [WARN] ModelIntegratedComponent:63 - No mode defined for component null
2026-05-09 22:16:21,224 [WARN] ModelIntegratedComponent:63 - No mode defined for component null
2026-05-09 22:16:21,224 [WARN] ModelIntegratedComponent:63 - No mode defined for component null
2026-05-09 22:16:21,224 [WARN] ModelIntegratedComponent:63 - No mode defined for component null
2026-05-09 22:16:21,225 [WARN] ModelIntegratedComponent:63 - No mode defined for component null
2026-05-09 22:16:21,225 [WARN] ModelIntegratedComponent:63 - No mode defined for component null
2026-05-09 22:16:21,225 [WARN] ModelIntegratedComponent:63 - No mode defined for component null
2026-05-09 22:16:21,225 [WARN] ModelIntegratedComponent:63 - No mode defined for component null
2026-05-09 22:16:21,225 [WARN] ModelIntegratedComponent:63 - No mode defined for component null
2026-05-09 22:16:21,225 [WARN] ModelIntegratedComponent:63 - No mode defined for component null
2026-05-09 22:16:21,225 [WARN] ModelIntegratedComponent:63 - No mode defined for component null
2026-05-09 22:16:21,225 [WARN] ModelIntegratedComponent:63 - No mode defined for component null
2026-05-09 22:16:21,225 [WARN] ModelIntegratedComponent:63 - No mode defined for component null
2026-05-09 22:16:21,225 [WARN] ModelIntegratedComponent:63 - No mode defined for component null
2026-05-09 22:16:21,225 [WARN] ModelIntegratedComponent:63 - No mode defined for component null
2026-05-09 22:16:21,225 [WARN] ModelIntegratedComponent:63 - No mode defined for component null
2026-05-09 22:16:21,225 [WARN] ModelIntegratedComponent:63 - No mode defined for component null
2026-05-09 22:16:21,225 [WARN] ModelIntegratedComponent:63 - No mode defined for component null
2026-05-09 22:16:21,225 [WARN] ModelIntegratedComponent:63 - No mode defined for component null
2026-05-09 22:16:21,225 [WARN] ModelIntegratedComponent:63 - No mode defined for component null
2026-05-09 22:16:21,225 [WARN] ModelIntegratedComponent:63 - No mode defined for component null
2026-05-09 22:16:21,225 [WARN] ModelIntegratedComponent:63 - No mode defined for component null
2026-05-09 22:16:21,225 [WARN] ModelIntegratedComponent:63 - No mode defined for component null
2026-05-09 22:16:21,225 [WARN] ModelIntegratedComponent:63 - No mode defined for component null
2026-05-09 22:16:21,225 [WARN] ModelIntegratedComponent:63 - No mode defined for component null
2026-05-09 22:16:21,225 [WARN] ModelIntegratedComponent:63 - No mode defined for component null
2026-05-09 22:16:21,225 [WARN] ModelIntegratedComponent:63 - No mode defined for component null
2026-05-09 22:16:21,225 [WARN] ModelIntegratedComponent:63 - No mode defined for component null
2026-05-09 22:16:21,225 [WARN] ModelIntegratedComponent:63 - No mode defined for component null
2026-05-09 22:16:21,671 [INFO] ThirdPartyModel:298 - Start build external matchings
2026-05-09 22:16:26,135 [INFO] ThirdPartyModel:316 - End build external matchings
2026-05-09 22:16:26,176 [INFO] ImportTextPane:194 - (OptionalMessage_ERROR) IP (RCC) : Invalid parameter (48MHZClocksFreq_Value)
2026-05-09 22:16:26,176 [INFO] ImportTextPane:194 - (OptionalMessage_ERROR) IP (RCC) : Invalid parameter (EthernetFreq_Value)
2026-05-09 22:16:26,177 [INFO] ImportTextPane:194 - (OptionalMessage_ERROR) IP (RCC) : Parameter (FLatency) has Id (AdvancedSettings) currently not set
2026-05-09 22:16:26,177 [INFO] ImportTextPane:194 - (OptionalMessage_ERROR) IP (RCC) : Invalid parameter (FamilyName)
2026-05-09 22:16:26,177 [INFO] ImportTextPane:194 - (OptionalMessage_ERROR) IP (RCC) : Invalid parameter (I2SClocksFreq_Value)
2026-05-09 22:16:26,177 [INFO] ImportTextPane:194 - (OptionalMessage_ERROR) IP (RCC) : Parameter (SDIOFreq_Value) has invalid value (168000000)
2026-05-09 22:16:26,178 [INFO] ImportTextPane:194 - (OptionalMessage_ERROR) IP (RCC) : Parameter (USBFreq_Value) has invalid value (168000000)
2026-05-09 22:16:26,178 [INFO] ImportTextPane:194 - (OptionalMessage_ERROR) IP (RCC) : Invalid parameter (VCOInputMFreq_Value)
2026-05-09 22:16:26,178 [INFO] ImportTextPane:194 - (OptionalMessage_ERROR) IP (RCC) : Invalid parameter (VcooutputI2S)
2026-05-09 22:16:26,774 [INFO] UtilMem:75 - End LoadConfig() Used Memory: 1015090424 Bytes (1073741824)
2026-05-09 22:16:27,117 [WARN] ThirdParty:833 - waiting for thirdparty lock release [change project]
2026-05-09 22:16:27,118 [INFO] ThirdParty:835 - entering critical section [change project]
2026-05-09 22:16:27,118 [INFO] ThirdParty:1030 - CMSIS Pack Vendor :STMicroelectronics X-CUBE-AZRTOS-H7 3.5.0
2026-05-09 22:16:27,118 [INFO] ThirdParty:1030 - CMSIS Pack Vendor :STMicroelectronics X-CUBE-PM33A1 1.0.0
2026-05-09 22:16:27,118 [INFO] ThirdParty:1030 - CMSIS Pack Vendor :STMicroelectronics USBPD 4.1
2026-05-09 22:16:27,118 [INFO] ThirdParty:1030 - CMSIS Pack Vendor :STMicroelectronics X-CUBE-GNSS1 6.0.0
2026-05-09 22:16:27,118 [INFO] ThirdParty:1030 - CMSIS Pack Vendor :STMicroelectronics USB_HOST 2.0.0
2026-05-09 22:16:27,118 [INFO] ThirdParty:1030 - CMSIS Pack Vendor :STMicroelectronics FP-SNS-MOTENVWB1 1.4.0
2026-05-09 22:16:27,118 [INFO] ThirdParty:1030 - CMSIS Pack Vendor :STMicroelectronics X-CUBE-AZRTOS-F4 1.1.0
2026-05-09 22:16:27,118 [INFO] ThirdParty:1030 - CMSIS Pack Vendor :STMicroelectronics LIBJPEG 8.0.0
2026-05-09 22:16:27,118 [INFO] ThirdParty:1030 - CMSIS Pack Vendor :STMicroelectronics FP-ATR-ASTRA1 2.0.2
2026-05-09 22:16:27,118 [INFO] ThirdParty:1030 - CMSIS Pack Vendor :STMicroelectronics X-CUBE-SMBUS 2.1.0
2026-05-09 22:16:27,118 [INFO] ThirdParty:1030 - CMSIS Pack Vendor :STMicroelectronics X-CUBE-ISPU 2.1.0
2026-05-09 22:16:27,118 [INFO] ThirdParty:1030 - CMSIS Pack Vendor :STMicroelectronics X-CUBE-FREERTOS 1.2.0
2026-05-09 22:16:27,118 [INFO] ThirdParty:1030 - CMSIS Pack Vendor :STMicroelectronics X-CUBE-NFC12 1.0.0
2026-05-09 22:16:27,118 [INFO] ThirdParty:1030 - CMSIS Pack Vendor :STMicroelectronics X-CUBE-TOUCHGFX 4.23.2
2026-05-09 22:16:27,118 [INFO] ThirdParty:1030 - CMSIS Pack Vendor :STMicroelectronics X-CUBE-AZRTOS-F7 1.1.0
2026-05-09 22:16:27,118 [INFO] ThirdParty:1030 - CMSIS Pack Vendor :STMicroelectronics X-CUBE-AZRTOS-L5 2.0.0
2026-05-09 22:16:27,118 [INFO] ThirdParty:1030 - CMSIS Pack Vendor :STMicroelectronics USB_DEVICE 2.0.0
2026-05-09 22:16:27,118 [INFO] ThirdParty:1030 - CMSIS Pack Vendor :STMicroelectronics X-CUBE-NFC6 3.1.0
2026-05-09 22:16:27,118 [INFO] ThirdParty:1030 - CMSIS Pack Vendor :STMicroelectronics FreeRTOS 0.0.1
2026-05-09 22:16:27,118 [INFO] ThirdParty:1030 - CMSIS Pack Vendor :STMicroelectronics X-CUBE-DPower 1.2.0
2026-05-09 22:16:27,118 [INFO] ThirdParty:1030 - CMSIS Pack Vendor :STMicroelectronics FP-SNS-FLIGHT1 5.0.2
2026-05-09 22:16:27,118 [INFO] ThirdParty:1030 - CMSIS Pack Vendor :STMicroelectronics X-CUBE-AI 9.0.0
2026-05-09 22:16:27,118 [INFO] ThirdParty:1030 - CMSIS Pack Vendor :STMicroelectronics PDM2PCM 3.3.0
2026-05-09 22:16:27,118 [INFO] ThirdParty:1030 - CMSIS Pack Vendor :STMicroelectronics X-CUBE-AZRTOS-H7 3.4.0
2026-05-09 22:16:27,118 [INFO] ThirdParty:1030 - CMSIS Pack Vendor :STMicroelectronics X-CUBE-DISPLAY 3.0.0
2026-05-09 22:16:27,118 [INFO] ThirdParty:1030 - CMSIS Pack Vendor :STMicroelectronics X-CUBE-GNSS1 7.1.1
2026-05-09 22:16:27,118 [INFO] ThirdParty:1030 - CMSIS Pack Vendor :STMicroelectronics X-CUBE-BLE1 7.0.0
2026-05-09 22:16:27,118 [INFO] ThirdParty:1030 - CMSIS Pack Vendor :STMicroelectronics X-CUBE-NFC10 1.0.0
2026-05-09 22:16:27,118 [INFO] ThirdParty:1030 - CMSIS Pack Vendor :STMicroelectronics X-CUBE-BLEMGR 4.0.0
2026-05-09 22:16:27,118 [INFO] ThirdParty:1030 - CMSIS Pack Vendor :STMicroelectronics X-CUBE-FREERTOS 1.3.1
2026-05-09 22:16:27,118 [INFO] ThirdParty:1030 - CMSIS Pack Vendor :STMicroelectronics HAL Drivers 0.0.0
2026-05-09 22:16:27,118 [INFO] ThirdParty:1030 - CMSIS Pack Vendor :emotas I-CUBE-CANOPEN 1.3.0
2026-05-09 22:16:27,118 [INFO] ThirdParty:1030 - CMSIS Pack Vendor :STMicroelectronics X-CUBE-NFC7 1.0.1
2026-05-09 22:16:27,118 [INFO] ThirdParty:1030 - CMSIS Pack Vendor :STMicroelectronics MBEDTLS 2.14.1
2026-05-09 22:16:27,118 [INFO] ThirdParty:1030 - CMSIS Pack Vendor :STMicroelectronics X-CUBE-GNSS1 7.1.0
2026-05-09 22:16:27,118 [INFO] ThirdParty:1030 - CMSIS Pack Vendor :wolfSSL I-CUBE-wolfTPM 3.2.0
2026-05-09 22:16:27,118 [INFO] ThirdParty:1030 - CMSIS Pack Vendor :STMicroelectronics X-CUBE-TOUCHGFX 4.26.0
2026-05-09 22:16:27,118 [INFO] ThirdParty:1030 - CMSIS Pack Vendor :STMicroelectronics X-CUBE-TOUCHGFX 4.26.1
2026-05-09 22:16:27,118 [INFO] ThirdParty:1030 - CMSIS Pack Vendor :quantropi X-CUBE-qispace-sdk-base 2.0.0
2026-05-09 22:16:27,118 [INFO] ThirdParty:1030 - CMSIS Pack Vendor :STMicroelectronics X-CUBE-BLEMGR 3.1.0
2026-05-09 22:16:27,118 [INFO] ThirdParty:1030 - CMSIS Pack Vendor :STMicroelectronics X-CUBE-AI 10.0.0
2026-05-09 22:16:27,118 [INFO] ThirdParty:1030 - CMSIS Pack Vendor :STMicroelectronics FP-SNS-SMARTAG2 1.2.0
2026-05-09 22:16:27,118 [INFO] ThirdParty:1030 - CMSIS Pack Vendor :STMicroelectronics X-CUBE-AZRTOS-WL 2.0.0
2026-05-09 22:16:27,118 [INFO] ThirdParty:1030 - CMSIS Pack Vendor :STMicroelectronics X-CUBE-DPower 1.3.0
2026-05-09 22:16:27,118 [INFO] ThirdParty:1030 - CMSIS Pack Vendor :STMicroelectronics FP-SNS-MOTENV1 5.0.0
2026-05-09 22:16:27,118 [INFO] ThirdParty:1030 - CMSIS Pack Vendor :STMicroelectronics USB_DEVICE 1.0.0
2026-05-09 22:16:27,118 [INFO] ThirdParty:1030 - CMSIS Pack Vendor :STMicroelectronics X-CUBE-AZRTOS-H7RS 1.2.0
2026-05-09 22:16:27,118 [INFO] ThirdParty:1030 - CMSIS Pack Vendor :wolfSSL I-CUBE-wolfMQTT 1.19.0
2026-05-09 22:16:27,118 [INFO] ThirdParty:1030 - CMSIS Pack Vendor :STMicroelectronics X-CUBE-AZRTOS-L4 2.0.0
2026-05-09 22:16:27,118 [INFO] ThirdParty:1030 - CMSIS Pack Vendor :STMicroelectronics ThreadX 0.0.2
2026-05-09 22:16:27,118 [INFO] ThirdParty:1030 - CMSIS Pack Vendor :WES I-CUBE-Cesium 1.3.0
2026-05-09 22:16:27,118 [INFO] ThirdParty:1030 - CMSIS Pack Vendor :STMicroelectronics lwIP 2.1.2
2026-05-09 22:16:27,118 [INFO] ThirdParty:1030 - CMSIS Pack Vendor :STMicroelectronics X-CUBE-SFXS2LP1 4.0.0
2026-05-09 22:16:27,118 [INFO] ThirdParty:1030 - CMSIS Pack Vendor :STMicroelectronics X-CUBE-BLE2 3.3.0
2026-05-09 22:16:27,118 [INFO] ThirdParty:1030 - CMSIS Pack Vendor :STMicroelectronics PDM2PCM 3.2.0
2026-05-09 22:16:27,118 [INFO] ThirdParty:1030 - CMSIS Pack Vendor :STMicroelectronics X-CUBE-WB05N 2.1.0
2026-05-09 22:16:27,118 [INFO] ThirdParty:1030 - CMSIS Pack Vendor :STMicroelectronics X-CUBE-AZRTOS-H7 3.3.0
2026-05-09 22:16:27,118 [INFO] ThirdParty:1030 - CMSIS Pack Vendor :STMicroelectronics X-CUBE-NFC9 1.0.0
2026-05-09 22:16:27,118 [INFO] ThirdParty:1030 - CMSIS Pack Vendor :STMicroelectronics X-CUBE-BLE1 7.1.0
2026-05-09 22:16:27,118 [INFO] ThirdParty:1030 - CMSIS Pack Vendor :STMicroelectronics USB_DEVICE 3.0.0
2026-05-09 22:16:27,118 [INFO] ThirdParty:1030 - CMSIS Pack Vendor :STMicroelectronics X-CUBE-TCPP 4.1.0
2026-05-09 22:16:27,118 [INFO] ThirdParty:1030 - CMSIS Pack Vendor :STMicroelectronics X-CUBE-EEPRMA1 5.2.0
2026-05-09 22:16:27,118 [INFO] ThirdParty:1030 - CMSIS Pack Vendor :STMicroelectronics X-CUBE-AZRTOS-WB 2.0.0
2026-05-09 22:16:27,118 [INFO] ThirdParty:1030 - CMSIS Pack Vendor :STMicroelectronics X-CUBE-GNSS1 7.0.1
2026-05-09 22:16:27,118 [INFO] ThirdParty:1030 - CMSIS Pack Vendor :STMicroelectronics X-CUBE-TOUCHGFX 4.25.0
2026-05-09 22:16:27,118 [INFO] ThirdParty:1030 - CMSIS Pack Vendor :STMicroelectronics X-CUBE-AI 10.1.0
2026-05-09 22:16:27,118 [INFO] ThirdParty:1030 - CMSIS Pack Vendor :STMicroelectronics FP-SNS-STBOX1 2.0.0
2026-05-09 22:16:27,118 [INFO] ThirdParty:1030 - CMSIS Pack Vendor :STMicroelectronics X-CUBE-MEMS1 12.0.0
2026-05-09 22:16:27,118 [INFO] ThirdParty:1030 - CMSIS Pack Vendor :STMicroelectronics X-CUBE-ALGOBUILD 1.3.0
2026-05-09 22:16:27,118 [INFO] ThirdParty:1030 - CMSIS Pack Vendor :STMicroelectronics X-CUBE-STSE01 2.0.0
2026-05-09 22:16:27,118 [INFO] ThirdParty:1030 - CMSIS Pack Vendor :STMicroelectronics X-CUBE-MEMS1 11.2.0
2026-05-09 22:16:27,118 [INFO] ThirdParty:1030 - CMSIS Pack Vendor :STMicroelectronics X-CUBE-AZRTOS-G0 1.1.0
2026-05-09 22:16:27,118 [INFO] ThirdParty:1030 - CMSIS Pack Vendor :STMicroelectronics X-CUBE-SAFEA1 1.2.2
2026-05-09 22:16:27,118 [INFO] ThirdParty:1030 - CMSIS Pack Vendor :STMicroelectronics X-CUBE-NFC4 3.0.0
2026-05-09 22:16:27,118 [INFO] ThirdParty:1030 - CMSIS Pack Vendor :STMicroelectronics X-CUBE-SUBG2 5.0.0
2026-05-09 22:16:27,119 [INFO] ThirdParty:1030 - CMSIS Pack Vendor :STMicroelectronics X-CUBE-AZRTOS-H7RS 1.1.0
2026-05-09 22:16:27,119 [INFO] ThirdParty:1030 - CMSIS Pack Vendor :STMicroelectronics STM32_WPAN 1.0.0
2026-05-09 22:16:27,119 [INFO] ThirdParty:1030 - CMSIS Pack Vendor :EmbeddedOffice I-CUBE-FS-RTOS 1.0.1
2026-05-09 22:16:27,119 [INFO] ThirdParty:1030 - CMSIS Pack Vendor :STMicroelectronics lwIP 2.0.3
2026-05-09 22:16:27,119 [INFO] ThirdParty:1030 - CMSIS Pack Vendor :Cesanta I-CUBE-Mongoose 7.13.0
2026-05-09 22:16:27,119 [INFO] ThirdParty:1030 - CMSIS Pack Vendor :STMicroelectronics USB_HOST 1.0.0
2026-05-09 22:16:27,119 [INFO] ThirdParty:1030 - CMSIS Pack Vendor :STMicroelectronics X-CUBE-AZRTOS-G4 2.0.0
2026-05-09 22:16:27,119 [INFO] ThirdParty:1030 - CMSIS Pack Vendor :STMicroelectronics X-CUBE-WB05N 2.0.0
2026-05-09 22:16:27,119 [INFO] ThirdParty:1030 - CMSIS Pack Vendor :STMicroelectronics PDM2PCM 3.1.0
2026-05-09 22:16:27,119 [INFO] ThirdParty:1030 - CMSIS Pack Vendor :STMicroelectronics X-CUBE-NFC7 2.0.0
2026-05-09 22:16:27,119 [INFO] ThirdParty:1030 - CMSIS Pack Vendor :RealThread X-CUBE-RT-Thread_Nano 4.1.1
2026-05-09 22:16:27,119 [INFO] ThirdParty:1030 - CMSIS Pack Vendor :wolfSSL I-CUBE-wolfSSL 5.7.0
2026-05-09 22:16:27,119 [INFO] ThirdParty:1030 - CMSIS Pack Vendor :STMicroelectronics FP-ATR-SIGFOX1 3.2.0
2026-05-09 22:16:27,119 [INFO] ThirdParty:1030 - CMSIS Pack Vendor :STMicroelectronics X-CUBE-ISPU 2.0.0
2026-05-09 22:16:27,119 [INFO] ThirdParty:1030 - CMSIS Pack Vendor :STMicroelectronics X-CUBE-EEPRMA1 5.1.0
2026-05-09 22:16:27,119 [INFO] ThirdParty:1030 - CMSIS Pack Vendor :STMicroelectronics MBEDTLS 2.16.2
2026-05-09 22:16:27,119 [INFO] ThirdParty:1030 - CMSIS Pack Vendor :STMicroelectronics X-CUBE-ALS 1.0.2
2026-05-09 22:16:27,119 [INFO] ThirdParty:1030 - CMSIS Pack Vendor :STMicroelectronics X-CUBE-MEMS1 10.0.0
2026-05-09 22:16:27,119 [INFO] ThirdParty:1030 - CMSIS Pack Vendor :STMicroelectronics X-CUBE-FREERTOS 1.1.0
2026-05-09 22:16:27,119 [INFO] ThirdParty:1030 - CMSIS Pack Vendor :STMicroelectronics X-CUBE-TOUCHGFX 4.24.0
2026-05-09 22:16:27,119 [INFO] ThirdParty:1030 - CMSIS Pack Vendor :ITTIA_DB I-CUBE-ITTIADB 8.9.0
2026-05-09 22:16:27,119 [INFO] ThirdParty:1030 - CMSIS Pack Vendor :STMicroelectronics X-CUBE-STSE01 1.0.0
2026-05-09 22:16:27,119 [INFO] ThirdParty:1030 - CMSIS Pack Vendor :portGmbH I-Cube-SoM-uGOAL 1.1.0
2026-05-09 22:16:27,119 [INFO] ThirdParty:1030 - CMSIS Pack Vendor :STMicroelectronics X-CUBE-ALS 1.0.1
2026-05-09 22:16:27,119 [INFO] ThirdParty:1030 - CMSIS Pack Vendor :STMicroelectronics X-CUBE-NFC6 3.2.0
2026-05-09 22:16:27,119 [INFO] ThirdParty:1030 - CMSIS Pack Vendor :STMicroelectronics X-CUBE-AI 10.2.0
2026-05-09 22:16:27,119 [INFO] ThirdParty:1030 - CMSIS Pack Vendor :STMicroelectronics ThreadX 1.0.0
2026-05-09 22:16:27,119 [INFO] ThirdParty:1030 - CMSIS Pack Vendor :STMicroelectronics X-CUBE-MEMS1 12.1.0
2026-05-09 22:16:27,119 [INFO] ThirdParty:1030 - CMSIS Pack Vendor :SEGGER I-CUBE-embOS 1.3.1
2026-05-09 22:16:27,119 [INFO] ThirdParty:1030 - CMSIS Pack Vendor :STMicroelectronics X-CUBE-ALGOBUILD 1.4.0
2026-05-09 22:16:27,119 [INFO] ThirdParty:1030 - CMSIS Pack Vendor :STMicroelectronics X-CUBE-MEMS1 11.3.0
2026-05-09 22:16:27,119 [INFO] ThirdParty:1030 - CMSIS Pack Vendor :STMicroelectronics X-CUBE-AZRTOS-H7RS 1.0.0
2026-05-09 22:16:27,119 [INFO] ThirdParty:1030 - CMSIS Pack Vendor :STMicroelectronics FP-ATR-ASTRA1 2.0.0
2026-05-09 22:16:27,119 [INFO] ThirdParty:1030 - CMSIS Pack Vendor :STMicroelectronics X-CUBE-TOF1 3.4.2
2026-05-09 22:16:27,119 [INFO] ThirdParty:1030 - CMSIS Pack Vendor :STMicroelectronics X-CUBE-TOF1 3.4.1
2026-05-09 22:16:27,119 [INFO] ThirdParty:1030 - CMSIS Pack Vendor :STMicroelectronics X-CUBE-AZRTOS-H7 3.2.0
2026-05-09 22:16:27,119 [INFO] ThirdParty:1030 - CMSIS Pack Vendor :Infineon AIROC-Wi-Fi-Bluetooth-STM32 1.6.0
2026-05-09 22:16:27,119 [INFO] ThirdParty:1030 - CMSIS Pack Vendor :wolfSSL I-CUBE-wolfSSH 1.4.17
2026-05-09 22:16:27,119 [INFO] ThirdParty:841 - exiting critical section [change project]
2026-05-09 22:16:27,267 [INFO] PinOutPanel:1561 - setPackage(No Configuration,No Configuration)
2026-05-09 22:16:27,268 [INFO] PinOutPanel:1561 - setPackage(STM32F446RETx,LQFP64)
2026-05-09 22:16:27,587 [INFO] UtilMem:75 - Before build in PCC Used Memory: 1016414864 Bytes (1073741824)
2026-05-09 22:16:27,951 [INFO] UtilMem:75 - After build in PCC Used Memory: 1064653200 Bytes (1073741824)
2026-05-09 22:16:27,981 [INFO] IPUIPlugin:80 - create IPUIPlugin
2026-05-09 22:16:27,981 [INFO] IPUIPlugin:80 - create IPUIPlugin
2026-05-09 22:16:27,981 [INFO] IPUIPlugin:80 - create IPUIPlugin
2026-05-09 22:16:27,981 [INFO] IPUIPlugin:80 - create IPUIPlugin
2026-05-09 22:16:27,981 [INFO] IPUIPlugin:80 - create IPUIPlugin
2026-05-09 22:16:27,981 [INFO] IPUIPlugin:80 - create IPUIPlugin
2026-05-09 22:16:27,981 [INFO] IPUIPlugin:80 - create IPUIPlugin
2026-05-09 22:16:27,981 [INFO] IPUIPlugin:80 - create IPUIPlugin
2026-05-09 22:16:27,981 [INFO] IPUIPlugin:80 - create IPUIPlugin
2026-05-09 22:16:27,981 [INFO] IPUIPlugin:80 - create IPUIPlugin
2026-05-09 22:16:27,981 [INFO] IPUIPlugin:80 - create IPUIPlugin
2026-05-09 22:16:27,981 [INFO] IPUIPlugin:80 - create IPUIPlugin
2026-05-09 22:16:27,981 [INFO] IPUIPlugin:80 - create IPUIPlugin
2026-05-09 22:16:27,981 [INFO] IPUIPlugin:80 - create IPUIPlugin
2026-05-09 22:16:27,982 [INFO] IPUIPlugin:80 - create IPUIPlugin
2026-05-09 22:16:27,982 [INFO] IPUIPlugin:80 - create IPUIPlugin
2026-05-09 22:16:27,982 [INFO] IPUIPlugin:80 - create IPUIPlugin
2026-05-09 22:16:27,982 [INFO] IPUIPlugin:80 - create IPUIPlugin
2026-05-09 22:16:27,982 [INFO] IPUIPlugin:80 - create IPUIPlugin
2026-05-09 22:16:27,982 [INFO] IPUIPlugin:80 - create IPUIPlugin
2026-05-09 22:16:27,982 [INFO] IPUIPlugin:80 - create IPUIPlugin
2026-05-09 22:16:27,982 [INFO] IPUIPlugin:80 - create IPUIPlugin
2026-05-09 22:16:27,983 [INFO] IPUIPlugin:80 - create IPUIPlugin
2026-05-09 22:16:27,983 [INFO] IPUIPlugin:80 - create IPUIPlugin
2026-05-09 22:16:27,983 [INFO] IPUIPlugin:80 - create IPUIPlugin
2026-05-09 22:16:27,983 [INFO] IPUIPlugin:80 - create IPUIPlugin
2026-05-09 22:16:27,984 [INFO] IPUIPlugin:80 - create IPUIPlugin
2026-05-09 22:16:27,984 [INFO] IPUIPlugin:80 - create IPUIPlugin
2026-05-09 22:16:27,984 [INFO] IPUIPlugin:80 - create IPUIPlugin
2026-05-09 22:16:27,984 [INFO] IPUIPlugin:80 - create IPUIPlugin
2026-05-09 22:16:27,984 [INFO] IPUIPlugin:80 - create IPUIPlugin
2026-05-09 22:16:27,984 [INFO] IPUIPlugin:80 - create IPUIPlugin
2026-05-09 22:16:27,984 [INFO] IPUIPlugin:80 - create IPUIPlugin
2026-05-09 22:16:27,984 [INFO] IPUIPlugin:80 - create IPUIPlugin
2026-05-09 22:16:27,984 [INFO] IPUIPlugin:80 - create IPUIPlugin
2026-05-09 22:16:27,985 [INFO] IPUIPlugin:80 - create IPUIPlugin
2026-05-09 22:16:27,985 [INFO] IPUIPlugin:80 - create IPUIPlugin
2026-05-09 22:16:27,985 [INFO] IPUIPlugin:80 - create IPUIPlugin
2026-05-09 22:16:27,985 [INFO] IPUIPlugin:80 - create IPUIPlugin
2026-05-09 22:16:27,985 [INFO] IPUIPlugin:80 - create IPUIPlugin
2026-05-09 22:16:27,985 [INFO] IPUIPlugin:80 - create IPUIPlugin
2026-05-09 22:16:27,985 [INFO] IPUIPlugin:80 - create IPUIPlugin
2026-05-09 22:16:27,985 [INFO] IPUIPlugin:80 - create IPUIPlugin
2026-05-09 22:16:27,986 [INFO] IPUIPlugin:80 - create IPUIPlugin
2026-05-09 22:16:27,986 [INFO] IPUIPlugin:80 - create IPUIPlugin
2026-05-09 22:16:27,986 [INFO] IPUIPlugin:80 - create IPUIPlugin
2026-05-09 22:16:27,986 [INFO] IPUIPlugin:80 - create IPUIPlugin
2026-05-09 22:16:27,986 [INFO] IPUIPlugin:80 - create IPUIPlugin
2026-05-09 22:16:27,988 [INFO] IPUIPlugin:80 - create IPUIPlugin
2026-05-09 22:16:27,988 [INFO] IPUIPlugin:80 - create IPUIPlugin
2026-05-09 22:16:27,988 [INFO] IPUIPlugin:80 - create IPUIPlugin
2026-05-09 22:16:27,988 [INFO] IPUIPlugin:80 - create IPUIPlugin
2026-05-09 22:16:27,988 [INFO] IPUIPlugin:80 - create IPUIPlugin
2026-05-09 22:16:27,988 [INFO] IPUIPlugin:80 - create IPUIPlugin
2026-05-09 22:16:27,989 [INFO] IPUIPlugin:80 - create IPUIPlugin
2026-05-09 22:16:27,989 [INFO] IPUIPlugin:80 - create IPUIPlugin
2026-05-09 22:16:27,989 [INFO] IPUIPlugin:80 - create IPUIPlugin
2026-05-09 22:16:27,989 [INFO] IPUIPlugin:80 - create IPUIPlugin
2026-05-09 22:16:27,991 [INFO] IPUIPlugin:80 - create IPUIPlugin
2026-05-09 22:16:27,992 [INFO] IPUIPlugin:80 - create IPUIPlugin
2026-05-09 22:16:28,008 [INFO] ApiDbMcu:508 - Load IP Config File for PDM2PCM
2026-05-09 22:16:28,070 [INFO] CADModel:165 - CPN selected for project levelSTM32F446RET6
2026-05-09 22:16:28,070 [INFO] CADModel:114 - Register for checkConnection events
2026-05-09 22:16:28,143 [INFO] OpenFileManager:343 - Restore cursor
2026-05-09 22:16:29,207 [INFO] UtilMem:75 - End SaveConfig() Used Memory: 1046926936 Bytes (1073741824)
2026-05-09 22:16:29,625 [INFO] UtilMem:75 - End SaveConfig() Used Memory: 1023551064 Bytes (1073741824)
2026-05-09 22:16:30,105 [INFO] BlockDiagram:2759 - set Specific Code input for plugin: SYS
2026-05-09 22:16:30,105 [INFO] BlockDiagram:2759 - set Specific Code input for plugin: RCC
2026-05-09 22:16:30,105 [INFO] BlockDiagram:2759 - set Specific Code input for plugin: NVIC
2026-05-09 22:16:30,105 [INFO] BlockDiagram:2759 - set Specific Code input for plugin: USART
2026-05-09 22:16:30,107 [INFO] BlockDiagram:2759 - set Specific Code input for plugin: GPIO
2026-05-09 22:16:30,112 [INFO] CodeGenerator:807 - code generatio: config db path: C:\ST\STM32CubeIDE_1.15.0\STM32CubeIDE\plugins\com.st.stm32cube.common.mx_6.11.0.202403141607\\db\
2026-05-09 22:16:30,440 [INFO] CodeEngine:255 - oldGeneratedFile, D:\WorkSpace\ADC_LLD\MXTmpFiles\license.tmp_save
2026-05-09 22:16:30,524 [INFO] CodeEngine:279 - Generated code: D:\WorkSpace\ADC_LLD\MXTmpFiles\license.tmp
2026-05-09 22:16:30,545 [INFO] CodeEngine:255 - oldGeneratedFile, D:\WorkSpace\ADC_LLD\MXTmpFiles\gpio.tmp_save
2026-05-09 22:16:30,653 [INFO] CodeEngine:279 - Generated code: D:\WorkSpace\ADC_LLD\MXTmpFiles\gpio.tmp
2026-05-09 22:16:30,761 [INFO] CodeEngine:255 - oldGeneratedFile, D:\WorkSpace\ADC_LLD\Core\Src\stm32f4xx_it.c_save
2026-05-09 22:16:31,093 [INFO] CodeEngine:279 - Generated code: D:\WorkSpace\ADC_LLD\Core\Src\stm32f4xx_it.c
2026-05-09 22:16:31,098 [INFO] CodeEngine:255 - oldGeneratedFile, D:\WorkSpace\ADC_LLD\Core\Inc\stm32f4xx_it.h_save
2026-05-09 22:16:31,620 [INFO] CodeEngine:279 - Generated code: D:\WorkSpace\ADC_LLD\Core\Inc\stm32f4xx_it.h
2026-05-09 22:16:31,634 [INFO] CodeEngine:255 - oldGeneratedFile, D:\WorkSpace\ADC_LLD\Core\Src\stm32f4xx_hal_msp.c_save
2026-05-09 22:16:31,737 [INFO] CodeEngine:279 - Generated code: D:\WorkSpace\ADC_LLD\Core\Src\stm32f4xx_hal_msp.c
2026-05-09 22:16:31,741 [INFO] CodeEngine:255 - oldGeneratedFile, D:\WorkSpace\ADC_LLD\MXTmpFiles\system.tmp_save
2026-05-09 22:16:31,797 [INFO] CodeEngine:279 - Generated code: D:\WorkSpace\ADC_LLD\MXTmpFiles\system.tmp
2026-05-09 22:16:31,805 [INFO] CodeEngine:311 - oldGeneratedFile, D:\WorkSpace\ADC_LLD\Core\Inc\stm32f4xx_hal_conf.h_save
2026-05-09 22:16:31,899 [INFO] CodeEngine:335 - Generated code: D:\WorkSpace\ADC_LLD\Core\Inc\stm32f4xx_hal_conf.h
2026-05-09 22:16:31,921 [WARN] IPConfigManager:2982 - Warning: the RefConfig PLL2P_FOR_MCO is not available in your config.xml file
2026-05-09 22:16:31,930 [INFO] CodeEngine:255 - oldGeneratedFile, D:\WorkSpace\ADC_LLD\Core\Inc\main.h_save
2026-05-09 22:16:32,004 [INFO] CodeEngine:279 - Generated code: D:\WorkSpace\ADC_LLD\Core\Inc\main.h
2026-05-09 22:16:32,009 [INFO] CodeEngine:255 - oldGeneratedFile, D:\WorkSpace\ADC_LLD\Core\Src\main.c_save
2026-05-09 22:16:32,093 [INFO] CodeEngine:279 - Generated code: D:\WorkSpace\ADC_LLD\Core\Src\main.c
2026-05-09 22:16:32,468 [INFO] ProjectBuilder:3163 - Time for Copy HAL[1] : 211mS.
2026-05-09 22:16:32,500 [INFO] ProjectBuilder:4736 - Project Generator version: 4.3.0-B58
2026-05-09 22:16:32,561 [INFO] ConfigFileManager:1503 - The Die is : DIE421
2026-05-09 22:16:32,564 [INFO] ApiDbMcu:508 - Load IP Config File for FATFS
2026-05-09 22:16:32,568 [INFO] ApiDbMcu:508 - Load IP Config File for FREERTOS
2026-05-09 22:16:32,570 [INFO] ApiDbMcu:508 - Load IP Config File for LIBJPEG
2026-05-09 22:16:32,574 [INFO] ApiDbMcu:508 - Load IP Config File for MBEDTLS
2026-05-09 22:16:32,578 [INFO] ApiDbMcu:508 - Load IP Config File for USB_DEVICE
2026-05-09 22:16:32,585 [INFO] ApiDbMcu:508 - Load IP Config File for USB_HOST
2026-05-09 22:16:34,443 [INFO] ProjectBuilder:5002 - Time for Generating toolchain IDE Files: 1943mS.
2026-05-09 22:16:34,444 [INFO] ProjectBuilder:3034 - Time for Copy CMSIS : 0mS.
2026-05-09 22:16:34,445 [INFO] ProjectBuilder:3034 - Time for Copy CMSIS : 1mS.
2026-05-09 22:16:35,060 [INFO] McuFinderGlobals:76 - Set McuFinderConnectedMode to true
2026-05-09 22:16:35,065 [INFO] ApiDb:448 - Save user favorites file C:\Users\Aditya/.stm32cubeide/favorites.mcus.txt: 0 item(s)
2026-05-09 22:16:35,067 [INFO] ApiDb:452 - User favorites MCUs=[]
2026-05-09 22:16:35,087 [INFO] ApiDb:448 - Save user favorites file C:\Users\Aditya/.stm32cubeide/favorites.boards.txt: 0 item(s)
2026-05-09 22:16:35,089 [INFO] ApiDb:452 - User favorites Boards=[]
2026-05-09 22:17:51,774 [INFO] ADCParametersView:116 -                Rank 1 : false
2026-05-09 22:17:51,808 [INFO] ADCParametersView:116 -                Rank 1 : false
2026-05-09 22:17:51,808 [INFO] ADCParametersView:116 -                Rank 1 : false
2026-05-09 22:17:51,808 [INFO] ADCParametersView:116 -                Rank 1 : false
2026-05-09 22:17:51,808 [INFO] ADCParametersView:116 -                Rank 1 : false
2026-05-09 22:17:51,808 [INFO] ADCParametersView:116 -                Rank 1 : false
2026-05-09 22:17:51,808 [INFO] ADCParametersView:116 -                Rank 1 : false
2026-05-09 22:17:51,808 [INFO] ADCParametersView:116 -                Rank 1 : false
2026-05-09 22:17:51,808 [INFO] ADCParametersView:116 -                Rank 1 : false
2026-05-09 22:17:51,808 [INFO] ADCParametersView:116 -                Rank 1 : false
2026-05-09 22:17:51,808 [INFO] ADCParametersView:116 -                Rank 1 : false
2026-05-09 22:17:51,808 [INFO] ADCParametersView:116 -                Rank 1 : false
2026-05-09 22:17:51,808 [INFO] ADCParametersView:116 -                Rank 1 : false
2026-05-09 22:17:51,808 [INFO] ADCParametersView:116 -                Rank 1 : false
2026-05-09 22:17:51,808 [INFO] ADCParametersView:116 -                Rank 1 : false
2026-05-09 22:17:51,822 [INFO] ADCParametersView:116 -                Rank 1 : false
2026-05-09 22:17:51,976 [INFO] NvicIntPanel:101 - NVIC parent = com.st.microxplorer.plugins.ip.nvic.MultiNvicIntPanel[,0,0,0x0,invalid,layout=javax.swing.BoxLayout,alignmentX=0.0,alignmentY=0.0,border=,flags=9,maximumSize=,minimumSize=,preferredSize=]
2026-05-09 22:17:52,276 [INFO] NvicIntPanel:101 - NVIC parent = com.st.microxplorer.plugins.ip.nvic.MultiNvicIntPanel[,0,0,0x0,invalid,layout=javax.swing.BoxLayout,alignmentX=0.0,alignmentY=0.0,border=,flags=9,maximumSize=,minimumSize=,preferredSize=]
2026-05-09 22:17:52,437 [INFO] NvicIntPanel:101 - NVIC parent = com.st.microxplorer.plugins.ip.nvic.MultiNvicIntPanel[,0,0,0x0,invalid,layout=javax.swing.BoxLayout,alignmentX=0.0,alignmentY=0.0,border=,flags=9,maximumSize=,minimumSize=,preferredSize=]
2026-05-09 22:17:52,661 [INFO] ADCParametersView:116 -                Rank 1 : false
2026-05-09 22:17:52,662 [INFO] ADCParametersView:116 -                Rank 1 : false
2026-05-09 22:17:52,662 [INFO] ADCParametersView:116 -                Rank 1 : false
2026-05-09 22:17:52,662 [INFO] ADCParametersView:116 -                Rank 1 : false
2026-05-09 22:17:52,662 [INFO] ADCParametersView:116 -                Rank 1 : false
2026-05-09 22:17:52,662 [INFO] ADCParametersView:116 -                Rank 1 : false
2026-05-09 22:17:52,662 [INFO] ADCParametersView:116 -                Rank 1 : false
2026-05-09 22:17:52,662 [INFO] ADCParametersView:116 -                Rank 1 : false
2026-05-09 22:17:52,662 [INFO] ADCParametersView:116 -                Rank 1 : false
2026-05-09 22:17:52,662 [INFO] ADCParametersView:116 -                Rank 1 : false
2026-05-09 22:17:52,662 [INFO] ADCParametersView:116 -                Rank 1 : false
2026-05-09 22:17:52,663 [INFO] ADCParametersView:116 -                Rank 1 : false
2026-05-09 22:17:52,663 [INFO] ADCParametersView:116 -                Rank 1 : false
2026-05-09 22:17:52,663 [INFO] ADCParametersView:116 -                Rank 1 : false
2026-05-09 22:17:52,702 [INFO] ADCParametersView:116 -                Rank 1 : false
2026-05-09 22:17:52,747 [INFO] ADCParametersView:116 -                Rank 1 : false
2026-05-09 22:17:52,747 [INFO] ADCParametersView:116 -                Rank 1 : false
2026-05-09 22:17:52,747 [INFO] ADCParametersView:116 -                Rank 1 : false
2026-05-09 22:17:52,747 [INFO] ADCParametersView:116 -                Rank 1 : false
2026-05-09 22:17:52,747 [INFO] ADCParametersView:116 -                Rank 1 : false
2026-05-09 22:17:52,747 [INFO] ADCParametersView:116 -                Rank 1 : false
2026-05-09 22:17:52,747 [INFO] ADCParametersView:116 -                Rank 1 : false
2026-05-09 22:17:52,747 [INFO] ADCParametersView:116 -                Rank 1 : false
2026-05-09 22:17:52,747 [INFO] ADCParametersView:116 -                Rank 1 : false
2026-05-09 22:17:52,747 [INFO] ADCParametersView:116 -                Rank 1 : false
2026-05-09 22:17:52,747 [INFO] ADCParametersView:116 -                Rank 1 : false
2026-05-09 22:17:52,747 [INFO] ADCParametersView:116 -                Rank 1 : false
2026-05-09 22:17:52,747 [INFO] ADCParametersView:116 -                Rank 1 : false
2026-05-09 22:17:52,747 [INFO] ADCParametersView:116 -                Rank 1 : false
2026-05-09 22:17:52,793 [INFO] ADCParametersView:116 -                Rank 1 : false
2026-05-09 22:18:05,499 [INFO] ADCParametersView:116 -                Rank 1 : false
2026-05-09 22:18:05,499 [INFO] ADCParametersView:116 -                Rank 1 : false
2026-05-09 22:18:05,499 [INFO] ADCParametersView:116 -                Rank 1 : false
2026-05-09 22:18:05,499 [INFO] ADCParametersView:116 -                Rank 1 : false
2026-05-09 22:18:05,499 [INFO] ADCParametersView:116 -                Rank 1 : false
2026-05-09 22:18:05,499 [INFO] ADCParametersView:116 -                Rank 1 : false
2026-05-09 22:18:05,499 [INFO] ADCParametersView:116 -                Rank 1 : false
2026-05-09 22:18:05,499 [INFO] ADCParametersView:116 -                Rank 1 : false
2026-05-09 22:18:05,499 [INFO] ADCParametersView:116 -                Rank 1 : false
2026-05-09 22:18:05,499 [INFO] ADCParametersView:116 -                Rank 1 : false
2026-05-09 22:18:05,500 [INFO] ADCParametersView:116 -                Rank 1 : false
2026-05-09 22:18:05,500 [INFO] ADCParametersView:116 -                Rank 1 : false
2026-05-09 22:18:05,500 [INFO] ADCParametersView:116 -                Rank 1 : false
2026-05-09 22:18:05,500 [INFO] ADCParametersView:116 -                Rank 1 : false
2026-05-09 22:18:05,535 [INFO] ADCParametersView:116 -                Rank 1 : false
2026-05-09 22:18:05,586 [INFO] ADCParametersView:116 -                Rank 1 : false
2026-05-09 22:18:05,586 [INFO] ADCParametersView:116 -                Rank 1 : false
2026-05-09 22:18:05,586 [INFO] ADCParametersView:116 -                Rank 1 : false
2026-05-09 22:18:05,586 [INFO] ADCParametersView:116 -                Rank 1 : false
2026-05-09 22:18:05,586 [INFO] ADCParametersView:116 -                Rank 1 : false
2026-05-09 22:18:05,586 [INFO] ADCParametersView:116 -                Rank 1 : false
2026-05-09 22:18:05,586 [INFO] ADCParametersView:116 -                Rank 1 : false
2026-05-09 22:18:05,586 [INFO] ADCParametersView:116 -                Rank 1 : false
2026-05-09 22:18:05,586 [INFO] ADCParametersView:116 -                Rank 1 : false
2026-05-09 22:18:05,586 [INFO] ADCParametersView:116 -                Rank 1 : false
2026-05-09 22:18:05,586 [INFO] ADCParametersView:116 -                Rank 1 : false
2026-05-09 22:18:05,586 [INFO] ADCParametersView:116 -                Rank 1 : false
2026-05-09 22:18:05,586 [INFO] ADCParametersView:116 -                Rank 1 : false
2026-05-09 22:18:05,586 [INFO] ADCParametersView:116 -                Rank 1 : false
2026-05-09 22:18:05,621 [INFO] ADCParametersView:116 -                Rank 1 : false
2026-05-09 22:18:05,757 [INFO] ADCParametersView:116 -                Rank 1 : false
2026-05-09 22:18:05,758 [INFO] ADCParametersView:116 -                Rank 1 : false
2026-05-09 22:18:05,758 [INFO] ADCParametersView:116 -                Rank 1 : false
2026-05-09 22:18:05,758 [INFO] ADCParametersView:116 -                Rank 1 : false
2026-05-09 22:18:05,758 [INFO] ADCParametersView:116 -                Rank 1 : false
2026-05-09 22:18:05,758 [INFO] ADCParametersView:116 -                Rank 1 : false
2026-05-09 22:18:05,758 [INFO] ADCParametersView:116 -                Rank 1 : false
2026-05-09 22:18:05,758 [INFO] ADCParametersView:116 -                Rank 1 : false
2026-05-09 22:18:05,759 [INFO] ADCParametersView:116 -                Rank 1 : false
2026-05-09 22:18:05,759 [INFO] ADCParametersView:116 -                Rank 1 : false
2026-05-09 22:18:05,761 [INFO] ADCParametersView:116 -                Rank 1 : false
2026-05-09 22:18:05,761 [INFO] ADCParametersView:116 -                Rank 1 : false
2026-05-09 22:18:05,761 [INFO] ADCParametersView:116 -                Rank 1 : false
2026-05-09 22:18:05,761 [INFO] ADCParametersView:116 -                Rank 1 : false
2026-05-09 22:18:05,813 [INFO] ADCParametersView:116 -                Rank 1 : false
2026-05-09 22:18:05,860 [INFO] ADCParametersView:116 -                Rank 1 : false
2026-05-09 22:18:05,860 [INFO] ADCParametersView:116 -                Rank 1 : false
2026-05-09 22:18:05,860 [INFO] ADCParametersView:116 -                Rank 1 : false
2026-05-09 22:18:05,860 [INFO] ADCParametersView:116 -                Rank 1 : false
2026-05-09 22:18:05,860 [INFO] ADCParametersView:116 -                Rank 1 : false
2026-05-09 22:18:05,860 [INFO] ADCParametersView:116 -                Rank 1 : false
2026-05-09 22:18:05,860 [INFO] ADCParametersView:116 -                Rank 1 : false
2026-05-09 22:18:05,860 [INFO] ADCParametersView:116 -                Rank 1 : false
2026-05-09 22:18:05,861 [INFO] ADCParametersView:116 -                Rank 1 : false
2026-05-09 22:18:05,861 [INFO] ADCParametersView:116 -                Rank 1 : false
2026-05-09 22:18:05,861 [INFO] ADCParametersView:116 -                Rank 1 : false
2026-05-09 22:18:05,861 [INFO] ADCParametersView:116 -                Rank 1 : false
2026-05-09 22:18:05,861 [INFO] ADCParametersView:116 -                Rank 1 : false
2026-05-09 22:18:05,861 [INFO] ADCParametersView:116 -                Rank 1 : false
2026-05-09 22:18:05,899 [INFO] ADCParametersView:116 -                Rank 1 : false
2026-05-09 22:18:09,299 [INFO] NvicIntPanel:101 - NVIC parent = com.st.microxplorer.plugins.ip.nvic.MultiNvicIntPanel[,0,0,450x124,layout=javax.swing.BoxLayout,alignmentX=0.0,alignmentY=0.0,border=,flags=9,maximumSize=,minimumSize=,preferredSize=]
2026-05-09 22:18:11,538 [INFO] ADCParametersView:116 -                Rank 1 : false
2026-05-09 22:18:11,538 [INFO] ADCParametersView:116 -                Rank 1 : false
2026-05-09 22:18:11,538 [INFO] ADCParametersView:116 -                Rank 1 : false
2026-05-09 22:18:11,538 [INFO] ADCParametersView:116 -                Rank 1 : false
2026-05-09 22:18:11,538 [INFO] ADCParametersView:116 -                Rank 1 : false
2026-05-09 22:18:11,538 [INFO] ADCParametersView:116 -                Rank 1 : false
2026-05-09 22:18:11,538 [INFO] ADCParametersView:116 -                Rank 1 : false
2026-05-09 22:18:11,538 [INFO] ADCParametersView:116 -                Rank 1 : false
2026-05-09 22:18:11,538 [INFO] ADCParametersView:116 -                Rank 1 : false
2026-05-09 22:18:11,538 [INFO] ADCParametersView:116 -                Rank 1 : false
2026-05-09 22:18:11,538 [INFO] ADCParametersView:116 -                Rank 1 : false
2026-05-09 22:18:11,538 [INFO] ADCParametersView:116 -                Rank 1 : false
2026-05-09 22:18:11,538 [INFO] ADCParametersView:116 -                Rank 1 : false
2026-05-09 22:18:11,538 [INFO] ADCParametersView:116 -                Rank 1 : false
2026-05-09 22:18:11,575 [INFO] ADCParametersView:116 -                Rank 1 : false
2026-05-09 22:18:14,312 [INFO] ADCParametersView:116 -                Rank 1 : false
2026-05-09 22:18:14,312 [INFO] ADCParametersView:116 -                Rank 1 : false
2026-05-09 22:18:14,312 [INFO] ADCParametersView:116 -                Rank 1 : false
2026-05-09 22:18:14,312 [INFO] ADCParametersView:116 -                Rank 1 : false
2026-05-09 22:18:14,312 [INFO] ADCParametersView:116 -                Rank 1 : false
2026-05-09 22:18:14,312 [INFO] ADCParametersView:116 -                Rank 1 : false
2026-05-09 22:18:14,312 [INFO] ADCParametersView:116 -                Rank 1 : false
2026-05-09 22:18:14,312 [INFO] ADCParametersView:116 -                Rank 1 : false
2026-05-09 22:18:14,312 [INFO] ADCParametersView:116 -                Rank 1 : false
2026-05-09 22:18:14,313 [INFO] ADCParametersView:116 -                Rank 1 : false
2026-05-09 22:18:14,313 [INFO] ADCParametersView:116 -                Rank 1 : false
2026-05-09 22:18:14,313 [INFO] ADCParametersView:116 -                Rank 1 : false
2026-05-09 22:18:14,313 [INFO] ADCParametersView:116 -                Rank 1 : false
2026-05-09 22:18:14,313 [INFO] ADCParametersView:116 -                Rank 1 : false
2026-05-09 22:18:14,374 [INFO] ADCParametersView:116 -                Rank 1 : false
2026-05-09 22:23:33,045 [INFO] ADCParametersView:116 -                Rank 1 : true
2026-05-09 22:23:47,321 [INFO] ADCParametersView:116 -                Rank 1 : true
2026-05-09 22:23:47,335 [INFO] ADCParametersView:116 -                Rank 1 : true
2026-05-09 22:23:47,335 [INFO] ADCParametersView:116 -                Rank 1 : true
2026-05-09 22:23:47,335 [INFO] ADCParametersView:116 -                Rank 1 : true
2026-05-09 22:23:47,335 [INFO] ADCParametersView:116 -                Rank 1 : true
2026-05-09 22:23:47,335 [INFO] ADCParametersView:116 -                Rank 1 : true
2026-05-09 22:23:47,335 [INFO] ADCParametersView:116 -                Rank 1 : true
2026-05-09 22:23:47,335 [INFO] ADCParametersView:116 -                Rank 1 : true
2026-05-09 22:23:47,335 [INFO] ADCParametersView:116 -                Rank 1 : true
2026-05-09 22:23:47,335 [INFO] ADCParametersView:116 -                Rank 1 : true
2026-05-09 22:23:47,335 [INFO] ADCParametersView:116 -                Rank 1 : true
2026-05-09 22:23:47,335 [INFO] ADCParametersView:116 -                Rank 1 : true
2026-05-09 22:23:47,335 [INFO] ADCParametersView:116 -                Rank 1 : true
2026-05-09 22:23:47,335 [INFO] ADCParametersView:116 -                Rank 1 : true
2026-05-09 22:23:47,350 [INFO] ADCParametersView:116 -                Rank 1 : true
2026-05-09 22:23:47,389 [INFO] ADCParametersView:116 -                Rank 1 : true
2026-05-09 22:23:47,391 [INFO] ADCParametersView:116 -                Rank 1 : true
2026-05-09 22:23:47,391 [INFO] ADCParametersView:116 -                Rank 1 : true
2026-05-09 22:23:47,391 [INFO] ADCParametersView:116 -                Rank 1 : true
2026-05-09 22:23:47,391 [INFO] ADCParametersView:116 -                Rank 1 : true
2026-05-09 22:23:47,391 [INFO] ADCParametersView:116 -                Rank 1 : true
2026-05-09 22:23:47,391 [INFO] ADCParametersView:116 -                Rank 1 : true
2026-05-09 22:23:47,391 [INFO] ADCParametersView:116 -                Rank 1 : true
2026-05-09 22:23:47,391 [INFO] ADCParametersView:116 -                Rank 1 : true
2026-05-09 22:23:47,391 [INFO] ADCParametersView:116 -                Rank 1 : true
2026-05-09 22:23:47,391 [INFO] ADCParametersView:116 -                Rank 1 : true
2026-05-09 22:23:47,391 [INFO] ADCParametersView:116 -                Rank 1 : true
2026-05-09 22:23:47,391 [INFO] ADCParametersView:116 -                Rank 1 : true
2026-05-09 22:23:47,391 [INFO] ADCParametersView:116 -                Rank 1 : true
2026-05-09 22:23:47,401 [INFO] ADCParametersView:116 -                Rank 1 : true
2026-05-09 22:23:47,459 [INFO] ADCParametersView:116 -                Rank 1 : true
2026-05-09 22:23:47,460 [INFO] ADCParametersView:116 -                Rank 1 : true
2026-05-09 22:23:47,460 [INFO] ADCParametersView:116 -                Rank 1 : true
2026-05-09 22:23:47,460 [INFO] ADCParametersView:116 -                Rank 1 : true
2026-05-09 22:23:47,460 [INFO] ADCParametersView:116 -                Rank 1 : true
2026-05-09 22:23:47,460 [INFO] ADCParametersView:116 -                Rank 1 : true
2026-05-09 22:23:47,460 [INFO] ADCParametersView:116 -                Rank 1 : true
2026-05-09 22:23:47,460 [INFO] ADCParametersView:116 -                Rank 1 : true
2026-05-09 22:23:47,460 [INFO] ADCParametersView:116 -                Rank 1 : true
2026-05-09 22:23:47,460 [INFO] ADCParametersView:116 -                Rank 1 : true
2026-05-09 22:23:47,460 [INFO] ADCParametersView:116 -                Rank 1 : true
2026-05-09 22:23:47,460 [INFO] ADCParametersView:116 -                Rank 1 : true
2026-05-09 22:23:47,460 [INFO] ADCParametersView:116 -                Rank 1 : true
2026-05-09 22:23:47,460 [INFO] ADCParametersView:116 -                Rank 1 : true
2026-05-09 22:23:47,492 [INFO] ADCParametersView:116 -                Rank 1 : true
2026-05-09 22:24:16,998 [INFO] UtilMem:75 - End SaveConfig() Used Memory: 805827824 Bytes (1073741824)
2026-05-09 22:24:20,527 [INFO] UtilMem:75 - End SaveConfig() Used Memory: 837287752 Bytes (1073741824)
2026-05-09 22:24:22,903 [INFO] UtilMem:75 - End SaveConfig() Used Memory: 929559792 Bytes (1073741824)
2026-05-09 22:24:23,266 [INFO] BlockDiagram:2759 - set Specific Code input for plugin: SYS
2026-05-09 22:24:23,266 [INFO] BlockDiagram:2759 - set Specific Code input for plugin: ADC
2026-05-09 22:24:23,266 [INFO] BlockDiagram:2759 - set Specific Code input for plugin: RCC
2026-05-09 22:24:23,266 [INFO] BlockDiagram:2759 - set Specific Code input for plugin: NVIC
2026-05-09 22:24:23,266 [INFO] BlockDiagram:2759 - set Specific Code input for plugin: USART
2026-05-09 22:24:23,267 [INFO] BlockDiagram:2759 - set Specific Code input for plugin: GPIO
2026-05-09 22:24:23,274 [INFO] CodeGenerator:807 - code generatio: config db path: C:\ST\STM32CubeIDE_1.15.0\STM32CubeIDE\plugins\com.st.stm32cube.common.mx_6.11.0.202403141607\\db\
2026-05-09 22:24:23,449 [INFO] CodeEngine:255 - oldGeneratedFile, D:\WorkSpace\ADC_LLD\MXTmpFiles\license.tmp_save
2026-05-09 22:24:23,568 [INFO] CodeEngine:279 - Generated code: D:\WorkSpace\ADC_LLD\MXTmpFiles\license.tmp
2026-05-09 22:24:23,596 [INFO] CodeEngine:255 - oldGeneratedFile, D:\WorkSpace\ADC_LLD\MXTmpFiles\gpio.tmp_save
2026-05-09 22:24:23,876 [INFO] CodeEngine:279 - Generated code: D:\WorkSpace\ADC_LLD\MXTmpFiles\gpio.tmp
2026-05-09 22:24:24,089 [INFO] CodeEngine:255 - oldGeneratedFile, D:\WorkSpace\ADC_LLD\Core\Src\stm32f4xx_it.c_save
2026-05-09 22:24:24,276 [INFO] CodeEngine:279 - Generated code: D:\WorkSpace\ADC_LLD\Core\Src\stm32f4xx_it.c
2026-05-09 22:24:24,282 [INFO] CodeEngine:255 - oldGeneratedFile, D:\WorkSpace\ADC_LLD\Core\Inc\stm32f4xx_it.h_save
2026-05-09 22:24:24,323 [INFO] CodeEngine:279 - Generated code: D:\WorkSpace\ADC_LLD\Core\Inc\stm32f4xx_it.h
2026-05-09 22:24:24,340 [INFO] CodeEngine:255 - oldGeneratedFile, D:\WorkSpace\ADC_LLD\Core\Src\stm32f4xx_hal_msp.c_save
2026-05-09 22:24:24,458 [INFO] CodeEngine:279 - Generated code: D:\WorkSpace\ADC_LLD\Core\Src\stm32f4xx_hal_msp.c
2026-05-09 22:24:24,463 [INFO] CodeEngine:255 - oldGeneratedFile, D:\WorkSpace\ADC_LLD\MXTmpFiles\system.tmp_save
2026-05-09 22:24:24,500 [INFO] CodeEngine:279 - Generated code: D:\WorkSpace\ADC_LLD\MXTmpFiles\system.tmp
2026-05-09 22:24:24,517 [INFO] CodeEngine:311 - oldGeneratedFile, D:\WorkSpace\ADC_LLD\Core\Inc\stm32f4xx_hal_conf.h_save
2026-05-09 22:24:24,592 [INFO] CodeEngine:335 - Generated code: D:\WorkSpace\ADC_LLD\Core\Inc\stm32f4xx_hal_conf.h
2026-05-09 22:24:24,620 [WARN] IPConfigManager:2982 - Warning: the RefConfig PLL2P_FOR_MCO is not available in your config.xml file
2026-05-09 22:24:24,640 [INFO] CodeEngine:255 - oldGeneratedFile, D:\WorkSpace\ADC_LLD\Core\Inc\main.h_save
2026-05-09 22:24:24,719 [INFO] CodeEngine:279 - Generated code: D:\WorkSpace\ADC_LLD\Core\Inc\main.h
2026-05-09 22:24:24,732 [INFO] CodeEngine:255 - oldGeneratedFile, D:\WorkSpace\ADC_LLD\Core\Src\main.c_save
2026-05-09 22:24:24,986 [INFO] CodeEngine:279 - Generated code: D:\WorkSpace\ADC_LLD\Core\Src\main.c
2026-05-09 22:24:25,577 [INFO] ProjectBuilder:3163 - Time for Copy HAL[1] : 320mS.
2026-05-09 22:24:25,580 [INFO] ProjectBuilder:4736 - Project Generator version: 4.3.0-B58
2026-05-09 22:24:25,644 [INFO] ConfigFileManager:1503 - The Die is : DIE421
2026-05-09 22:24:26,574 [INFO] ProjectBuilder:5002 - Time for Generating toolchain IDE Files: 995mS.
2026-05-09 22:24:26,576 [INFO] ProjectBuilder:3034 - Time for Copy CMSIS : 1mS.
2026-05-09 22:24:26,580 [INFO] ProjectBuilder:3034 - Time for Copy CMSIS : 0mS.
2026-05-09 23:08:38,742 [INFO] MainUpdater:2873 - connection check result : 10
2026-05-09 23:08:38,742 [INFO] MainUpdater:2873 - connection check result : 10
2026-05-09 23:08:38,757 [INFO] MicroXplorer:468 - Change Database Path : 
2026-05-09 23:08:38,757 [INFO] MicroXplorer:498 - Change Database Version : DB.6.0.110
2026-05-09 23:08:38,766 [ERROR] ProjectManagerView:394 - 
java.lang.NullPointerException: Cannot invoke "javax.swing.JTextField.getText()" because the return value of "java.util.List.get(int)" is null
	at com.st.microxplorer.plugins.projectmanager.gui.ProjectChoiceTab$10.caretUpdate(ProjectChoiceTab.java:2504) ~[filemanager.jar:?]
	at javax.swing.text.JTextComponent.fireCaretUpdate(JTextComponent.java:412) ~[?:?]
	at javax.swing.text.JTextComponent$MutableCaretEvent.fire(JTextComponent.java:4491) ~[?:?]
	at javax.swing.text.JTextComponent$MutableCaretEvent.stateChanged(JTextComponent.java:4513) ~[?:?]
	at javax.swing.text.DefaultCaret.fireStateChanged(DefaultCaret.java:842) ~[?:?]
	at javax.swing.text.DefaultCaret.changeCaretPosition(DefaultCaret.java:1313) ~[?:?]
	at javax.swing.text.DefaultCaret.handleSetDot(DefaultCaret.java:1212) ~[?:?]
	at javax.swing.text.DefaultCaret.setDot(DefaultCaret.java:1193) ~[?:?]
	at javax.swing.text.DefaultCaret$Handler.insertUpdate(DefaultCaret.java:1789) ~[?:?]
	at javax.swing.text.AbstractDocument.fireInsertUpdate(AbstractDocument.java:226) ~[?:?]
	at javax.swing.text.AbstractDocument.handleInsertString(AbstractDocument.java:780) ~[?:?]
	at javax.swing.text.AbstractDocument.insertString(AbstractDocument.java:739) ~[?:?]
	at javax.swing.text.PlainDocument.insertString(PlainDocument.java:131) ~[?:?]
	at javax.swing.text.AbstractDocument.replace(AbstractDocument.java:698) ~[?:?]
	at javax.swing.text.JTextComponent.setText(JTextComponent.java:1729) ~[?:?]
	at com.st.microxplorer.plugins.projectmanager.gui.ProjectChoiceTab.createHeapStackFields(ProjectChoiceTab.java:944) ~[filemanager.jar:?]
	at com.st.microxplorer.plugins.projectmanager.gui.ProjectChoiceTab.buildLinkSettingsPanel(ProjectChoiceTab.java:3475) ~[filemanager.jar:?]
	at com.st.microxplorer.plugins.projectmanager.gui.ProjectChoiceTab.defineWindowsFields(ProjectChoiceTab.java:1816) ~[filemanager.jar:?]
	at com.st.microxplorer.plugins.projectmanager.gui.ProjectChoiceTab.updateSettings(ProjectChoiceTab.java:544) ~[filemanager.jar:?]
	at com.st.microxplorer.plugins.projectmanager.gui.ProjectSettingsPanel.UpdateDialog(ProjectSettingsPanel.java:245) ~[filemanager.jar:?]
	at com.st.microxplorer.plugins.projectmanager.ProjectManagerView.propertyChange(ProjectManagerView.java:391) ~[filemanager.jar:?]
	at java.beans.PropertyChangeSupport.fire(PropertyChangeSupport.java:343) ~[?:?]
	at java.beans.PropertyChangeSupport.firePropertyChange(PropertyChangeSupport.java:335) ~[?:?]
	at java.beans.PropertyChangeSupport.firePropertyChange(PropertyChangeSupport.java:268) ~[?:?]
	at com.st.microxplorer.util.MXPropertyChangeSupport.firePropertyChange(MXPropertyChangeSupport.java:54) ~[STM32CubeMX.jar:?]
	at com.st.microxplorer.mxsystem.MxSystem.closeConfig(MxSystem.java:900) ~[STM32CubeMX.jar:?]
	at com.st.microxplorer.maingui.MainPanel.closeConfig(MainPanel.java:776) ~[STM32CubeMX.jar:?]
	at com.st.microxplorer.plugins.filemanager.engine.OpenFileManager.loadConfigurationFile(OpenFileManager.java:245) ~[filemanager.jar:?]
	at com.st.microxplorer.plugins.filemanager.engine.MainFileManager.userLoadConfig(MainFileManager.java:315) ~[filemanager.jar:?]
	at com.st.microxplorer.plugins.filemanager.engine.MainFileManager.userLoadConfig(MainFileManager.java:293) ~[filemanager.jar:?]
	at com.st.microxplorer.plugins.filemanager.FileManagerView.getSpecificTask(FileManagerView.java:247) ~[filemanager.jar:?]
	at com.st.stm32cube.common.mx.editor.CubeMxEditor.getMxTabbedPaneInstance(CubeMxEditor.java:1198) ~[com.st.stm32cube.common.mx_6.11.0.202403141607/:?]
	at com.st.stm32cube.common.mx.editor.CubeMxEditor$12$1.createSwingComponent(CubeMxEditor.java:1068) ~[com.st.stm32cube.common.mx_6.11.0.202403141607/:?]
	at com.st.stm32cube.common.mx.oss.core.awtswtbridge.EmbeddedSwingComposite.doComponentCreation(EmbeddedSwingComposite.java:492) ~[com.st.stm32cube.common.mx.oss_6.11.0.202403141607/:?]
	at com.st.stm32cube.common.mx.oss.core.awtswtbridge.EmbeddedSwingComposite$4.run(EmbeddedSwingComposite.java:291) ~[com.st.stm32cube.common.mx.oss_6.11.0.202403141607/:?]
	at com.st.stm32cube.common.mx.oss.core.awtswtbridge.AwtEnvironment$2.run(AwtEnvironment.java:166) ~[com.st.stm32cube.common.mx.oss_6.11.0.202403141607/:?]
	at java.awt.event.InvocationEvent.dispatch(InvocationEvent.java:318) ~[?:?]
	at java.awt.EventQueue.dispatchEventImpl(EventQueue.java:773) ~[?:?]
	at java.awt.EventQueue$4.run(EventQueue.java:720) ~[?:?]
	at java.awt.EventQueue$4.run(EventQueue.java:714) ~[?:?]
	at java.security.AccessController.doPrivileged(AccessController.java:399) ~[?:?]
	at java.security.ProtectionDomain$JavaSecurityAccessImpl.doIntersectionPrivilege(ProtectionDomain.java:86) ~[?:?]
	at java.awt.EventQueue.dispatchEvent(EventQueue.java:742) ~[?:?]
	at java.awt.EventDispatchThread.pumpOneEventForFilters(EventDispatchThread.java:203) ~[?:?]
	at java.awt.EventDispatchThread.pumpEventsForFilter(EventDispatchThread.java:124) ~[?:?]
	at java.awt.EventDispatchThread.pumpEventsForHierarchy(EventDispatchThread.java:113) ~[?:?]
	at java.awt.EventDispatchThread.pumpEvents(EventDispatchThread.java:109) ~[?:?]
	at java.awt.EventDispatchThread.pumpEvents(EventDispatchThread.java:101) ~[?:?]
	at java.awt.EventDispatchThread.run(EventDispatchThread.java:90) ~[?:?]
2026-05-09 23:08:38,767 [WARN] ThirdParty:871 - waiting for thirdparty lock release [close project]
2026-05-09 23:08:38,767 [INFO] ThirdParty:873 - entering critical section [close project]
2026-05-09 23:08:38,767 [INFO] ThirdParty:883 - exiting critical section [close project]
2026-05-09 23:08:38,768 [INFO] PinOutPanel:1561 - setPackage(No Configuration,No Configuration)
2026-05-09 23:08:38,772 [WARN] IpParametersView:151 - Warning: This peripheral hasn't parameters
2026-05-09 23:08:38,781 [WARN] MainPanel:272 - <html><b><center>Warning: This peripheral has no parameters to be configured<br></b></html>
2026-05-09 23:08:38,784 [INFO] UtilMem:75 - Begin LoadConfig() Used Memory: 842552240 Bytes (1073741824)
2026-05-09 23:08:38,784 [INFO] MicroXplorer:468 - Change Database Path : 
2026-05-09 23:08:38,784 [INFO] MicroXplorer:498 - Change Database Version : DB.6.0.110
2026-05-09 23:08:38,784 [INFO] OpenFileManager:312 - Change cursor
2026-05-09 23:08:38,802 [INFO] RulesReader:64 - Compatibility file has been processed (297 Rules)
2026-05-09 23:08:38,812 [INFO] Mcu:2021 - Initializing MCU STM32F446R(C-E)Tx STM32F446RETx STM32F446RET6
2026-05-09 23:08:40,055 [INFO] Context:663 - Trying to add GPIOservice into a context  which must be forbidden
2026-05-09 23:08:40,229 [INFO] RtosManager:555 - Registered RTOS mode: class=CMSIS, group=RTOS, mode=CMSIS_V1, owner=FREERTOS
2026-05-09 23:08:40,229 [INFO] RtosManager:555 - Registered RTOS mode: class=CMSIS, group=RTOS2, mode=CMSIS_V2, owner=FREERTOS
2026-05-09 23:08:40,229 [INFO] RtosManager:555 - Registered RTOS mode: class=RTOS, group=Core, mode=CMSIS_V1, owner=FREERTOS
2026-05-09 23:08:40,229 [INFO] RtosManager:555 - Registered RTOS mode: class=RTOS, group=Core, mode=CMSIS_V2, owner=FREERTOS
2026-05-09 23:08:40,229 [WARN] ModelIntegratedComponent:184 - Missing modes for component STMicroelectronics:FreeRTOS:0.0.1:STMicroelectronics:RTOS:FreeRTOS:Core:::10.2.0:
2026-05-09 23:08:40,231 [WARN] ModelIntegratedComponent:63 - No mode defined for component null
2026-05-09 23:08:40,232 [WARN] ModelIntegratedComponent:63 - No mode defined for component null
2026-05-09 23:08:40,232 [WARN] ModelIntegratedComponent:63 - No mode defined for component null
2026-05-09 23:08:40,232 [WARN] ModelIntegratedComponent:63 - No mode defined for component null
2026-05-09 23:08:40,232 [WARN] ModelIntegratedComponent:63 - No mode defined for component null
2026-05-09 23:08:40,232 [WARN] ModelIntegratedComponent:63 - No mode defined for component null
2026-05-09 23:08:40,232 [WARN] ModelIntegratedComponent:63 - No mode defined for component null
2026-05-09 23:08:40,232 [WARN] ModelIntegratedComponent:63 - No mode defined for component null
2026-05-09 23:08:40,232 [WARN] ModelIntegratedComponent:63 - No mode defined for component null
2026-05-09 23:08:40,232 [WARN] ModelIntegratedComponent:63 - No mode defined for component null
2026-05-09 23:08:40,232 [WARN] ModelIntegratedComponent:63 - No mode defined for component null
2026-05-09 23:08:40,232 [WARN] ModelIntegratedComponent:63 - No mode defined for component null
2026-05-09 23:08:40,232 [WARN] ModelIntegratedComponent:63 - No mode defined for component null
2026-05-09 23:08:40,232 [WARN] ModelIntegratedComponent:63 - No mode defined for component null
2026-05-09 23:08:40,232 [WARN] ModelIntegratedComponent:63 - No mode defined for component null
2026-05-09 23:08:40,232 [WARN] ModelIntegratedComponent:63 - No mode defined for component null
2026-05-09 23:08:40,232 [WARN] ModelIntegratedComponent:63 - No mode defined for component null
2026-05-09 23:08:40,232 [WARN] ModelIntegratedComponent:63 - No mode defined for component null
2026-05-09 23:08:40,232 [WARN] ModelIntegratedComponent:63 - No mode defined for component null
2026-05-09 23:08:40,232 [WARN] ModelIntegratedComponent:63 - No mode defined for component null
2026-05-09 23:08:40,232 [WARN] ModelIntegratedComponent:63 - No mode defined for component null
2026-05-09 23:08:40,232 [WARN] ModelIntegratedComponent:63 - No mode defined for component null
2026-05-09 23:08:40,232 [WARN] ModelIntegratedComponent:63 - No mode defined for component null
2026-05-09 23:08:40,232 [WARN] ModelIntegratedComponent:63 - No mode defined for component null
2026-05-09 23:08:40,232 [WARN] ModelIntegratedComponent:63 - No mode defined for component null
2026-05-09 23:08:40,232 [WARN] ModelIntegratedComponent:63 - No mode defined for component null
2026-05-09 23:08:40,232 [WARN] ModelIntegratedComponent:63 - No mode defined for component null
2026-05-09 23:08:40,232 [WARN] ModelIntegratedComponent:63 - No mode defined for component null
2026-05-09 23:08:40,232 [WARN] ModelIntegratedComponent:63 - No mode defined for component null
2026-05-09 23:08:40,232 [WARN] ModelIntegratedComponent:63 - No mode defined for component null
2026-05-09 23:08:40,232 [WARN] ModelIntegratedComponent:63 - No mode defined for component null
2026-05-09 23:08:40,232 [WARN] ModelIntegratedComponent:63 - No mode defined for component null
2026-05-09 23:08:40,232 [WARN] ModelIntegratedComponent:63 - No mode defined for component null
2026-05-09 23:08:40,232 [WARN] ModelIntegratedComponent:63 - No mode defined for component null
2026-05-09 23:08:40,575 [INFO] ThirdPartyModel:298 - Start build external matchings
2026-05-09 23:08:42,082 [INFO] ThirdPartyModel:316 - End build external matchings
2026-05-09 23:08:42,130 [INFO] ImportTextPane:194 - (OptionalMessage_ERROR) IP (RCC) : Invalid parameter (48MHZClocksFreq_Value)
2026-05-09 23:08:42,130 [INFO] ImportTextPane:194 - (OptionalMessage_ERROR) IP (RCC) : Invalid parameter (EthernetFreq_Value)
2026-05-09 23:08:42,130 [INFO] ImportTextPane:194 - (OptionalMessage_ERROR) IP (RCC) : Parameter (FLatency) has Id (AdvancedSettings) currently not set
2026-05-09 23:08:42,130 [INFO] ImportTextPane:194 - (OptionalMessage_ERROR) IP (RCC) : Invalid parameter (FamilyName)
2026-05-09 23:08:42,131 [INFO] ImportTextPane:194 - (OptionalMessage_ERROR) IP (RCC) : Invalid parameter (I2SClocksFreq_Value)
2026-05-09 23:08:42,131 [INFO] ImportTextPane:194 - (OptionalMessage_ERROR) IP (RCC) : Parameter (MCO2PinFreq_Value) has invalid value (180000000)
2026-05-09 23:08:42,131 [INFO] ImportTextPane:194 - (OptionalMessage_ERROR) IP (RCC) : Parameter (SDIOFreq_Value) has invalid value (180000000)
2026-05-09 23:08:42,131 [INFO] ImportTextPane:194 - (OptionalMessage_ERROR) IP (RCC) : Parameter (USBFreq_Value) has invalid value (180000000)
2026-05-09 23:08:42,132 [INFO] ImportTextPane:194 - (OptionalMessage_ERROR) IP (RCC) : Invalid parameter (VCOInputMFreq_Value)
2026-05-09 23:08:42,132 [INFO] ImportTextPane:194 - (OptionalMessage_ERROR) IP (RCC) : Invalid parameter (VcooutputI2S)
2026-05-09 23:08:42,342 [INFO] UtilMem:75 - End LoadConfig() Used Memory: 904569392 Bytes (1073741824)
2026-05-09 23:08:42,377 [WARN] ThirdParty:833 - waiting for thirdparty lock release [change project]
2026-05-09 23:08:42,377 [INFO] ThirdParty:835 - entering critical section [change project]
2026-05-09 23:08:42,377 [INFO] ThirdParty:1030 - CMSIS Pack Vendor :STMicroelectronics X-CUBE-AZRTOS-H7 3.5.0
2026-05-09 23:08:42,377 [INFO] ThirdParty:1030 - CMSIS Pack Vendor :STMicroelectronics X-CUBE-PM33A1 1.0.0
2026-05-09 23:08:42,377 [INFO] ThirdParty:1030 - CMSIS Pack Vendor :STMicroelectronics USBPD 4.1
2026-05-09 23:08:42,377 [INFO] ThirdParty:1030 - CMSIS Pack Vendor :STMicroelectronics X-CUBE-GNSS1 6.0.0
2026-05-09 23:08:42,377 [INFO] ThirdParty:1030 - CMSIS Pack Vendor :STMicroelectronics USB_HOST 2.0.0
2026-05-09 23:08:42,377 [INFO] ThirdParty:1030 - CMSIS Pack Vendor :STMicroelectronics FP-SNS-MOTENVWB1 1.4.0
2026-05-09 23:08:42,377 [INFO] ThirdParty:1030 - CMSIS Pack Vendor :STMicroelectronics X-CUBE-AZRTOS-F4 1.1.0
2026-05-09 23:08:42,377 [INFO] ThirdParty:1030 - CMSIS Pack Vendor :STMicroelectronics LIBJPEG 8.0.0
2026-05-09 23:08:42,377 [INFO] ThirdParty:1030 - CMSIS Pack Vendor :STMicroelectronics FP-ATR-ASTRA1 2.0.2
2026-05-09 23:08:42,377 [INFO] ThirdParty:1030 - CMSIS Pack Vendor :STMicroelectronics X-CUBE-SMBUS 2.1.0
2026-05-09 23:08:42,377 [INFO] ThirdParty:1030 - CMSIS Pack Vendor :STMicroelectronics X-CUBE-ISPU 2.1.0
2026-05-09 23:08:42,377 [INFO] ThirdParty:1030 - CMSIS Pack Vendor :STMicroelectronics X-CUBE-FREERTOS 1.2.0
2026-05-09 23:08:42,377 [INFO] ThirdParty:1030 - CMSIS Pack Vendor :STMicroelectronics X-CUBE-NFC12 1.0.0
2026-05-09 23:08:42,377 [INFO] ThirdParty:1030 - CMSIS Pack Vendor :STMicroelectronics X-CUBE-TOUCHGFX 4.23.2
2026-05-09 23:08:42,377 [INFO] ThirdParty:1030 - CMSIS Pack Vendor :STMicroelectronics X-CUBE-AZRTOS-F7 1.1.0
2026-05-09 23:08:42,377 [INFO] ThirdParty:1030 - CMSIS Pack Vendor :STMicroelectronics X-CUBE-AZRTOS-L5 2.0.0
2026-05-09 23:08:42,377 [INFO] ThirdParty:1030 - CMSIS Pack Vendor :STMicroelectronics USB_DEVICE 2.0.0
2026-05-09 23:08:42,377 [INFO] ThirdParty:1030 - CMSIS Pack Vendor :STMicroelectronics X-CUBE-NFC6 3.1.0
2026-05-09 23:08:42,377 [INFO] ThirdParty:1030 - CMSIS Pack Vendor :STMicroelectronics FreeRTOS 0.0.1
2026-05-09 23:08:42,377 [INFO] ThirdParty:1030 - CMSIS Pack Vendor :STMicroelectronics X-CUBE-DPower 1.2.0
2026-05-09 23:08:42,377 [INFO] ThirdParty:1030 - CMSIS Pack Vendor :STMicroelectronics FP-SNS-FLIGHT1 5.0.2
2026-05-09 23:08:42,377 [INFO] ThirdParty:1030 - CMSIS Pack Vendor :STMicroelectronics X-CUBE-AI 9.0.0
2026-05-09 23:08:42,377 [INFO] ThirdParty:1030 - CMSIS Pack Vendor :STMicroelectronics PDM2PCM 3.3.0
2026-05-09 23:08:42,377 [INFO] ThirdParty:1030 - CMSIS Pack Vendor :STMicroelectronics X-CUBE-AZRTOS-H7 3.4.0
2026-05-09 23:08:42,377 [INFO] ThirdParty:1030 - CMSIS Pack Vendor :STMicroelectronics X-CUBE-DISPLAY 3.0.0
2026-05-09 23:08:42,377 [INFO] ThirdParty:1030 - CMSIS Pack Vendor :STMicroelectronics X-CUBE-GNSS1 7.1.1
2026-05-09 23:08:42,377 [INFO] ThirdParty:1030 - CMSIS Pack Vendor :STMicroelectronics X-CUBE-BLE1 7.0.0
2026-05-09 23:08:42,377 [INFO] ThirdParty:1030 - CMSIS Pack Vendor :STMicroelectronics X-CUBE-NFC10 1.0.0
2026-05-09 23:08:42,377 [INFO] ThirdParty:1030 - CMSIS Pack Vendor :STMicroelectronics X-CUBE-BLEMGR 4.0.0
2026-05-09 23:08:42,377 [INFO] ThirdParty:1030 - CMSIS Pack Vendor :STMicroelectronics X-CUBE-FREERTOS 1.3.1
2026-05-09 23:08:42,377 [INFO] ThirdParty:1030 - CMSIS Pack Vendor :STMicroelectronics HAL Drivers 0.0.0
2026-05-09 23:08:42,377 [INFO] ThirdParty:1030 - CMSIS Pack Vendor :emotas I-CUBE-CANOPEN 1.3.0
2026-05-09 23:08:42,377 [INFO] ThirdParty:1030 - CMSIS Pack Vendor :STMicroelectronics X-CUBE-NFC7 1.0.1
2026-05-09 23:08:42,377 [INFO] ThirdParty:1030 - CMSIS Pack Vendor :STMicroelectronics MBEDTLS 2.14.1
2026-05-09 23:08:42,377 [INFO] ThirdParty:1030 - CMSIS Pack Vendor :STMicroelectronics X-CUBE-GNSS1 7.1.0
2026-05-09 23:08:42,377 [INFO] ThirdParty:1030 - CMSIS Pack Vendor :wolfSSL I-CUBE-wolfTPM 3.2.0
2026-05-09 23:08:42,377 [INFO] ThirdParty:1030 - CMSIS Pack Vendor :STMicroelectronics X-CUBE-TOUCHGFX 4.26.0
2026-05-09 23:08:42,377 [INFO] ThirdParty:1030 - CMSIS Pack Vendor :STMicroelectronics X-CUBE-TOUCHGFX 4.26.1
2026-05-09 23:08:42,377 [INFO] ThirdParty:1030 - CMSIS Pack Vendor :quantropi X-CUBE-qispace-sdk-base 2.0.0
2026-05-09 23:08:42,377 [INFO] ThirdParty:1030 - CMSIS Pack Vendor :STMicroelectronics X-CUBE-BLEMGR 3.1.0
2026-05-09 23:08:42,377 [INFO] ThirdParty:1030 - CMSIS Pack Vendor :STMicroelectronics X-CUBE-AI 10.0.0
2026-05-09 23:08:42,377 [INFO] ThirdParty:1030 - CMSIS Pack Vendor :STMicroelectronics FP-SNS-SMARTAG2 1.2.0
2026-05-09 23:08:42,377 [INFO] ThirdParty:1030 - CMSIS Pack Vendor :STMicroelectronics X-CUBE-AZRTOS-WL 2.0.0
2026-05-09 23:08:42,377 [INFO] ThirdParty:1030 - CMSIS Pack Vendor :STMicroelectronics X-CUBE-DPower 1.3.0
2026-05-09 23:08:42,377 [INFO] ThirdParty:1030 - CMSIS Pack Vendor :STMicroelectronics FP-SNS-MOTENV1 5.0.0
2026-05-09 23:08:42,377 [INFO] ThirdParty:1030 - CMSIS Pack Vendor :STMicroelectronics USB_DEVICE 1.0.0
2026-05-09 23:08:42,377 [INFO] ThirdParty:1030 - CMSIS Pack Vendor :STMicroelectronics X-CUBE-AZRTOS-H7RS 1.2.0
2026-05-09 23:08:42,377 [INFO] ThirdParty:1030 - CMSIS Pack Vendor :wolfSSL I-CUBE-wolfMQTT 1.19.0
2026-05-09 23:08:42,377 [INFO] ThirdParty:1030 - CMSIS Pack Vendor :STMicroelectronics X-CUBE-AZRTOS-L4 2.0.0
2026-05-09 23:08:42,377 [INFO] ThirdParty:1030 - CMSIS Pack Vendor :STMicroelectronics ThreadX 0.0.2
2026-05-09 23:08:42,377 [INFO] ThirdParty:1030 - CMSIS Pack Vendor :WES I-CUBE-Cesium 1.3.0
2026-05-09 23:08:42,377 [INFO] ThirdParty:1030 - CMSIS Pack Vendor :STMicroelectronics lwIP 2.1.2
2026-05-09 23:08:42,377 [INFO] ThirdParty:1030 - CMSIS Pack Vendor :STMicroelectronics X-CUBE-SFXS2LP1 4.0.0
2026-05-09 23:08:42,377 [INFO] ThirdParty:1030 - CMSIS Pack Vendor :STMicroelectronics X-CUBE-BLE2 3.3.0
2026-05-09 23:08:42,377 [INFO] ThirdParty:1030 - CMSIS Pack Vendor :STMicroelectronics PDM2PCM 3.2.0
2026-05-09 23:08:42,377 [INFO] ThirdParty:1030 - CMSIS Pack Vendor :STMicroelectronics X-CUBE-WB05N 2.1.0
2026-05-09 23:08:42,377 [INFO] ThirdParty:1030 - CMSIS Pack Vendor :STMicroelectronics X-CUBE-AZRTOS-H7 3.3.0
2026-05-09 23:08:42,377 [INFO] ThirdParty:1030 - CMSIS Pack Vendor :STMicroelectronics X-CUBE-NFC9 1.0.0
2026-05-09 23:08:42,377 [INFO] ThirdParty:1030 - CMSIS Pack Vendor :STMicroelectronics X-CUBE-BLE1 7.1.0
2026-05-09 23:08:42,377 [INFO] ThirdParty:1030 - CMSIS Pack Vendor :STMicroelectronics USB_DEVICE 3.0.0
2026-05-09 23:08:42,377 [INFO] ThirdParty:1030 - CMSIS Pack Vendor :STMicroelectronics X-CUBE-TCPP 4.1.0
2026-05-09 23:08:42,377 [INFO] ThirdParty:1030 - CMSIS Pack Vendor :STMicroelectronics X-CUBE-EEPRMA1 5.2.0
2026-05-09 23:08:42,377 [INFO] ThirdParty:1030 - CMSIS Pack Vendor :STMicroelectronics X-CUBE-AZRTOS-WB 2.0.0
2026-05-09 23:08:42,377 [INFO] ThirdParty:1030 - CMSIS Pack Vendor :STMicroelectronics X-CUBE-GNSS1 7.0.1
2026-05-09 23:08:42,377 [INFO] ThirdParty:1030 - CMSIS Pack Vendor :STMicroelectronics X-CUBE-TOUCHGFX 4.25.0
2026-05-09 23:08:42,377 [INFO] ThirdParty:1030 - CMSIS Pack Vendor :STMicroelectronics X-CUBE-AI 10.1.0
2026-05-09 23:08:42,377 [INFO] ThirdParty:1030 - CMSIS Pack Vendor :STMicroelectronics FP-SNS-STBOX1 2.0.0
2026-05-09 23:08:42,377 [INFO] ThirdParty:1030 - CMSIS Pack Vendor :STMicroelectronics X-CUBE-MEMS1 12.0.0
2026-05-09 23:08:42,377 [INFO] ThirdParty:1030 - CMSIS Pack Vendor :STMicroelectronics X-CUBE-ALGOBUILD 1.3.0
2026-05-09 23:08:42,377 [INFO] ThirdParty:1030 - CMSIS Pack Vendor :STMicroelectronics X-CUBE-STSE01 2.0.0
2026-05-09 23:08:42,377 [INFO] ThirdParty:1030 - CMSIS Pack Vendor :STMicroelectronics X-CUBE-MEMS1 11.2.0
2026-05-09 23:08:42,377 [INFO] ThirdParty:1030 - CMSIS Pack Vendor :STMicroelectronics X-CUBE-AZRTOS-G0 1.1.0
2026-05-09 23:08:42,377 [INFO] ThirdParty:1030 - CMSIS Pack Vendor :STMicroelectronics X-CUBE-SAFEA1 1.2.2
2026-05-09 23:08:42,377 [INFO] ThirdParty:1030 - CMSIS Pack Vendor :STMicroelectronics X-CUBE-NFC4 3.0.0
2026-05-09 23:08:42,377 [INFO] ThirdParty:1030 - CMSIS Pack Vendor :STMicroelectronics X-CUBE-SUBG2 5.0.0
2026-05-09 23:08:42,377 [INFO] ThirdParty:1030 - CMSIS Pack Vendor :STMicroelectronics X-CUBE-AZRTOS-H7RS 1.1.0
2026-05-09 23:08:42,377 [INFO] ThirdParty:1030 - CMSIS Pack Vendor :STMicroelectronics STM32_WPAN 1.0.0
2026-05-09 23:08:42,377 [INFO] ThirdParty:1030 - CMSIS Pack Vendor :EmbeddedOffice I-CUBE-FS-RTOS 1.0.1
2026-05-09 23:08:42,377 [INFO] ThirdParty:1030 - CMSIS Pack Vendor :STMicroelectronics lwIP 2.0.3
2026-05-09 23:08:42,377 [INFO] ThirdParty:1030 - CMSIS Pack Vendor :Cesanta I-CUBE-Mongoose 7.13.0
2026-05-09 23:08:42,377 [INFO] ThirdParty:1030 - CMSIS Pack Vendor :STMicroelectronics USB_HOST 1.0.0
2026-05-09 23:08:42,377 [INFO] ThirdParty:1030 - CMSIS Pack Vendor :STMicroelectronics X-CUBE-AZRTOS-G4 2.0.0
2026-05-09 23:08:42,377 [INFO] ThirdParty:1030 - CMSIS Pack Vendor :STMicroelectronics X-CUBE-WB05N 2.0.0
2026-05-09 23:08:42,377 [INFO] ThirdParty:1030 - CMSIS Pack Vendor :STMicroelectronics PDM2PCM 3.1.0
2026-05-09 23:08:42,378 [INFO] ThirdParty:1030 - CMSIS Pack Vendor :STMicroelectronics X-CUBE-NFC7 2.0.0
2026-05-09 23:08:42,378 [INFO] ThirdParty:1030 - CMSIS Pack Vendor :RealThread X-CUBE-RT-Thread_Nano 4.1.1
2026-05-09 23:08:42,378 [INFO] ThirdParty:1030 - CMSIS Pack Vendor :wolfSSL I-CUBE-wolfSSL 5.7.0
2026-05-09 23:08:42,378 [INFO] ThirdParty:1030 - CMSIS Pack Vendor :STMicroelectronics FP-ATR-SIGFOX1 3.2.0
2026-05-09 23:08:42,378 [INFO] ThirdParty:1030 - CMSIS Pack Vendor :STMicroelectronics X-CUBE-ISPU 2.0.0
2026-05-09 23:08:42,378 [INFO] ThirdParty:1030 - CMSIS Pack Vendor :STMicroelectronics X-CUBE-EEPRMA1 5.1.0
2026-05-09 23:08:42,378 [INFO] ThirdParty:1030 - CMSIS Pack Vendor :STMicroelectronics MBEDTLS 2.16.2
2026-05-09 23:08:42,378 [INFO] ThirdParty:1030 - CMSIS Pack Vendor :STMicroelectronics X-CUBE-ALS 1.0.2
2026-05-09 23:08:42,378 [INFO] ThirdParty:1030 - CMSIS Pack Vendor :STMicroelectronics X-CUBE-MEMS1 10.0.0
2026-05-09 23:08:42,378 [INFO] ThirdParty:1030 - CMSIS Pack Vendor :STMicroelectronics X-CUBE-FREERTOS 1.1.0
2026-05-09 23:08:42,378 [INFO] ThirdParty:1030 - CMSIS Pack Vendor :STMicroelectronics X-CUBE-TOUCHGFX 4.24.0
2026-05-09 23:08:42,378 [INFO] ThirdParty:1030 - CMSIS Pack Vendor :ITTIA_DB I-CUBE-ITTIADB 8.9.0
2026-05-09 23:08:42,378 [INFO] ThirdParty:1030 - CMSIS Pack Vendor :STMicroelectronics X-CUBE-STSE01 1.0.0
2026-05-09 23:08:42,378 [INFO] ThirdParty:1030 - CMSIS Pack Vendor :portGmbH I-Cube-SoM-uGOAL 1.1.0
2026-05-09 23:08:42,378 [INFO] ThirdParty:1030 - CMSIS Pack Vendor :STMicroelectronics X-CUBE-ALS 1.0.1
2026-05-09 23:08:42,378 [INFO] ThirdParty:1030 - CMSIS Pack Vendor :STMicroelectronics X-CUBE-NFC6 3.2.0
2026-05-09 23:08:42,378 [INFO] ThirdParty:1030 - CMSIS Pack Vendor :STMicroelectronics X-CUBE-AI 10.2.0
2026-05-09 23:08:42,378 [INFO] ThirdParty:1030 - CMSIS Pack Vendor :STMicroelectronics ThreadX 1.0.0
2026-05-09 23:08:42,378 [INFO] ThirdParty:1030 - CMSIS Pack Vendor :STMicroelectronics X-CUBE-MEMS1 12.1.0
2026-05-09 23:08:42,378 [INFO] ThirdParty:1030 - CMSIS Pack Vendor :SEGGER I-CUBE-embOS 1.3.1
2026-05-09 23:08:42,378 [INFO] ThirdParty:1030 - CMSIS Pack Vendor :STMicroelectronics X-CUBE-ALGOBUILD 1.4.0
2026-05-09 23:08:42,378 [INFO] ThirdParty:1030 - CMSIS Pack Vendor :STMicroelectronics X-CUBE-MEMS1 11.3.0
2026-05-09 23:08:42,378 [INFO] ThirdParty:1030 - CMSIS Pack Vendor :STMicroelectronics X-CUBE-AZRTOS-H7RS 1.0.0
2026-05-09 23:08:42,378 [INFO] ThirdParty:1030 - CMSIS Pack Vendor :STMicroelectronics FP-ATR-ASTRA1 2.0.0
2026-05-09 23:08:42,378 [INFO] ThirdParty:1030 - CMSIS Pack Vendor :STMicroelectronics X-CUBE-TOF1 3.4.2
2026-05-09 23:08:42,378 [INFO] ThirdParty:1030 - CMSIS Pack Vendor :STMicroelectronics X-CUBE-TOF1 3.4.1
2026-05-09 23:08:42,378 [INFO] ThirdParty:1030 - CMSIS Pack Vendor :STMicroelectronics X-CUBE-AZRTOS-H7 3.2.0
2026-05-09 23:08:42,378 [INFO] ThirdParty:1030 - CMSIS Pack Vendor :Infineon AIROC-Wi-Fi-Bluetooth-STM32 1.6.0
2026-05-09 23:08:42,378 [INFO] ThirdParty:1030 - CMSIS Pack Vendor :wolfSSL I-CUBE-wolfSSH 1.4.17
2026-05-09 23:08:42,378 [INFO] ThirdParty:841 - exiting critical section [change project]
2026-05-09 23:08:42,463 [INFO] PinOutPanel:1561 - setPackage(No Configuration,No Configuration)
2026-05-09 23:08:42,463 [INFO] PinOutPanel:1561 - setPackage(STM32F446RETx,LQFP64)
2026-05-09 23:08:42,663 [INFO] UtilMem:75 - Before build in PCC Used Memory: 931634864 Bytes (1073741824)
2026-05-09 23:08:42,885 [INFO] UtilMem:75 - After build in PCC Used Memory: 856583168 Bytes (1073741824)
2026-05-09 23:08:42,900 [INFO] IPUIPlugin:80 - create IPUIPlugin
2026-05-09 23:08:42,900 [INFO] IPUIPlugin:80 - create IPUIPlugin
2026-05-09 23:08:42,900 [INFO] IPUIPlugin:80 - create IPUIPlugin
2026-05-09 23:08:42,900 [INFO] IPUIPlugin:80 - create IPUIPlugin
2026-05-09 23:08:42,900 [INFO] IPUIPlugin:80 - create IPUIPlugin
2026-05-09 23:08:42,900 [INFO] IPUIPlugin:80 - create IPUIPlugin
2026-05-09 23:08:42,900 [INFO] IPUIPlugin:80 - create IPUIPlugin
2026-05-09 23:08:42,900 [INFO] IPUIPlugin:80 - create IPUIPlugin
2026-05-09 23:08:42,900 [INFO] IPUIPlugin:80 - create IPUIPlugin
2026-05-09 23:08:42,900 [INFO] IPUIPlugin:80 - create IPUIPlugin
2026-05-09 23:08:42,900 [INFO] IPUIPlugin:80 - create IPUIPlugin
2026-05-09 23:08:42,900 [INFO] IPUIPlugin:80 - create IPUIPlugin
2026-05-09 23:08:42,900 [INFO] IPUIPlugin:80 - create IPUIPlugin
2026-05-09 23:08:42,900 [INFO] IPUIPlugin:80 - create IPUIPlugin
2026-05-09 23:08:42,900 [INFO] IPUIPlugin:80 - create IPUIPlugin
2026-05-09 23:08:42,900 [INFO] IPUIPlugin:80 - create IPUIPlugin
2026-05-09 23:08:42,900 [INFO] IPUIPlugin:80 - create IPUIPlugin
2026-05-09 23:08:42,900 [INFO] IPUIPlugin:80 - create IPUIPlugin
2026-05-09 23:08:42,900 [INFO] IPUIPlugin:80 - create IPUIPlugin
2026-05-09 23:08:42,900 [INFO] IPUIPlugin:80 - create IPUIPlugin
2026-05-09 23:08:42,901 [INFO] IPUIPlugin:80 - create IPUIPlugin
2026-05-09 23:08:42,901 [INFO] IPUIPlugin:80 - create IPUIPlugin
2026-05-09 23:08:42,901 [INFO] IPUIPlugin:80 - create IPUIPlugin
2026-05-09 23:08:42,901 [INFO] IPUIPlugin:80 - create IPUIPlugin
2026-05-09 23:08:42,901 [INFO] IPUIPlugin:80 - create IPUIPlugin
2026-05-09 23:08:42,901 [INFO] IPUIPlugin:80 - create IPUIPlugin
2026-05-09 23:08:42,901 [INFO] IPUIPlugin:80 - create IPUIPlugin
2026-05-09 23:08:42,901 [INFO] IPUIPlugin:80 - create IPUIPlugin
2026-05-09 23:08:42,901 [INFO] IPUIPlugin:80 - create IPUIPlugin
2026-05-09 23:08:42,901 [INFO] IPUIPlugin:80 - create IPUIPlugin
2026-05-09 23:08:42,901 [INFO] IPUIPlugin:80 - create IPUIPlugin
2026-05-09 23:08:42,901 [INFO] IPUIPlugin:80 - create IPUIPlugin
2026-05-09 23:08:42,902 [INFO] IPUIPlugin:80 - create IPUIPlugin
2026-05-09 23:08:42,902 [INFO] IPUIPlugin:80 - create IPUIPlugin
2026-05-09 23:08:42,902 [INFO] IPUIPlugin:80 - create IPUIPlugin
2026-05-09 23:08:42,902 [INFO] IPUIPlugin:80 - create IPUIPlugin
2026-05-09 23:08:42,902 [INFO] IPUIPlugin:80 - create IPUIPlugin
2026-05-09 23:08:42,902 [INFO] IPUIPlugin:80 - create IPUIPlugin
2026-05-09 23:08:42,902 [INFO] IPUIPlugin:80 - create IPUIPlugin
2026-05-09 23:08:42,902 [INFO] IPUIPlugin:80 - create IPUIPlugin
2026-05-09 23:08:42,902 [INFO] IPUIPlugin:80 - create IPUIPlugin
2026-05-09 23:08:42,902 [INFO] IPUIPlugin:80 - create IPUIPlugin
2026-05-09 23:08:42,903 [INFO] IPUIPlugin:80 - create IPUIPlugin
2026-05-09 23:08:42,903 [INFO] IPUIPlugin:80 - create IPUIPlugin
2026-05-09 23:08:42,903 [INFO] IPUIPlugin:80 - create IPUIPlugin
2026-05-09 23:08:42,903 [INFO] IPUIPlugin:80 - create IPUIPlugin
2026-05-09 23:08:42,903 [INFO] IPUIPlugin:80 - create IPUIPlugin
2026-05-09 23:08:42,903 [INFO] IPUIPlugin:80 - create IPUIPlugin
2026-05-09 23:08:42,903 [INFO] IPUIPlugin:80 - create IPUIPlugin
2026-05-09 23:08:42,903 [INFO] IPUIPlugin:80 - create IPUIPlugin
2026-05-09 23:08:42,904 [INFO] IPUIPlugin:80 - create IPUIPlugin
2026-05-09 23:08:42,904 [INFO] IPUIPlugin:80 - create IPUIPlugin
2026-05-09 23:08:42,904 [INFO] IPUIPlugin:80 - create IPUIPlugin
2026-05-09 23:08:42,904 [INFO] IPUIPlugin:80 - create IPUIPlugin
2026-05-09 23:08:42,904 [INFO] IPUIPlugin:80 - create IPUIPlugin
2026-05-09 23:08:42,904 [INFO] IPUIPlugin:80 - create IPUIPlugin
2026-05-09 23:08:42,905 [INFO] IPUIPlugin:80 - create IPUIPlugin
2026-05-09 23:08:42,905 [INFO] IPUIPlugin:80 - create IPUIPlugin
2026-05-09 23:08:42,905 [INFO] IPUIPlugin:80 - create IPUIPlugin
2026-05-09 23:08:42,906 [INFO] IPUIPlugin:80 - create IPUIPlugin
2026-05-09 23:08:42,910 [INFO] ApiDbMcu:508 - Load IP Config File for PDM2PCM
2026-05-09 23:08:42,958 [INFO] CADModel:165 - CPN selected for project levelSTM32F446RET6
2026-05-09 23:08:42,958 [INFO] CADModel:114 - Register for checkConnection events
2026-05-09 23:08:43,005 [INFO] OpenFileManager:343 - Restore cursor
2026-05-09 23:08:48,635 [INFO] ADCParametersView:116 -                Rank 1 : false
2026-05-09 23:08:48,666 [INFO] ADCParametersView:116 -                Rank 1 : false
2026-05-09 23:08:48,666 [INFO] ADCParametersView:116 -                Rank 1 : false
2026-05-09 23:08:48,666 [INFO] ADCParametersView:116 -                Rank 1 : false
2026-05-09 23:08:48,666 [INFO] ADCParametersView:116 -                Rank 1 : false
2026-05-09 23:08:48,666 [INFO] ADCParametersView:116 -                Rank 1 : false
2026-05-09 23:08:48,666 [INFO] ADCParametersView:116 -                Rank 1 : false
2026-05-09 23:08:48,666 [INFO] ADCParametersView:116 -                Rank 1 : false
2026-05-09 23:08:48,666 [INFO] ADCParametersView:116 -                Rank 1 : false
2026-05-09 23:08:48,666 [INFO] ADCParametersView:116 -                Rank 1 : false
2026-05-09 23:08:48,666 [INFO] ADCParametersView:116 -                Rank 1 : false
2026-05-09 23:08:48,666 [INFO] ADCParametersView:116 -                Rank 1 : false
2026-05-09 23:08:48,666 [INFO] ADCParametersView:116 -                Rank 1 : false
2026-05-09 23:08:48,666 [INFO] ADCParametersView:116 -                Rank 1 : false
2026-05-09 23:08:48,666 [INFO] ADCParametersView:116 -                Rank 1 : false
2026-05-09 23:08:48,692 [INFO] ADCParametersView:116 -                Rank 1 : false
2026-05-09 23:09:05,132 [INFO] NvicIntPanel:101 - NVIC parent = com.st.microxplorer.plugins.ip.nvic.MultiNvicIntPanel[,0,0,0x0,invalid,layout=javax.swing.BoxLayout,alignmentX=0.0,alignmentY=0.0,border=,flags=9,maximumSize=,minimumSize=,preferredSize=]
2026-05-09 23:09:05,170 [INFO] ADCParametersView:116 -                Rank 1 : false
2026-05-09 23:09:05,172 [INFO] ADCParametersView:116 -                Rank 1 : false
2026-05-09 23:09:05,172 [INFO] ADCParametersView:116 -                Rank 1 : false
2026-05-09 23:09:05,172 [INFO] ADCParametersView:116 -                Rank 1 : false
2026-05-09 23:09:05,172 [INFO] ADCParametersView:116 -                Rank 1 : false
2026-05-09 23:09:05,172 [INFO] ADCParametersView:116 -                Rank 1 : false
2026-05-09 23:09:05,172 [INFO] ADCParametersView:116 -                Rank 1 : false
2026-05-09 23:09:05,172 [INFO] ADCParametersView:116 -                Rank 1 : false
2026-05-09 23:09:05,172 [INFO] ADCParametersView:116 -                Rank 1 : false
2026-05-09 23:09:05,172 [INFO] ADCParametersView:116 -                Rank 1 : false
2026-05-09 23:09:05,172 [INFO] ADCParametersView:116 -                Rank 1 : false
2026-05-09 23:09:05,172 [INFO] ADCParametersView:116 -                Rank 1 : false
2026-05-09 23:09:05,172 [INFO] ADCParametersView:116 -                Rank 1 : false
2026-05-09 23:09:05,172 [INFO] ADCParametersView:116 -                Rank 1 : false
2026-05-09 23:09:05,198 [INFO] ADCParametersView:116 -                Rank 1 : false
2026-05-09 23:09:06,716 [INFO] NvicIntPanel:101 - NVIC parent = com.st.microxplorer.plugins.ip.nvic.MultiNvicIntPanel[,0,0,0x0,invalid,layout=javax.swing.BoxLayout,alignmentX=0.0,alignmentY=0.0,border=,flags=9,maximumSize=,minimumSize=,preferredSize=]
2026-05-09 23:09:06,755 [INFO] ADCParametersView:116 -                Rank 1 : false
2026-05-09 23:09:06,757 [INFO] ADCParametersView:116 -                Rank 1 : false
2026-05-09 23:09:06,757 [INFO] ADCParametersView:116 -                Rank 1 : false
2026-05-09 23:09:06,757 [INFO] ADCParametersView:116 -                Rank 1 : false
2026-05-09 23:09:06,757 [INFO] ADCParametersView:116 -                Rank 1 : false
2026-05-09 23:09:06,757 [INFO] ADCParametersView:116 -                Rank 1 : false
2026-05-09 23:09:06,757 [INFO] ADCParametersView:116 -                Rank 1 : false
2026-05-09 23:09:06,757 [INFO] ADCParametersView:116 -                Rank 1 : false
2026-05-09 23:09:06,757 [INFO] ADCParametersView:116 -                Rank 1 : false
2026-05-09 23:09:06,757 [INFO] ADCParametersView:116 -                Rank 1 : false
2026-05-09 23:09:06,758 [INFO] ADCParametersView:116 -                Rank 1 : false
2026-05-09 23:09:06,758 [INFO] ADCParametersView:116 -                Rank 1 : false
2026-05-09 23:09:06,758 [INFO] ADCParametersView:116 -                Rank 1 : false
2026-05-09 23:09:06,758 [INFO] ADCParametersView:116 -                Rank 1 : false
2026-05-09 23:09:06,779 [INFO] ADCParametersView:116 -                Rank 1 : false
2026-05-09 23:09:18,562 [INFO] ADCParametersView:116 -                Rank 1 : false
2026-05-09 23:09:18,563 [INFO] ADCParametersView:116 -                Rank 1 : false
2026-05-09 23:09:18,563 [INFO] ADCParametersView:116 -                Rank 1 : false
2026-05-09 23:09:18,563 [INFO] ADCParametersView:116 -                Rank 1 : false
2026-05-09 23:09:18,564 [INFO] ADCParametersView:116 -                Rank 1 : false
2026-05-09 23:09:18,564 [INFO] ADCParametersView:116 -                Rank 1 : false
2026-05-09 23:09:18,564 [INFO] ADCParametersView:116 -                Rank 1 : false
2026-05-09 23:09:18,564 [INFO] ADCParametersView:116 -                Rank 1 : false
2026-05-09 23:09:18,564 [INFO] ADCParametersView:116 -                Rank 1 : false
2026-05-09 23:09:18,564 [INFO] ADCParametersView:116 -                Rank 1 : false
2026-05-09 23:09:18,564 [INFO] ADCParametersView:116 -                Rank 1 : false
2026-05-09 23:09:18,564 [INFO] ADCParametersView:116 -                Rank 1 : false
2026-05-09 23:09:18,564 [INFO] ADCParametersView:116 -                Rank 1 : false
2026-05-09 23:09:18,564 [INFO] ADCParametersView:116 -                Rank 1 : false
2026-05-09 23:09:18,586 [INFO] ADCParametersView:116 -                Rank 1 : false
2026-05-09 23:09:18,587 [INFO] ADCParametersView:116 -                Rank 1 : false
2026-05-09 23:09:18,588 [INFO] ADCParametersView:116 -                Rank 1 : false
2026-05-09 23:09:18,588 [INFO] ADCParametersView:116 -                Rank 1 : false
2026-05-09 23:09:18,588 [INFO] ADCParametersView:116 -                Rank 1 : false
2026-05-09 23:09:18,588 [INFO] ADCParametersView:116 -                Rank 1 : false
2026-05-09 23:09:18,588 [INFO] ADCParametersView:116 -                Rank 1 : false
2026-05-09 23:09:18,588 [INFO] ADCParametersView:116 -                Rank 1 : false
2026-05-09 23:09:18,588 [INFO] ADCParametersView:116 -                Rank 1 : false
2026-05-09 23:09:18,588 [INFO] ADCParametersView:116 -                Rank 1 : false
2026-05-09 23:09:18,588 [INFO] ADCParametersView:116 -                Rank 1 : false
2026-05-09 23:09:18,588 [INFO] ADCParametersView:116 -                Rank 1 : false
2026-05-09 23:09:18,588 [INFO] ADCParametersView:116 -                Rank 1 : false
2026-05-09 23:09:18,588 [INFO] ADCParametersView:116 -                Rank 1 : false
2026-05-09 23:09:18,588 [INFO] ADCParametersView:116 -                Rank 1 : false
2026-05-09 23:09:18,631 [INFO] ADCParametersView:116 -                Rank 1 : false
2026-05-09 23:09:18,632 [INFO] ADCParametersView:116 -                Rank 1 : false
2026-05-09 23:09:18,632 [INFO] ADCParametersView:116 -                Rank 1 : false
2026-05-09 23:09:18,632 [INFO] ADCParametersView:116 -                Rank 1 : false
2026-05-09 23:09:18,632 [INFO] ADCParametersView:116 -                Rank 1 : false
2026-05-09 23:09:18,633 [INFO] ADCParametersView:116 -                Rank 1 : false
2026-05-09 23:09:18,633 [INFO] ADCParametersView:116 -                Rank 1 : false
2026-05-09 23:09:18,633 [INFO] ADCParametersView:116 -                Rank 1 : false
2026-05-09 23:09:18,633 [INFO] ADCParametersView:116 -                Rank 1 : false
2026-05-09 23:09:18,633 [INFO] ADCParametersView:116 -                Rank 1 : false
2026-05-09 23:09:18,633 [INFO] ADCParametersView:116 -                Rank 1 : false
2026-05-09 23:09:18,633 [INFO] ADCParametersView:116 -                Rank 1 : false
2026-05-09 23:09:18,633 [INFO] ADCParametersView:116 -                Rank 1 : false
2026-05-09 23:09:18,633 [INFO] ADCParametersView:116 -                Rank 1 : false
2026-05-09 23:09:18,633 [INFO] ADCParametersView:116 -                Rank 1 : false
2026-05-09 23:09:18,667 [INFO] ADCParametersView:116 -                Rank 1 : false
2026-05-09 23:09:20,134 [INFO] ADCParametersView:116 -                Rank 1 : false
2026-05-09 23:09:30,558 [INFO] MainUpdater:2873 - connection check result : 10
2026-05-09 23:09:30,558 [INFO] MainUpdater:2873 - connection check result : 10
2026-05-09 23:09:30,568 [INFO] MicroXplorer:468 - Change Database Path : 
2026-05-09 23:09:30,568 [INFO] MicroXplorer:498 - Change Database Version : DB.6.0.110
2026-05-09 23:09:30,571 [ERROR] ProjectManagerView:394 - 
java.lang.NullPointerException: Cannot invoke "javax.swing.JTextField.getText()" because the return value of "java.util.List.get(int)" is null
	at com.st.microxplorer.plugins.projectmanager.gui.ProjectChoiceTab$10.caretUpdate(ProjectChoiceTab.java:2504) ~[filemanager.jar:?]
	at javax.swing.text.JTextComponent.fireCaretUpdate(JTextComponent.java:412) ~[?:?]
	at javax.swing.text.JTextComponent$MutableCaretEvent.fire(JTextComponent.java:4491) ~[?:?]
	at javax.swing.text.JTextComponent$MutableCaretEvent.stateChanged(JTextComponent.java:4513) ~[?:?]
	at javax.swing.text.DefaultCaret.fireStateChanged(DefaultCaret.java:842) ~[?:?]
	at javax.swing.text.DefaultCaret.changeCaretPosition(DefaultCaret.java:1313) ~[?:?]
	at javax.swing.text.DefaultCaret.handleSetDot(DefaultCaret.java:1212) ~[?:?]
	at javax.swing.text.DefaultCaret.setDot(DefaultCaret.java:1193) ~[?:?]
	at javax.swing.text.DefaultCaret$Handler.insertUpdate(DefaultCaret.java:1789) ~[?:?]
	at javax.swing.text.AbstractDocument.fireInsertUpdate(AbstractDocument.java:226) ~[?:?]
	at javax.swing.text.AbstractDocument.handleInsertString(AbstractDocument.java:780) ~[?:?]
	at javax.swing.text.AbstractDocument.insertString(AbstractDocument.java:739) ~[?:?]
	at javax.swing.text.PlainDocument.insertString(PlainDocument.java:131) ~[?:?]
	at javax.swing.text.AbstractDocument.replace(AbstractDocument.java:698) ~[?:?]
	at javax.swing.text.JTextComponent.setText(JTextComponent.java:1729) ~[?:?]
	at com.st.microxplorer.plugins.projectmanager.gui.ProjectChoiceTab.createHeapStackFields(ProjectChoiceTab.java:944) ~[filemanager.jar:?]
	at com.st.microxplorer.plugins.projectmanager.gui.ProjectChoiceTab.buildLinkSettingsPanel(ProjectChoiceTab.java:3475) ~[filemanager.jar:?]
	at com.st.microxplorer.plugins.projectmanager.gui.ProjectChoiceTab.defineWindowsFields(ProjectChoiceTab.java:1816) ~[filemanager.jar:?]
	at com.st.microxplorer.plugins.projectmanager.gui.ProjectChoiceTab.updateSettings(ProjectChoiceTab.java:544) ~[filemanager.jar:?]
	at com.st.microxplorer.plugins.projectmanager.gui.ProjectSettingsPanel.UpdateDialog(ProjectSettingsPanel.java:245) ~[filemanager.jar:?]
	at com.st.microxplorer.plugins.projectmanager.ProjectManagerView.propertyChange(ProjectManagerView.java:391) ~[filemanager.jar:?]
	at java.beans.PropertyChangeSupport.fire(PropertyChangeSupport.java:343) ~[?:?]
	at java.beans.PropertyChangeSupport.firePropertyChange(PropertyChangeSupport.java:335) ~[?:?]
	at java.beans.PropertyChangeSupport.firePropertyChange(PropertyChangeSupport.java:268) ~[?:?]
	at com.st.microxplorer.util.MXPropertyChangeSupport.firePropertyChange(MXPropertyChangeSupport.java:54) ~[STM32CubeMX.jar:?]
	at com.st.microxplorer.mxsystem.MxSystem.closeConfig(MxSystem.java:900) ~[STM32CubeMX.jar:?]
	at com.st.microxplorer.maingui.MainPanel.closeConfig(MainPanel.java:776) ~[STM32CubeMX.jar:?]
	at com.st.microxplorer.plugins.filemanager.engine.OpenFileManager.loadConfigurationFile(OpenFileManager.java:245) ~[filemanager.jar:?]
	at com.st.microxplorer.plugins.filemanager.engine.MainFileManager.userLoadConfig(MainFileManager.java:315) ~[filemanager.jar:?]
	at com.st.microxplorer.plugins.filemanager.engine.MainFileManager.userLoadConfig(MainFileManager.java:293) ~[filemanager.jar:?]
	at com.st.microxplorer.plugins.filemanager.FileManagerView.getSpecificTask(FileManagerView.java:247) ~[filemanager.jar:?]
	at com.st.stm32cube.common.mx.editor.CubeMxEditor.getMxTabbedPaneInstance(CubeMxEditor.java:1198) ~[com.st.stm32cube.common.mx_6.11.0.202403141607/:?]
	at com.st.stm32cube.common.mx.editor.CubeMxEditor$12$1.createSwingComponent(CubeMxEditor.java:1068) ~[com.st.stm32cube.common.mx_6.11.0.202403141607/:?]
	at com.st.stm32cube.common.mx.oss.core.awtswtbridge.EmbeddedSwingComposite.doComponentCreation(EmbeddedSwingComposite.java:492) ~[com.st.stm32cube.common.mx.oss_6.11.0.202403141607/:?]
	at com.st.stm32cube.common.mx.oss.core.awtswtbridge.EmbeddedSwingComposite$4.run(EmbeddedSwingComposite.java:291) ~[com.st.stm32cube.common.mx.oss_6.11.0.202403141607/:?]
	at com.st.stm32cube.common.mx.oss.core.awtswtbridge.AwtEnvironment$2.run(AwtEnvironment.java:166) ~[com.st.stm32cube.common.mx.oss_6.11.0.202403141607/:?]
	at java.awt.event.InvocationEvent.dispatch(InvocationEvent.java:318) ~[?:?]
	at java.awt.EventQueue.dispatchEventImpl(EventQueue.java:773) ~[?:?]
	at java.awt.EventQueue$4.run(EventQueue.java:720) ~[?:?]
	at java.awt.EventQueue$4.run(EventQueue.java:714) ~[?:?]
	at java.security.AccessController.doPrivileged(AccessController.java:399) ~[?:?]
	at java.security.ProtectionDomain$JavaSecurityAccessImpl.doIntersectionPrivilege(ProtectionDomain.java:86) ~[?:?]
	at java.awt.EventQueue.dispatchEvent(EventQueue.java:742) ~[?:?]
	at java.awt.EventDispatchThread.pumpOneEventForFilters(EventDispatchThread.java:203) ~[?:?]
	at java.awt.EventDispatchThread.pumpEventsForFilter(EventDispatchThread.java:124) ~[?:?]
	at java.awt.EventDispatchThread.pumpEventsForHierarchy(EventDispatchThread.java:113) ~[?:?]
	at java.awt.EventDispatchThread.pumpEvents(EventDispatchThread.java:109) ~[?:?]
	at java.awt.EventDispatchThread.pumpEvents(EventDispatchThread.java:101) ~[?:?]
	at java.awt.EventDispatchThread.run(EventDispatchThread.java:90) ~[?:?]
2026-05-09 23:09:30,572 [WARN] ThirdParty:871 - waiting for thirdparty lock release [close project]
2026-05-09 23:09:30,572 [INFO] ThirdParty:873 - entering critical section [close project]
2026-05-09 23:09:30,572 [INFO] ThirdParty:883 - exiting critical section [close project]
2026-05-09 23:09:30,572 [INFO] PinOutPanel:1561 - setPackage(No Configuration,No Configuration)
2026-05-09 23:09:30,575 [WARN] IpParametersView:151 - Warning: This peripheral hasn't parameters
2026-05-09 23:09:30,577 [WARN] MainPanel:272 - <html><b><center>Warning: This peripheral has no parameters to be configured<br></b></html>
2026-05-09 23:09:30,578 [INFO] UtilMem:75 - Begin LoadConfig() Used Memory: 938273128 Bytes (1073741824)
2026-05-09 23:09:30,579 [INFO] MicroXplorer:468 - Change Database Path : 
2026-05-09 23:09:30,579 [INFO] MicroXplorer:498 - Change Database Version : DB.6.0.110
2026-05-09 23:09:30,579 [INFO] OpenFileManager:312 - Change cursor
2026-05-09 23:09:30,585 [INFO] Mcu:2021 - Initializing MCU STM32F446R(C-E)Tx STM32F446RETx STM32F446RET6
2026-05-09 23:09:31,503 [INFO] Context:663 - Trying to add GPIOservice into a context  which must be forbidden
2026-05-09 23:09:31,722 [INFO] RtosManager:555 - Registered RTOS mode: class=CMSIS, group=RTOS, mode=CMSIS_V1, owner=FREERTOS
2026-05-09 23:09:31,722 [INFO] RtosManager:555 - Registered RTOS mode: class=CMSIS, group=RTOS2, mode=CMSIS_V2, owner=FREERTOS
2026-05-09 23:09:31,722 [INFO] RtosManager:555 - Registered RTOS mode: class=RTOS, group=Core, mode=CMSIS_V1, owner=FREERTOS
2026-05-09 23:09:31,722 [INFO] RtosManager:555 - Registered RTOS mode: class=RTOS, group=Core, mode=CMSIS_V2, owner=FREERTOS
2026-05-09 23:09:31,722 [WARN] ModelIntegratedComponent:184 - Missing modes for component STMicroelectronics:FreeRTOS:0.0.1:STMicroelectronics:RTOS:FreeRTOS:Core:::10.2.0:
2026-05-09 23:09:31,726 [WARN] ModelIntegratedComponent:63 - No mode defined for component null
2026-05-09 23:09:31,726 [WARN] ModelIntegratedComponent:63 - No mode defined for component null
2026-05-09 23:09:31,726 [WARN] ModelIntegratedComponent:63 - No mode defined for component null
2026-05-09 23:09:31,726 [WARN] ModelIntegratedComponent:63 - No mode defined for component null
2026-05-09 23:09:31,726 [WARN] ModelIntegratedComponent:63 - No mode defined for component null
2026-05-09 23:09:31,726 [WARN] ModelIntegratedComponent:63 - No mode defined for component null
2026-05-09 23:09:31,726 [WARN] ModelIntegratedComponent:63 - No mode defined for component null
2026-05-09 23:09:31,726 [WARN] ModelIntegratedComponent:63 - No mode defined for component null
2026-05-09 23:09:31,726 [WARN] ModelIntegratedComponent:63 - No mode defined for component null
2026-05-09 23:09:31,726 [WARN] ModelIntegratedComponent:63 - No mode defined for component null
2026-05-09 23:09:31,726 [WARN] ModelIntegratedComponent:63 - No mode defined for component null
2026-05-09 23:09:31,726 [WARN] ModelIntegratedComponent:63 - No mode defined for component null
2026-05-09 23:09:31,726 [WARN] ModelIntegratedComponent:63 - No mode defined for component null
2026-05-09 23:09:31,726 [WARN] ModelIntegratedComponent:63 - No mode defined for component null
2026-05-09 23:09:31,726 [WARN] ModelIntegratedComponent:63 - No mode defined for component null
2026-05-09 23:09:31,726 [WARN] ModelIntegratedComponent:63 - No mode defined for component null
2026-05-09 23:09:31,726 [WARN] ModelIntegratedComponent:63 - No mode defined for component null
2026-05-09 23:09:31,726 [WARN] ModelIntegratedComponent:63 - No mode defined for component null
2026-05-09 23:09:31,726 [WARN] ModelIntegratedComponent:63 - No mode defined for component null
2026-05-09 23:09:31,726 [WARN] ModelIntegratedComponent:63 - No mode defined for component null
2026-05-09 23:09:31,726 [WARN] ModelIntegratedComponent:63 - No mode defined for component null
2026-05-09 23:09:31,727 [WARN] ModelIntegratedComponent:63 - No mode defined for component null
2026-05-09 23:09:31,727 [WARN] ModelIntegratedComponent:63 - No mode defined for component null
2026-05-09 23:09:31,727 [WARN] ModelIntegratedComponent:63 - No mode defined for component null
2026-05-09 23:09:31,727 [WARN] ModelIntegratedComponent:63 - No mode defined for component null
2026-05-09 23:09:31,727 [WARN] ModelIntegratedComponent:63 - No mode defined for component null
2026-05-09 23:09:31,727 [WARN] ModelIntegratedComponent:63 - No mode defined for component null
2026-05-09 23:09:31,727 [WARN] ModelIntegratedComponent:63 - No mode defined for component null
2026-05-09 23:09:31,727 [WARN] ModelIntegratedComponent:63 - No mode defined for component null
2026-05-09 23:09:31,727 [WARN] ModelIntegratedComponent:63 - No mode defined for component null
2026-05-09 23:09:31,727 [WARN] ModelIntegratedComponent:63 - No mode defined for component null
2026-05-09 23:09:31,727 [WARN] ModelIntegratedComponent:63 - No mode defined for component null
2026-05-09 23:09:31,727 [WARN] ModelIntegratedComponent:63 - No mode defined for component null
2026-05-09 23:09:31,727 [WARN] ModelIntegratedComponent:63 - No mode defined for component null
2026-05-09 23:09:32,019 [INFO] ThirdPartyModel:298 - Start build external matchings
2026-05-09 23:09:33,645 [INFO] ThirdPartyModel:316 - End build external matchings
2026-05-09 23:09:33,662 [INFO] ImportTextPane:194 - (OptionalMessage_ERROR) IP (RCC) : Invalid parameter (48MHZClocksFreq_Value)
2026-05-09 23:09:33,662 [INFO] ImportTextPane:194 - (OptionalMessage_ERROR) IP (RCC) : Invalid parameter (EthernetFreq_Value)
2026-05-09 23:09:33,663 [INFO] ImportTextPane:194 - (OptionalMessage_ERROR) IP (RCC) : Parameter (FLatency) has Id (AdvancedSettings) currently not set
2026-05-09 23:09:33,663 [INFO] ImportTextPane:194 - (OptionalMessage_ERROR) IP (RCC) : Invalid parameter (FamilyName)
2026-05-09 23:09:33,663 [INFO] ImportTextPane:194 - (OptionalMessage_ERROR) IP (RCC) : Invalid parameter (I2SClocksFreq_Value)
2026-05-09 23:09:33,663 [INFO] ImportTextPane:194 - (OptionalMessage_ERROR) IP (RCC) : Parameter (MCO2PinFreq_Value) has invalid value (180000000)
2026-05-09 23:09:33,663 [INFO] ImportTextPane:194 - (OptionalMessage_ERROR) IP (RCC) : Parameter (SDIOFreq_Value) has invalid value (180000000)
2026-05-09 23:09:33,663 [INFO] ImportTextPane:194 - (OptionalMessage_ERROR) IP (RCC) : Parameter (USBFreq_Value) has invalid value (180000000)
2026-05-09 23:09:33,663 [INFO] ImportTextPane:194 - (OptionalMessage_ERROR) IP (RCC) : Invalid parameter (VCOInputMFreq_Value)
2026-05-09 23:09:33,663 [INFO] ImportTextPane:194 - (OptionalMessage_ERROR) IP (RCC) : Invalid parameter (VcooutputI2S)
2026-05-09 23:09:33,922 [INFO] UtilMem:75 - End LoadConfig() Used Memory: 844923888 Bytes (1073741824)
2026-05-09 23:09:33,976 [WARN] ThirdParty:833 - waiting for thirdparty lock release [change project]
2026-05-09 23:09:33,976 [INFO] ThirdParty:835 - entering critical section [change project]
2026-05-09 23:09:33,976 [INFO] ThirdParty:1030 - CMSIS Pack Vendor :STMicroelectronics X-CUBE-AZRTOS-H7 3.5.0
2026-05-09 23:09:33,976 [INFO] ThirdParty:1030 - CMSIS Pack Vendor :STMicroelectronics X-CUBE-PM33A1 1.0.0
2026-05-09 23:09:33,976 [INFO] ThirdParty:1030 - CMSIS Pack Vendor :STMicroelectronics USBPD 4.1
2026-05-09 23:09:33,976 [INFO] ThirdParty:1030 - CMSIS Pack Vendor :STMicroelectronics X-CUBE-GNSS1 6.0.0
2026-05-09 23:09:33,976 [INFO] ThirdParty:1030 - CMSIS Pack Vendor :STMicroelectronics USB_HOST 2.0.0
2026-05-09 23:09:33,977 [INFO] ThirdParty:1030 - CMSIS Pack Vendor :STMicroelectronics FP-SNS-MOTENVWB1 1.4.0
2026-05-09 23:09:33,977 [INFO] ThirdParty:1030 - CMSIS Pack Vendor :STMicroelectronics X-CUBE-AZRTOS-F4 1.1.0
2026-05-09 23:09:33,977 [INFO] ThirdParty:1030 - CMSIS Pack Vendor :STMicroelectronics LIBJPEG 8.0.0
2026-05-09 23:09:33,977 [INFO] ThirdParty:1030 - CMSIS Pack Vendor :STMicroelectronics FP-ATR-ASTRA1 2.0.2
2026-05-09 23:09:33,977 [INFO] ThirdParty:1030 - CMSIS Pack Vendor :STMicroelectronics X-CUBE-SMBUS 2.1.0
2026-05-09 23:09:33,977 [INFO] ThirdParty:1030 - CMSIS Pack Vendor :STMicroelectronics X-CUBE-ISPU 2.1.0
2026-05-09 23:09:33,977 [INFO] ThirdParty:1030 - CMSIS Pack Vendor :STMicroelectronics X-CUBE-FREERTOS 1.2.0
2026-05-09 23:09:33,977 [INFO] ThirdParty:1030 - CMSIS Pack Vendor :STMicroelectronics X-CUBE-NFC12 1.0.0
2026-05-09 23:09:33,977 [INFO] ThirdParty:1030 - CMSIS Pack Vendor :STMicroelectronics X-CUBE-TOUCHGFX 4.23.2
2026-05-09 23:09:33,977 [INFO] ThirdParty:1030 - CMSIS Pack Vendor :STMicroelectronics X-CUBE-AZRTOS-F7 1.1.0
2026-05-09 23:09:33,977 [INFO] ThirdParty:1030 - CMSIS Pack Vendor :STMicroelectronics X-CUBE-AZRTOS-L5 2.0.0
2026-05-09 23:09:33,977 [INFO] ThirdParty:1030 - CMSIS Pack Vendor :STMicroelectronics USB_DEVICE 2.0.0
2026-05-09 23:09:33,977 [INFO] ThirdParty:1030 - CMSIS Pack Vendor :STMicroelectronics X-CUBE-NFC6 3.1.0
2026-05-09 23:09:33,977 [INFO] ThirdParty:1030 - CMSIS Pack Vendor :STMicroelectronics FreeRTOS 0.0.1
2026-05-09 23:09:33,977 [INFO] ThirdParty:1030 - CMSIS Pack Vendor :STMicroelectronics X-CUBE-DPower 1.2.0
2026-05-09 23:09:33,977 [INFO] ThirdParty:1030 - CMSIS Pack Vendor :STMicroelectronics FP-SNS-FLIGHT1 5.0.2
2026-05-09 23:09:33,977 [INFO] ThirdParty:1030 - CMSIS Pack Vendor :STMicroelectronics X-CUBE-AI 9.0.0
2026-05-09 23:09:33,977 [INFO] ThirdParty:1030 - CMSIS Pack Vendor :STMicroelectronics PDM2PCM 3.3.0
2026-05-09 23:09:33,977 [INFO] ThirdParty:1030 - CMSIS Pack Vendor :STMicroelectronics X-CUBE-AZRTOS-H7 3.4.0
2026-05-09 23:09:33,977 [INFO] ThirdParty:1030 - CMSIS Pack Vendor :STMicroelectronics X-CUBE-DISPLAY 3.0.0
2026-05-09 23:09:33,977 [INFO] ThirdParty:1030 - CMSIS Pack Vendor :STMicroelectronics X-CUBE-GNSS1 7.1.1
2026-05-09 23:09:33,977 [INFO] ThirdParty:1030 - CMSIS Pack Vendor :STMicroelectronics X-CUBE-BLE1 7.0.0
2026-05-09 23:09:33,977 [INFO] ThirdParty:1030 - CMSIS Pack Vendor :STMicroelectronics X-CUBE-NFC10 1.0.0
2026-05-09 23:09:33,977 [INFO] ThirdParty:1030 - CMSIS Pack Vendor :STMicroelectronics X-CUBE-BLEMGR 4.0.0
2026-05-09 23:09:33,977 [INFO] ThirdParty:1030 - CMSIS Pack Vendor :STMicroelectronics X-CUBE-FREERTOS 1.3.1
2026-05-09 23:09:33,977 [INFO] ThirdParty:1030 - CMSIS Pack Vendor :STMicroelectronics HAL Drivers 0.0.0
2026-05-09 23:09:33,977 [INFO] ThirdParty:1030 - CMSIS Pack Vendor :emotas I-CUBE-CANOPEN 1.3.0
2026-05-09 23:09:33,977 [INFO] ThirdParty:1030 - CMSIS Pack Vendor :STMicroelectronics X-CUBE-NFC7 1.0.1
2026-05-09 23:09:33,977 [INFO] ThirdParty:1030 - CMSIS Pack Vendor :STMicroelectronics MBEDTLS 2.14.1
2026-05-09 23:09:33,977 [INFO] ThirdParty:1030 - CMSIS Pack Vendor :STMicroelectronics X-CUBE-GNSS1 7.1.0
2026-05-09 23:09:33,977 [INFO] ThirdParty:1030 - CMSIS Pack Vendor :wolfSSL I-CUBE-wolfTPM 3.2.0
2026-05-09 23:09:33,977 [INFO] ThirdParty:1030 - CMSIS Pack Vendor :STMicroelectronics X-CUBE-TOUCHGFX 4.26.0
2026-05-09 23:09:33,977 [INFO] ThirdParty:1030 - CMSIS Pack Vendor :STMicroelectronics X-CUBE-TOUCHGFX 4.26.1
2026-05-09 23:09:33,977 [INFO] ThirdParty:1030 - CMSIS Pack Vendor :quantropi X-CUBE-qispace-sdk-base 2.0.0
2026-05-09 23:09:33,977 [INFO] ThirdParty:1030 - CMSIS Pack Vendor :STMicroelectronics X-CUBE-BLEMGR 3.1.0
2026-05-09 23:09:33,977 [INFO] ThirdParty:1030 - CMSIS Pack Vendor :STMicroelectronics X-CUBE-AI 10.0.0
2026-05-09 23:09:33,977 [INFO] ThirdParty:1030 - CMSIS Pack Vendor :STMicroelectronics FP-SNS-SMARTAG2 1.2.0
2026-05-09 23:09:33,977 [INFO] ThirdParty:1030 - CMSIS Pack Vendor :STMicroelectronics X-CUBE-AZRTOS-WL 2.0.0
2026-05-09 23:09:33,977 [INFO] ThirdParty:1030 - CMSIS Pack Vendor :STMicroelectronics X-CUBE-DPower 1.3.0
2026-05-09 23:09:33,977 [INFO] ThirdParty:1030 - CMSIS Pack Vendor :STMicroelectronics FP-SNS-MOTENV1 5.0.0
2026-05-09 23:09:33,977 [INFO] ThirdParty:1030 - CMSIS Pack Vendor :STMicroelectronics USB_DEVICE 1.0.0
2026-05-09 23:09:33,977 [INFO] ThirdParty:1030 - CMSIS Pack Vendor :STMicroelectronics X-CUBE-AZRTOS-H7RS 1.2.0
2026-05-09 23:09:33,977 [INFO] ThirdParty:1030 - CMSIS Pack Vendor :wolfSSL I-CUBE-wolfMQTT 1.19.0
2026-05-09 23:09:33,977 [INFO] ThirdParty:1030 - CMSIS Pack Vendor :STMicroelectronics X-CUBE-AZRTOS-L4 2.0.0
2026-05-09 23:09:33,977 [INFO] ThirdParty:1030 - CMSIS Pack Vendor :STMicroelectronics ThreadX 0.0.2
2026-05-09 23:09:33,977 [INFO] ThirdParty:1030 - CMSIS Pack Vendor :WES I-CUBE-Cesium 1.3.0
2026-05-09 23:09:33,977 [INFO] ThirdParty:1030 - CMSIS Pack Vendor :STMicroelectronics lwIP 2.1.2
2026-05-09 23:09:33,977 [INFO] ThirdParty:1030 - CMSIS Pack Vendor :STMicroelectronics X-CUBE-SFXS2LP1 4.0.0
2026-05-09 23:09:33,977 [INFO] ThirdParty:1030 - CMSIS Pack Vendor :STMicroelectronics X-CUBE-BLE2 3.3.0
2026-05-09 23:09:33,977 [INFO] ThirdParty:1030 - CMSIS Pack Vendor :STMicroelectronics PDM2PCM 3.2.0
2026-05-09 23:09:33,977 [INFO] ThirdParty:1030 - CMSIS Pack Vendor :STMicroelectronics X-CUBE-WB05N 2.1.0
2026-05-09 23:09:33,977 [INFO] ThirdParty:1030 - CMSIS Pack Vendor :STMicroelectronics X-CUBE-AZRTOS-H7 3.3.0
2026-05-09 23:09:33,977 [INFO] ThirdParty:1030 - CMSIS Pack Vendor :STMicroelectronics X-CUBE-NFC9 1.0.0
2026-05-09 23:09:33,977 [INFO] ThirdParty:1030 - CMSIS Pack Vendor :STMicroelectronics X-CUBE-BLE1 7.1.0
2026-05-09 23:09:33,977 [INFO] ThirdParty:1030 - CMSIS Pack Vendor :STMicroelectronics USB_DEVICE 3.0.0
2026-05-09 23:09:33,977 [INFO] ThirdParty:1030 - CMSIS Pack Vendor :STMicroelectronics X-CUBE-TCPP 4.1.0
2026-05-09 23:09:33,977 [INFO] ThirdParty:1030 - CMSIS Pack Vendor :STMicroelectronics X-CUBE-EEPRMA1 5.2.0
2026-05-09 23:09:33,977 [INFO] ThirdParty:1030 - CMSIS Pack Vendor :STMicroelectronics X-CUBE-AZRTOS-WB 2.0.0
2026-05-09 23:09:33,977 [INFO] ThirdParty:1030 - CMSIS Pack Vendor :STMicroelectronics X-CUBE-GNSS1 7.0.1
2026-05-09 23:09:33,977 [INFO] ThirdParty:1030 - CMSIS Pack Vendor :STMicroelectronics X-CUBE-TOUCHGFX 4.25.0
2026-05-09 23:09:33,977 [INFO] ThirdParty:1030 - CMSIS Pack Vendor :STMicroelectronics X-CUBE-AI 10.1.0
2026-05-09 23:09:33,977 [INFO] ThirdParty:1030 - CMSIS Pack Vendor :STMicroelectronics FP-SNS-STBOX1 2.0.0
2026-05-09 23:09:33,977 [INFO] ThirdParty:1030 - CMSIS Pack Vendor :STMicroelectronics X-CUBE-MEMS1 12.0.0
2026-05-09 23:09:33,977 [INFO] ThirdParty:1030 - CMSIS Pack Vendor :STMicroelectronics X-CUBE-ALGOBUILD 1.3.0
2026-05-09 23:09:33,977 [INFO] ThirdParty:1030 - CMSIS Pack Vendor :STMicroelectronics X-CUBE-STSE01 2.0.0
2026-05-09 23:09:33,977 [INFO] ThirdParty:1030 - CMSIS Pack Vendor :STMicroelectronics X-CUBE-MEMS1 11.2.0
2026-05-09 23:09:33,977 [INFO] ThirdParty:1030 - CMSIS Pack Vendor :STMicroelectronics X-CUBE-AZRTOS-G0 1.1.0
2026-05-09 23:09:33,977 [INFO] ThirdParty:1030 - CMSIS Pack Vendor :STMicroelectronics X-CUBE-SAFEA1 1.2.2
2026-05-09 23:09:33,977 [INFO] ThirdParty:1030 - CMSIS Pack Vendor :STMicroelectronics X-CUBE-NFC4 3.0.0
2026-05-09 23:09:33,977 [INFO] ThirdParty:1030 - CMSIS Pack Vendor :STMicroelectronics X-CUBE-SUBG2 5.0.0
2026-05-09 23:09:33,977 [INFO] ThirdParty:1030 - CMSIS Pack Vendor :STMicroelectronics X-CUBE-AZRTOS-H7RS 1.1.0
2026-05-09 23:09:33,977 [INFO] ThirdParty:1030 - CMSIS Pack Vendor :STMicroelectronics STM32_WPAN 1.0.0
2026-05-09 23:09:33,977 [INFO] ThirdParty:1030 - CMSIS Pack Vendor :EmbeddedOffice I-CUBE-FS-RTOS 1.0.1
2026-05-09 23:09:33,977 [INFO] ThirdParty:1030 - CMSIS Pack Vendor :STMicroelectronics lwIP 2.0.3
2026-05-09 23:09:33,977 [INFO] ThirdParty:1030 - CMSIS Pack Vendor :Cesanta I-CUBE-Mongoose 7.13.0
2026-05-09 23:09:33,977 [INFO] ThirdParty:1030 - CMSIS Pack Vendor :STMicroelectronics USB_HOST 1.0.0
2026-05-09 23:09:33,977 [INFO] ThirdParty:1030 - CMSIS Pack Vendor :STMicroelectronics X-CUBE-AZRTOS-G4 2.0.0
2026-05-09 23:09:33,977 [INFO] ThirdParty:1030 - CMSIS Pack Vendor :STMicroelectronics X-CUBE-WB05N 2.0.0
2026-05-09 23:09:33,977 [INFO] ThirdParty:1030 - CMSIS Pack Vendor :STMicroelectronics PDM2PCM 3.1.0
2026-05-09 23:09:33,977 [INFO] ThirdParty:1030 - CMSIS Pack Vendor :STMicroelectronics X-CUBE-NFC7 2.0.0
2026-05-09 23:09:33,977 [INFO] ThirdParty:1030 - CMSIS Pack Vendor :RealThread X-CUBE-RT-Thread_Nano 4.1.1
2026-05-09 23:09:33,977 [INFO] ThirdParty:1030 - CMSIS Pack Vendor :wolfSSL I-CUBE-wolfSSL 5.7.0
2026-05-09 23:09:33,977 [INFO] ThirdParty:1030 - CMSIS Pack Vendor :STMicroelectronics FP-ATR-SIGFOX1 3.2.0
2026-05-09 23:09:33,978 [INFO] ThirdParty:1030 - CMSIS Pack Vendor :STMicroelectronics X-CUBE-ISPU 2.0.0
2026-05-09 23:09:33,978 [INFO] ThirdParty:1030 - CMSIS Pack Vendor :STMicroelectronics X-CUBE-EEPRMA1 5.1.0
2026-05-09 23:09:33,978 [INFO] ThirdParty:1030 - CMSIS Pack Vendor :STMicroelectronics MBEDTLS 2.16.2
2026-05-09 23:09:33,978 [INFO] ThirdParty:1030 - CMSIS Pack Vendor :STMicroelectronics X-CUBE-ALS 1.0.2
2026-05-09 23:09:33,978 [INFO] ThirdParty:1030 - CMSIS Pack Vendor :STMicroelectronics X-CUBE-MEMS1 10.0.0
2026-05-09 23:09:33,978 [INFO] ThirdParty:1030 - CMSIS Pack Vendor :STMicroelectronics X-CUBE-FREERTOS 1.1.0
2026-05-09 23:09:33,978 [INFO] ThirdParty:1030 - CMSIS Pack Vendor :STMicroelectronics X-CUBE-TOUCHGFX 4.24.0
2026-05-09 23:09:33,978 [INFO] ThirdParty:1030 - CMSIS Pack Vendor :ITTIA_DB I-CUBE-ITTIADB 8.9.0
2026-05-09 23:09:33,978 [INFO] ThirdParty:1030 - CMSIS Pack Vendor :STMicroelectronics X-CUBE-STSE01 1.0.0
2026-05-09 23:09:33,978 [INFO] ThirdParty:1030 - CMSIS Pack Vendor :portGmbH I-Cube-SoM-uGOAL 1.1.0
2026-05-09 23:09:33,978 [INFO] ThirdParty:1030 - CMSIS Pack Vendor :STMicroelectronics X-CUBE-ALS 1.0.1
2026-05-09 23:09:33,978 [INFO] ThirdParty:1030 - CMSIS Pack Vendor :STMicroelectronics X-CUBE-NFC6 3.2.0
2026-05-09 23:09:33,978 [INFO] ThirdParty:1030 - CMSIS Pack Vendor :STMicroelectronics X-CUBE-AI 10.2.0
2026-05-09 23:09:33,978 [INFO] ThirdParty:1030 - CMSIS Pack Vendor :STMicroelectronics ThreadX 1.0.0
2026-05-09 23:09:33,978 [INFO] ThirdParty:1030 - CMSIS Pack Vendor :STMicroelectronics X-CUBE-MEMS1 12.1.0
2026-05-09 23:09:33,978 [INFO] ThirdParty:1030 - CMSIS Pack Vendor :SEGGER I-CUBE-embOS 1.3.1
2026-05-09 23:09:33,978 [INFO] ThirdParty:1030 - CMSIS Pack Vendor :STMicroelectronics X-CUBE-ALGOBUILD 1.4.0
2026-05-09 23:09:33,978 [INFO] ThirdParty:1030 - CMSIS Pack Vendor :STMicroelectronics X-CUBE-MEMS1 11.3.0
2026-05-09 23:09:33,978 [INFO] ThirdParty:1030 - CMSIS Pack Vendor :STMicroelectronics X-CUBE-AZRTOS-H7RS 1.0.0
2026-05-09 23:09:33,978 [INFO] ThirdParty:1030 - CMSIS Pack Vendor :STMicroelectronics FP-ATR-ASTRA1 2.0.0
2026-05-09 23:09:33,978 [INFO] ThirdParty:1030 - CMSIS Pack Vendor :STMicroelectronics X-CUBE-TOF1 3.4.2
2026-05-09 23:09:33,978 [INFO] ThirdParty:1030 - CMSIS Pack Vendor :STMicroelectronics X-CUBE-TOF1 3.4.1
2026-05-09 23:09:33,978 [INFO] ThirdParty:1030 - CMSIS Pack Vendor :STMicroelectronics X-CUBE-AZRTOS-H7 3.2.0
2026-05-09 23:09:33,978 [INFO] ThirdParty:1030 - CMSIS Pack Vendor :Infineon AIROC-Wi-Fi-Bluetooth-STM32 1.6.0
2026-05-09 23:09:33,978 [INFO] ThirdParty:1030 - CMSIS Pack Vendor :wolfSSL I-CUBE-wolfSSH 1.4.17
2026-05-09 23:09:33,978 [INFO] ThirdParty:841 - exiting critical section [change project]
2026-05-09 23:09:34,118 [INFO] PinOutPanel:1561 - setPackage(No Configuration,No Configuration)
2026-05-09 23:09:34,119 [INFO] PinOutPanel:1561 - setPackage(STM32F446RETx,LQFP64)
2026-05-09 23:09:34,304 [INFO] UtilMem:75 - Before build in PCC Used Memory: 833135712 Bytes (1073741824)
2026-05-09 23:09:34,391 [INFO] UtilMem:75 - After build in PCC Used Memory: 881892448 Bytes (1073741824)
2026-05-09 23:09:34,402 [INFO] IPUIPlugin:80 - create IPUIPlugin
2026-05-09 23:09:34,402 [INFO] IPUIPlugin:80 - create IPUIPlugin
2026-05-09 23:09:34,402 [INFO] IPUIPlugin:80 - create IPUIPlugin
2026-05-09 23:09:34,402 [INFO] IPUIPlugin:80 - create IPUIPlugin
2026-05-09 23:09:34,402 [INFO] IPUIPlugin:80 - create IPUIPlugin
2026-05-09 23:09:34,402 [INFO] IPUIPlugin:80 - create IPUIPlugin
2026-05-09 23:09:34,402 [INFO] IPUIPlugin:80 - create IPUIPlugin
2026-05-09 23:09:34,402 [INFO] IPUIPlugin:80 - create IPUIPlugin
2026-05-09 23:09:34,402 [INFO] IPUIPlugin:80 - create IPUIPlugin
2026-05-09 23:09:34,402 [INFO] IPUIPlugin:80 - create IPUIPlugin
2026-05-09 23:09:34,403 [INFO] IPUIPlugin:80 - create IPUIPlugin
2026-05-09 23:09:34,403 [INFO] IPUIPlugin:80 - create IPUIPlugin
2026-05-09 23:09:34,403 [INFO] IPUIPlugin:80 - create IPUIPlugin
2026-05-09 23:09:34,403 [INFO] IPUIPlugin:80 - create IPUIPlugin
2026-05-09 23:09:34,403 [INFO] IPUIPlugin:80 - create IPUIPlugin
2026-05-09 23:09:34,403 [INFO] IPUIPlugin:80 - create IPUIPlugin
2026-05-09 23:09:34,403 [INFO] IPUIPlugin:80 - create IPUIPlugin
2026-05-09 23:09:34,403 [INFO] IPUIPlugin:80 - create IPUIPlugin
2026-05-09 23:09:34,403 [INFO] IPUIPlugin:80 - create IPUIPlugin
2026-05-09 23:09:34,403 [INFO] IPUIPlugin:80 - create IPUIPlugin
2026-05-09 23:09:34,403 [INFO] IPUIPlugin:80 - create IPUIPlugin
2026-05-09 23:09:34,403 [INFO] IPUIPlugin:80 - create IPUIPlugin
2026-05-09 23:09:34,403 [INFO] IPUIPlugin:80 - create IPUIPlugin
2026-05-09 23:09:34,403 [INFO] IPUIPlugin:80 - create IPUIPlugin
2026-05-09 23:09:34,403 [INFO] IPUIPlugin:80 - create IPUIPlugin
2026-05-09 23:09:34,403 [INFO] IPUIPlugin:80 - create IPUIPlugin
2026-05-09 23:09:34,403 [INFO] IPUIPlugin:80 - create IPUIPlugin
2026-05-09 23:09:34,403 [INFO] IPUIPlugin:80 - create IPUIPlugin
2026-05-09 23:09:34,403 [INFO] IPUIPlugin:80 - create IPUIPlugin
2026-05-09 23:09:34,404 [INFO] IPUIPlugin:80 - create IPUIPlugin
2026-05-09 23:09:34,404 [INFO] IPUIPlugin:80 - create IPUIPlugin
2026-05-09 23:09:34,404 [INFO] IPUIPlugin:80 - create IPUIPlugin
2026-05-09 23:09:34,404 [INFO] IPUIPlugin:80 - create IPUIPlugin
2026-05-09 23:09:34,404 [INFO] IPUIPlugin:80 - create IPUIPlugin
2026-05-09 23:09:34,404 [INFO] IPUIPlugin:80 - create IPUIPlugin
2026-05-09 23:09:34,404 [INFO] IPUIPlugin:80 - create IPUIPlugin
2026-05-09 23:09:34,404 [INFO] IPUIPlugin:80 - create IPUIPlugin
2026-05-09 23:09:34,405 [INFO] IPUIPlugin:80 - create IPUIPlugin
2026-05-09 23:09:34,405 [INFO] IPUIPlugin:80 - create IPUIPlugin
2026-05-09 23:09:34,405 [INFO] IPUIPlugin:80 - create IPUIPlugin
2026-05-09 23:09:34,405 [INFO] IPUIPlugin:80 - create IPUIPlugin
2026-05-09 23:09:34,405 [INFO] IPUIPlugin:80 - create IPUIPlugin
2026-05-09 23:09:34,405 [INFO] IPUIPlugin:80 - create IPUIPlugin
2026-05-09 23:09:34,405 [INFO] IPUIPlugin:80 - create IPUIPlugin
2026-05-09 23:09:34,405 [INFO] IPUIPlugin:80 - create IPUIPlugin
2026-05-09 23:09:34,405 [INFO] IPUIPlugin:80 - create IPUIPlugin
2026-05-09 23:09:34,405 [INFO] IPUIPlugin:80 - create IPUIPlugin
2026-05-09 23:09:34,405 [INFO] IPUIPlugin:80 - create IPUIPlugin
2026-05-09 23:09:34,406 [INFO] IPUIPlugin:80 - create IPUIPlugin
2026-05-09 23:09:34,406 [INFO] IPUIPlugin:80 - create IPUIPlugin
2026-05-09 23:09:34,406 [INFO] IPUIPlugin:80 - create IPUIPlugin
2026-05-09 23:09:34,406 [INFO] IPUIPlugin:80 - create IPUIPlugin
2026-05-09 23:09:34,406 [INFO] IPUIPlugin:80 - create IPUIPlugin
2026-05-09 23:09:34,406 [INFO] IPUIPlugin:80 - create IPUIPlugin
2026-05-09 23:09:34,406 [INFO] IPUIPlugin:80 - create IPUIPlugin
2026-05-09 23:09:34,406 [INFO] IPUIPlugin:80 - create IPUIPlugin
2026-05-09 23:09:34,407 [INFO] IPUIPlugin:80 - create IPUIPlugin
2026-05-09 23:09:34,407 [INFO] IPUIPlugin:80 - create IPUIPlugin
2026-05-09 23:09:34,407 [INFO] IPUIPlugin:80 - create IPUIPlugin
2026-05-09 23:09:34,407 [INFO] IPUIPlugin:80 - create IPUIPlugin
2026-05-09 23:09:34,410 [INFO] ApiDbMcu:508 - Load IP Config File for PDM2PCM
2026-05-09 23:09:34,442 [INFO] CADModel:165 - CPN selected for project levelSTM32F446RET6
2026-05-09 23:09:34,442 [INFO] CADModel:114 - Register for checkConnection events
2026-05-09 23:09:34,494 [INFO] OpenFileManager:343 - Restore cursor
2026-05-09 23:09:38,062 [INFO] ADCParametersView:116 -                Rank 1 : false
2026-05-09 23:09:38,101 [INFO] ADCParametersView:116 -                Rank 1 : false
2026-05-09 23:09:38,101 [INFO] ADCParametersView:116 -                Rank 1 : false
2026-05-09 23:09:38,101 [INFO] ADCParametersView:116 -                Rank 1 : false
2026-05-09 23:09:38,101 [INFO] ADCParametersView:116 -                Rank 1 : false
2026-05-09 23:09:38,101 [INFO] ADCParametersView:116 -                Rank 1 : false
2026-05-09 23:09:38,101 [INFO] ADCParametersView:116 -                Rank 1 : false
2026-05-09 23:09:38,101 [INFO] ADCParametersView:116 -                Rank 1 : false
2026-05-09 23:09:38,101 [INFO] ADCParametersView:116 -                Rank 1 : false
2026-05-09 23:09:38,101 [INFO] ADCParametersView:116 -                Rank 1 : false
2026-05-09 23:09:38,101 [INFO] ADCParametersView:116 -                Rank 1 : false
2026-05-09 23:09:38,101 [INFO] ADCParametersView:116 -                Rank 1 : false
2026-05-09 23:09:38,101 [INFO] ADCParametersView:116 -                Rank 1 : false
2026-05-09 23:09:38,101 [INFO] ADCParametersView:116 -                Rank 1 : false
2026-05-09 23:09:38,101 [INFO] ADCParametersView:116 -                Rank 1 : false
2026-05-09 23:09:38,125 [INFO] ADCParametersView:116 -                Rank 1 : false
2026-05-09 23:09:42,111 [INFO] ADCParametersView:116 -                Rank 1 : false
2026-05-09 23:09:42,774 [INFO] ADCParametersView:116 -                Rank 1 : false
2026-05-09 23:09:43,463 [INFO] ADCParametersView:116 -                Rank 1 : false
2026-05-09 23:09:45,279 [INFO] ADCParametersView:116 -                Rank 1 : false
2026-05-09 23:09:46,215 [INFO] ADCParametersView:116 -                Rank 1 : false
2026-05-09 23:09:48,303 [INFO] ADCParametersView:116 -                Rank 1 : false
2026-05-09 23:09:50,031 [INFO] ADCParametersView:116 -                Rank 1 : false
2026-05-09 23:10:01,721 [INFO] ADCParametersView:116 -                Rank 1 : false
2026-05-09 23:10:01,721 [INFO] ADCParametersView:116 -                Rank 1 : false
2026-05-09 23:10:01,721 [INFO] ADCParametersView:116 -                Rank 1 : false
2026-05-09 23:10:01,721 [INFO] ADCParametersView:116 -                Rank 1 : false
2026-05-09 23:10:01,721 [INFO] ADCParametersView:116 -                Rank 1 : false
2026-05-09 23:10:01,721 [INFO] ADCParametersView:116 -                Rank 1 : false
2026-05-09 23:10:01,721 [INFO] ADCParametersView:116 -                Rank 1 : false
2026-05-09 23:10:01,721 [INFO] ADCParametersView:116 -                Rank 1 : false
2026-05-09 23:10:01,721 [INFO] ADCParametersView:116 -                Rank 1 : false
2026-05-09 23:10:01,721 [INFO] ADCParametersView:116 -                Rank 1 : false
2026-05-09 23:10:01,721 [INFO] ADCParametersView:116 -                Rank 1 : false
2026-05-09 23:10:01,721 [INFO] ADCParametersView:116 -                Rank 1 : false
2026-05-09 23:10:01,721 [INFO] ADCParametersView:116 -                Rank 1 : false
2026-05-09 23:10:01,721 [INFO] ADCParametersView:116 -                Rank 1 : false
2026-05-09 23:10:01,741 [INFO] ADCParametersView:116 -                Rank 1 : false
2026-05-09 23:10:01,775 [INFO] ADCParametersView:116 -                Rank 1 : false
2026-05-09 23:10:01,775 [INFO] ADCParametersView:116 -                Rank 1 : false
2026-05-09 23:10:01,775 [INFO] ADCParametersView:116 -                Rank 1 : false
2026-05-09 23:10:01,775 [INFO] ADCParametersView:116 -                Rank 1 : false
2026-05-09 23:10:01,776 [INFO] ADCParametersView:116 -                Rank 1 : false
2026-05-09 23:10:01,776 [INFO] ADCParametersView:116 -                Rank 1 : false
2026-05-09 23:10:01,776 [INFO] ADCParametersView:116 -                Rank 1 : false
2026-05-09 23:10:01,776 [INFO] ADCParametersView:116 -                Rank 1 : false
2026-05-09 23:10:01,776 [INFO] ADCParametersView:116 -                Rank 1 : false
2026-05-09 23:10:01,776 [INFO] ADCParametersView:116 -                Rank 1 : false
2026-05-09 23:10:01,776 [INFO] ADCParametersView:116 -                Rank 1 : false
2026-05-09 23:10:01,776 [INFO] ADCParametersView:116 -                Rank 1 : false
2026-05-09 23:10:01,776 [INFO] ADCParametersView:116 -                Rank 1 : false
2026-05-09 23:10:01,776 [INFO] ADCParametersView:116 -                Rank 1 : false
2026-05-09 23:10:01,803 [INFO] ADCParametersView:116 -                Rank 1 : false
2026-05-09 23:10:01,872 [INFO] ADCParametersView:116 -                Rank 1 : false
2026-05-09 23:10:01,872 [INFO] ADCParametersView:116 -                Rank 1 : false
2026-05-09 23:10:01,872 [INFO] ADCParametersView:116 -                Rank 1 : false
2026-05-09 23:10:01,872 [INFO] ADCParametersView:116 -                Rank 1 : false
2026-05-09 23:10:01,873 [INFO] ADCParametersView:116 -                Rank 1 : false
2026-05-09 23:10:01,873 [INFO] ADCParametersView:116 -                Rank 1 : false
2026-05-09 23:10:01,873 [INFO] ADCParametersView:116 -                Rank 1 : false
2026-05-09 23:10:01,873 [INFO] ADCParametersView:116 -                Rank 1 : false
2026-05-09 23:10:01,873 [INFO] ADCParametersView:116 -                Rank 1 : false
2026-05-09 23:10:01,873 [INFO] ADCParametersView:116 -                Rank 1 : false
2026-05-09 23:10:01,873 [INFO] ADCParametersView:116 -                Rank 1 : false
2026-05-09 23:10:01,873 [INFO] ADCParametersView:116 -                Rank 1 : false
2026-05-09 23:10:01,873 [INFO] ADCParametersView:116 -                Rank 1 : false
2026-05-09 23:10:01,873 [INFO] ADCParametersView:116 -                Rank 1 : false
2026-05-09 23:10:01,905 [INFO] ADCParametersView:116 -                Rank 1 : false
2026-05-09 23:10:01,938 [INFO] ADCParametersView:116 -                Rank 1 : false
2026-05-09 23:10:01,938 [INFO] ADCParametersView:116 -                Rank 1 : false
2026-05-09 23:10:01,938 [INFO] ADCParametersView:116 -                Rank 1 : false
2026-05-09 23:10:01,938 [INFO] ADCParametersView:116 -                Rank 1 : false
2026-05-09 23:10:01,938 [INFO] ADCParametersView:116 -                Rank 1 : false
2026-05-09 23:10:01,938 [INFO] ADCParametersView:116 -                Rank 1 : false
2026-05-09 23:10:01,938 [INFO] ADCParametersView:116 -                Rank 1 : false
2026-05-09 23:10:01,938 [INFO] ADCParametersView:116 -                Rank 1 : false
2026-05-09 23:10:01,938 [INFO] ADCParametersView:116 -                Rank 1 : false
2026-05-09 23:10:01,938 [INFO] ADCParametersView:116 -                Rank 1 : false
2026-05-09 23:10:01,938 [INFO] ADCParametersView:116 -                Rank 1 : false
2026-05-09 23:10:01,938 [INFO] ADCParametersView:116 -                Rank 1 : false
2026-05-09 23:10:01,938 [INFO] ADCParametersView:116 -                Rank 1 : false
2026-05-09 23:10:01,938 [INFO] ADCParametersView:116 -                Rank 1 : false
2026-05-09 23:10:01,971 [INFO] ADCParametersView:116 -                Rank 1 : false
2026-05-09 23:10:03,298 [INFO] ADCParametersView:116 -                Rank 1 : false
2026-05-09 23:10:03,298 [INFO] ADCParametersView:116 -                Rank 1 : false
2026-05-09 23:10:03,299 [INFO] ADCParametersView:116 -                Rank 1 : false
2026-05-09 23:10:03,299 [INFO] ADCParametersView:116 -                Rank 1 : false
2026-05-09 23:10:03,299 [INFO] ADCParametersView:116 -                Rank 1 : false
2026-05-09 23:10:03,299 [INFO] ADCParametersView:116 -                Rank 1 : false
2026-05-09 23:10:03,299 [INFO] ADCParametersView:116 -                Rank 1 : false
2026-05-09 23:10:03,299 [INFO] ADCParametersView:116 -                Rank 1 : false
2026-05-09 23:10:03,299 [INFO] ADCParametersView:116 -                Rank 1 : false
2026-05-09 23:10:03,299 [INFO] ADCParametersView:116 -                Rank 1 : false
2026-05-09 23:10:03,299 [INFO] ADCParametersView:116 -                Rank 1 : false
2026-05-09 23:10:03,299 [INFO] ADCParametersView:116 -                Rank 1 : false
2026-05-09 23:10:03,299 [INFO] ADCParametersView:116 -                Rank 1 : false
2026-05-09 23:10:03,299 [INFO] ADCParametersView:116 -                Rank 1 : false
2026-05-09 23:10:03,319 [INFO] ADCParametersView:116 -                Rank 1 : false
2026-05-09 23:10:03,351 [INFO] ADCParametersView:116 -                Rank 1 : false
2026-05-09 23:10:03,351 [INFO] ADCParametersView:116 -                Rank 1 : false
2026-05-09 23:10:03,351 [INFO] ADCParametersView:116 -                Rank 1 : false
2026-05-09 23:10:03,352 [INFO] ADCParametersView:116 -                Rank 1 : false
2026-05-09 23:10:03,352 [INFO] ADCParametersView:116 -                Rank 1 : false
2026-05-09 23:10:03,352 [INFO] ADCParametersView:116 -                Rank 1 : false
2026-05-09 23:10:03,352 [INFO] ADCParametersView:116 -                Rank 1 : false
2026-05-09 23:10:03,352 [INFO] ADCParametersView:116 -                Rank 1 : false
2026-05-09 23:10:03,352 [INFO] ADCParametersView:116 -                Rank 1 : false
2026-05-09 23:10:03,352 [INFO] ADCParametersView:116 -                Rank 1 : false
2026-05-09 23:10:03,352 [INFO] ADCParametersView:116 -                Rank 1 : false
2026-05-09 23:10:03,352 [INFO] ADCParametersView:116 -                Rank 1 : false
2026-05-09 23:10:03,352 [INFO] ADCParametersView:116 -                Rank 1 : false
2026-05-09 23:10:03,352 [INFO] ADCParametersView:116 -                Rank 1 : false
2026-05-09 23:10:03,376 [INFO] ADCParametersView:116 -                Rank 1 : false
2026-05-09 23:10:03,452 [INFO] ADCParametersView:116 -                Rank 1 : false
2026-05-09 23:10:03,453 [INFO] ADCParametersView:116 -                Rank 1 : false
2026-05-09 23:10:03,453 [INFO] ADCParametersView:116 -                Rank 1 : false
2026-05-09 23:10:03,453 [INFO] ADCParametersView:116 -                Rank 1 : false
2026-05-09 23:10:03,453 [INFO] ADCParametersView:116 -                Rank 1 : false
2026-05-09 23:10:03,453 [INFO] ADCParametersView:116 -                Rank 1 : false
2026-05-09 23:10:03,453 [INFO] ADCParametersView:116 -                Rank 1 : false
2026-05-09 23:10:03,453 [INFO] ADCParametersView:116 -                Rank 1 : false
2026-05-09 23:10:03,453 [INFO] ADCParametersView:116 -                Rank 1 : false
2026-05-09 23:10:03,453 [INFO] ADCParametersView:116 -                Rank 1 : false
2026-05-09 23:10:03,453 [INFO] ADCParametersView:116 -                Rank 1 : false
2026-05-09 23:10:03,453 [INFO] ADCParametersView:116 -                Rank 1 : false
2026-05-09 23:10:03,453 [INFO] ADCParametersView:116 -                Rank 1 : false
2026-05-09 23:10:03,453 [INFO] ADCParametersView:116 -                Rank 1 : false
2026-05-09 23:10:03,500 [INFO] ADCParametersView:116 -                Rank 1 : false
2026-05-09 23:10:03,550 [INFO] ADCParametersView:116 -                Rank 1 : false
2026-05-09 23:10:03,550 [INFO] ADCParametersView:116 -                Rank 1 : false
2026-05-09 23:10:03,550 [INFO] ADCParametersView:116 -                Rank 1 : false
2026-05-09 23:10:03,550 [INFO] ADCParametersView:116 -                Rank 1 : false
2026-05-09 23:10:03,550 [INFO] ADCParametersView:116 -                Rank 1 : false
2026-05-09 23:10:03,550 [INFO] ADCParametersView:116 -                Rank 1 : false
2026-05-09 23:10:03,550 [INFO] ADCParametersView:116 -                Rank 1 : false
2026-05-09 23:10:03,550 [INFO] ADCParametersView:116 -                Rank 1 : false
2026-05-09 23:10:03,551 [INFO] ADCParametersView:116 -                Rank 1 : false
2026-05-09 23:10:03,551 [INFO] ADCParametersView:116 -                Rank 1 : false
2026-05-09 23:10:03,551 [INFO] ADCParametersView:116 -                Rank 1 : false
2026-05-09 23:10:03,551 [INFO] ADCParametersView:116 -                Rank 1 : false
2026-05-09 23:10:03,551 [INFO] ADCParametersView:116 -                Rank 1 : false
2026-05-09 23:10:03,551 [INFO] ADCParametersView:116 -                Rank 1 : false
2026-05-09 23:10:03,612 [INFO] ADCParametersView:116 -                Rank 1 : false
2026-05-09 23:10:10,273 [INFO] NvicIntPanel:101 - NVIC parent = com.st.microxplorer.plugins.ip.nvic.MultiNvicIntPanel[,0,0,450x123,layout=javax.swing.BoxLayout,alignmentX=0.0,alignmentY=0.0,border=,flags=9,maximumSize=,minimumSize=,preferredSize=]
2026-05-09 23:10:12,301 [INFO] ADCParametersView:116 -                Rank 1 : false
2026-05-09 23:10:12,301 [INFO] ADCParametersView:116 -                Rank 1 : false
2026-05-09 23:10:12,301 [INFO] ADCParametersView:116 -                Rank 1 : false
2026-05-09 23:10:12,301 [INFO] ADCParametersView:116 -                Rank 1 : false
2026-05-09 23:10:12,301 [INFO] ADCParametersView:116 -                Rank 1 : false
2026-05-09 23:10:12,301 [INFO] ADCParametersView:116 -                Rank 1 : false
2026-05-09 23:10:12,301 [INFO] ADCParametersView:116 -                Rank 1 : false
2026-05-09 23:10:12,301 [INFO] ADCParametersView:116 -                Rank 1 : false
2026-05-09 23:10:12,301 [INFO] ADCParametersView:116 -                Rank 1 : false
2026-05-09 23:10:12,301 [INFO] ADCParametersView:116 -                Rank 1 : false
2026-05-09 23:10:12,301 [INFO] ADCParametersView:116 -                Rank 1 : false
2026-05-09 23:10:12,301 [INFO] ADCParametersView:116 -                Rank 1 : false
2026-05-09 23:10:12,301 [INFO] ADCParametersView:116 -                Rank 1 : false
2026-05-09 23:10:12,301 [INFO] ADCParametersView:116 -                Rank 1 : false
2026-05-09 23:10:12,321 [INFO] ADCParametersView:116 -                Rank 1 : false
2026-05-09 23:10:12,348 [INFO] ADCParametersView:116 -                Rank 1 : false
2026-05-09 23:10:12,349 [INFO] ADCParametersView:116 -                Rank 1 : false
2026-05-09 23:10:12,349 [INFO] ADCParametersView:116 -                Rank 1 : false
2026-05-09 23:10:12,349 [INFO] ADCParametersView:116 -                Rank 1 : false
2026-05-09 23:10:12,349 [INFO] ADCParametersView:116 -                Rank 1 : false
2026-05-09 23:10:12,349 [INFO] ADCParametersView:116 -                Rank 1 : false
2026-05-09 23:10:12,349 [INFO] ADCParametersView:116 -                Rank 1 : false
2026-05-09 23:10:12,349 [INFO] ADCParametersView:116 -                Rank 1 : false
2026-05-09 23:10:12,349 [INFO] ADCParametersView:116 -                Rank 1 : false
2026-05-09 23:10:12,349 [INFO] ADCParametersView:116 -                Rank 1 : false
2026-05-09 23:10:12,349 [INFO] ADCParametersView:116 -                Rank 1 : false
2026-05-09 23:10:12,349 [INFO] ADCParametersView:116 -                Rank 1 : false
2026-05-09 23:10:12,349 [INFO] ADCParametersView:116 -                Rank 1 : false
2026-05-09 23:10:12,349 [INFO] ADCParametersView:116 -                Rank 1 : false
2026-05-09 23:10:12,373 [INFO] ADCParametersView:116 -                Rank 1 : false
2026-05-09 23:10:12,379 [INFO] NvicIntPanel:101 - NVIC parent = com.st.microxplorer.plugins.ip.nvic.MultiNvicIntPanel[,0,0,0x0,invalid,layout=javax.swing.BoxLayout,alignmentX=0.0,alignmentY=0.0,border=,flags=9,maximumSize=,minimumSize=,preferredSize=]
2026-05-09 23:10:12,960 [INFO] NvicIntPanel:101 - NVIC parent = com.st.microxplorer.plugins.ip.nvic.MultiNvicIntPanel[,0,0,0x0,invalid,layout=javax.swing.BoxLayout,alignmentX=0.0,alignmentY=0.0,border=,flags=9,maximumSize=,minimumSize=,preferredSize=]
2026-05-09 23:12:12,535 [INFO] NvicIntPanel:101 - NVIC parent = com.st.microxplorer.plugins.ip.nvic.MultiNvicIntPanel[,0,0,0x0,invalid,layout=javax.swing.BoxLayout,alignmentX=0.0,alignmentY=0.0,border=,flags=9,maximumSize=,minimumSize=,preferredSize=]
2026-05-09 23:12:16,033 [INFO] ADCParametersView:116 -                Rank 1 : false
2026-05-09 23:12:16,033 [INFO] ADCParametersView:116 -                Rank 1 : false
2026-05-09 23:12:16,033 [INFO] ADCParametersView:116 -                Rank 1 : false
2026-05-09 23:12:16,033 [INFO] ADCParametersView:116 -                Rank 1 : false
2026-05-09 23:12:16,033 [INFO] ADCParametersView:116 -                Rank 1 : false
2026-05-09 23:12:16,033 [INFO] ADCParametersView:116 -                Rank 1 : false
2026-05-09 23:12:16,033 [INFO] ADCParametersView:116 -                Rank 1 : false
2026-05-09 23:12:16,033 [INFO] ADCParametersView:116 -                Rank 1 : false
2026-05-09 23:12:16,033 [INFO] ADCParametersView:116 -                Rank 1 : false
2026-05-09 23:12:16,033 [INFO] ADCParametersView:116 -                Rank 1 : false
2026-05-09 23:12:16,033 [INFO] ADCParametersView:116 -                Rank 1 : false
2026-05-09 23:12:16,033 [INFO] ADCParametersView:116 -                Rank 1 : false
2026-05-09 23:12:16,033 [INFO] ADCParametersView:116 -                Rank 1 : false
2026-05-09 23:12:16,033 [INFO] ADCParametersView:116 -                Rank 1 : false
2026-05-09 23:12:16,068 [INFO] ADCParametersView:116 -                Rank 1 : false
2026-05-09 23:12:16,068 [INFO] ADCParametersView:116 -                Rank 1 : false
2026-05-09 23:12:16,068 [INFO] ADCParametersView:116 -                Rank 1 : false
2026-05-09 23:12:16,068 [INFO] ADCParametersView:116 -                Rank 1 : false
2026-05-09 23:12:16,068 [INFO] ADCParametersView:116 -                Rank 1 : false
2026-05-09 23:12:16,068 [INFO] ADCParametersView:116 -                Rank 1 : false
2026-05-09 23:12:16,068 [INFO] ADCParametersView:116 -                Rank 1 : false
2026-05-09 23:12:16,068 [INFO] ADCParametersView:116 -                Rank 1 : false
2026-05-09 23:12:16,068 [INFO] ADCParametersView:116 -                Rank 1 : false
2026-05-09 23:12:16,068 [INFO] ADCParametersView:116 -                Rank 1 : false
2026-05-09 23:12:16,068 [INFO] ADCParametersView:116 -                Rank 1 : false
2026-05-09 23:12:16,068 [INFO] ADCParametersView:116 -                Rank 1 : false
2026-05-09 23:12:16,068 [INFO] ADCParametersView:116 -                Rank 1 : false
2026-05-09 23:12:16,068 [INFO] ADCParametersView:116 -                Rank 1 : false
2026-05-09 23:12:16,068 [INFO] ADCParametersView:116 -                Rank 1 : false
2026-05-09 23:12:16,092 [INFO] ADCParametersView:116 -                Rank 1 : false
2026-05-09 23:12:16,092 [INFO] ADCParametersView:116 -                Rank 1 : false
2026-05-09 23:12:16,092 [INFO] ADCParametersView:116 -                Rank 1 : false
2026-05-09 23:12:16,092 [INFO] ADCParametersView:116 -                Rank 1 : false
2026-05-09 23:12:16,092 [INFO] ADCParametersView:116 -                Rank 1 : false
2026-05-09 23:12:16,092 [INFO] ADCParametersView:116 -                Rank 1 : false
2026-05-09 23:12:16,092 [INFO] ADCParametersView:116 -                Rank 1 : false
2026-05-09 23:12:16,092 [INFO] ADCParametersView:116 -                Rank 1 : false
2026-05-09 23:12:16,092 [INFO] ADCParametersView:116 -                Rank 1 : false
2026-05-09 23:12:16,092 [INFO] ADCParametersView:116 -                Rank 1 : false
2026-05-09 23:12:16,092 [INFO] ADCParametersView:116 -                Rank 1 : false
2026-05-09 23:12:16,092 [INFO] ADCParametersView:116 -                Rank 1 : false
2026-05-09 23:12:16,092 [INFO] ADCParametersView:116 -                Rank 1 : false
2026-05-09 23:12:16,092 [INFO] ADCParametersView:116 -                Rank 1 : false
2026-05-09 23:12:16,092 [INFO] ADCParametersView:116 -                Rank 1 : false
2026-05-09 23:12:16,113 [INFO] ADCParametersView:116 -                Rank 1 : false
2026-05-09 23:12:18,561 [INFO] UtilMem:75 - End SaveConfig() Used Memory: 921902824 Bytes (1073741824)
2026-05-09 23:12:20,051 [INFO] UtilMem:75 - End SaveConfig() Used Memory: 946546408 Bytes (1073741824)
2026-05-09 23:12:21,708 [INFO] UtilMem:75 - End SaveConfig() Used Memory: 860349104 Bytes (1073741824)
2026-05-09 23:12:21,806 [INFO] BlockDiagram:2759 - set Specific Code input for plugin: SYS
2026-05-09 23:12:21,806 [INFO] BlockDiagram:2759 - set Specific Code input for plugin: ADC
2026-05-09 23:12:21,806 [INFO] BlockDiagram:2759 - set Specific Code input for plugin: RCC
2026-05-09 23:12:21,806 [INFO] BlockDiagram:2759 - set Specific Code input for plugin: NVIC
2026-05-09 23:12:21,806 [INFO] BlockDiagram:2759 - set Specific Code input for plugin: USART
2026-05-09 23:12:21,807 [INFO] BlockDiagram:2759 - set Specific Code input for plugin: GPIO
2026-05-09 23:12:21,807 [INFO] CodeGenerator:807 - code generatio: config db path: C:\ST\STM32CubeIDE_1.15.0\STM32CubeIDE\plugins\com.st.stm32cube.common.mx_6.11.0.202403141607\\db\
2026-05-09 23:12:21,949 [INFO] CodeEngine:255 - oldGeneratedFile, D:\WorkSpace\ADC_LLD\MXTmpFiles\license.tmp_save
2026-05-09 23:12:22,050 [INFO] CodeEngine:279 - Generated code: D:\WorkSpace\ADC_LLD\MXTmpFiles\license.tmp
2026-05-09 23:12:22,092 [INFO] CodeEngine:255 - oldGeneratedFile, D:\WorkSpace\ADC_LLD\MXTmpFiles\gpio.tmp_save
2026-05-09 23:12:22,147 [INFO] CodeEngine:279 - Generated code: D:\WorkSpace\ADC_LLD\MXTmpFiles\gpio.tmp
2026-05-09 23:12:22,234 [INFO] CodeEngine:255 - oldGeneratedFile, D:\WorkSpace\ADC_LLD\Core\Src\stm32f4xx_it.c_save
2026-05-09 23:12:22,338 [INFO] CodeEngine:279 - Generated code: D:\WorkSpace\ADC_LLD\Core\Src\stm32f4xx_it.c
2026-05-09 23:12:22,342 [INFO] CodeEngine:255 - oldGeneratedFile, D:\WorkSpace\ADC_LLD\Core\Inc\stm32f4xx_it.h_save
2026-05-09 23:12:22,391 [INFO] CodeEngine:279 - Generated code: D:\WorkSpace\ADC_LLD\Core\Inc\stm32f4xx_it.h
2026-05-09 23:12:22,414 [INFO] CodeEngine:255 - oldGeneratedFile, D:\WorkSpace\ADC_LLD\Core\Src\stm32f4xx_hal_msp.c_save
2026-05-09 23:12:22,499 [INFO] CodeEngine:279 - Generated code: D:\WorkSpace\ADC_LLD\Core\Src\stm32f4xx_hal_msp.c
2026-05-09 23:12:22,510 [INFO] CodeEngine:255 - oldGeneratedFile, D:\WorkSpace\ADC_LLD\MXTmpFiles\system.tmp_save
2026-05-09 23:12:22,550 [INFO] CodeEngine:279 - Generated code: D:\WorkSpace\ADC_LLD\MXTmpFiles\system.tmp
2026-05-09 23:12:22,574 [INFO] CodeEngine:311 - oldGeneratedFile, D:\WorkSpace\ADC_LLD\Core\Inc\stm32f4xx_hal_conf.h_save
2026-05-09 23:12:22,648 [INFO] CodeEngine:335 - Generated code: D:\WorkSpace\ADC_LLD\Core\Inc\stm32f4xx_hal_conf.h
2026-05-09 23:12:22,669 [WARN] IPConfigManager:2982 - Warning: the RefConfig PLL2P_FOR_MCO is not available in your config.xml file
2026-05-09 23:12:22,701 [INFO] CodeEngine:255 - oldGeneratedFile, D:\WorkSpace\ADC_LLD\Core\Inc\main.h_save
2026-05-09 23:12:22,780 [INFO] CodeEngine:279 - Generated code: D:\WorkSpace\ADC_LLD\Core\Inc\main.h
2026-05-09 23:12:22,807 [INFO] CodeEngine:255 - oldGeneratedFile, D:\WorkSpace\ADC_LLD\Core\Src\main.c_save
2026-05-09 23:12:22,910 [INFO] CodeEngine:279 - Generated code: D:\WorkSpace\ADC_LLD\Core\Src\main.c
2026-05-09 23:12:23,078 [INFO] ProjectBuilder:3163 - Time for Copy HAL[1] : 100mS.
2026-05-09 23:12:23,079 [INFO] ProjectBuilder:4736 - Project Generator version: 4.3.0-B58
2026-05-09 23:12:23,129 [INFO] ConfigFileManager:1503 - The Die is : DIE421
2026-05-09 23:12:23,139 [INFO] ApiDbMcu:508 - Load IP Config File for FATFS
2026-05-09 23:12:23,150 [INFO] ApiDbMcu:508 - Load IP Config File for FREERTOS
2026-05-09 23:12:23,159 [INFO] ApiDbMcu:508 - Load IP Config File for LIBJPEG
2026-05-09 23:12:23,170 [INFO] ApiDbMcu:508 - Load IP Config File for MBEDTLS
2026-05-09 23:12:23,182 [INFO] ApiDbMcu:508 - Load IP Config File for USB_DEVICE
2026-05-09 23:12:23,192 [INFO] ApiDbMcu:508 - Load IP Config File for USB_HOST
2026-05-09 23:12:23,761 [INFO] ProjectBuilder:5002 - Time for Generating toolchain IDE Files: 682mS.
2026-05-09 23:12:23,762 [INFO] ProjectBuilder:3034 - Time for Copy CMSIS : 0mS.
2026-05-09 23:12:23,762 [INFO] ProjectBuilder:3034 - Time for Copy CMSIS : 0mS.
2026-05-09 23:40:52,995 [ERROR] LogOutputStream:75 - [STDERR_REDIRECT] Exception in thread "AWT-EventQueue-0" org.eclipse.swt.SWTException: Device is disposed
2026-05-09 23:40:52,998 [ERROR] LogOutputStream:75 - [STDERR_REDIRECT] 	at org.eclipse.swt.SWT.error(SWT.java:4918)
2026-05-09 23:40:53,000 [ERROR] LogOutputStream:75 - [STDERR_REDIRECT] 	at org.eclipse.swt.SWT.error(SWT.java:4833)
2026-05-09 23:40:53,003 [ERROR] LogOutputStream:75 - [STDERR_REDIRECT] 	at org.eclipse.swt.SWT.error(SWT.java:4804)
2026-05-09 23:40:53,005 [ERROR] LogOutputStream:75 - [STDERR_REDIRECT] 	at org.eclipse.swt.widgets.Display.error(Display.java:1278)
2026-05-09 23:40:53,008 [ERROR] LogOutputStream:75 - [STDERR_REDIRECT] 	at org.eclipse.swt.widgets.Display.asyncExec(Display.java:774)
2026-05-09 23:40:53,012 [ERROR] LogOutputStream:75 - [STDERR_REDIRECT] 	at com.st.stm32cube.common.mx.oss.core.awtswtbridge.AwtEnvironment$2.run(AwtEnvironment.java:168)
2026-05-09 23:40:53,016 [ERROR] LogOutputStream:75 - [STDERR_REDIRECT] 	at java.desktop/java.awt.event.InvocationEvent.dispatch(InvocationEvent.java:318)
2026-05-09 23:40:53,019 [ERROR] LogOutputStream:75 - [STDERR_REDIRECT] 	at java.desktop/java.awt.EventQueue.dispatchEventImpl(EventQueue.java:773)
2026-05-09 23:40:53,022 [ERROR] LogOutputStream:75 - [STDERR_REDIRECT] 	at java.desktop/java.awt.EventQueue$4.run(EventQueue.java:720)
2026-05-09 23:40:53,024 [ERROR] LogOutputStream:75 - [STDERR_REDIRECT] 	at java.desktop/java.awt.EventQueue$4.run(EventQueue.java:714)
2026-05-09 23:40:53,029 [ERROR] LogOutputStream:75 - [STDERR_REDIRECT] 	at java.base/java.security.AccessController.doPrivileged(AccessController.java:399)
2026-05-09 23:40:53,033 [ERROR] LogOutputStream:75 - [STDERR_REDIRECT] 	at java.base/java.security.ProtectionDomain$JavaSecurityAccessImpl.doIntersectionPrivilege(ProtectionDomain.java:86)
2026-05-09 23:40:53,037 [ERROR] LogOutputStream:75 - [STDERR_REDIRECT] 	at java.desktop/java.awt.EventQueue.dispatchEvent(EventQueue.java:742)
2026-05-09 23:40:53,041 [ERROR] LogOutputStream:75 - [STDERR_REDIRECT] 	at java.desktop/java.awt.EventDispatchThread.pumpOneEventForFilters(EventDispatchThread.java:203)
2026-05-09 23:40:53,046 [ERROR] LogOutputStream:75 - [STDERR_REDIRECT] 	at java.desktop/java.awt.EventDispatchThread.pumpEventsForFilter(EventDispatchThread.java:124)
2026-05-09 23:40:53,049 [ERROR] LogOutputStream:75 - [STDERR_REDIRECT] 	at java.desktop/java.awt.EventDispatchThread.pumpEventsForHierarchy(EventDispatchThread.java:113)
2026-05-09 23:40:53,054 [ERROR] LogOutputStream:75 - [STDERR_REDIRECT] 	at java.desktop/java.awt.EventDispatchThread.pumpEvents(EventDispatchThread.java:109)
2026-05-09 23:40:53,057 [ERROR] LogOutputStream:75 - [STDERR_REDIRECT] 	at java.desktop/java.awt.EventDispatchThread.pumpEvents(EventDispatchThread.java:101)
2026-05-09 23:40:53,061 [ERROR] LogOutputStream:75 - [STDERR_REDIRECT] 	at java.desktop/java.awt.EventDispatchThread.run(EventDispatchThread.java:90)
2026-05-09 23:40:53,593 [ERROR] LogOutputStream:75 - [STDERR_REDIRECT] 
2026-05-09 23:40:53,595 [ERROR] LogOutputStream:75 - [STDERR_REDIRECT] 
