2025-12-06 18:05:41,466 [INFO] Activator:176 - 


2025-12-06 18:05:41,472 [INFO] Activator:177 - !SESSION log4j initialized
2025-12-06 18:05:46,914 [INFO] LogOutputStream:77 - [STDOUT_REDIRECT] 
2025-12-06 18:05:49,871 [INFO] ApplicationProperties:184 - Using Application install path: C:\ST\STM32CubeIDE_1.15.0\STM32CubeIDE\plugins\com.st.stm32cube.common.mx_6.11.0.202403141607
2025-12-06 18:05:49,889 [INFO] DbMcusXml:78 - Set database path to: C:\ST\STM32CubeIDE_1.15.0\STM32CubeIDE\plugins\com.st.stm32cube.common.mx_6.11.0.202403141607\\db\/mcu/
2025-12-06 18:05:49,890 [INFO] ApiDb:274 - Set plugin database path to: C:\ST\STM32CubeIDE_1.15.0\STM32CubeIDE\plugins\com.st.stm32cube.common.mx_6.11.0.202403141607\\db\/plugins/boardmanager/
2025-12-06 18:05:49,890 [WARN] ApiDb:259 - Overriding images path with different value:  => C:\ST\STM32CubeIDE_1.15.0\STM32CubeIDE\plugins\com.st.stm32cube.common.mx_6.11.0.202403141607\\db\/plugins/mcufinder/images/
2025-12-06 18:05:49,900 [INFO] ApiDb:250 - Set database path to: C:\Users\Aditya\.stmcufinder\plugins\mcufinder//mcu/
2025-12-06 18:05:49,901 [INFO] DbMcusAds:125 - Set database path to: C:\Users\Aditya\.stmcufinder\plugins\mcufinder//mcu/
2025-12-06 18:05:49,903 [INFO] CrossReferenceDbSqlite:203 - Set database path to: C:\Users\Aditya\.stmcufinder\plugins\mcufinder//mcu/cs/
2025-12-06 18:05:50,027 [INFO] RulesReader:64 - Compatibility file has been processed (297 Rules)
2025-12-06 18:05:50,107 [INFO] DbMcusXml:78 - Set database path to: C:\ST\STM32CubeIDE_1.15.0\STM32CubeIDE\plugins\com.st.stm32cube.common.mx_6.11.0.202403141607\\db\/mcu/
2025-12-06 18:05:50,107 [INFO] ApiDb:274 - Set plugin database path to: C:\ST\STM32CubeIDE_1.15.0\STM32CubeIDE\plugins\com.st.stm32cube.common.mx_6.11.0.202403141607\\db\/plugins/boardmanager/
2025-12-06 18:05:50,107 [INFO] ApiDb:261 - Set plugin images path to: C:\ST\STM32CubeIDE_1.15.0\STM32CubeIDE\plugins\com.st.stm32cube.common.mx_6.11.0.202403141607\\db\/plugins/mcufinder/images/
2025-12-06 18:05:50,107 [WARN] DbFile:41 - Overriding database path with different value: C:\Users\Aditya\.stmcufinder\plugins\mcufinder/ => C:\Users\Aditya\.stmcufinder\plugins\mcufinder
2025-12-06 18:05:50,107 [INFO] ApiDb:250 - Set database path to: C:\Users\Aditya\.stmcufinder\plugins\mcufinder//mcu/
2025-12-06 18:05:50,108 [WARN] DbFile:41 - Overriding database path with different value: C:\Users\Aditya\.stmcufinder\plugins\mcufinder/ => C:\Users\Aditya\.stmcufinder\plugins\mcufinder
2025-12-06 18:05:50,108 [INFO] DbMcusAds:125 - Set database path to: C:\Users\Aditya\.stmcufinder\plugins\mcufinder//mcu/
2025-12-06 18:05:50,108 [WARN] DbFile:41 - Overriding database path with different value: C:\Users\Aditya\.stmcufinder\plugins\mcufinder/ => C:\Users\Aditya\.stmcufinder\plugins\mcufinder
2025-12-06 18:05:50,108 [WARN] DbFile:41 - Overriding database path with different value: C:\Users\Aditya\.stmcufinder\plugins\mcufinder/ => C:\Users\Aditya\.stmcufinder\plugins\mcufinder
2025-12-06 18:05:50,108 [INFO] CrossReferenceDbSqlite:203 - Set database path to: C:\Users\Aditya\.stmcufinder\plugins\mcufinder//mcu/cs/
2025-12-06 18:05:50,181 [INFO] MainPanel:264 - HeapMemory: 268435456
2025-12-06 18:05:50,263 [INFO] DbMcusXml:78 - Set database path to: C:\ST\STM32CubeIDE_1.15.0\STM32CubeIDE\plugins\com.st.stm32cube.common.mx_6.11.0.202403141607\\db\/mcu/
2025-12-06 18:05:50,263 [INFO] ApiDb:274 - Set plugin database path to: C:\ST\STM32CubeIDE_1.15.0\STM32CubeIDE\plugins\com.st.stm32cube.common.mx_6.11.0.202403141607\\db\/plugins/boardmanager/
2025-12-06 18:05:50,263 [INFO] ApiDb:261 - Set plugin images path to: C:\ST\STM32CubeIDE_1.15.0\STM32CubeIDE\plugins\com.st.stm32cube.common.mx_6.11.0.202403141607\\db\/plugins/mcufinder/images/
2025-12-06 18:05:50,263 [WARN] DbFile:41 - Overriding database path with different value: C:\Users\Aditya\.stmcufinder\plugins\mcufinder/ => C:\Users\Aditya\.stmcufinder\plugins\mcufinder
2025-12-06 18:05:50,263 [INFO] ApiDb:250 - Set database path to: C:\Users\Aditya\.stmcufinder\plugins\mcufinder//mcu/
2025-12-06 18:05:50,263 [WARN] DbFile:41 - Overriding database path with different value: C:\Users\Aditya\.stmcufinder\plugins\mcufinder/ => C:\Users\Aditya\.stmcufinder\plugins\mcufinder
2025-12-06 18:05:50,264 [INFO] DbMcusAds:125 - Set database path to: C:\Users\Aditya\.stmcufinder\plugins\mcufinder//mcu/
2025-12-06 18:05:50,264 [WARN] DbFile:41 - Overriding database path with different value: C:\Users\Aditya\.stmcufinder\plugins\mcufinder/ => C:\Users\Aditya\.stmcufinder\plugins\mcufinder
2025-12-06 18:05:50,264 [WARN] DbFile:41 - Overriding database path with different value: C:\Users\Aditya\.stmcufinder\plugins\mcufinder/ => C:\Users\Aditya\.stmcufinder\plugins\mcufinder
2025-12-06 18:05:50,264 [INFO] CrossReferenceDbSqlite:203 - Set database path to: C:\Users\Aditya\.stmcufinder\plugins\mcufinder//mcu/cs/
2025-12-06 18:05:50,278 [INFO] ApplicationProperties:184 - Using Application install path: C:\ST\STM32CubeIDE_1.15.0\STM32CubeIDE\plugins\com.st.stm32cube.common.mx_6.11.0.202403141607
2025-12-06 18:05:50,280 [INFO] PluginManage:196 - Search for loadable plugins [exclusion list=, ]
2025-12-06 18:05:50,281 [INFO] PluginManage:310 - Check plugin analytics
2025-12-06 18:05:50,455 [INFO] AnalyticsPlugin:253 - Accepted Software Licenses: 
2025-12-06 18:05:50,455 [INFO] AnalyticsPlugin:255 - Accepted CMSIS Pack Licenses: 
2025-12-06 18:05:50,456 [INFO] AnalyticsPlugin:257 - Accepted Firmware Licenses: 
2025-12-06 18:05:50,459 [INFO] PluginManage:359 - Loaded plugin analytics (category:tool,tabindex:-1)
2025-12-06 18:05:50,459 [INFO] PluginManage:310 - Check plugin cadmodel
2025-12-06 18:05:50,479 [INFO] CADModel:105 - Init CAD model plugin
2025-12-06 18:05:50,479 [INFO] PluginManage:359 - Loaded plugin cadmodel (category:power,tabindex:5)
2025-12-06 18:05:50,479 [INFO] PluginManage:310 - Check plugin clock
2025-12-06 18:05:50,504 [INFO] PluginManage:359 - Loaded plugin clock (category:base,tabindex:2)
2025-12-06 18:05:50,504 [INFO] PluginManage:310 - Check plugin ddr
2025-12-06 18:05:50,508 [INFO] PluginManage:359 - Loaded plugin ddr (category:tool,tabindex:6)
2025-12-06 18:05:50,508 [INFO] PluginManage:310 - Check plugin filemanager
2025-12-06 18:05:50,636 [INFO] PluginManage:359 - Loaded plugin filemanager (category:base,tabindex:10)
2025-12-06 18:05:50,637 [INFO] PluginManage:310 - Check plugin ipmanager
2025-12-06 18:05:50,644 [INFO] PluginManage:359 - Loaded plugin ipmanager (category:base,tabindex:5)
2025-12-06 18:05:50,644 [INFO] PluginManage:310 - Check plugin lpbam
2025-12-06 18:05:50,670 [INFO] PluginManage:359 - Loaded plugin lpbam (category:base,tabindex:0)
2025-12-06 18:05:50,670 [INFO] PluginManage:310 - Check plugin memorymap
2025-12-06 18:05:50,702 [INFO] PluginManage:359 - Loaded plugin memorymap (category:base,tabindex:4)
2025-12-06 18:05:50,702 [INFO] PluginManage:310 - Check plugin pinoutandconfiguration
2025-12-06 18:05:50,723 [INFO] PluginManage:359 - Loaded plugin pinoutandconfiguration (category:base,tabindex:1)
2025-12-06 18:05:50,724 [INFO] PluginManage:310 - Check plugin pinoutconfig
2025-12-06 18:05:50,825 [WARN] SupportedApi:132 - Cannot load RTOS API schema: s4s-elt-must-match.1: The content of 'definitions' must match (annotation?, (simpleType | complexType)?, (unique | key | keyref)*)). A problem was found starting at: attribute.
2025-12-06 18:05:50,930 [INFO] PluginManage:359 - Loaded plugin pinoutconfig (category:base,tabindex:0)
2025-12-06 18:05:50,931 [INFO] PluginManage:310 - Check plugin power
2025-12-06 18:05:50,952 [INFO] PluginManage:359 - Loaded plugin power (category:power,tabindex:4)
2025-12-06 18:05:50,952 [INFO] PluginManage:310 - Check plugin projectmanager
2025-12-06 18:05:50,964 [INFO] PluginManage:359 - Loaded plugin projectmanager (category:projectmanager,tabindex:3)
2025-12-06 18:05:50,965 [INFO] PluginManage:310 - Check plugin thirdparty
2025-12-06 18:05:51,317 [INFO] PluginManage:359 - Loaded plugin thirdparty (category:base,tabindex:-1)
2025-12-06 18:05:51,318 [INFO] PluginManage:310 - Check plugin tools
2025-12-06 18:05:51,317 [WARN] IntegrityCheckThread:84 - waiting for thirdparty lock release [integrity check]
2025-12-06 18:05:51,318 [INFO] IntegrityCheckThread:86 - entering critical section [integrity check]
2025-12-06 18:05:51,318 [INFO] ThirdPartyUpdaterWithRetryManager:70 - Updater plugin not ready yet. [1/15]
2025-12-06 18:05:51,359 [INFO] PluginManage:359 - Loaded plugin tools (category:base,tabindex:7)
2025-12-06 18:05:51,360 [INFO] PluginManage:310 - Check plugin tutovideos
2025-12-06 18:05:51,547 [INFO] PluginManage:359 - Loaded plugin tutovideos (category:base,tabindex:-1)
2025-12-06 18:05:51,547 [INFO] PluginManage:310 - Check plugin updater
2025-12-06 18:05:51,558 [INFO] PluginManage:359 - Loaded plugin updater (category:base,tabindex:12)
2025-12-06 18:05:51,558 [INFO] PluginManage:310 - Check plugin userauth
2025-12-06 18:05:51,563 [INFO] UserAuth:114 - Init User Auth plugin
2025-12-06 18:05:51,563 [INFO] PluginManage:359 - Loaded plugin userauth (category:base,tabindex:14)
2025-12-06 18:05:51,563 [INFO] PluginManage:283 - PluginManage : Loaded plugins [17]
2025-12-06 18:05:51,762 [INFO] PinOutPanel:1561 - setPackage(No Configuration,No Configuration)
2025-12-06 18:05:51,834 [INFO] CADModel:165 - CPN selected for project level
2025-12-06 18:05:51,834 [INFO] CADModel:114 - Register for checkConnection events
2025-12-06 18:05:51,866 [INFO] IPUIPlugin:80 - create IPUIPlugin
2025-12-06 18:05:51,866 [INFO] PluginManager:220 - loadIPPluginJar : add adc
2025-12-06 18:05:51,910 [INFO] IPUIPlugin:80 - create IPUIPlugin
2025-12-06 18:05:51,911 [INFO] PluginManager:220 - loadIPPluginJar : add aes
2025-12-06 18:05:51,980 [INFO] IPUIPlugin:80 - create IPUIPlugin
2025-12-06 18:05:51,980 [INFO] PluginManager:220 - loadIPPluginJar : add can
2025-12-06 18:05:52,021 [INFO] IPUIPlugin:80 - create IPUIPlugin
2025-12-06 18:05:52,021 [INFO] PluginManager:220 - loadIPPluginJar : add comp
2025-12-06 18:05:52,066 [INFO] IPUIPlugin:80 - create IPUIPlugin
2025-12-06 18:05:52,066 [INFO] PluginManager:220 - loadIPPluginJar : add cryp
2025-12-06 18:05:52,108 [INFO] IPUIPlugin:80 - create IPUIPlugin
2025-12-06 18:05:52,108 [INFO] PluginManager:220 - loadIPPluginJar : add dfsdm
2025-12-06 18:05:52,129 [INFO] IPUIPlugin:80 - create IPUIPlugin
2025-12-06 18:05:52,129 [INFO] PluginManager:220 - loadIPPluginJar : add dma
2025-12-06 18:05:52,197 [INFO] IPUIPlugin:80 - create IPUIPlugin
2025-12-06 18:05:52,198 [INFO] PluginManager:220 - loadIPPluginJar : add dma3
2025-12-06 18:05:52,259 [INFO] IPUIPlugin:80 - create IPUIPlugin
2025-12-06 18:05:52,259 [INFO] PluginManager:220 - loadIPPluginJar : add extmemmanager
2025-12-06 18:05:52,297 [INFO] IPUIPlugin:80 - create IPUIPlugin
2025-12-06 18:05:52,297 [INFO] PluginManager:220 - loadIPPluginJar : add fatfs
2025-12-06 18:05:52,361 [INFO] IPUIPlugin:80 - create IPUIPlugin
2025-12-06 18:05:52,362 [INFO] PluginManager:220 - loadIPPluginJar : add fmc
2025-12-06 18:05:52,379 [INFO] IPUIPlugin:80 - create IPUIPlugin
2025-12-06 18:05:52,379 [INFO] PluginManager:220 - loadIPPluginJar : add freertos
2025-12-06 18:05:52,407 [INFO] IPUIPlugin:80 - create IPUIPlugin
2025-12-06 18:05:52,407 [INFO] PluginManager:220 - loadIPPluginJar : add genericplugin
2025-12-06 18:05:52,519 [INFO] IPUIPlugin:80 - create IPUIPlugin
2025-12-06 18:05:52,519 [INFO] PluginManager:220 - loadIPPluginJar : add gfxmmu
2025-12-06 18:05:52,714 [INFO] IPUIPlugin:80 - create IPUIPlugin
2025-12-06 18:05:52,715 [INFO] PluginManager:220 - loadIPPluginJar : add gic
2025-12-06 18:05:52,727 [INFO] IPUIPlugin:80 - create IPUIPlugin
2025-12-06 18:05:52,728 [INFO] PluginManager:220 - loadIPPluginJar : add gpio
2025-12-06 18:05:52,832 [INFO] IPUIPlugin:80 - create IPUIPlugin
2025-12-06 18:05:52,834 [INFO] PluginManager:220 - loadIPPluginJar : add gtzc
2025-12-06 18:05:52,871 [INFO] IPUIPlugin:80 - create IPUIPlugin
2025-12-06 18:05:52,871 [INFO] PluginManager:220 - loadIPPluginJar : add hash
2025-12-06 18:05:52,933 [INFO] IPUIPlugin:80 - create IPUIPlugin
2025-12-06 18:05:52,934 [INFO] PluginManager:220 - loadIPPluginJar : add i2c
2025-12-06 18:05:52,976 [INFO] IPUIPlugin:80 - create IPUIPlugin
2025-12-06 18:05:52,976 [INFO] PluginManager:220 - loadIPPluginJar : add i2s
2025-12-06 18:05:53,023 [INFO] IPUIPlugin:80 - create IPUIPlugin
2025-12-06 18:05:53,023 [INFO] PluginManager:220 - loadIPPluginJar : add i3c
2025-12-06 18:05:53,130 [INFO] IPUIPlugin:80 - create IPUIPlugin
2025-12-06 18:05:53,131 [INFO] PluginManager:220 - loadIPPluginJar : add ipddr
2025-12-06 18:05:53,245 [INFO] IPUIPlugin:80 - create IPUIPlugin
2025-12-06 18:05:53,245 [INFO] PluginManager:220 - loadIPPluginJar : add linkedlist
2025-12-06 18:05:53,294 [INFO] IPUIPlugin:80 - create IPUIPlugin
2025-12-06 18:05:53,294 [INFO] PluginManager:220 - loadIPPluginJar : add lorawan
2025-12-06 18:05:53,337 [INFO] IPUIPlugin:80 - create IPUIPlugin
2025-12-06 18:05:53,338 [INFO] PluginManager:220 - loadIPPluginJar : add ltdc
2025-12-06 18:05:53,353 [INFO] IPUIPlugin:80 - create IPUIPlugin
2025-12-06 18:05:53,353 [INFO] PluginManager:220 - loadIPPluginJar : add mdma
2025-12-06 18:05:53,366 [INFO] IPUIPlugin:80 - create IPUIPlugin
2025-12-06 18:05:53,366 [INFO] PluginManager:220 - loadIPPluginJar : add nvic
2025-12-06 18:05:53,408 [INFO] IPUIPlugin:80 - create IPUIPlugin
2025-12-06 18:05:53,408 [INFO] PluginManager:220 - loadIPPluginJar : add opamp
2025-12-06 18:05:53,478 [INFO] IPUIPlugin:80 - create IPUIPlugin
2025-12-06 18:05:53,478 [INFO] PluginManager:220 - loadIPPluginJar : add openamp
2025-12-06 18:05:53,528 [INFO] IPUIPlugin:80 - create IPUIPlugin
2025-12-06 18:05:53,528 [INFO] PluginManager:220 - loadIPPluginJar : add pdm2pcm
2025-12-06 18:05:53,544 [INFO] IPUIPlugin:80 - create IPUIPlugin
2025-12-06 18:05:53,546 [INFO] PluginManager:220 - loadIPPluginJar : add plateformsettings
2025-12-06 18:05:53,581 [INFO] IPUIPlugin:80 - create IPUIPlugin
2025-12-06 18:05:53,581 [INFO] PluginManager:220 - loadIPPluginJar : add quadspi
2025-12-06 18:05:53,600 [INFO] IPUIPlugin:80 - create IPUIPlugin
2025-12-06 18:05:53,600 [INFO] PluginManager:220 - loadIPPluginJar : add resmgrutility
2025-12-06 18:05:53,667 [INFO] IPUIPlugin:80 - create IPUIPlugin
2025-12-06 18:05:53,667 [INFO] PluginManager:220 - loadIPPluginJar : add sai
2025-12-06 18:05:53,725 [INFO] IPUIPlugin:80 - create IPUIPlugin
2025-12-06 18:05:53,725 [INFO] PluginManager:220 - loadIPPluginJar : add spi
2025-12-06 18:05:53,811 [INFO] IPUIPlugin:80 - create IPUIPlugin
2025-12-06 18:05:53,811 [INFO] PluginManager:220 - loadIPPluginJar : add stm32_wpan
2025-12-06 18:05:53,842 [INFO] IPUIPlugin:80 - create IPUIPlugin
2025-12-06 18:05:53,842 [INFO] PluginManager:220 - loadIPPluginJar : add tim
2025-12-06 18:05:53,913 [INFO] IPUIPlugin:80 - create IPUIPlugin
2025-12-06 18:05:53,913 [INFO] PluginManager:220 - loadIPPluginJar : add touchsensing
2025-12-06 18:05:53,941 [INFO] IPUIPlugin:80 - create IPUIPlugin
2025-12-06 18:05:53,941 [INFO] PluginManager:220 - loadIPPluginJar : add tracer_emb
2025-12-06 18:05:53,970 [INFO] IPUIPlugin:80 - create IPUIPlugin
2025-12-06 18:05:53,970 [INFO] PluginManager:220 - loadIPPluginJar : add ts
2025-12-06 18:05:54,000 [INFO] IPUIPlugin:80 - create IPUIPlugin
2025-12-06 18:05:54,000 [INFO] PluginManager:220 - loadIPPluginJar : add tsc
2025-12-06 18:05:54,027 [INFO] IPUIPlugin:80 - create IPUIPlugin
2025-12-06 18:05:54,027 [INFO] PluginManager:220 - loadIPPluginJar : add ucpd
2025-12-06 18:05:54,079 [INFO] IPUIPlugin:80 - create IPUIPlugin
2025-12-06 18:05:54,079 [INFO] PluginManager:220 - loadIPPluginJar : add usart
2025-12-06 18:05:54,125 [INFO] IPUIPlugin:80 - create IPUIPlugin
2025-12-06 18:05:54,125 [INFO] PluginManager:220 - loadIPPluginJar : add usbx
2025-12-06 18:05:54,247 [INFO] CADModel:165 - CPN selected for project level
2025-12-06 18:05:54,247 [INFO] CADModel:114 - Register for checkConnection events
2025-12-06 18:05:54,248 [FATAL] Updater:308 - Updater called before beeing initialized
2025-12-06 18:05:54,248 [ERROR] CADModel:125 - Updater not yet initialized, retry later 
2025-12-06 18:05:54,321 [INFO] ThirdPartyUpdaterWithRetryManager:70 - Updater plugin not ready yet. [2/15]
2025-12-06 18:05:54,391 [INFO] CADModel:165 - CPN selected for project level
2025-12-06 18:05:54,392 [INFO] CADModel:114 - Register for checkConnection events
2025-12-06 18:05:54,392 [FATAL] Updater:308 - Updater called before beeing initialized
2025-12-06 18:05:54,392 [ERROR] CADModel:125 - Updater not yet initialized, retry later 
2025-12-06 18:05:54,395 [FATAL] Updater:308 - Updater called before beeing initialized
2025-12-06 18:05:54,482 [FATAL] Updater:308 - Updater called before beeing initialized
2025-12-06 18:05:54,494 [INFO] DbMcusAds:53 - JSON generation date=Mon Nov 10 16:13:01 IST 2025 (1762771381096)
2025-12-06 18:05:54,494 [FATAL] Updater:308 - Updater called before beeing initialized
2025-12-06 18:05:54,527 [WARN] DetailPanel:346 - Failed to get advertising image, set to default
2025-12-06 18:05:54,605 [FATAL] Updater:308 - Updater called before beeing initialized
2025-12-06 18:05:54,607 [FATAL] Updater:308 - Updater called before beeing initialized
2025-12-06 18:05:54,607 [FATAL] Updater:308 - Updater called before beeing initialized
2025-12-06 18:05:54,607 [WARN] DetailPanel:346 - Failed to get advertising image, set to default
2025-12-06 18:05:54,608 [FATAL] Updater:308 - Updater called before beeing initialized
2025-12-06 18:05:54,667 [ERROR] Updater:1120 - MainUpdater not yet initialized. External WinMGr cannot be set.
2025-12-06 18:05:54,679 [INFO] Updater:1056 - Updater Version found : 6.11.0
2025-12-06 18:05:54,700 [INFO] ApplicationProperties:184 - Using Application install path: C:\ST\STM32CubeIDE_1.15.0\STM32CubeIDE\plugins\com.st.stm32cube.common.mx_6.11.0.202403141607
2025-12-06 18:05:56,284 [ERROR] LogOutputStream:75 - [STDERR_REDIRECT] Dec 06, 2025 6:05:56 PM java.util.prefs.WindowsPreferences <init>
2025-12-06 18:05:56,284 [ERROR] LogOutputStream:75 - [STDERR_REDIRECT] WARNING: Could not open/create prefs root node Software\JavaSoft\Prefs at root 0xffffffff80000002. Windows RegCreateKeyEx(...) returned error code 5.
2025-12-06 18:05:56,285 [ERROR] LogOutputStream:75 - [STDERR_REDIRECT] 
2025-12-06 18:05:57,230 [INFO] MainUpdater:2873 - connection check result : 10
2025-12-06 18:05:57,230 [INFO] MainUpdater:3567 - Updater definition file requires update
2025-12-06 18:05:57,231 [INFO] MainUpdater:290 - Updater Check For Update Now.
2025-12-06 18:05:57,231 [INFO] MicroXplorer:498 - Change Database Version : DB.6.0.110
2025-12-06 18:05:57,263 [INFO] McuFinderGlobals:63 - Set McuFinder mode to 2 (CubeIDE integrated)
2025-12-06 18:05:57,280 [INFO] UserAuth:415 - Internet connection configuration mode: 1
2025-12-06 18:05:57,318 [INFO] JxBrowserEngine:152 - Initiate JxBrowser Engine with user profile folder
2025-12-06 18:05:57,322 [WARN] MainUpdater:1194 - Updater busy. Cannot search thirdparties
2025-12-06 18:05:57,322 [INFO] ThirdPartyUpdaterWithRetryManager:96 - Updater plugin is busy. [1/15]
2025-12-06 18:05:57,970 [INFO] ServerAccessManage:473 - Download File updaters.zip
2025-12-06 18:05:58,060 [INFO] FileExtend:240 - Unzip File : updaters.zip
2025-12-06 18:05:58,062 [INFO] FileExtend:255 - Standard Zip Deflate
2025-12-06 18:05:58,887 [INFO] ServerAccessManage:473 - Download File PacksControlFlags.xml
2025-12-06 18:05:59,361 [INFO] ServerAccessManage:473 - Download File cubemx.pidx
2025-12-06 18:05:59,474 [INFO] LoadServerUpdatesThread:375 - End of LoadServerUpdate Thread
2025-12-06 18:05:59,649 [INFO] CheckServerUpdateThread:120 - End of CheckServer Thread
2025-12-06 18:06:00,573 [INFO] WebApp:161 - Instantiating new browser for Auth
2025-12-06 18:06:00,624 [WARN] PackLoader:240 - Cannot read IP mode file for STMicroelectronics.FP-SNS-MOTENVWB1.1.4.0
2025-12-06 18:06:00,641 [WARN] PackLoader:240 - Cannot read IP mode file for STMicroelectronics.FP-ATR-ASTRA1.2.0.2
2025-12-06 18:06:00,659 [WARN] PackLoader:240 - Cannot read IP mode file for STMicroelectronics.X-CUBE-SMBUS.2.1.0
2025-12-06 18:06:00,675 [ERROR] Engine:466 - C:\Users\Aditya\.stm32cubemx\thirdparties\pdsc\STMicroelectronics.X-CUBE-ST60.1.0.0.pdsc: PDSC version is not supported
2025-12-06 18:06:00,688 [WARN] PackLoader:240 - Cannot read IP mode file for STMicroelectronics.X-CUBE-TOUCHGFX.4.23.2
2025-12-06 18:06:00,729 [WARN] PackLoader:240 - Cannot read IP mode file for STMicroelectronics.X-CUBE-AZRTOS-F7.1.1.0
2025-12-06 18:06:00,746 [ERROR] Engine:466 - C:\Users\Aditya\.stm32cubemx\thirdparties\pdsc\STMicroelectronics.FP-SNS-MOTENV1.5.1.0.pdsc: PDSC version is not supported
2025-12-06 18:06:00,762 [WARN] PackLoader:240 - Cannot read IP mode file for STMicroelectronics.FP-SNS-FLIGHT1.5.0.2
2025-12-06 18:06:00,798 [WARN] PackLoader:240 - Cannot read IP mode file for STMicroelectronics.X-CUBE-AZRTOS-H7.3.4.0
2025-12-06 18:06:00,829 [WARN] PackLoader:240 - Cannot read IP mode file for STMicroelectronics.X-CUBE-DISPLAY.3.0.0
2025-12-06 18:06:00,853 [WARN] PackLoader:240 - Cannot read IP mode file for STMicroelectronics.X-CUBE-BLE1.7.0.0
2025-12-06 18:06:00,867 [WARN] PackLoader:240 - Cannot read IP mode file for STMicroelectronics.X-CUBE-NFC10.1.0.0
2025-12-06 18:06:00,890 [WARN] PackLoader:240 - Cannot read IP mode file for STMicroelectronics.X-CUBE-BLEMGR.4.0.0
2025-12-06 18:06:00,907 [ERROR] Engine:466 - C:\Users\Aditya\.stm32cubemx\thirdparties\pdsc\STMicroelectronics.X-CUBE-ST60.1.1.0.pdsc: PDSC version is not supported
2025-12-06 18:06:00,921 [WARN] PackLoader:240 - Cannot read IP mode file for emotas.I-CUBE-CANOPEN.1.3.0
2025-12-06 18:06:00,934 [WARN] PackLoader:240 - Cannot read IP mode file for STMicroelectronics.X-CUBE-GNSS1.7.1.0
2025-12-06 18:06:00,948 [WARN] ConditionMgr:438 - getConditionDescription Invalid condition id : Cortex-A Device cause : null
2025-12-06 18:06:00,972 [WARN] ConditionMgr:1039 - genDependencies : Invalid condition id : Cortex-A Device cause : null
2025-12-06 18:06:00,972 [WARN] ConditionMgr:1039 - genDependencies : Invalid condition id : Cortex-A Device cause : null
2025-12-06 18:06:00,972 [WARN] ConditionMgr:1039 - genDependencies : Invalid condition id : Cortex-A Device cause : null
2025-12-06 18:06:00,990 [WARN] PackLoader:240 - Cannot read IP mode file for STMicroelectronics.X-CUBE-BLEMGR.3.1.0
2025-12-06 18:06:01,004 [WARN] PackLoader:240 - Cannot read IP mode file for STMicroelectronics.X-CUBE-AI.10.0.0
2025-12-06 18:06:01,016 [ERROR] Engine:466 - C:\Users\Aditya\.stm32cubemx\thirdparties\pdsc\STMicroelectronics.FP-SNS-STBOX1.2.1.0.pdsc: PDSC version is not supported
2025-12-06 18:06:01,029 [WARN] PackLoader:240 - Cannot read IP mode file for STMicroelectronics.FP-SNS-SMARTAG2.1.2.0
2025-12-06 18:06:01,041 [ERROR] Engine:466 - C:\Users\Aditya\.stm32cubemx\thirdparties\pdsc\STMicroelectronics.FP-SNS-FLIGHT1.5.1.0.pdsc: PDSC version is not supported
2025-12-06 18:06:01,061 [INFO] LogOutputStream:77 - [STDOUT_REDIRECT] 1 : Invalid condition id : UX_CORESTACK_Condition cause : null
2025-12-06 18:06:01,062 [INFO] LogOutputStream:77 - [STDOUT_REDIRECT] 1 : Invalid condition id : UX_CORESTACK_Condition cause : null
2025-12-06 18:06:01,063 [INFO] LogOutputStream:77 - [STDOUT_REDIRECT] 1 : Invalid condition id : UX_CORESTACK_Condition cause : null
2025-12-06 18:06:01,063 [INFO] LogOutputStream:77 - [STDOUT_REDIRECT] 1 : Invalid condition id : UX_CORESTACK_Condition cause : null
2025-12-06 18:06:01,064 [INFO] LogOutputStream:77 - [STDOUT_REDIRECT] 1 : Invalid condition id : UX_CORESTACK_Condition cause : null
2025-12-06 18:06:01,068 [WARN] PackLoader:240 - Cannot read IP mode file for STMicroelectronics.X-CUBE-AZRTOS-WL.2.0.0
2025-12-06 18:06:01,088 [WARN] PackLoader:240 - Cannot read IP mode file for STMicroelectronics.FP-SNS-MOTENV1.5.0.0
2025-12-06 18:06:01,126 [WARN] PackLoader:240 - Cannot read IP mode file for STMicroelectronics.X-CUBE-AZRTOS-H7RS.1.2.0
2025-12-06 18:06:01,145 [WARN] PackLoader:240 - Cannot read IP mode file for wolfSSL.I-CUBE-wolfMQTT.1.19.0
2025-12-06 18:06:01,163 [WARN] PackLoader:240 - Cannot read IP mode file for WES.I-CUBE-Cesium.1.3.0
2025-12-06 18:06:01,180 [WARN] PackLoader:240 - Cannot read IP mode file for STMicroelectronics.X-CUBE-BLE2.3.3.0
2025-12-06 18:06:01,192 [ERROR] Engine:466 - C:\Users\Aditya\.stm32cubemx\thirdparties\pdsc\Avnet-IOTCONNECT.X-CUBE-iotc-st67-sdk.1.0.0.pdsc: PDSC version is not supported
2025-12-06 18:06:01,207 [WARN] PackLoader:240 - Cannot read IP mode file for STMicroelectronics.X-CUBE-NFC9.1.0.0
2025-12-06 18:06:01,225 [WARN] PackLoader:240 - Cannot read IP mode file for STMicroelectronics.X-CUBE-BLE1.7.1.0
2025-12-06 18:06:01,252 [WARN] PackLoader:240 - Cannot read IP mode file for STMicroelectronics.X-CUBE-TCPP.4.1.0
2025-12-06 18:06:01,274 [ERROR] Engine:466 - C:\Users\Aditya\.stm32cubemx\thirdparties\pdsc\STMicroelectronics.X-CUBE-FREERTOS.1.4.0.pdsc: PDSC version is not supported
2025-12-06 18:06:01,292 [WARN] PackLoader:240 - Cannot read IP mode file for STMicroelectronics.X-CUBE-EEPRMA1.5.2.0
2025-12-06 18:06:01,311 [ERROR] Engine:466 - C:\Users\Aditya\.stm32cubemx\thirdparties\pdsc\STMicroelectronics.X-CUBE-ST67W61.1.1.0.pdsc: PDSC version is not supported
2025-12-06 18:06:01,330 [WARN] PackLoader:240 - Cannot read IP mode file for STMicroelectronics.X-CUBE-AI.10.1.0
2025-12-06 18:06:01,383 [WARN] PackLoader:240 - Cannot read IP mode file for STMicroelectronics.X-CUBE-MEMS1.12.0.0
2025-12-06 18:06:01,417 [INFO] WebApp:779 - Register for checkConnection events
2025-12-06 18:06:01,417 [INFO] WebApp:414 - Apply proxy settings
2025-12-06 18:06:01,417 [INFO] WebApp:499 - Chromium requires no authentication
2025-12-06 18:06:01,439 [INFO] WebApp:442 - Direct internet connection detected
2025-12-06 18:06:01,461 [WARN] PackLoader:240 - Cannot read IP mode file for STMicroelectronics.X-CUBE-ALGOBUILD.1.3.0
2025-12-06 18:06:01,519 [WARN] PackLoader:240 - Cannot read IP mode file for STMicroelectronics.X-CUBE-MEMS1.11.2.0
2025-12-06 18:06:01,719 [WARN] PackLoader:240 - Cannot read IP mode file for STMicroelectronics.X-CUBE-AZRTOS-G0.1.1.0
2025-12-06 18:06:01,750 [WARN] PackLoader:240 - Cannot read IP mode file for STMicroelectronics.X-CUBE-SAFEA1.1.2.2
2025-12-06 18:06:01,778 [WARN] PackLoader:240 - Cannot read IP mode file for STMicroelectronics.X-CUBE-NFC4.3.0.0
2025-12-06 18:06:01,809 [WARN] PackLoader:240 - Cannot read IP mode file for EmbeddedOffice.I-CUBE-FS-RTOS.1.0.1
2025-12-06 18:06:01,810 [ERROR] ConditionMgr:805 - Attr not supported : Dmpu
2025-12-06 18:06:01,810 [ERROR] ConditionMgr:805 - Attr not supported : Dmpu
2025-12-06 18:06:01,810 [ERROR] ConditionMgr:805 - Attr not supported : Dmpu
2025-12-06 18:06:01,810 [ERROR] ConditionMgr:805 - Attr not supported : Dmpu
2025-12-06 18:06:01,810 [ERROR] ConditionMgr:805 - Attr not supported : Dmpu
2025-12-06 18:06:01,811 [ERROR] ConditionMgr:805 - Attr not supported : Dmpu
2025-12-06 18:06:01,811 [ERROR] ConditionMgr:805 - Attr not supported : Dmpu
2025-12-06 18:06:01,811 [ERROR] ConditionMgr:805 - Attr not supported : Dmpu
2025-12-06 18:06:01,811 [ERROR] ConditionMgr:805 - Attr not supported : Dmpu
2025-12-06 18:06:01,811 [ERROR] ConditionMgr:805 - Attr not supported : Dmpu
2025-12-06 18:06:01,811 [ERROR] ConditionMgr:805 - Attr not supported : Dmpu
2025-12-06 18:06:01,811 [ERROR] ConditionMgr:805 - Attr not supported : Dmpu
2025-12-06 18:06:01,811 [ERROR] ConditionMgr:805 - Attr not supported : Dmpu
2025-12-06 18:06:01,812 [ERROR] ConditionMgr:805 - Attr not supported : Dmpu
2025-12-06 18:06:01,812 [ERROR] ConditionMgr:805 - Attr not supported : Dmpu
2025-12-06 18:06:01,812 [ERROR] ConditionMgr:805 - Attr not supported : Dmpu
2025-12-06 18:06:01,812 [ERROR] ConditionMgr:805 - Attr not supported : Dmpu
2025-12-06 18:06:01,812 [ERROR] ConditionMgr:805 - Attr not supported : Dmpu
2025-12-06 18:06:01,812 [ERROR] ConditionMgr:805 - Attr not supported : Dmpu
2025-12-06 18:06:01,812 [ERROR] ConditionMgr:805 - Attr not supported : Dmpu
2025-12-06 18:06:01,812 [ERROR] ConditionMgr:805 - Attr not supported : Dmpu
2025-12-06 18:06:01,812 [ERROR] ConditionMgr:805 - Attr not supported : Dmpu
2025-12-06 18:06:01,812 [ERROR] ConditionMgr:805 - Attr not supported : Dmpu
2025-12-06 18:06:01,812 [ERROR] ConditionMgr:805 - Attr not supported : Dmpu
2025-12-06 18:06:01,813 [ERROR] ConditionMgr:805 - Attr not supported : Dmpu
2025-12-06 18:06:01,813 [ERROR] ConditionMgr:805 - Attr not supported : Dmpu
2025-12-06 18:06:01,813 [ERROR] ConditionMgr:805 - Attr not supported : Dmpu
2025-12-06 18:06:01,813 [ERROR] ConditionMgr:805 - Attr not supported : Dmpu
2025-12-06 18:06:01,813 [ERROR] ConditionMgr:805 - Attr not supported : Dmpu
2025-12-06 18:06:01,813 [ERROR] ConditionMgr:805 - Attr not supported : Dmpu
2025-12-06 18:06:01,813 [ERROR] ConditionMgr:805 - Attr not supported : Dmpu
2025-12-06 18:06:01,813 [ERROR] ConditionMgr:805 - Attr not supported : Dmpu
2025-12-06 18:06:01,813 [ERROR] ConditionMgr:805 - Attr not supported : Dmpu
2025-12-06 18:06:01,813 [ERROR] ConditionMgr:805 - Attr not supported : Dmpu
2025-12-06 18:06:01,813 [ERROR] ConditionMgr:805 - Attr not supported : Dmpu
2025-12-06 18:06:01,813 [ERROR] ConditionMgr:805 - Attr not supported : Dmpu
2025-12-06 18:06:01,814 [ERROR] ConditionMgr:805 - Attr not supported : Dmpu
2025-12-06 18:06:01,814 [ERROR] ConditionMgr:805 - Attr not supported : Dmpu
2025-12-06 18:06:01,814 [ERROR] ConditionMgr:805 - Attr not supported : Dmpu
2025-12-06 18:06:01,814 [ERROR] ConditionMgr:805 - Attr not supported : Dmpu
2025-12-06 18:06:01,814 [ERROR] ConditionMgr:805 - Attr not supported : Dmpu
2025-12-06 18:06:01,814 [ERROR] ConditionMgr:805 - Attr not supported : Dmpu
2025-12-06 18:06:01,814 [ERROR] ConditionMgr:805 - Attr not supported : Dmpu
2025-12-06 18:06:01,814 [ERROR] ConditionMgr:805 - Attr not supported : Dmpu
2025-12-06 18:06:01,814 [ERROR] ConditionMgr:805 - Attr not supported : Dmpu
2025-12-06 18:06:01,814 [ERROR] ConditionMgr:805 - Attr not supported : Dmpu
2025-12-06 18:06:01,815 [ERROR] ConditionMgr:805 - Attr not supported : Dmpu
2025-12-06 18:06:01,815 [ERROR] ConditionMgr:805 - Attr not supported : Dmpu
2025-12-06 18:06:01,815 [ERROR] ConditionMgr:805 - Attr not supported : Dmpu
2025-12-06 18:06:01,815 [ERROR] ConditionMgr:805 - Attr not supported : Dmpu
2025-12-06 18:06:01,815 [ERROR] ConditionMgr:805 - Attr not supported : Dmpu
2025-12-06 18:06:01,815 [ERROR] ConditionMgr:805 - Attr not supported : Dmpu
2025-12-06 18:06:01,815 [ERROR] ConditionMgr:805 - Attr not supported : Dmpu
2025-12-06 18:06:01,816 [ERROR] ConditionMgr:805 - Attr not supported : Dmpu
2025-12-06 18:06:01,816 [ERROR] ConditionMgr:805 - Attr not supported : Dmpu
2025-12-06 18:06:01,817 [ERROR] ConditionMgr:805 - Attr not supported : Dmpu
2025-12-06 18:06:01,817 [ERROR] ConditionMgr:805 - Attr not supported : Dmpu
2025-12-06 18:06:01,817 [ERROR] ConditionMgr:805 - Attr not supported : Dmpu
2025-12-06 18:06:01,817 [ERROR] ConditionMgr:805 - Attr not supported : Dmpu
2025-12-06 18:06:01,817 [ERROR] ConditionMgr:805 - Attr not supported : Dmpu
2025-12-06 18:06:01,817 [ERROR] ConditionMgr:805 - Attr not supported : Dmpu
2025-12-06 18:06:01,817 [ERROR] ConditionMgr:805 - Attr not supported : Dmpu
2025-12-06 18:06:01,817 [ERROR] ConditionMgr:805 - Attr not supported : Dmpu
2025-12-06 18:06:01,817 [ERROR] ConditionMgr:805 - Attr not supported : Dmpu
2025-12-06 18:06:01,841 [WARN] PackLoader:240 - Cannot read IP mode file for STMicroelectronics.X-CUBE-WB05N.2.0.0
2025-12-06 18:06:01,864 [ERROR] Engine:466 - C:\Users\Aditya\.stm32cubemx\thirdparties\pdsc\STMicroelectronics.X-CUBE-TCPP.4.2.0.pdsc: PDSC version is not supported
2025-12-06 18:06:01,888 [WARN] PackLoader:240 - Cannot read IP mode file for RealThread.X-CUBE-RT-Thread_Nano.4.1.1
2025-12-06 18:06:01,913 [WARN] PackLoader:240 - Cannot read IP mode file for wolfSSL.I-CUBE-wolfSSL.5.7.0
2025-12-06 18:06:01,939 [WARN] PackLoader:240 - Cannot read IP mode file for STMicroelectronics.FP-ATR-SIGFOX1.3.2.0
2025-12-06 18:06:01,964 [WARN] PackLoader:240 - Cannot read IP mode file for STMicroelectronics.X-CUBE-EEPRMA1.5.1.0
2025-12-06 18:06:01,988 [WARN] PackLoader:240 - Cannot read IP mode file for ITTIA_DB.I-CUBE-ITTIADB.8.9.0
2025-12-06 18:06:02,001 [ERROR] Engine:466 - C:\Users\Aditya\.stm32cubemx\thirdparties\pdsc\STMicroelectronics.X-CUBE-ST67W61.1.0.0.pdsc: PDSC version is not supported
2025-12-06 18:06:02,024 [WARN] PackLoader:240 - Cannot read IP mode file for STMicroelectronics.X-CUBE-AI.10.2.0
2025-12-06 18:06:02,078 [WARN] PackLoader:240 - Cannot read IP mode file for SEGGER.I-CUBE-embOS.1.3.1
2025-12-06 18:06:02,150 [WARN] PackLoader:240 - Cannot read IP mode file for STMicroelectronics.X-CUBE-ALGOBUILD.1.4.0
2025-12-06 18:06:02,172 [INFO] WebApp:192 - Starting web application
2025-12-06 18:06:02,172 [INFO] WebApp:544 - Web application path used C:\ST\STM32CubeIDE_1.15.0\STM32CubeIDE\plugins\com.st.stm32cube.common.mx_6.11.0.202403141607\db\plugins\mcufinder\reactClient1\index.html
2025-12-06 18:06:02,206 [WARN] PackLoader:240 - Cannot read IP mode file for STMicroelectronics.X-CUBE-MEMS1.11.3.0
2025-12-06 18:06:02,350 [WARN] PackLoader:240 - Cannot read IP mode file for STMicroelectronics.X-CUBE-PM33A1.1.0.0
2025-12-06 18:06:02,370 [WARN] PackLoader:240 - Cannot read IP mode file for STMicroelectronics.X-CUBE-GNSS1.6.0.0
2025-12-06 18:06:02,407 [WARN] PackLoader:240 - Cannot read IP mode file for STMicroelectronics.X-CUBE-AZRTOS-F4.1.1.0
2025-12-06 18:06:02,428 [ERROR] Engine:466 - C:\Users\Aditya\.stm32cubemx\thirdparties\pdsc\Avnet-IotConnect.X-CUBE-IoTC-DA16k-PMOD.1.0.0.pdsc: PDSC version is not supported
2025-12-06 18:06:02,452 [WARN] PackLoader:240 - Cannot read IP mode file for STMicroelectronics.X-CUBE-ISPU.2.1.0
2025-12-06 18:06:02,474 [ERROR] Engine:466 - C:\Users\Aditya\.stm32cubemx\thirdparties\pdsc\STMicroelectronics.X-CUBE-IPS.3.2.0.pdsc: PDSC version is not supported
2025-12-06 18:06:02,494 [WARN] PackLoader:240 - Cannot read IP mode file for STMicroelectronics.X-CUBE-FREERTOS.1.2.0
2025-12-06 18:06:02,518 [WARN] PackLoader:240 - Cannot read IP mode file for STMicroelectronics.X-CUBE-NFC12.1.0.0
2025-12-06 18:06:02,564 [WARN] PackLoader:240 - Cannot read IP mode file for STMicroelectronics.X-CUBE-AZRTOS-L5.2.0.0
2025-12-06 18:06:02,590 [WARN] PackLoader:240 - Cannot read IP mode file for STMicroelectronics.X-CUBE-NFC6.3.1.0
2025-12-06 18:06:02,615 [WARN] PackLoader:240 - Cannot read IP mode file for STMicroelectronics.X-CUBE-DPower.1.2.0
2025-12-06 18:06:02,634 [WARN] PackLoader:240 - Cannot read IP mode file for STMicroelectronics.X-CUBE-AI.9.0.0
2025-12-06 18:06:02,654 [WARN] PackLoader:240 - Cannot read IP mode file for STMicroelectronics.X-CUBE-FREERTOS.1.3.1
2025-12-06 18:06:02,676 [WARN] PackLoader:240 - Cannot read IP mode file for STMicroelectronics.X-CUBE-NFC7.1.0.1
2025-12-06 18:06:02,706 [WARN] PackLoader:240 - Cannot read IP mode file for wolfSSL.I-CUBE-wolfTPM.3.2.0
2025-12-06 18:06:02,731 [WARN] PackLoader:240 - Cannot read IP mode file for STMicroelectronics.X-CUBE-TOUCHGFX.4.26.0
2025-12-06 18:06:02,758 [ERROR] Engine:466 - C:\Users\Aditya\.stm32cubemx\thirdparties\pdsc\STMicroelectronics.FP-SNS-STAIOTCFT.1.0.0.pdsc: PDSC version is not supported
2025-12-06 18:06:02,788 [WARN] PackLoader:240 - Cannot read IP mode file for STMicroelectronics.X-CUBE-DPower.1.3.0
2025-12-06 18:06:02,836 [WARN] ConditionMgr:438 - getConditionDescription Invalid condition id : LAN8742 Phy interface Condition cause : null
2025-12-06 18:06:02,836 [WARN] PackLoader:240 - Cannot read IP mode file for STMicroelectronics.X-CUBE-AZRTOS-L4.2.0.0
2025-12-06 18:06:02,837 [WARN] ConditionMgr:1039 - genDependencies : Invalid condition id : LAN8742 Phy interface Condition cause : null
2025-12-06 18:06:02,837 [WARN] ConditionMgr:1039 - genDependencies : Invalid condition id : LAN8742 Phy interface Condition cause : null
2025-12-06 18:06:02,838 [WARN] ConditionMgr:1039 - genDependencies : Invalid condition id : LAN8742 Phy interface Condition cause : null
2025-12-06 18:06:02,872 [WARN] PackLoader:240 - Cannot read IP mode file for STMicroelectronics.X-CUBE-SFXS2LP1.4.0.0
2025-12-06 18:06:02,916 [WARN] PackLoader:240 - Cannot read IP mode file for STMicroelectronics.X-CUBE-AZRTOS-H7.3.3.0
2025-12-06 18:06:02,951 [ERROR] Engine:466 - C:\Users\Aditya\.stm32cubemx\thirdparties\pdsc\STMicroelectronics.X-CUBE-BLEMGR.4.1.0.pdsc: PDSC version is not supported
2025-12-06 18:06:03,002 [WARN] ConditionMgr:438 - getConditionDescription Invalid condition id : UX DEVICE CLASS RTOS Condition cause : null
2025-12-06 18:06:03,002 [WARN] ConditionMgr:438 - getConditionDescription Invalid condition id : UX DEVICE CLASS RTOS Condition cause : null
2025-12-06 18:06:03,004 [WARN] PackLoader:240 - Cannot read IP mode file for STMicroelectronics.X-CUBE-AZRTOS-WB.2.0.0
2025-12-06 18:06:03,004 [WARN] ConditionMgr:1039 - genDependencies : Invalid condition id : UX DEVICE CLASS RTOS Condition cause : null
2025-12-06 18:06:03,004 [WARN] ConditionMgr:1039 - genDependencies : Invalid condition id : UX DEVICE CLASS RTOS Condition cause : null
2025-12-06 18:06:03,004 [WARN] ConditionMgr:1039 - genDependencies : Invalid condition id : UX DEVICE CLASS RTOS Condition cause : null
2025-12-06 18:06:03,005 [WARN] ConditionMgr:1039 - genDependencies : Invalid condition id : UX DEVICE CLASS RTOS Condition cause : null
2025-12-06 18:06:03,005 [WARN] ConditionMgr:1039 - genDependencies : Invalid condition id : UX DEVICE CLASS RTOS Condition cause : null
2025-12-06 18:06:03,034 [WARN] PackLoader:240 - Cannot read IP mode file for STMicroelectronics.X-CUBE-GNSS1.7.0.1
2025-12-06 18:06:03,066 [WARN] PackLoader:240 - Cannot read IP mode file for STMicroelectronics.X-CUBE-TOUCHGFX.4.25.0
2025-12-06 18:06:03,099 [WARN] PackLoader:240 - Cannot read IP mode file for STMicroelectronics.FP-SNS-STBOX1.2.0.0
2025-12-06 18:06:03,135 [WARN] PackLoader:240 - Cannot read IP mode file for STMicroelectronics.X-CUBE-SUBG2.5.0.0
2025-12-06 18:06:03,181 [WARN] PackLoader:240 - Cannot read IP mode file for STMicroelectronics.X-CUBE-AZRTOS-H7RS.1.1.0
2025-12-06 18:06:03,250 [WARN] PackLoader:240 - Cannot read IP mode file for Cesanta.I-CUBE-Mongoose.7.13.0
2025-12-06 18:06:03,297 [WARN] PackLoader:240 - Cannot read IP mode file for STMicroelectronics.X-CUBE-AZRTOS-G4.2.0.0
2025-12-06 18:06:03,325 [WARN] PackLoader:240 - Cannot read IP mode file for STMicroelectronics.X-CUBE-NFC7.2.0.0
2025-12-06 18:06:03,354 [WARN] PackLoader:240 - Cannot read IP mode file for STMicroelectronics.X-CUBE-ISPU.2.0.0
2025-12-06 18:06:03,386 [ERROR] Engine:466 - C:\Users\Aditya\.stm32cubemx\thirdparties\pdsc\STMicroelectronics.X-CUBE-IPS.3.1.0.pdsc: PDSC version is not supported
2025-12-06 18:06:03,415 [WARN] PackLoader:240 - Cannot read IP mode file for STMicroelectronics.X-CUBE-ALS.1.0.2
2025-12-06 18:06:03,473 [WARN] PackLoader:240 - Cannot read IP mode file for STMicroelectronics.X-CUBE-MEMS1.10.0.0
2025-12-06 18:06:03,550 [WARN] PackLoader:240 - Cannot read IP mode file for STMicroelectronics.X-CUBE-FREERTOS.1.1.0
2025-12-06 18:06:03,573 [WARN] PackLoader:240 - Cannot read IP mode file for STMicroelectronics.X-CUBE-TOUCHGFX.4.24.0
2025-12-06 18:06:03,599 [WARN] PackLoader:240 - Cannot read IP mode file for STMicroelectronics.X-CUBE-STSE01.1.0.0
2025-12-06 18:06:03,623 [WARN] PackLoader:240 - Cannot read IP mode file for portGmbH.I-Cube-SoM-uGOAL.1.1.0
2025-12-06 18:06:03,647 [WARN] PackLoader:240 - Cannot read IP mode file for STMicroelectronics.X-CUBE-ALS.1.0.1
2025-12-06 18:06:03,679 [WARN] PackLoader:240 - Cannot read IP mode file for STMicroelectronics.X-CUBE-AZRTOS-H7RS.1.0.0
2025-12-06 18:06:03,704 [WARN] PackLoader:240 - Cannot read IP mode file for STMicroelectronics.FP-ATR-ASTRA1.2.0.0
2025-12-06 18:06:03,733 [WARN] PackLoader:240 - Cannot read IP mode file for STMicroelectronics.X-CUBE-TOF1.3.4.2
2025-12-06 18:06:03,762 [ERROR] Engine:466 - C:\Users\Aditya\.stm32cubemx\thirdparties\pdsc\STMicroelectronics.X-CUBE-TOF1.3.4.3.pdsc: PDSC version is not supported
2025-12-06 18:06:03,788 [WARN] PackLoader:240 - Cannot read IP mode file for STMicroelectronics.X-CUBE-TOF1.3.4.1
2025-12-06 18:06:03,828 [WARN] PackLoader:240 - Cannot read IP mode file for STMicroelectronics.X-CUBE-AZRTOS-H7.3.2.0
2025-12-06 18:06:03,861 [WARN] PackLoader:240 - Cannot read IP mode file for Infineon.AIROC-Wi-Fi-Bluetooth-STM32.1.6.0
2025-12-06 18:06:03,885 [WARN] PackLoader:240 - Cannot read IP mode file for wolfSSL.I-CUBE-wolfSSH.1.4.17
2025-12-06 18:06:03,885 [INFO] ThirdParty:978 - Integrity check success = true
2025-12-06 18:06:03,886 [INFO] IntegrityCheckThread:100 - exiting critical section [integrity check]
2025-12-06 18:06:03,886 [INFO] IntegrityCheckThread:103 - End integrity checks thread
2025-12-06 18:07:18,479 [INFO] McuFinderGlobals:63 - Set McuFinder mode to 2 (CubeIDE integrated)
2025-12-06 18:07:18,512 [INFO] MainUpdater:2873 - connection check result : 10
2025-12-06 18:07:18,521 [INFO] MainUpdater:2873 - connection check result : 10
2025-12-06 18:07:18,728 [INFO] MicroXplorer:468 - Change Database Path : 
2025-12-06 18:07:18,728 [INFO] MicroXplorer:498 - Change Database Version : DB.6.0.110
2025-12-06 18:07:18,732 [WARN] ThirdParty:871 - waiting for thirdparty lock release [close project]
2025-12-06 18:07:18,732 [INFO] ThirdParty:873 - entering critical section [close project]
2025-12-06 18:07:18,732 [INFO] ThirdParty:883 - exiting critical section [close project]
2025-12-06 18:07:18,733 [INFO] PinOutPanel:1561 - setPackage(No Configuration,No Configuration)
2025-12-06 18:07:18,736 [INFO] UtilMem:75 - Begin LoadConfig() Used Memory: 550323304 Bytes (881852416)
2025-12-06 18:07:18,737 [INFO] MicroXplorer:468 - Change Database Path : 
2025-12-06 18:07:18,737 [INFO] MicroXplorer:498 - Change Database Version : DB.6.0.110
2025-12-06 18:07:18,737 [INFO] OpenFileManager:312 - Change cursor
2025-12-06 18:07:18,766 [INFO] Mcu:2021 - Initializing MCU STM32F446R(C-E)Tx STM32F446RETx STM32F446RET6
2025-12-06 18:07:20,482 [INFO] Context:663 - Trying to add GPIOservice into a context  which must be forbidden
2025-12-06 18:07:21,016 [INFO] RtosManager:555 - Registered RTOS mode: class=CMSIS, group=RTOS, mode=CMSIS_V1, owner=FREERTOS
2025-12-06 18:07:21,016 [INFO] RtosManager:555 - Registered RTOS mode: class=CMSIS, group=RTOS2, mode=CMSIS_V2, owner=FREERTOS
2025-12-06 18:07:21,016 [INFO] RtosManager:555 - Registered RTOS mode: class=RTOS, group=Core, mode=CMSIS_V1, owner=FREERTOS
2025-12-06 18:07:21,016 [INFO] RtosManager:555 - Registered RTOS mode: class=RTOS, group=Core, mode=CMSIS_V2, owner=FREERTOS
2025-12-06 18:07:21,017 [WARN] ModelIntegratedComponent:184 - Missing modes for component STMicroelectronics:FreeRTOS:0.0.1:STMicroelectronics:RTOS:FreeRTOS:Core:::10.2.0:
2025-12-06 18:07:21,028 [WARN] ModelIntegratedComponent:63 - No mode defined for component null
2025-12-06 18:07:21,029 [WARN] ModelIntegratedComponent:63 - No mode defined for component null
2025-12-06 18:07:21,029 [WARN] ModelIntegratedComponent:63 - No mode defined for component null
2025-12-06 18:07:21,029 [WARN] ModelIntegratedComponent:63 - No mode defined for component null
2025-12-06 18:07:21,029 [WARN] ModelIntegratedComponent:63 - No mode defined for component null
2025-12-06 18:07:21,029 [WARN] ModelIntegratedComponent:63 - No mode defined for component null
2025-12-06 18:07:21,029 [WARN] ModelIntegratedComponent:63 - No mode defined for component null
2025-12-06 18:07:21,029 [WARN] ModelIntegratedComponent:63 - No mode defined for component null
2025-12-06 18:07:21,029 [WARN] ModelIntegratedComponent:63 - No mode defined for component null
2025-12-06 18:07:21,029 [WARN] ModelIntegratedComponent:63 - No mode defined for component null
2025-12-06 18:07:21,029 [WARN] ModelIntegratedComponent:63 - No mode defined for component null
2025-12-06 18:07:21,029 [WARN] ModelIntegratedComponent:63 - No mode defined for component null
2025-12-06 18:07:21,029 [WARN] ModelIntegratedComponent:63 - No mode defined for component null
2025-12-06 18:07:21,029 [WARN] ModelIntegratedComponent:63 - No mode defined for component null
2025-12-06 18:07:21,029 [WARN] ModelIntegratedComponent:63 - No mode defined for component null
2025-12-06 18:07:21,029 [WARN] ModelIntegratedComponent:63 - No mode defined for component null
2025-12-06 18:07:21,029 [WARN] ModelIntegratedComponent:63 - No mode defined for component null
2025-12-06 18:07:21,029 [WARN] ModelIntegratedComponent:63 - No mode defined for component null
2025-12-06 18:07:21,029 [WARN] ModelIntegratedComponent:63 - No mode defined for component null
2025-12-06 18:07:21,029 [WARN] ModelIntegratedComponent:63 - No mode defined for component null
2025-12-06 18:07:21,029 [WARN] ModelIntegratedComponent:63 - No mode defined for component null
2025-12-06 18:07:21,029 [WARN] ModelIntegratedComponent:63 - No mode defined for component null
2025-12-06 18:07:21,029 [WARN] ModelIntegratedComponent:63 - No mode defined for component null
2025-12-06 18:07:21,029 [WARN] ModelIntegratedComponent:63 - No mode defined for component null
2025-12-06 18:07:21,029 [WARN] ModelIntegratedComponent:63 - No mode defined for component null
2025-12-06 18:07:21,029 [WARN] ModelIntegratedComponent:63 - No mode defined for component null
2025-12-06 18:07:21,029 [WARN] ModelIntegratedComponent:63 - No mode defined for component null
2025-12-06 18:07:21,029 [WARN] ModelIntegratedComponent:63 - No mode defined for component null
2025-12-06 18:07:21,029 [WARN] ModelIntegratedComponent:63 - No mode defined for component null
2025-12-06 18:07:21,029 [WARN] ModelIntegratedComponent:63 - No mode defined for component null
2025-12-06 18:07:21,029 [WARN] ModelIntegratedComponent:63 - No mode defined for component null
2025-12-06 18:07:21,029 [WARN] ModelIntegratedComponent:63 - No mode defined for component null
2025-12-06 18:07:21,029 [WARN] ModelIntegratedComponent:63 - No mode defined for component null
2025-12-06 18:07:21,029 [WARN] ModelIntegratedComponent:63 - No mode defined for component null
2025-12-06 18:07:21,266 [INFO] ThirdPartyModel:298 - Start build external matchings
2025-12-06 18:07:22,174 [INFO] ThirdPartyModel:316 - End build external matchings
2025-12-06 18:07:22,205 [INFO] ImportTextPane:194 - (OptionalMessage_ERROR) IP (RCC) : Invalid parameter (48MHZClocksFreq_Value)
2025-12-06 18:07:22,205 [INFO] ImportTextPane:194 - (OptionalMessage_ERROR) IP (RCC) : Invalid parameter (EthernetFreq_Value)
2025-12-06 18:07:22,207 [INFO] ImportTextPane:194 - (OptionalMessage_ERROR) IP (RCC) : Parameter (FLatency) has Id (AdvancedSettings) currently not set
2025-12-06 18:07:22,207 [INFO] ImportTextPane:194 - (OptionalMessage_ERROR) IP (RCC) : Invalid parameter (FamilyName)
2025-12-06 18:07:22,207 [INFO] ImportTextPane:194 - (OptionalMessage_ERROR) IP (RCC) : Invalid parameter (I2SClocksFreq_Value)
2025-12-06 18:07:22,207 [INFO] ImportTextPane:194 - (OptionalMessage_ERROR) IP (RCC) : Parameter (MCO2PinFreq_Value) has invalid value (180000000)
2025-12-06 18:07:22,208 [INFO] ImportTextPane:194 - (OptionalMessage_ERROR) IP (RCC) : Parameter (SDIOFreq_Value) has invalid value (180000000)
2025-12-06 18:07:22,208 [INFO] ImportTextPane:194 - (OptionalMessage_ERROR) IP (RCC) : Parameter (USBFreq_Value) has invalid value (180000000)
2025-12-06 18:07:22,208 [INFO] ImportTextPane:194 - (OptionalMessage_ERROR) IP (RCC) : Invalid parameter (VCOInputMFreq_Value)
2025-12-06 18:07:22,208 [INFO] ImportTextPane:194 - (OptionalMessage_ERROR) IP (RCC) : Invalid parameter (VcooutputI2S)
2025-12-06 18:07:22,614 [INFO] ApiDb:581 - Connected to CubeFinder SQLite database (C:\Users\Aditya\.stmcufinder\plugins\mcufinder\mcu\cube-finder-db.db)
2025-12-06 18:07:22,700 [INFO] ApiDb:668 - CubeFinder database Data Model version=2.1
2025-12-06 18:07:22,700 [INFO] ApiDb:669 - CubeFinder database Configuration version=3.0.39
2025-12-06 18:07:22,700 [INFO] ApiDb:670 - CubeFinder database generation date=2025-11-05 (1762334721)
2025-12-06 18:07:22,700 [INFO] ApiDb:671 - CubeFinder database FW Pack versions=[FP-ATR-ASTRA1_V2.0.0, FP-SNS-FLIGHT1_V5.1.0, FP-SNS-MOTENV1_V5.1.0, FP-SNS-MOTENVWB1_V1.4.0, FP-SNS-SMARTAG2_V1.2.0, FP-SNS-STBOX1_V2.1.0, STM32Cube_FW_C0_V1.4.0, STM32Cube_FW_F4_V1.28.3, STM32Cube_FW_F7_V1.17.4, STM32Cube_FW_G0_V1.6.2, STM32Cube_FW_G4_V1.6.1, STM32Cube_FW_H5_V1.5.1, STM32Cube_FW_H7RS_V1.3.0, STM32Cube_FW_H7_V1.12.1, STM32Cube_FW_L0_V1.12.2, STM32Cube_FW_L4_V1.18.1, STM32Cube_FW_L5_V1.6.0, STM32Cube_FW_N6_V1.3.0, STM32Cube_FW_U0_V1.3.0, STM32Cube_FW_U3_V1.2.1, STM32Cube_FW_U5_V1.8.0, STM32Cube_FW_WB0_V1.4.0, STM32Cube_FW_WBA_V1.8.0, STM32Cube_FW_WB_V1.24.0, STM32Cube_FW_WL3_V1.3.0, STM32Cube_FW_WL_V1.4.0, X-CUBE-ALGOBUILD_V1.4.0, X-CUBE-ALS_V1.0.2, X-CUBE-AZRTOS-F4_V1.1.0, X-CUBE-AZRTOS-F7_V1.1.0, X-CUBE-AZRTOS-G0_V1.1.0, X-CUBE-AZRTOS-G4_V2.0.0, X-CUBE-AZRTOS-H7RS_V1.1.0, X-CUBE-AZRTOS-H7_V3.4.0, X-CUBE-AZRTOS-L4_V2.0.0, X-CUBE-AZRTOS-L5_V2.0.0, X-CUBE-AZRTOS-WB_V2.0.0, X-CUBE-AZRTOS-WL_V2.0.0, X-CUBE-BLE1_V7.1.0, X-CUBE-BLE2_V3.3.0, X-CUBE-BLEMGR_V4.1.0, X-CUBE-EEPRMA1_V5.2.0, X-CUBE-FREERTOS_V1.3.1, X-CUBE-GNSS1_V6.0.0, X-CUBE-MEMS1_V11.3.0, X-CUBE-NFC4_V3.0.0, X-CUBE-NFC7_V2.0.0, X-CUBE-SFXS2LP1_V4.0.0, X-CUBE-ST67W61_V1.1.0, X-CUBE-SUBG2_V5.0.0, X-CUBE-TOF1_V3.4.3]
2025-12-06 18:07:22,793 [INFO] DbBoardsSqlite:226 - include board P-NUCLEO-WB55-NUCLEO as a kit item of type 'Nucleo-64'
2025-12-06 18:07:22,794 [INFO] DbBoardsSqlite:226 - include board P-NUCLEO-WB55-USBDONGLE as a kit item of type 'Nucleo USB Dongle'
2025-12-06 18:07:22,794 [INFO] DbBoardsSqlite:226 - include board STEVAL-IDP005V1 as a kit item of type 'Evaluation Board'
2025-12-06 18:07:22,795 [INFO] DbBoardsSqlite:226 - include board STEVAL-IDP005V2 as a kit item of type 'Evaluation Board'
2025-12-06 18:07:23,242 [INFO] ApiDb:240 - Found 483 in-development CPN: [B-G473E-ZEST1S, B-WB1M-WPAN1, B-WL5M-SUBG1, NUCLEO-C031C6, NUCLEO-H503RB, NUCLEO-H533RE, NUCLEO-H563ZI, NUCLEO-H7S3L8, NUCLEO-U031R8, NUCLEO-U083RC, NUCLEO-U545RE-Q, NUCLEO-U5A5ZJ-Q, NUCLEO-WBA52CG, NUCLEO-WBA55CG, STEVAL-PROTEUS1, STEVAL-SMARTAG2, STEVAL-STWINBX1, STM320518-EVAL, STM32C0116-DK, STM32C011D6Y3TR, STM32C011D6Y6TR, STM32C011F4P3, STM32C011F4P6, STM32C011F4U3, STM32C011F4U6TR, STM32C011F6P3, STM32C011F6P6, STM32C011F6U3, STM32C011F6U6TR, STM32C011J4M3, STM32C011J4M6, STM32C011J6M3, STM32C011J6M6, STM32C0316-DK, STM32C031C4T3, STM32C031C4T6, STM32C031C4U3, STM32C031C4U6, STM32C031C6T3, STM32C031C6T6, STM32C031C6U3, STM32C031C6U6, STM32C031F4P3, STM32C031F4P6, STM32C031F6P3, STM32C031F6P6, STM32C031G4U3, STM32C031G4U6, STM32C031G6U3, STM32C031G6U6, STM32C031K4T3, STM32C031K4T6, STM32C031K4U3, STM32C031K4U6, STM32C031K6T3, STM32C031K6T6, STM32C031K6U3, STM32C031K6U6, STM32G071K8TXN, STM32G071K8UXN, STM32G081GBU6N, STM32G081KBT6N, STM32G081KBUXN, STM32G0B1CCT6N, STM32G0B1KCT6, STM32G0B1NEY6TR, STM32G0B1RCT6N, STM32G0C1CCT6, STM32G0C1CCT6N, STM32G0C1CCU6N, STM32G0C1CET6N, STM32G0C1CEU6N, STM32G0C1KCT6, STM32G0C1NEY6TR, STM32G0C1RCI6N, STM32G0C1RCT6N, STM32G0C1REI6N, STM32G0C1RET6N, STM32G0C1VCI6, STM32G0C1VEI6, STM32G471CCT6, STM32G471CCU6, STM32G471CET3, STM32G471CET6, STM32G471CEU3, STM32G471CEU6, STM32G471MCT6, STM32G471MET3, STM32G471MET6, STM32G471MEY6TR, STM32G471QCT6, STM32G471QET3, STM32G471RCT6, STM32G471RET3, STM32G471RET6, STM32G471VCH6, STM32G471VCI6, STM32G471VCT6, STM32G471VEH3, STM32G471VEH6, STM32G471VEI3, STM32G471VEI6, STM32G471VET3, STM32G471VET6, STM32G474CCT6, STM32H503CBT6, STM32H503CBU6, STM32H503EBY6TR, STM32H503KBU6, STM32H503RBT6, STM32H523CCT6, STM32H523CCU6, STM32H523CET6, STM32H523CEU6, STM32H523HEY6TR, STM32H523RCT6, STM32H523RET6, STM32H523VCI6, STM32H523VCT6, STM32H523VEI6, STM32H523VET6, STM32H523ZCJ6, STM32H523ZCT6, STM32H523ZEJ6, STM32H523ZET6, STM32H533CET6, STM32H533CEU6, STM32H533HEY6TR, STM32H533RET6, STM32H533VEI6, STM32H533VET6, STM32H533ZEJ6, STM32H533ZET6, STM32H562AGI6, STM32H562AII6, STM32H562IGK6, STM32H562IGT6, STM32H562IIK6, STM32H562IIT6, STM32H562RGT6, STM32H562RGV6, STM32H562RIT6, STM32H562RIV6, STM32H562VGT6, STM32H562VIT6, STM32H562ZGT6, STM32H562ZIT6, STM32H563AGI6, STM32H563AII3Q, STM32H563AII6, STM32H563IGK6, STM32H563IGT6, STM32H563IIK3Q, STM32H563IIK6, STM32H563IIT3Q, STM32H563IIT6, STM32H563MIY3QTR, STM32H563RGT6, STM32H563RGV6, STM32H563RIT6, STM32H563RIV6, STM32H563VGT6, STM32H563VIT3Q, STM32H563VIT6, STM32H563ZGT6, STM32H563ZIT3Q, STM32H563ZIT6, STM32H573AII3Q, STM32H573AII6, STM32H573I-DK, STM32H573IIK3Q, STM32H573IIK6, STM32H573IIT3Q, STM32H573IIT6, STM32H573MIY3QTR, STM32H573RIT6, STM32H573RIV6, STM32H573VIT3Q, STM32H573VIT6, STM32H573ZIT3Q, STM32H573ZIT6, STM32H7R3A8I6, STM32H7R3I8K6, STM32H7R3I8T6, STM32H7R3L8H6, STM32H7R3L8H6H, STM32H7R3R8V6, STM32H7R3V8H6, STM32H7R3V8T6, STM32H7R3V8Y6, STM32H7R3Z8J6, STM32H7R3Z8T6, STM32H7R7A8I6, STM32H7R7I8K6, STM32H7R7I8T6, STM32H7R7L8H6, STM32H7R7L8H6H, STM32H7R7Z8J6, STM32H7S3A8I6, STM32H7S3I8K6, STM32H7S3I8T6, STM32H7S3L8H6, STM32H7S3L8H6H, STM32H7S3R8V6, STM32H7S3V8H6, STM32H7S3V8T6, STM32H7S3V8Y6, STM32H7S3Z8J6, STM32H7S3Z8T6, STM32H7S78-DK, STM32H7S7A8I6, STM32H7S7I8K6, STM32H7S7I8T6, STM32H7S7L8H6, STM32H7S7L8H6H, STM32H7S7Z8J6, STM32L4R5QGI6STR, STM32MP131AAE3, STM32MP131AAF3, STM32MP131AAG3, STM32MP131CAE3, STM32MP131CAF3, STM32MP131CAG3, STM32MP131DAE7, STM32MP131DAF7, STM32MP131DAG7, STM32MP131FAE7, STM32MP131FAF7, STM32MP131FAG7, STM32MP133AAE3, STM32MP133AAF3, STM32MP133AAG3, STM32MP133CAE3, STM32MP133CAF3, STM32MP133CAG3, STM32MP133DAE7, STM32MP133DAF7, STM32MP133DAG7, STM32MP133FAE7, STM32MP133FAF7, STM32MP133FAG7, STM32MP135AAE3, STM32MP135AAF3, STM32MP135AAG3, STM32MP135CAE3, STM32MP135CAF3, STM32MP135CAG3, STM32MP135DAE7, STM32MP135DAF7, STM32MP135DAG7, STM32MP135F-DK, STM32MP135FAE7, STM32MP135FAF7, STM32MP135FAF7T, STM32MP135FAF7U, STM32MP135FAG7, STM32U031C6T6, STM32U031C6U6, STM32U031C8T6, STM32U031C8U6, STM32U031F4P6, STM32U031F6P6, STM32U031F8P6, STM32U031G6Y6TR, STM32U031G8Y6TR, STM32U031K4U6, STM32U031K6U6, STM32U031K8U6, STM32U031R6I6, STM32U031R6T6, STM32U031R8I6, STM32U031R8T6, STM32U073C8T6, STM32U073C8U6, STM32U073CBT6, STM32U073CBU6, STM32U073CCT6, STM32U073CCU6, STM32U073H8Y6TR, STM32U073HBY6TR, STM32U073HCY6TR, STM32U073K8U6, STM32U073KBU6, STM32U073KCU6, STM32U073M8I6, STM32U073M8T6, STM32U073MBI6, STM32U073MBT6, STM32U073MCI6, STM32U073MCT6, STM32U073R8I6, STM32U073R8T6, STM32U073RBI6, STM32U073RBT6, STM32U073RCI6, STM32U073RCT6, STM32U083C-DK, STM32U083CCT6, STM32U083CCU6, STM32U083HCY6TR, STM32U083KCU6, STM32U083MCI6, STM32U083MCT6, STM32U083RCI6, STM32U083RCT6, STM32U535CBT6, STM32U535CBT6Q, STM32U535CBU6, STM32U535CBU6Q, STM32U535CCT6, STM32U535CCT6Q, STM32U535CCU6, STM32U535CCU6Q, STM32U535CET6, STM32U535CET6Q, STM32U535CEU6, STM32U535CEU6Q, STM32U535JEY6QTR, STM32U535NCY6QTR, STM32U535NEY6QTR, STM32U535RBI6, STM32U535RBI6Q, STM32U535RBT6, STM32U535RBT6Q, STM32U535RCI6, STM32U535RCI6Q, STM32U535RCT6, STM32U535RCT6Q, STM32U535REI6, STM32U535REI6Q, STM32U535RET6, STM32U535RET6Q, STM32U535VCI6, STM32U535VCI6Q, STM32U535VCT6, STM32U535VCT6Q, STM32U535VEI6, STM32U535VEI6Q, STM32U535VET6, STM32U535VET6Q, STM32U545CET6, STM32U545CET6Q, STM32U545CEU6, STM32U545CEU6Q, STM32U545JEY6QTR, STM32U545NEY6QTR, STM32U545REI6, STM32U545REI6Q, STM32U545RET6, STM32U545RET6Q, STM32U545VEI6, STM32U545VEI6Q, STM32U545VET6, STM32U545VET6Q, STM32U595AIH6, STM32U595AIH6Q, STM32U595AJH6, STM32U595AJH6Q, STM32U595QII6, STM32U595QII6Q, STM32U595QJI6, STM32U595QJI6Q, STM32U595RIT6, STM32U595RIT6Q, STM32U595RJT6, STM32U595RJT6Q, STM32U595VIT6, STM32U595VIT6Q, STM32U595VJT6, STM32U595VJT6Q, STM32U595ZIT6, STM32U595ZIT6Q, STM32U595ZIY6QTR, STM32U595ZJT6, STM32U595ZJT6Q, STM32U595ZJY6QTR, STM32U599BJY6QTR, STM32U599NIH6Q, STM32U599NJH6Q, STM32U599VIT6Q, STM32U599VJT6, STM32U599VJT6Q, STM32U599ZIT6Q, STM32U599ZIY6QTR, STM32U599ZJT6Q, STM32U599ZJY6QTR, STM32U5A5AJH6, STM32U5A5AJH6Q, STM32U5A5QII3Q , STM32U5A5QJI6, STM32U5A5QJI6Q, STM32U5A5RJT6, STM32U5A5RJT6Q, STM32U5A5VJT6, STM32U5A5VJT6Q, STM32U5A5ZJT6, STM32U5A5ZJT6Q, STM32U5A5ZJY6QTR, STM32U5A9BJY6QTR, STM32U5A9J-DK, STM32U5A9NJH6Q, STM32U5A9VJT6Q, STM32U5A9ZJT6Q, STM32U5A9ZJY6QTR, STM32U5F7VIT6, STM32U5F7VIT6Q, STM32U5F7VJT6, STM32U5F7VJT6Q, STM32U5F9BJY6QTR, STM32U5F9NJH6Q, STM32U5F9VIT6Q, STM32U5F9VJT6Q, STM32U5F9ZIJ6QTR, STM32U5F9ZIT6Q, STM32U5F9ZJJ6QTR, STM32U5F9ZJT6Q, STM32U5G7VJT6, STM32U5G7VJT6Q, STM32U5G9BJY6QTR, STM32U5G9J-DK1, STM32U5G9J-DK2, STM32U5G9NJH6Q, STM32U5G9VJT6Q, STM32U5G9ZJJ6QTR, STM32U5G9ZJT6Q, STM32WB1MMCH6, STM32WBA50KEU6, STM32WBA50KEU6TR, STM32WBA50KGU6, STM32WBA50KGU6TR, STM32WBA52CEU6, STM32WBA52CEU6TR, STM32WBA52CEU7, STM32WBA52CEU7TR, STM32WBA52CGU6, STM32WBA52CGU6TR, STM32WBA52CGU6U, STM32WBA52CGU7, STM32WBA52CGU7TR, STM32WBA52KEU6, STM32WBA52KEU6TR, STM32WBA52KGU6, STM32WBA52KGU6TR, STM32WBA54CEU6, STM32WBA54CEU6TR, STM32WBA54CEU7, STM32WBA54CEU7TR, STM32WBA54CGU6, STM32WBA54CGU6TR, STM32WBA54CGU7, STM32WBA54CGU7TR, STM32WBA54KEU6, STM32WBA54KEU6TR, STM32WBA54KEU7, STM32WBA54KEU7TR, STM32WBA54KGU6, STM32WBA54KGU6TR, STM32WBA54KGU7, STM32WBA54KGU7TR, STM32WBA55CEU6, STM32WBA55CEU6TR, STM32WBA55CEU7, STM32WBA55CEU7TR, STM32WBA55CGU6, STM32WBA55CGU6TR, STM32WBA55CGU6U, STM32WBA55CGU7, STM32WBA55CGU7TR, STM32WBA55G-DK1, STM32WBA55HEF6, STM32WBA55HEF7, STM32WBA55HGF6, STM32WBA55HGF7, STM32WBA55UEI6, STM32WBA55UEI6TR, STM32WBA55UEI7, STM32WBA55UEI7TR, STM32WBA55UGI6, STM32WBA55UGI6TR, STM32WBA55UGI7, STM32WBA55UGI7TR, STM32WL5MOCH6, STM32WL5MOCH6TR]
2025-12-06 18:07:23,246 [INFO] ApiDb:668 - CubeFinder database Data Model version=2.1
2025-12-06 18:07:23,246 [INFO] ApiDb:669 - CubeFinder database Configuration version=3.0.39
2025-12-06 18:07:23,246 [INFO] ApiDb:670 - CubeFinder database generation date=2025-11-05 (1762334721)
2025-12-06 18:07:23,246 [INFO] ApiDb:671 - CubeFinder database FW Pack versions=[FP-ATR-ASTRA1_V2.0.0, FP-SNS-FLIGHT1_V5.1.0, FP-SNS-MOTENV1_V5.1.0, FP-SNS-MOTENVWB1_V1.4.0, FP-SNS-SMARTAG2_V1.2.0, FP-SNS-STBOX1_V2.1.0, STM32Cube_FW_C0_V1.4.0, STM32Cube_FW_F4_V1.28.3, STM32Cube_FW_F7_V1.17.4, STM32Cube_FW_G0_V1.6.2, STM32Cube_FW_G4_V1.6.1, STM32Cube_FW_H5_V1.5.1, STM32Cube_FW_H7RS_V1.3.0, STM32Cube_FW_H7_V1.12.1, STM32Cube_FW_L0_V1.12.2, STM32Cube_FW_L4_V1.18.1, STM32Cube_FW_L5_V1.6.0, STM32Cube_FW_N6_V1.3.0, STM32Cube_FW_U0_V1.3.0, STM32Cube_FW_U3_V1.2.1, STM32Cube_FW_U5_V1.8.0, STM32Cube_FW_WB0_V1.4.0, STM32Cube_FW_WBA_V1.8.0, STM32Cube_FW_WB_V1.24.0, STM32Cube_FW_WL3_V1.3.0, STM32Cube_FW_WL_V1.4.0, X-CUBE-ALGOBUILD_V1.4.0, X-CUBE-ALS_V1.0.2, X-CUBE-AZRTOS-F4_V1.1.0, X-CUBE-AZRTOS-F7_V1.1.0, X-CUBE-AZRTOS-G0_V1.1.0, X-CUBE-AZRTOS-G4_V2.0.0, X-CUBE-AZRTOS-H7RS_V1.1.0, X-CUBE-AZRTOS-H7_V3.4.0, X-CUBE-AZRTOS-L4_V2.0.0, X-CUBE-AZRTOS-L5_V2.0.0, X-CUBE-AZRTOS-WB_V2.0.0, X-CUBE-AZRTOS-WL_V2.0.0, X-CUBE-BLE1_V7.1.0, X-CUBE-BLE2_V3.3.0, X-CUBE-BLEMGR_V4.1.0, X-CUBE-EEPRMA1_V5.2.0, X-CUBE-FREERTOS_V1.3.1, X-CUBE-GNSS1_V6.0.0, X-CUBE-MEMS1_V11.3.0, X-CUBE-NFC4_V3.0.0, X-CUBE-NFC7_V2.0.0, X-CUBE-SFXS2LP1_V4.0.0, X-CUBE-ST67W61_V1.1.0, X-CUBE-SUBG2_V5.0.0, X-CUBE-TOF1_V3.4.3]
2025-12-06 18:07:24,987 [INFO] ApiDb:240 - Found 483 in-development CPN: [B-G473E-ZEST1S, B-WB1M-WPAN1, B-WL5M-SUBG1, NUCLEO-C031C6, NUCLEO-H503RB, NUCLEO-H533RE, NUCLEO-H563ZI, NUCLEO-H7S3L8, NUCLEO-U031R8, NUCLEO-U083RC, NUCLEO-U545RE-Q, NUCLEO-U5A5ZJ-Q, NUCLEO-WBA52CG, NUCLEO-WBA55CG, STEVAL-PROTEUS1, STEVAL-SMARTAG2, STEVAL-STWINBX1, STM320518-EVAL, STM32C0116-DK, STM32C011D6Y3TR, STM32C011D6Y6TR, STM32C011F4P3, STM32C011F4P6, STM32C011F4U3, STM32C011F4U6TR, STM32C011F6P3, STM32C011F6P6, STM32C011F6U3, STM32C011F6U6TR, STM32C011J4M3, STM32C011J4M6, STM32C011J6M3, STM32C011J6M6, STM32C0316-DK, STM32C031C4T3, STM32C031C4T6, STM32C031C4U3, STM32C031C4U6, STM32C031C6T3, STM32C031C6T6, STM32C031C6U3, STM32C031C6U6, STM32C031F4P3, STM32C031F4P6, STM32C031F6P3, STM32C031F6P6, STM32C031G4U3, STM32C031G4U6, STM32C031G6U3, STM32C031G6U6, STM32C031K4T3, STM32C031K4T6, STM32C031K4U3, STM32C031K4U6, STM32C031K6T3, STM32C031K6T6, STM32C031K6U3, STM32C031K6U6, STM32G071K8TXN, STM32G071K8UXN, STM32G081GBU6N, STM32G081KBT6N, STM32G081KBUXN, STM32G0B1CCT6N, STM32G0B1KCT6, STM32G0B1NEY6TR, STM32G0B1RCT6N, STM32G0C1CCT6, STM32G0C1CCT6N, STM32G0C1CCU6N, STM32G0C1CET6N, STM32G0C1CEU6N, STM32G0C1KCT6, STM32G0C1NEY6TR, STM32G0C1RCI6N, STM32G0C1RCT6N, STM32G0C1REI6N, STM32G0C1RET6N, STM32G0C1VCI6, STM32G0C1VEI6, STM32G471CCT6, STM32G471CCU6, STM32G471CET3, STM32G471CET6, STM32G471CEU3, STM32G471CEU6, STM32G471MCT6, STM32G471MET3, STM32G471MET6, STM32G471MEY6TR, STM32G471QCT6, STM32G471QET3, STM32G471RCT6, STM32G471RET3, STM32G471RET6, STM32G471VCH6, STM32G471VCI6, STM32G471VCT6, STM32G471VEH3, STM32G471VEH6, STM32G471VEI3, STM32G471VEI6, STM32G471VET3, STM32G471VET6, STM32G474CCT6, STM32H503CBT6, STM32H503CBU6, STM32H503EBY6TR, STM32H503KBU6, STM32H503RBT6, STM32H523CCT6, STM32H523CCU6, STM32H523CET6, STM32H523CEU6, STM32H523HEY6TR, STM32H523RCT6, STM32H523RET6, STM32H523VCI6, STM32H523VCT6, STM32H523VEI6, STM32H523VET6, STM32H523ZCJ6, STM32H523ZCT6, STM32H523ZEJ6, STM32H523ZET6, STM32H533CET6, STM32H533CEU6, STM32H533HEY6TR, STM32H533RET6, STM32H533VEI6, STM32H533VET6, STM32H533ZEJ6, STM32H533ZET6, STM32H562AGI6, STM32H562AII6, STM32H562IGK6, STM32H562IGT6, STM32H562IIK6, STM32H562IIT6, STM32H562RGT6, STM32H562RGV6, STM32H562RIT6, STM32H562RIV6, STM32H562VGT6, STM32H562VIT6, STM32H562ZGT6, STM32H562ZIT6, STM32H563AGI6, STM32H563AII3Q, STM32H563AII6, STM32H563IGK6, STM32H563IGT6, STM32H563IIK3Q, STM32H563IIK6, STM32H563IIT3Q, STM32H563IIT6, STM32H563MIY3QTR, STM32H563RGT6, STM32H563RGV6, STM32H563RIT6, STM32H563RIV6, STM32H563VGT6, STM32H563VIT3Q, STM32H563VIT6, STM32H563ZGT6, STM32H563ZIT3Q, STM32H563ZIT6, STM32H573AII3Q, STM32H573AII6, STM32H573I-DK, STM32H573IIK3Q, STM32H573IIK6, STM32H573IIT3Q, STM32H573IIT6, STM32H573MIY3QTR, STM32H573RIT6, STM32H573RIV6, STM32H573VIT3Q, STM32H573VIT6, STM32H573ZIT3Q, STM32H573ZIT6, STM32H7R3A8I6, STM32H7R3I8K6, STM32H7R3I8T6, STM32H7R3L8H6, STM32H7R3L8H6H, STM32H7R3R8V6, STM32H7R3V8H6, STM32H7R3V8T6, STM32H7R3V8Y6, STM32H7R3Z8J6, STM32H7R3Z8T6, STM32H7R7A8I6, STM32H7R7I8K6, STM32H7R7I8T6, STM32H7R7L8H6, STM32H7R7L8H6H, STM32H7R7Z8J6, STM32H7S3A8I6, STM32H7S3I8K6, STM32H7S3I8T6, STM32H7S3L8H6, STM32H7S3L8H6H, STM32H7S3R8V6, STM32H7S3V8H6, STM32H7S3V8T6, STM32H7S3V8Y6, STM32H7S3Z8J6, STM32H7S3Z8T6, STM32H7S78-DK, STM32H7S7A8I6, STM32H7S7I8K6, STM32H7S7I8T6, STM32H7S7L8H6, STM32H7S7L8H6H, STM32H7S7Z8J6, STM32L4R5QGI6STR, STM32MP131AAE3, STM32MP131AAF3, STM32MP131AAG3, STM32MP131CAE3, STM32MP131CAF3, STM32MP131CAG3, STM32MP131DAE7, STM32MP131DAF7, STM32MP131DAG7, STM32MP131FAE7, STM32MP131FAF7, STM32MP131FAG7, STM32MP133AAE3, STM32MP133AAF3, STM32MP133AAG3, STM32MP133CAE3, STM32MP133CAF3, STM32MP133CAG3, STM32MP133DAE7, STM32MP133DAF7, STM32MP133DAG7, STM32MP133FAE7, STM32MP133FAF7, STM32MP133FAG7, STM32MP135AAE3, STM32MP135AAF3, STM32MP135AAG3, STM32MP135CAE3, STM32MP135CAF3, STM32MP135CAG3, STM32MP135DAE7, STM32MP135DAF7, STM32MP135DAG7, STM32MP135F-DK, STM32MP135FAE7, STM32MP135FAF7, STM32MP135FAF7T, STM32MP135FAF7U, STM32MP135FAG7, STM32U031C6T6, STM32U031C6U6, STM32U031C8T6, STM32U031C8U6, STM32U031F4P6, STM32U031F6P6, STM32U031F8P6, STM32U031G6Y6TR, STM32U031G8Y6TR, STM32U031K4U6, STM32U031K6U6, STM32U031K8U6, STM32U031R6I6, STM32U031R6T6, STM32U031R8I6, STM32U031R8T6, STM32U073C8T6, STM32U073C8U6, STM32U073CBT6, STM32U073CBU6, STM32U073CCT6, STM32U073CCU6, STM32U073H8Y6TR, STM32U073HBY6TR, STM32U073HCY6TR, STM32U073K8U6, STM32U073KBU6, STM32U073KCU6, STM32U073M8I6, STM32U073M8T6, STM32U073MBI6, STM32U073MBT6, STM32U073MCI6, STM32U073MCT6, STM32U073R8I6, STM32U073R8T6, STM32U073RBI6, STM32U073RBT6, STM32U073RCI6, STM32U073RCT6, STM32U083C-DK, STM32U083CCT6, STM32U083CCU6, STM32U083HCY6TR, STM32U083KCU6, STM32U083MCI6, STM32U083MCT6, STM32U083RCI6, STM32U083RCT6, STM32U535CBT6, STM32U535CBT6Q, STM32U535CBU6, STM32U535CBU6Q, STM32U535CCT6, STM32U535CCT6Q, STM32U535CCU6, STM32U535CCU6Q, STM32U535CET6, STM32U535CET6Q, STM32U535CEU6, STM32U535CEU6Q, STM32U535JEY6QTR, STM32U535NCY6QTR, STM32U535NEY6QTR, STM32U535RBI6, STM32U535RBI6Q, STM32U535RBT6, STM32U535RBT6Q, STM32U535RCI6, STM32U535RCI6Q, STM32U535RCT6, STM32U535RCT6Q, STM32U535REI6, STM32U535REI6Q, STM32U535RET6, STM32U535RET6Q, STM32U535VCI6, STM32U535VCI6Q, STM32U535VCT6, STM32U535VCT6Q, STM32U535VEI6, STM32U535VEI6Q, STM32U535VET6, STM32U535VET6Q, STM32U545CET6, STM32U545CET6Q, STM32U545CEU6, STM32U545CEU6Q, STM32U545JEY6QTR, STM32U545NEY6QTR, STM32U545REI6, STM32U545REI6Q, STM32U545RET6, STM32U545RET6Q, STM32U545VEI6, STM32U545VEI6Q, STM32U545VET6, STM32U545VET6Q, STM32U595AIH6, STM32U595AIH6Q, STM32U595AJH6, STM32U595AJH6Q, STM32U595QII6, STM32U595QII6Q, STM32U595QJI6, STM32U595QJI6Q, STM32U595RIT6, STM32U595RIT6Q, STM32U595RJT6, STM32U595RJT6Q, STM32U595VIT6, STM32U595VIT6Q, STM32U595VJT6, STM32U595VJT6Q, STM32U595ZIT6, STM32U595ZIT6Q, STM32U595ZIY6QTR, STM32U595ZJT6, STM32U595ZJT6Q, STM32U595ZJY6QTR, STM32U599BJY6QTR, STM32U599NIH6Q, STM32U599NJH6Q, STM32U599VIT6Q, STM32U599VJT6, STM32U599VJT6Q, STM32U599ZIT6Q, STM32U599ZIY6QTR, STM32U599ZJT6Q, STM32U599ZJY6QTR, STM32U5A5AJH6, STM32U5A5AJH6Q, STM32U5A5QII3Q , STM32U5A5QJI6, STM32U5A5QJI6Q, STM32U5A5RJT6, STM32U5A5RJT6Q, STM32U5A5VJT6, STM32U5A5VJT6Q, STM32U5A5ZJT6, STM32U5A5ZJT6Q, STM32U5A5ZJY6QTR, STM32U5A9BJY6QTR, STM32U5A9J-DK, STM32U5A9NJH6Q, STM32U5A9VJT6Q, STM32U5A9ZJT6Q, STM32U5A9ZJY6QTR, STM32U5F7VIT6, STM32U5F7VIT6Q, STM32U5F7VJT6, STM32U5F7VJT6Q, STM32U5F9BJY6QTR, STM32U5F9NJH6Q, STM32U5F9VIT6Q, STM32U5F9VJT6Q, STM32U5F9ZIJ6QTR, STM32U5F9ZIT6Q, STM32U5F9ZJJ6QTR, STM32U5F9ZJT6Q, STM32U5G7VJT6, STM32U5G7VJT6Q, STM32U5G9BJY6QTR, STM32U5G9J-DK1, STM32U5G9J-DK2, STM32U5G9NJH6Q, STM32U5G9VJT6Q, STM32U5G9ZJJ6QTR, STM32U5G9ZJT6Q, STM32WB1MMCH6, STM32WBA50KEU6, STM32WBA50KEU6TR, STM32WBA50KGU6, STM32WBA50KGU6TR, STM32WBA52CEU6, STM32WBA52CEU6TR, STM32WBA52CEU7, STM32WBA52CEU7TR, STM32WBA52CGU6, STM32WBA52CGU6TR, STM32WBA52CGU6U, STM32WBA52CGU7, STM32WBA52CGU7TR, STM32WBA52KEU6, STM32WBA52KEU6TR, STM32WBA52KGU6, STM32WBA52KGU6TR, STM32WBA54CEU6, STM32WBA54CEU6TR, STM32WBA54CEU7, STM32WBA54CEU7TR, STM32WBA54CGU6, STM32WBA54CGU6TR, STM32WBA54CGU7, STM32WBA54CGU7TR, STM32WBA54KEU6, STM32WBA54KEU6TR, STM32WBA54KEU7, STM32WBA54KEU7TR, STM32WBA54KGU6, STM32WBA54KGU6TR, STM32WBA54KGU7, STM32WBA54KGU7TR, STM32WBA55CEU6, STM32WBA55CEU6TR, STM32WBA55CEU7, STM32WBA55CEU7TR, STM32WBA55CGU6, STM32WBA55CGU6TR, STM32WBA55CGU6U, STM32WBA55CGU7, STM32WBA55CGU7TR, STM32WBA55G-DK1, STM32WBA55HEF6, STM32WBA55HEF7, STM32WBA55HGF6, STM32WBA55HGF7, STM32WBA55UEI6, STM32WBA55UEI6TR, STM32WBA55UEI7, STM32WBA55UEI7TR, STM32WBA55UGI6, STM32WBA55UGI6TR, STM32WBA55UGI7, STM32WBA55UGI7TR, STM32WL5MOCH6, STM32WL5MOCH6TR]
2025-12-06 18:07:24,993 [INFO] DbMcus:218 - Found 4816 MCUs, 4816 are supported
2025-12-06 18:07:24,994 [INFO] ApiDb:423 - Load user favorites file C:\Users\Aditya/.stm32cubeide/favorites.mcus.txt: 0 item(s)
2025-12-06 18:07:24,995 [INFO] ApiDb:427 - User favorites MCUs=[]
2025-12-06 18:07:24,995 [INFO] DbMcus:224 - Set 0 / 0 favorites MCUs
2025-12-06 18:07:25,473 [INFO] BoardInfo:889 - No configuration file found for board B-WBA5M-WPAN
2025-12-06 18:07:25,474 [INFO] DbBoards:161 - Board is not supported: B-WBA5M-WPAN
2025-12-06 18:07:25,493 [INFO] BoardInfo:889 - No configuration file found for board NUCLEO-C051C8
2025-12-06 18:07:25,493 [INFO] DbBoards:161 - Board is not supported: NUCLEO-C051C8
2025-12-06 18:07:25,495 [INFO] BoardInfo:889 - No configuration file found for board NUCLEO-C071RB
2025-12-06 18:07:25,496 [INFO] DbBoards:161 - Board is not supported: NUCLEO-C071RB
2025-12-06 18:07:25,498 [INFO] BoardInfo:889 - No configuration file found for board NUCLEO-C092RC
2025-12-06 18:07:25,499 [INFO] DbBoards:161 - Board is not supported: NUCLEO-C092RC
2025-12-06 18:07:25,627 [INFO] BoardInfo:889 - No configuration file found for board NUCLEO-N657X0-Q
2025-12-06 18:07:25,627 [INFO] DbBoards:161 - Board is not supported: NUCLEO-N657X0-Q
2025-12-06 18:07:25,631 [INFO] BoardInfo:889 - No configuration file found for board NUCLEO-U385RG-Q
2025-12-06 18:07:25,631 [INFO] DbBoards:161 - Board is not supported: NUCLEO-U385RG-Q
2025-12-06 18:07:25,636 [INFO] BoardInfo:889 - No configuration file found for board NUCLEO-WB05KZ
2025-12-06 18:07:25,637 [INFO] DbBoards:161 - Board is not supported: NUCLEO-WB05KZ
2025-12-06 18:07:25,638 [INFO] BoardInfo:889 - No configuration file found for board NUCLEO-WB07CC
2025-12-06 18:07:25,638 [INFO] DbBoards:161 - Board is not supported: NUCLEO-WB07CC
2025-12-06 18:07:25,640 [INFO] BoardInfo:889 - No configuration file found for board NUCLEO-WB09KE
2025-12-06 18:07:25,640 [INFO] DbBoards:161 - Board is not supported: NUCLEO-WB09KE
2025-12-06 18:07:25,648 [INFO] BoardInfo:889 - No configuration file found for board NUCLEO-WBA65RI
2025-12-06 18:07:25,648 [INFO] DbBoards:161 - Board is not supported: NUCLEO-WBA65RI
2025-12-06 18:07:25,649 [INFO] BoardInfo:889 - No configuration file found for board NUCLEO-WL33CC1
2025-12-06 18:07:25,649 [INFO] DbBoards:161 - Board is not supported: NUCLEO-WL33CC1
2025-12-06 18:07:25,649 [INFO] BoardInfo:889 - No configuration file found for board NUCLEO-WL33CC2
2025-12-06 18:07:25,650 [INFO] DbBoards:161 - Board is not supported: NUCLEO-WL33CC2
2025-12-06 18:07:25,657 [INFO] BoardInfo:889 - No configuration file found for board P-NUCLEO-WB55
2025-12-06 18:07:25,657 [INFO] DbBoards:161 - Kit is not supported: P-NUCLEO-WB55
2025-12-06 18:07:25,663 [INFO] BoardInfo:889 - No configuration file found for board STEVAL-BFA001V1B
2025-12-06 18:07:25,664 [INFO] DbBoards:161 - Kit is not supported: STEVAL-BFA001V1B
2025-12-06 18:07:25,664 [INFO] BoardInfo:889 - No configuration file found for board STEVAL-BFA001V2B
2025-12-06 18:07:25,665 [INFO] DbBoards:161 - Kit is not supported: STEVAL-BFA001V2B
2025-12-06 18:07:25,846 [INFO] BoardInfo:889 - No configuration file found for board STM32MP257F-DK
2025-12-06 18:07:25,847 [INFO] DbBoards:161 - Board is not supported: STM32MP257F-DK
2025-12-06 18:07:25,848 [INFO] BoardInfo:889 - No configuration file found for board STM32MP257F-EV1
2025-12-06 18:07:25,849 [INFO] DbBoards:161 - Board is not supported: STM32MP257F-EV1
2025-12-06 18:07:25,850 [INFO] BoardInfo:889 - No configuration file found for board STM32N6570-DK
2025-12-06 18:07:25,850 [INFO] DbBoards:161 - Board is not supported: STM32N6570-DK
2025-12-06 18:07:25,869 [INFO] BoardInfo:889 - No configuration file found for board STM32WBA65I-DK1
2025-12-06 18:07:25,870 [INFO] DbBoards:161 - Board is not supported: STM32WBA65I-DK1
2025-12-06 18:07:25,870 [INFO] DbBoards:168 - Found 211 boards, 192 are supported
2025-12-06 18:07:25,870 [INFO] DbBoards:169 - Found 211 boards, 8 of them is supported for  Bsp
2025-12-06 18:07:25,875 [INFO] ApiDb:423 - Load user favorites file C:\Users\Aditya/.stm32cubeide/favorites.boards.txt: 0 item(s)
2025-12-06 18:07:25,875 [INFO] ApiDb:427 - User favorites Boards=[]
2025-12-06 18:07:25,875 [INFO] DbBoards:198 - Set 0 / 0 favorites Boards
2025-12-06 18:07:25,943 [INFO] UtilMem:75 - End LoadConfig() Used Memory: 704935792 Bytes (1073741824)
2025-12-06 18:07:26,115 [WARN] ThirdParty:833 - waiting for thirdparty lock release [change project]
2025-12-06 18:07:26,115 [INFO] ThirdParty:835 - entering critical section [change project]
2025-12-06 18:07:26,116 [INFO] ThirdParty:1030 - CMSIS Pack Vendor :STMicroelectronics X-CUBE-PM33A1 1.0.0
2025-12-06 18:07:26,116 [INFO] ThirdParty:1030 - CMSIS Pack Vendor :STMicroelectronics USBPD 4.1
2025-12-06 18:07:26,116 [INFO] ThirdParty:1030 - CMSIS Pack Vendor :STMicroelectronics X-CUBE-GNSS1 6.0.0
2025-12-06 18:07:26,116 [INFO] ThirdParty:1030 - CMSIS Pack Vendor :STMicroelectronics USB_HOST 2.0.0
2025-12-06 18:07:26,116 [INFO] ThirdParty:1030 - CMSIS Pack Vendor :STMicroelectronics FP-SNS-MOTENVWB1 1.4.0
2025-12-06 18:07:26,116 [INFO] ThirdParty:1030 - CMSIS Pack Vendor :STMicroelectronics X-CUBE-AZRTOS-F4 1.1.0
2025-12-06 18:07:26,116 [INFO] ThirdParty:1030 - CMSIS Pack Vendor :STMicroelectronics LIBJPEG 8.0.0
2025-12-06 18:07:26,116 [INFO] ThirdParty:1030 - CMSIS Pack Vendor :STMicroelectronics FP-ATR-ASTRA1 2.0.2
2025-12-06 18:07:26,116 [INFO] ThirdParty:1030 - CMSIS Pack Vendor :STMicroelectronics X-CUBE-SMBUS 2.1.0
2025-12-06 18:07:26,116 [INFO] ThirdParty:1030 - CMSIS Pack Vendor :STMicroelectronics X-CUBE-ISPU 2.1.0
2025-12-06 18:07:26,116 [INFO] ThirdParty:1030 - CMSIS Pack Vendor :STMicroelectronics X-CUBE-FREERTOS 1.2.0
2025-12-06 18:07:26,116 [INFO] ThirdParty:1030 - CMSIS Pack Vendor :STMicroelectronics X-CUBE-NFC12 1.0.0
2025-12-06 18:07:26,116 [INFO] ThirdParty:1030 - CMSIS Pack Vendor :STMicroelectronics X-CUBE-TOUCHGFX 4.23.2
2025-12-06 18:07:26,116 [INFO] ThirdParty:1030 - CMSIS Pack Vendor :STMicroelectronics X-CUBE-AZRTOS-F7 1.1.0
2025-12-06 18:07:26,116 [INFO] ThirdParty:1030 - CMSIS Pack Vendor :STMicroelectronics X-CUBE-AZRTOS-L5 2.0.0
2025-12-06 18:07:26,116 [INFO] ThirdParty:1030 - CMSIS Pack Vendor :STMicroelectronics USB_DEVICE 2.0.0
2025-12-06 18:07:26,116 [INFO] ThirdParty:1030 - CMSIS Pack Vendor :STMicroelectronics X-CUBE-NFC6 3.1.0
2025-12-06 18:07:26,116 [INFO] ThirdParty:1030 - CMSIS Pack Vendor :STMicroelectronics FreeRTOS 0.0.1
2025-12-06 18:07:26,116 [INFO] ThirdParty:1030 - CMSIS Pack Vendor :STMicroelectronics X-CUBE-DPower 1.2.0
2025-12-06 18:07:26,116 [INFO] ThirdParty:1030 - CMSIS Pack Vendor :STMicroelectronics FP-SNS-FLIGHT1 5.0.2
2025-12-06 18:07:26,116 [INFO] ThirdParty:1030 - CMSIS Pack Vendor :STMicroelectronics X-CUBE-AI 9.0.0
2025-12-06 18:07:26,116 [INFO] ThirdParty:1030 - CMSIS Pack Vendor :STMicroelectronics PDM2PCM 3.3.0
2025-12-06 18:07:26,116 [INFO] ThirdParty:1030 - CMSIS Pack Vendor :STMicroelectronics X-CUBE-AZRTOS-H7 3.4.0
2025-12-06 18:07:26,116 [INFO] ThirdParty:1030 - CMSIS Pack Vendor :STMicroelectronics X-CUBE-DISPLAY 3.0.0
2025-12-06 18:07:26,116 [INFO] ThirdParty:1030 - CMSIS Pack Vendor :STMicroelectronics X-CUBE-BLE1 7.0.0
2025-12-06 18:07:26,116 [INFO] ThirdParty:1030 - CMSIS Pack Vendor :STMicroelectronics X-CUBE-NFC10 1.0.0
2025-12-06 18:07:26,116 [INFO] ThirdParty:1030 - CMSIS Pack Vendor :STMicroelectronics X-CUBE-BLEMGR 4.0.0
2025-12-06 18:07:26,116 [INFO] ThirdParty:1030 - CMSIS Pack Vendor :STMicroelectronics X-CUBE-FREERTOS 1.3.1
2025-12-06 18:07:26,116 [INFO] ThirdParty:1030 - CMSIS Pack Vendor :STMicroelectronics HAL Drivers 0.0.0
2025-12-06 18:07:26,116 [INFO] ThirdParty:1030 - CMSIS Pack Vendor :emotas I-CUBE-CANOPEN 1.3.0
2025-12-06 18:07:26,116 [INFO] ThirdParty:1030 - CMSIS Pack Vendor :STMicroelectronics X-CUBE-NFC7 1.0.1
2025-12-06 18:07:26,116 [INFO] ThirdParty:1030 - CMSIS Pack Vendor :STMicroelectronics MBEDTLS 2.14.1
2025-12-06 18:07:26,116 [INFO] ThirdParty:1030 - CMSIS Pack Vendor :STMicroelectronics X-CUBE-GNSS1 7.1.0
2025-12-06 18:07:26,116 [INFO] ThirdParty:1030 - CMSIS Pack Vendor :wolfSSL I-CUBE-wolfTPM 3.2.0
2025-12-06 18:07:26,116 [INFO] ThirdParty:1030 - CMSIS Pack Vendor :STMicroelectronics X-CUBE-TOUCHGFX 4.26.0
2025-12-06 18:07:26,116 [INFO] ThirdParty:1030 - CMSIS Pack Vendor :quantropi X-CUBE-qispace-sdk-base 2.0.0
2025-12-06 18:07:26,116 [INFO] ThirdParty:1030 - CMSIS Pack Vendor :STMicroelectronics X-CUBE-BLEMGR 3.1.0
2025-12-06 18:07:26,116 [INFO] ThirdParty:1030 - CMSIS Pack Vendor :STMicroelectronics X-CUBE-AI 10.0.0
2025-12-06 18:07:26,116 [INFO] ThirdParty:1030 - CMSIS Pack Vendor :STMicroelectronics FP-SNS-SMARTAG2 1.2.0
2025-12-06 18:07:26,116 [INFO] ThirdParty:1030 - CMSIS Pack Vendor :STMicroelectronics X-CUBE-AZRTOS-WL 2.0.0
2025-12-06 18:07:26,116 [INFO] ThirdParty:1030 - CMSIS Pack Vendor :STMicroelectronics X-CUBE-DPower 1.3.0
2025-12-06 18:07:26,116 [INFO] ThirdParty:1030 - CMSIS Pack Vendor :STMicroelectronics FP-SNS-MOTENV1 5.0.0
2025-12-06 18:07:26,116 [INFO] ThirdParty:1030 - CMSIS Pack Vendor :STMicroelectronics USB_DEVICE 1.0.0
2025-12-06 18:07:26,116 [INFO] ThirdParty:1030 - CMSIS Pack Vendor :STMicroelectronics X-CUBE-AZRTOS-H7RS 1.2.0
2025-12-06 18:07:26,116 [INFO] ThirdParty:1030 - CMSIS Pack Vendor :wolfSSL I-CUBE-wolfMQTT 1.19.0
2025-12-06 18:07:26,116 [INFO] ThirdParty:1030 - CMSIS Pack Vendor :STMicroelectronics X-CUBE-AZRTOS-L4 2.0.0
2025-12-06 18:07:26,116 [INFO] ThirdParty:1030 - CMSIS Pack Vendor :STMicroelectronics ThreadX 0.0.2
2025-12-06 18:07:26,116 [INFO] ThirdParty:1030 - CMSIS Pack Vendor :WES I-CUBE-Cesium 1.3.0
2025-12-06 18:07:26,116 [INFO] ThirdParty:1030 - CMSIS Pack Vendor :STMicroelectronics lwIP 2.1.2
2025-12-06 18:07:26,116 [INFO] ThirdParty:1030 - CMSIS Pack Vendor :STMicroelectronics X-CUBE-SFXS2LP1 4.0.0
2025-12-06 18:07:26,117 [INFO] ThirdParty:1030 - CMSIS Pack Vendor :STMicroelectronics X-CUBE-BLE2 3.3.0
2025-12-06 18:07:26,117 [INFO] ThirdParty:1030 - CMSIS Pack Vendor :STMicroelectronics PDM2PCM 3.2.0
2025-12-06 18:07:26,117 [INFO] ThirdParty:1030 - CMSIS Pack Vendor :STMicroelectronics X-CUBE-AZRTOS-H7 3.3.0
2025-12-06 18:07:26,117 [INFO] ThirdParty:1030 - CMSIS Pack Vendor :STMicroelectronics X-CUBE-NFC9 1.0.0
2025-12-06 18:07:26,117 [INFO] ThirdParty:1030 - CMSIS Pack Vendor :STMicroelectronics X-CUBE-BLE1 7.1.0
2025-12-06 18:07:26,117 [INFO] ThirdParty:1030 - CMSIS Pack Vendor :STMicroelectronics USB_DEVICE 3.0.0
2025-12-06 18:07:26,117 [INFO] ThirdParty:1030 - CMSIS Pack Vendor :STMicroelectronics X-CUBE-TCPP 4.1.0
2025-12-06 18:07:26,117 [INFO] ThirdParty:1030 - CMSIS Pack Vendor :STMicroelectronics X-CUBE-EEPRMA1 5.2.0
2025-12-06 18:07:26,117 [INFO] ThirdParty:1030 - CMSIS Pack Vendor :STMicroelectronics X-CUBE-AZRTOS-WB 2.0.0
2025-12-06 18:07:26,117 [INFO] ThirdParty:1030 - CMSIS Pack Vendor :STMicroelectronics X-CUBE-GNSS1 7.0.1
2025-12-06 18:07:26,117 [INFO] ThirdParty:1030 - CMSIS Pack Vendor :STMicroelectronics X-CUBE-TOUCHGFX 4.25.0
2025-12-06 18:07:26,117 [INFO] ThirdParty:1030 - CMSIS Pack Vendor :STMicroelectronics X-CUBE-AI 10.1.0
2025-12-06 18:07:26,117 [INFO] ThirdParty:1030 - CMSIS Pack Vendor :STMicroelectronics FP-SNS-STBOX1 2.0.0
2025-12-06 18:07:26,117 [INFO] ThirdParty:1030 - CMSIS Pack Vendor :STMicroelectronics X-CUBE-MEMS1 12.0.0
2025-12-06 18:07:26,117 [INFO] ThirdParty:1030 - CMSIS Pack Vendor :STMicroelectronics X-CUBE-ALGOBUILD 1.3.0
2025-12-06 18:07:26,117 [INFO] ThirdParty:1030 - CMSIS Pack Vendor :STMicroelectronics X-CUBE-MEMS1 11.2.0
2025-12-06 18:07:26,117 [INFO] ThirdParty:1030 - CMSIS Pack Vendor :STMicroelectronics X-CUBE-AZRTOS-G0 1.1.0
2025-12-06 18:07:26,117 [INFO] ThirdParty:1030 - CMSIS Pack Vendor :STMicroelectronics X-CUBE-SAFEA1 1.2.2
2025-12-06 18:07:26,117 [INFO] ThirdParty:1030 - CMSIS Pack Vendor :STMicroelectronics X-CUBE-NFC4 3.0.0
2025-12-06 18:07:26,117 [INFO] ThirdParty:1030 - CMSIS Pack Vendor :STMicroelectronics X-CUBE-SUBG2 5.0.0
2025-12-06 18:07:26,117 [INFO] ThirdParty:1030 - CMSIS Pack Vendor :STMicroelectronics X-CUBE-AZRTOS-H7RS 1.1.0
2025-12-06 18:07:26,117 [INFO] ThirdParty:1030 - CMSIS Pack Vendor :STMicroelectronics STM32_WPAN 1.0.0
2025-12-06 18:07:26,117 [INFO] ThirdParty:1030 - CMSIS Pack Vendor :EmbeddedOffice I-CUBE-FS-RTOS 1.0.1
2025-12-06 18:07:26,117 [INFO] ThirdParty:1030 - CMSIS Pack Vendor :STMicroelectronics lwIP 2.0.3
2025-12-06 18:07:26,117 [INFO] ThirdParty:1030 - CMSIS Pack Vendor :Cesanta I-CUBE-Mongoose 7.13.0
2025-12-06 18:07:26,117 [INFO] ThirdParty:1030 - CMSIS Pack Vendor :STMicroelectronics USB_HOST 1.0.0
2025-12-06 18:07:26,117 [INFO] ThirdParty:1030 - CMSIS Pack Vendor :STMicroelectronics X-CUBE-AZRTOS-G4 2.0.0
2025-12-06 18:07:26,117 [INFO] ThirdParty:1030 - CMSIS Pack Vendor :STMicroelectronics X-CUBE-WB05N 2.0.0
2025-12-06 18:07:26,117 [INFO] ThirdParty:1030 - CMSIS Pack Vendor :STMicroelectronics PDM2PCM 3.1.0
2025-12-06 18:07:26,117 [INFO] ThirdParty:1030 - CMSIS Pack Vendor :STMicroelectronics X-CUBE-NFC7 2.0.0
2025-12-06 18:07:26,117 [INFO] ThirdParty:1030 - CMSIS Pack Vendor :RealThread X-CUBE-RT-Thread_Nano 4.1.1
2025-12-06 18:07:26,117 [INFO] ThirdParty:1030 - CMSIS Pack Vendor :wolfSSL I-CUBE-wolfSSL 5.7.0
2025-12-06 18:07:26,117 [INFO] ThirdParty:1030 - CMSIS Pack Vendor :STMicroelectronics FP-ATR-SIGFOX1 3.2.0
2025-12-06 18:07:26,117 [INFO] ThirdParty:1030 - CMSIS Pack Vendor :STMicroelectronics X-CUBE-ISPU 2.0.0
2025-12-06 18:07:26,117 [INFO] ThirdParty:1030 - CMSIS Pack Vendor :STMicroelectronics X-CUBE-EEPRMA1 5.1.0
2025-12-06 18:07:26,117 [INFO] ThirdParty:1030 - CMSIS Pack Vendor :STMicroelectronics MBEDTLS 2.16.2
2025-12-06 18:07:26,117 [INFO] ThirdParty:1030 - CMSIS Pack Vendor :STMicroelectronics X-CUBE-ALS 1.0.2
2025-12-06 18:07:26,117 [INFO] ThirdParty:1030 - CMSIS Pack Vendor :STMicroelectronics X-CUBE-MEMS1 10.0.0
2025-12-06 18:07:26,117 [INFO] ThirdParty:1030 - CMSIS Pack Vendor :STMicroelectronics X-CUBE-FREERTOS 1.1.0
2025-12-06 18:07:26,117 [INFO] ThirdParty:1030 - CMSIS Pack Vendor :STMicroelectronics X-CUBE-TOUCHGFX 4.24.0
2025-12-06 18:07:26,117 [INFO] ThirdParty:1030 - CMSIS Pack Vendor :ITTIA_DB I-CUBE-ITTIADB 8.9.0
2025-12-06 18:07:26,117 [INFO] ThirdParty:1030 - CMSIS Pack Vendor :STMicroelectronics X-CUBE-STSE01 1.0.0
2025-12-06 18:07:26,117 [INFO] ThirdParty:1030 - CMSIS Pack Vendor :portGmbH I-Cube-SoM-uGOAL 1.1.0
2025-12-06 18:07:26,117 [INFO] ThirdParty:1030 - CMSIS Pack Vendor :STMicroelectronics X-CUBE-ALS 1.0.1
2025-12-06 18:07:26,117 [INFO] ThirdParty:1030 - CMSIS Pack Vendor :STMicroelectronics X-CUBE-AI 10.2.0
2025-12-06 18:07:26,117 [INFO] ThirdParty:1030 - CMSIS Pack Vendor :STMicroelectronics ThreadX 1.0.0
2025-12-06 18:07:26,117 [INFO] ThirdParty:1030 - CMSIS Pack Vendor :SEGGER I-CUBE-embOS 1.3.1
2025-12-06 18:07:26,117 [INFO] ThirdParty:1030 - CMSIS Pack Vendor :STMicroelectronics X-CUBE-ALGOBUILD 1.4.0
2025-12-06 18:07:26,117 [INFO] ThirdParty:1030 - CMSIS Pack Vendor :STMicroelectronics X-CUBE-MEMS1 11.3.0
2025-12-06 18:07:26,117 [INFO] ThirdParty:1030 - CMSIS Pack Vendor :STMicroelectronics X-CUBE-AZRTOS-H7RS 1.0.0
2025-12-06 18:07:26,117 [INFO] ThirdParty:1030 - CMSIS Pack Vendor :STMicroelectronics FP-ATR-ASTRA1 2.0.0
2025-12-06 18:07:26,117 [INFO] ThirdParty:1030 - CMSIS Pack Vendor :STMicroelectronics X-CUBE-TOF1 3.4.2
2025-12-06 18:07:26,117 [INFO] ThirdParty:1030 - CMSIS Pack Vendor :STMicroelectronics X-CUBE-TOF1 3.4.1
2025-12-06 18:07:26,117 [INFO] ThirdParty:1030 - CMSIS Pack Vendor :STMicroelectronics X-CUBE-AZRTOS-H7 3.2.0
2025-12-06 18:07:26,117 [INFO] ThirdParty:1030 - CMSIS Pack Vendor :Infineon AIROC-Wi-Fi-Bluetooth-STM32 1.6.0
2025-12-06 18:07:26,117 [INFO] ThirdParty:1030 - CMSIS Pack Vendor :wolfSSL I-CUBE-wolfSSH 1.4.17
2025-12-06 18:07:26,117 [INFO] ThirdParty:841 - exiting critical section [change project]
2025-12-06 18:07:26,740 [INFO] PinOutPanel:1561 - setPackage(No Configuration,No Configuration)
2025-12-06 18:07:26,745 [INFO] PinOutPanel:1561 - setPackage(STM32F446RETx,LQFP64)
2025-12-06 18:07:27,576 [INFO] UtilMem:75 - Before build in PCC Used Memory: 839612288 Bytes (1073741824)
2025-12-06 18:07:29,026 [INFO] UtilMem:75 - After build in PCC Used Memory: 809274880 Bytes (1073741824)
2025-12-06 18:07:29,058 [INFO] IPUIPlugin:80 - create IPUIPlugin
2025-12-06 18:07:29,059 [INFO] IPUIPlugin:80 - create IPUIPlugin
2025-12-06 18:07:29,059 [INFO] IPUIPlugin:80 - create IPUIPlugin
2025-12-06 18:07:29,059 [INFO] IPUIPlugin:80 - create IPUIPlugin
2025-12-06 18:07:29,059 [INFO] IPUIPlugin:80 - create IPUIPlugin
2025-12-06 18:07:29,059 [INFO] IPUIPlugin:80 - create IPUIPlugin
2025-12-06 18:07:29,059 [INFO] IPUIPlugin:80 - create IPUIPlugin
2025-12-06 18:07:29,059 [INFO] IPUIPlugin:80 - create IPUIPlugin
2025-12-06 18:07:29,059 [INFO] IPUIPlugin:80 - create IPUIPlugin
2025-12-06 18:07:29,060 [INFO] IPUIPlugin:80 - create IPUIPlugin
2025-12-06 18:07:29,060 [INFO] IPUIPlugin:80 - create IPUIPlugin
2025-12-06 18:07:29,060 [INFO] IPUIPlugin:80 - create IPUIPlugin
2025-12-06 18:07:29,060 [INFO] IPUIPlugin:80 - create IPUIPlugin
2025-12-06 18:07:29,060 [INFO] IPUIPlugin:80 - create IPUIPlugin
2025-12-06 18:07:29,060 [INFO] IPUIPlugin:80 - create IPUIPlugin
2025-12-06 18:07:29,060 [INFO] IPUIPlugin:80 - create IPUIPlugin
2025-12-06 18:07:29,060 [INFO] IPUIPlugin:80 - create IPUIPlugin
2025-12-06 18:07:29,060 [INFO] IPUIPlugin:80 - create IPUIPlugin
2025-12-06 18:07:29,061 [INFO] IPUIPlugin:80 - create IPUIPlugin
2025-12-06 18:07:29,061 [INFO] IPUIPlugin:80 - create IPUIPlugin
2025-12-06 18:07:29,061 [INFO] IPUIPlugin:80 - create IPUIPlugin
2025-12-06 18:07:29,061 [INFO] IPUIPlugin:80 - create IPUIPlugin
2025-12-06 18:07:29,061 [INFO] IPUIPlugin:80 - create IPUIPlugin
2025-12-06 18:07:29,062 [INFO] IPUIPlugin:80 - create IPUIPlugin
2025-12-06 18:07:29,062 [INFO] IPUIPlugin:80 - create IPUIPlugin
2025-12-06 18:07:29,062 [INFO] IPUIPlugin:80 - create IPUIPlugin
2025-12-06 18:07:29,062 [INFO] IPUIPlugin:80 - create IPUIPlugin
2025-12-06 18:07:29,062 [INFO] IPUIPlugin:80 - create IPUIPlugin
2025-12-06 18:07:29,062 [INFO] IPUIPlugin:80 - create IPUIPlugin
2025-12-06 18:07:29,062 [INFO] IPUIPlugin:80 - create IPUIPlugin
2025-12-06 18:07:29,062 [INFO] IPUIPlugin:80 - create IPUIPlugin
2025-12-06 18:07:29,062 [INFO] IPUIPlugin:80 - create IPUIPlugin
2025-12-06 18:07:29,063 [INFO] IPUIPlugin:80 - create IPUIPlugin
2025-12-06 18:07:29,063 [INFO] IPUIPlugin:80 - create IPUIPlugin
2025-12-06 18:07:29,063 [INFO] IPUIPlugin:80 - create IPUIPlugin
2025-12-06 18:07:29,063 [INFO] IPUIPlugin:80 - create IPUIPlugin
2025-12-06 18:07:29,063 [INFO] IPUIPlugin:80 - create IPUIPlugin
2025-12-06 18:07:29,064 [INFO] IPUIPlugin:80 - create IPUIPlugin
2025-12-06 18:07:29,064 [INFO] IPUIPlugin:80 - create IPUIPlugin
2025-12-06 18:07:29,065 [INFO] IPUIPlugin:80 - create IPUIPlugin
2025-12-06 18:07:29,065 [INFO] IPUIPlugin:80 - create IPUIPlugin
2025-12-06 18:07:29,065 [INFO] IPUIPlugin:80 - create IPUIPlugin
2025-12-06 18:07:29,066 [INFO] IPUIPlugin:80 - create IPUIPlugin
2025-12-06 18:07:29,066 [INFO] IPUIPlugin:80 - create IPUIPlugin
2025-12-06 18:07:29,066 [INFO] IPUIPlugin:80 - create IPUIPlugin
2025-12-06 18:07:29,067 [INFO] IPUIPlugin:80 - create IPUIPlugin
2025-12-06 18:07:29,067 [INFO] IPUIPlugin:80 - create IPUIPlugin
2025-12-06 18:07:29,067 [INFO] IPUIPlugin:80 - create IPUIPlugin
2025-12-06 18:07:29,067 [INFO] IPUIPlugin:80 - create IPUIPlugin
2025-12-06 18:07:29,067 [INFO] IPUIPlugin:80 - create IPUIPlugin
2025-12-06 18:07:29,067 [INFO] IPUIPlugin:80 - create IPUIPlugin
2025-12-06 18:07:29,068 [INFO] IPUIPlugin:80 - create IPUIPlugin
2025-12-06 18:07:29,068 [INFO] IPUIPlugin:80 - create IPUIPlugin
2025-12-06 18:07:29,069 [INFO] IPUIPlugin:80 - create IPUIPlugin
2025-12-06 18:07:29,069 [INFO] IPUIPlugin:80 - create IPUIPlugin
2025-12-06 18:07:29,070 [INFO] IPUIPlugin:80 - create IPUIPlugin
2025-12-06 18:07:29,070 [INFO] IPUIPlugin:80 - create IPUIPlugin
2025-12-06 18:07:29,072 [INFO] IPUIPlugin:80 - create IPUIPlugin
2025-12-06 18:07:29,072 [INFO] IPUIPlugin:80 - create IPUIPlugin
2025-12-06 18:07:29,073 [INFO] IPUIPlugin:80 - create IPUIPlugin
2025-12-06 18:07:29,259 [INFO] ApiDbMcu:508 - Load IP Config File for PDM2PCM
2025-12-06 18:07:29,282 [INFO] Can:71 - Can Add PropertyChangeListener com.st.microxplorer.plugins.ip.can.Can@4e4dd7e8
2025-12-06 18:07:29,670 [INFO] CADModel:165 - CPN selected for project levelSTM32F446RET6
2025-12-06 18:07:29,670 [INFO] CADModel:114 - Register for checkConnection events
2025-12-06 18:07:29,745 [INFO] OpenFileManager:343 - Restore cursor
2025-12-06 19:33:49,581 [INFO] MainUpdater:2873 - connection check result : 10
2025-12-06 19:33:49,581 [INFO] MainUpdater:2873 - connection check result : 10
2025-12-06 19:33:49,609 [INFO] MicroXplorer:468 - Change Database Path : 
2025-12-06 19:33:49,609 [INFO] MicroXplorer:498 - Change Database Version : DB.6.0.110
2025-12-06 19:33:49,694 [ERROR] ProjectManagerView:394 - 
java.lang.NullPointerException: Cannot invoke "javax.swing.JTextField.getText()" because the return value of "java.util.List.get(int)" is null
	at com.st.microxplorer.plugins.projectmanager.gui.ProjectChoiceTab$10.caretUpdate(ProjectChoiceTab.java:2504) ~[filemanager.jar:?]
	at javax.swing.text.JTextComponent.fireCaretUpdate(JTextComponent.java:412) ~[?:?]
	at javax.swing.text.JTextComponent$MutableCaretEvent.fire(JTextComponent.java:4491) ~[?:?]
	at javax.swing.text.JTextComponent$MutableCaretEvent.stateChanged(JTextComponent.java:4513) ~[?:?]
	at javax.swing.text.DefaultCaret.fireStateChanged(DefaultCaret.java:842) ~[?:?]
	at javax.swing.text.DefaultCaret.changeCaretPosition(DefaultCaret.java:1313) ~[?:?]
	at javax.swing.text.DefaultCaret.handleSetDot(DefaultCaret.java:1212) ~[?:?]
	at javax.swing.text.DefaultCaret.setDot(DefaultCaret.java:1193) ~[?:?]
	at javax.swing.text.DefaultCaret$Handler.insertUpdate(DefaultCaret.java:1789) ~[?:?]
	at javax.swing.text.AbstractDocument.fireInsertUpdate(AbstractDocument.java:226) ~[?:?]
	at javax.swing.text.AbstractDocument.handleInsertString(AbstractDocument.java:780) ~[?:?]
	at javax.swing.text.AbstractDocument.insertString(AbstractDocument.java:739) ~[?:?]
	at javax.swing.text.PlainDocument.insertString(PlainDocument.java:131) ~[?:?]
	at javax.swing.text.AbstractDocument.replace(AbstractDocument.java:698) ~[?:?]
	at javax.swing.text.JTextComponent.setText(JTextComponent.java:1729) ~[?:?]
	at com.st.microxplorer.plugins.projectmanager.gui.ProjectChoiceTab.createHeapStackFields(ProjectChoiceTab.java:944) ~[filemanager.jar:?]
	at com.st.microxplorer.plugins.projectmanager.gui.ProjectChoiceTab.buildLinkSettingsPanel(ProjectChoiceTab.java:3475) ~[filemanager.jar:?]
	at com.st.microxplorer.plugins.projectmanager.gui.ProjectChoiceTab.defineWindowsFields(ProjectChoiceTab.java:1816) ~[filemanager.jar:?]
	at com.st.microxplorer.plugins.projectmanager.gui.ProjectChoiceTab.updateSettings(ProjectChoiceTab.java:544) ~[filemanager.jar:?]
	at com.st.microxplorer.plugins.projectmanager.gui.ProjectSettingsPanel.UpdateDialog(ProjectSettingsPanel.java:245) ~[filemanager.jar:?]
	at com.st.microxplorer.plugins.projectmanager.ProjectManagerView.propertyChange(ProjectManagerView.java:391) ~[filemanager.jar:?]
	at java.beans.PropertyChangeSupport.fire(PropertyChangeSupport.java:343) ~[?:?]
	at java.beans.PropertyChangeSupport.firePropertyChange(PropertyChangeSupport.java:335) ~[?:?]
	at java.beans.PropertyChangeSupport.firePropertyChange(PropertyChangeSupport.java:268) ~[?:?]
	at com.st.microxplorer.util.MXPropertyChangeSupport.firePropertyChange(MXPropertyChangeSupport.java:54) ~[STM32CubeMX.jar:?]
	at com.st.microxplorer.mxsystem.MxSystem.closeConfig(MxSystem.java:900) ~[STM32CubeMX.jar:?]
	at com.st.microxplorer.maingui.MainPanel.closeConfig(MainPanel.java:776) ~[STM32CubeMX.jar:?]
	at com.st.microxplorer.plugins.filemanager.engine.OpenFileManager.loadConfigurationFile(OpenFileManager.java:245) ~[filemanager.jar:?]
	at com.st.microxplorer.plugins.filemanager.engine.MainFileManager.userLoadConfig(MainFileManager.java:315) ~[filemanager.jar:?]
	at com.st.microxplorer.plugins.filemanager.engine.MainFileManager.userLoadConfig(MainFileManager.java:293) ~[filemanager.jar:?]
	at com.st.microxplorer.plugins.filemanager.FileManagerView.getSpecificTask(FileManagerView.java:247) ~[filemanager.jar:?]
	at com.st.stm32cube.common.mx.editor.CubeMxEditor.getMxTabbedPaneInstance(CubeMxEditor.java:1198) ~[com.st.stm32cube.common.mx_6.11.0.202403141607/:?]
	at com.st.stm32cube.common.mx.editor.CubeMxEditor$12$1.createSwingComponent(CubeMxEditor.java:1068) ~[com.st.stm32cube.common.mx_6.11.0.202403141607/:?]
	at com.st.stm32cube.common.mx.oss.core.awtswtbridge.EmbeddedSwingComposite.doComponentCreation(EmbeddedSwingComposite.java:492) ~[com.st.stm32cube.common.mx.oss_6.11.0.202403141607/:?]
	at com.st.stm32cube.common.mx.oss.core.awtswtbridge.EmbeddedSwingComposite$4.run(EmbeddedSwingComposite.java:291) ~[com.st.stm32cube.common.mx.oss_6.11.0.202403141607/:?]
	at com.st.stm32cube.common.mx.oss.core.awtswtbridge.AwtEnvironment$2.run(AwtEnvironment.java:166) ~[com.st.stm32cube.common.mx.oss_6.11.0.202403141607/:?]
	at java.awt.event.InvocationEvent.dispatch(InvocationEvent.java:318) ~[?:?]
	at java.awt.EventQueue.dispatchEventImpl(EventQueue.java:773) ~[?:?]
	at java.awt.EventQueue$4.run(EventQueue.java:720) ~[?:?]
	at java.awt.EventQueue$4.run(EventQueue.java:714) ~[?:?]
	at java.security.AccessController.doPrivileged(AccessController.java:399) ~[?:?]
	at java.security.ProtectionDomain$JavaSecurityAccessImpl.doIntersectionPrivilege(ProtectionDomain.java:86) ~[?:?]
	at java.awt.EventQueue.dispatchEvent(EventQueue.java:742) ~[?:?]
	at java.awt.EventDispatchThread.pumpOneEventForFilters(EventDispatchThread.java:203) ~[?:?]
	at java.awt.EventDispatchThread.pumpEventsForFilter(EventDispatchThread.java:124) ~[?:?]
	at java.awt.EventDispatchThread.pumpEventsForHierarchy(EventDispatchThread.java:113) ~[?:?]
	at java.awt.EventDispatchThread.pumpEvents(EventDispatchThread.java:109) ~[?:?]
	at java.awt.EventDispatchThread.pumpEvents(EventDispatchThread.java:101) ~[?:?]
	at java.awt.EventDispatchThread.run(EventDispatchThread.java:90) ~[?:?]
2025-12-06 19:33:49,707 [WARN] ThirdParty:871 - waiting for thirdparty lock release [close project]
2025-12-06 19:33:49,707 [INFO] ThirdParty:873 - entering critical section [close project]
2025-12-06 19:33:49,707 [INFO] ThirdParty:883 - exiting critical section [close project]
2025-12-06 19:33:49,708 [INFO] PinOutPanel:1561 - setPackage(No Configuration,No Configuration)
2025-12-06 19:33:49,736 [WARN] IpParametersView:151 - Warning: This peripheral hasn't parameters
2025-12-06 19:33:49,768 [WARN] MainPanel:272 - <html><b><center>Warning: This peripheral has no parameters to be configured<br></b></html>
2025-12-06 19:33:49,793 [INFO] UtilMem:75 - Begin LoadConfig() Used Memory: 811004304 Bytes (1073741824)
2025-12-06 19:33:49,794 [INFO] MicroXplorer:468 - Change Database Path : 
2025-12-06 19:33:49,794 [INFO] MicroXplorer:498 - Change Database Version : DB.6.0.110
2025-12-06 19:33:49,794 [INFO] OpenFileManager:312 - Change cursor
2025-12-06 19:33:49,815 [INFO] Mcu:2021 - Initializing MCU STM32F446R(C-E)Tx STM32F446RETx STM32F446RET6
2025-12-06 19:33:51,066 [INFO] Context:663 - Trying to add GPIOservice into a context  which must be forbidden
2025-12-06 19:33:51,301 [INFO] RtosManager:555 - Registered RTOS mode: class=CMSIS, group=RTOS, mode=CMSIS_V1, owner=FREERTOS
2025-12-06 19:33:51,301 [INFO] RtosManager:555 - Registered RTOS mode: class=CMSIS, group=RTOS2, mode=CMSIS_V2, owner=FREERTOS
2025-12-06 19:33:51,301 [INFO] RtosManager:555 - Registered RTOS mode: class=RTOS, group=Core, mode=CMSIS_V1, owner=FREERTOS
2025-12-06 19:33:51,301 [INFO] RtosManager:555 - Registered RTOS mode: class=RTOS, group=Core, mode=CMSIS_V2, owner=FREERTOS
2025-12-06 19:33:51,301 [WARN] ModelIntegratedComponent:184 - Missing modes for component STMicroelectronics:FreeRTOS:0.0.1:STMicroelectronics:RTOS:FreeRTOS:Core:::10.2.0:
2025-12-06 19:33:51,303 [WARN] ModelIntegratedComponent:63 - No mode defined for component null
2025-12-06 19:33:51,304 [WARN] ModelIntegratedComponent:63 - No mode defined for component null
2025-12-06 19:33:51,304 [WARN] ModelIntegratedComponent:63 - No mode defined for component null
2025-12-06 19:33:51,304 [WARN] ModelIntegratedComponent:63 - No mode defined for component null
2025-12-06 19:33:51,304 [WARN] ModelIntegratedComponent:63 - No mode defined for component null
2025-12-06 19:33:51,304 [WARN] ModelIntegratedComponent:63 - No mode defined for component null
2025-12-06 19:33:51,304 [WARN] ModelIntegratedComponent:63 - No mode defined for component null
2025-12-06 19:33:51,304 [WARN] ModelIntegratedComponent:63 - No mode defined for component null
2025-12-06 19:33:51,304 [WARN] ModelIntegratedComponent:63 - No mode defined for component null
2025-12-06 19:33:51,304 [WARN] ModelIntegratedComponent:63 - No mode defined for component null
2025-12-06 19:33:51,304 [WARN] ModelIntegratedComponent:63 - No mode defined for component null
2025-12-06 19:33:51,304 [WARN] ModelIntegratedComponent:63 - No mode defined for component null
2025-12-06 19:33:51,304 [WARN] ModelIntegratedComponent:63 - No mode defined for component null
2025-12-06 19:33:51,304 [WARN] ModelIntegratedComponent:63 - No mode defined for component null
2025-12-06 19:33:51,304 [WARN] ModelIntegratedComponent:63 - No mode defined for component null
2025-12-06 19:33:51,304 [WARN] ModelIntegratedComponent:63 - No mode defined for component null
2025-12-06 19:33:51,304 [WARN] ModelIntegratedComponent:63 - No mode defined for component null
2025-12-06 19:33:51,304 [WARN] ModelIntegratedComponent:63 - No mode defined for component null
2025-12-06 19:33:51,304 [WARN] ModelIntegratedComponent:63 - No mode defined for component null
2025-12-06 19:33:51,304 [WARN] ModelIntegratedComponent:63 - No mode defined for component null
2025-12-06 19:33:51,304 [WARN] ModelIntegratedComponent:63 - No mode defined for component null
2025-12-06 19:33:51,304 [WARN] ModelIntegratedComponent:63 - No mode defined for component null
2025-12-06 19:33:51,304 [WARN] ModelIntegratedComponent:63 - No mode defined for component null
2025-12-06 19:33:51,304 [WARN] ModelIntegratedComponent:63 - No mode defined for component null
2025-12-06 19:33:51,304 [WARN] ModelIntegratedComponent:63 - No mode defined for component null
2025-12-06 19:33:51,304 [WARN] ModelIntegratedComponent:63 - No mode defined for component null
2025-12-06 19:33:51,304 [WARN] ModelIntegratedComponent:63 - No mode defined for component null
2025-12-06 19:33:51,304 [WARN] ModelIntegratedComponent:63 - No mode defined for component null
2025-12-06 19:33:51,304 [WARN] ModelIntegratedComponent:63 - No mode defined for component null
2025-12-06 19:33:51,304 [WARN] ModelIntegratedComponent:63 - No mode defined for component null
2025-12-06 19:33:51,304 [WARN] ModelIntegratedComponent:63 - No mode defined for component null
2025-12-06 19:33:51,304 [WARN] ModelIntegratedComponent:63 - No mode defined for component null
2025-12-06 19:33:51,304 [WARN] ModelIntegratedComponent:63 - No mode defined for component null
2025-12-06 19:33:51,304 [WARN] ModelIntegratedComponent:63 - No mode defined for component null
2025-12-06 19:33:51,453 [INFO] ThirdPartyModel:298 - Start build external matchings
2025-12-06 19:33:52,171 [INFO] ThirdPartyModel:316 - End build external matchings
2025-12-06 19:33:52,186 [INFO] ImportTextPane:194 - (OptionalMessage_ERROR) IP (RCC) : Invalid parameter (48MHZClocksFreq_Value)
2025-12-06 19:33:52,186 [INFO] ImportTextPane:194 - (OptionalMessage_ERROR) IP (RCC) : Invalid parameter (EthernetFreq_Value)
2025-12-06 19:33:52,186 [INFO] ImportTextPane:194 - (OptionalMessage_ERROR) IP (RCC) : Parameter (FLatency) has Id (AdvancedSettings) currently not set
2025-12-06 19:33:52,186 [INFO] ImportTextPane:194 - (OptionalMessage_ERROR) IP (RCC) : Invalid parameter (FamilyName)
2025-12-06 19:33:52,186 [INFO] ImportTextPane:194 - (OptionalMessage_ERROR) IP (RCC) : Invalid parameter (I2SClocksFreq_Value)
2025-12-06 19:33:52,186 [INFO] ImportTextPane:194 - (OptionalMessage_ERROR) IP (RCC) : Parameter (MCO2PinFreq_Value) has invalid value (180000000)
2025-12-06 19:33:52,187 [INFO] ImportTextPane:194 - (OptionalMessage_ERROR) IP (RCC) : Parameter (SDIOFreq_Value) has invalid value (180000000)
2025-12-06 19:33:52,187 [INFO] ImportTextPane:194 - (OptionalMessage_ERROR) IP (RCC) : Parameter (USBFreq_Value) has invalid value (180000000)
2025-12-06 19:33:52,187 [INFO] ImportTextPane:194 - (OptionalMessage_ERROR) IP (RCC) : Invalid parameter (VCOInputMFreq_Value)
2025-12-06 19:33:52,187 [INFO] ImportTextPane:194 - (OptionalMessage_ERROR) IP (RCC) : Invalid parameter (VcooutputI2S)
2025-12-06 19:33:52,464 [INFO] UtilMem:75 - End LoadConfig() Used Memory: 834256456 Bytes (1073741824)
2025-12-06 19:33:52,511 [WARN] ThirdParty:833 - waiting for thirdparty lock release [change project]
2025-12-06 19:33:52,511 [INFO] ThirdParty:835 - entering critical section [change project]
2025-12-06 19:33:52,511 [INFO] ThirdParty:1030 - CMSIS Pack Vendor :STMicroelectronics X-CUBE-PM33A1 1.0.0
2025-12-06 19:33:52,511 [INFO] ThirdParty:1030 - CMSIS Pack Vendor :STMicroelectronics USBPD 4.1
2025-12-06 19:33:52,511 [INFO] ThirdParty:1030 - CMSIS Pack Vendor :STMicroelectronics X-CUBE-GNSS1 6.0.0
2025-12-06 19:33:52,511 [INFO] ThirdParty:1030 - CMSIS Pack Vendor :STMicroelectronics USB_HOST 2.0.0
2025-12-06 19:33:52,511 [INFO] ThirdParty:1030 - CMSIS Pack Vendor :STMicroelectronics FP-SNS-MOTENVWB1 1.4.0
2025-12-06 19:33:52,511 [INFO] ThirdParty:1030 - CMSIS Pack Vendor :STMicroelectronics X-CUBE-AZRTOS-F4 1.1.0
2025-12-06 19:33:52,511 [INFO] ThirdParty:1030 - CMSIS Pack Vendor :STMicroelectronics LIBJPEG 8.0.0
2025-12-06 19:33:52,511 [INFO] ThirdParty:1030 - CMSIS Pack Vendor :STMicroelectronics FP-ATR-ASTRA1 2.0.2
2025-12-06 19:33:52,511 [INFO] ThirdParty:1030 - CMSIS Pack Vendor :STMicroelectronics X-CUBE-SMBUS 2.1.0
2025-12-06 19:33:52,511 [INFO] ThirdParty:1030 - CMSIS Pack Vendor :STMicroelectronics X-CUBE-ISPU 2.1.0
2025-12-06 19:33:52,511 [INFO] ThirdParty:1030 - CMSIS Pack Vendor :STMicroelectronics X-CUBE-FREERTOS 1.2.0
2025-12-06 19:33:52,511 [INFO] ThirdParty:1030 - CMSIS Pack Vendor :STMicroelectronics X-CUBE-NFC12 1.0.0
2025-12-06 19:33:52,511 [INFO] ThirdParty:1030 - CMSIS Pack Vendor :STMicroelectronics X-CUBE-TOUCHGFX 4.23.2
2025-12-06 19:33:52,511 [INFO] ThirdParty:1030 - CMSIS Pack Vendor :STMicroelectronics X-CUBE-AZRTOS-F7 1.1.0
2025-12-06 19:33:52,511 [INFO] ThirdParty:1030 - CMSIS Pack Vendor :STMicroelectronics X-CUBE-AZRTOS-L5 2.0.0
2025-12-06 19:33:52,511 [INFO] ThirdParty:1030 - CMSIS Pack Vendor :STMicroelectronics USB_DEVICE 2.0.0
2025-12-06 19:33:52,511 [INFO] ThirdParty:1030 - CMSIS Pack Vendor :STMicroelectronics X-CUBE-NFC6 3.1.0
2025-12-06 19:33:52,511 [INFO] ThirdParty:1030 - CMSIS Pack Vendor :STMicroelectronics FreeRTOS 0.0.1
2025-12-06 19:33:52,511 [INFO] ThirdParty:1030 - CMSIS Pack Vendor :STMicroelectronics X-CUBE-DPower 1.2.0
2025-12-06 19:33:52,511 [INFO] ThirdParty:1030 - CMSIS Pack Vendor :STMicroelectronics FP-SNS-FLIGHT1 5.0.2
2025-12-06 19:33:52,511 [INFO] ThirdParty:1030 - CMSIS Pack Vendor :STMicroelectronics X-CUBE-AI 9.0.0
2025-12-06 19:33:52,511 [INFO] ThirdParty:1030 - CMSIS Pack Vendor :STMicroelectronics PDM2PCM 3.3.0
2025-12-06 19:33:52,511 [INFO] ThirdParty:1030 - CMSIS Pack Vendor :STMicroelectronics X-CUBE-AZRTOS-H7 3.4.0
2025-12-06 19:33:52,511 [INFO] ThirdParty:1030 - CMSIS Pack Vendor :STMicroelectronics X-CUBE-DISPLAY 3.0.0
2025-12-06 19:33:52,511 [INFO] ThirdParty:1030 - CMSIS Pack Vendor :STMicroelectronics X-CUBE-BLE1 7.0.0
2025-12-06 19:33:52,511 [INFO] ThirdParty:1030 - CMSIS Pack Vendor :STMicroelectronics X-CUBE-NFC10 1.0.0
2025-12-06 19:33:52,511 [INFO] ThirdParty:1030 - CMSIS Pack Vendor :STMicroelectronics X-CUBE-BLEMGR 4.0.0
2025-12-06 19:33:52,511 [INFO] ThirdParty:1030 - CMSIS Pack Vendor :STMicroelectronics X-CUBE-FREERTOS 1.3.1
2025-12-06 19:33:52,512 [INFO] ThirdParty:1030 - CMSIS Pack Vendor :STMicroelectronics HAL Drivers 0.0.0
2025-12-06 19:33:52,512 [INFO] ThirdParty:1030 - CMSIS Pack Vendor :emotas I-CUBE-CANOPEN 1.3.0
2025-12-06 19:33:52,512 [INFO] ThirdParty:1030 - CMSIS Pack Vendor :STMicroelectronics X-CUBE-NFC7 1.0.1
2025-12-06 19:33:52,512 [INFO] ThirdParty:1030 - CMSIS Pack Vendor :STMicroelectronics MBEDTLS 2.14.1
2025-12-06 19:33:52,512 [INFO] ThirdParty:1030 - CMSIS Pack Vendor :STMicroelectronics X-CUBE-GNSS1 7.1.0
2025-12-06 19:33:52,512 [INFO] ThirdParty:1030 - CMSIS Pack Vendor :wolfSSL I-CUBE-wolfTPM 3.2.0
2025-12-06 19:33:52,512 [INFO] ThirdParty:1030 - CMSIS Pack Vendor :STMicroelectronics X-CUBE-TOUCHGFX 4.26.0
2025-12-06 19:33:52,512 [INFO] ThirdParty:1030 - CMSIS Pack Vendor :quantropi X-CUBE-qispace-sdk-base 2.0.0
2025-12-06 19:33:52,512 [INFO] ThirdParty:1030 - CMSIS Pack Vendor :STMicroelectronics X-CUBE-BLEMGR 3.1.0
2025-12-06 19:33:52,512 [INFO] ThirdParty:1030 - CMSIS Pack Vendor :STMicroelectronics X-CUBE-AI 10.0.0
2025-12-06 19:33:52,512 [INFO] ThirdParty:1030 - CMSIS Pack Vendor :STMicroelectronics FP-SNS-SMARTAG2 1.2.0
2025-12-06 19:33:52,512 [INFO] ThirdParty:1030 - CMSIS Pack Vendor :STMicroelectronics X-CUBE-AZRTOS-WL 2.0.0
2025-12-06 19:33:52,512 [INFO] ThirdParty:1030 - CMSIS Pack Vendor :STMicroelectronics X-CUBE-DPower 1.3.0
2025-12-06 19:33:52,512 [INFO] ThirdParty:1030 - CMSIS Pack Vendor :STMicroelectronics FP-SNS-MOTENV1 5.0.0
2025-12-06 19:33:52,512 [INFO] ThirdParty:1030 - CMSIS Pack Vendor :STMicroelectronics USB_DEVICE 1.0.0
2025-12-06 19:33:52,512 [INFO] ThirdParty:1030 - CMSIS Pack Vendor :STMicroelectronics X-CUBE-AZRTOS-H7RS 1.2.0
2025-12-06 19:33:52,512 [INFO] ThirdParty:1030 - CMSIS Pack Vendor :wolfSSL I-CUBE-wolfMQTT 1.19.0
2025-12-06 19:33:52,512 [INFO] ThirdParty:1030 - CMSIS Pack Vendor :STMicroelectronics X-CUBE-AZRTOS-L4 2.0.0
2025-12-06 19:33:52,512 [INFO] ThirdParty:1030 - CMSIS Pack Vendor :STMicroelectronics ThreadX 0.0.2
2025-12-06 19:33:52,512 [INFO] ThirdParty:1030 - CMSIS Pack Vendor :WES I-CUBE-Cesium 1.3.0
2025-12-06 19:33:52,512 [INFO] ThirdParty:1030 - CMSIS Pack Vendor :STMicroelectronics lwIP 2.1.2
2025-12-06 19:33:52,512 [INFO] ThirdParty:1030 - CMSIS Pack Vendor :STMicroelectronics X-CUBE-SFXS2LP1 4.0.0
2025-12-06 19:33:52,512 [INFO] ThirdParty:1030 - CMSIS Pack Vendor :STMicroelectronics X-CUBE-BLE2 3.3.0
2025-12-06 19:33:52,512 [INFO] ThirdParty:1030 - CMSIS Pack Vendor :STMicroelectronics PDM2PCM 3.2.0
2025-12-06 19:33:52,512 [INFO] ThirdParty:1030 - CMSIS Pack Vendor :STMicroelectronics X-CUBE-AZRTOS-H7 3.3.0
2025-12-06 19:33:52,512 [INFO] ThirdParty:1030 - CMSIS Pack Vendor :STMicroelectronics X-CUBE-NFC9 1.0.0
2025-12-06 19:33:52,512 [INFO] ThirdParty:1030 - CMSIS Pack Vendor :STMicroelectronics X-CUBE-BLE1 7.1.0
2025-12-06 19:33:52,512 [INFO] ThirdParty:1030 - CMSIS Pack Vendor :STMicroelectronics USB_DEVICE 3.0.0
2025-12-06 19:33:52,512 [INFO] ThirdParty:1030 - CMSIS Pack Vendor :STMicroelectronics X-CUBE-TCPP 4.1.0
2025-12-06 19:33:52,512 [INFO] ThirdParty:1030 - CMSIS Pack Vendor :STMicroelectronics X-CUBE-EEPRMA1 5.2.0
2025-12-06 19:33:52,512 [INFO] ThirdParty:1030 - CMSIS Pack Vendor :STMicroelectronics X-CUBE-AZRTOS-WB 2.0.0
2025-12-06 19:33:52,512 [INFO] ThirdParty:1030 - CMSIS Pack Vendor :STMicroelectronics X-CUBE-GNSS1 7.0.1
2025-12-06 19:33:52,512 [INFO] ThirdParty:1030 - CMSIS Pack Vendor :STMicroelectronics X-CUBE-TOUCHGFX 4.25.0
2025-12-06 19:33:52,512 [INFO] ThirdParty:1030 - CMSIS Pack Vendor :STMicroelectronics X-CUBE-AI 10.1.0
2025-12-06 19:33:52,512 [INFO] ThirdParty:1030 - CMSIS Pack Vendor :STMicroelectronics FP-SNS-STBOX1 2.0.0
2025-12-06 19:33:52,512 [INFO] ThirdParty:1030 - CMSIS Pack Vendor :STMicroelectronics X-CUBE-MEMS1 12.0.0
2025-12-06 19:33:52,512 [INFO] ThirdParty:1030 - CMSIS Pack Vendor :STMicroelectronics X-CUBE-ALGOBUILD 1.3.0
2025-12-06 19:33:52,512 [INFO] ThirdParty:1030 - CMSIS Pack Vendor :STMicroelectronics X-CUBE-MEMS1 11.2.0
2025-12-06 19:33:52,512 [INFO] ThirdParty:1030 - CMSIS Pack Vendor :STMicroelectronics X-CUBE-AZRTOS-G0 1.1.0
2025-12-06 19:33:52,512 [INFO] ThirdParty:1030 - CMSIS Pack Vendor :STMicroelectronics X-CUBE-SAFEA1 1.2.2
2025-12-06 19:33:52,512 [INFO] ThirdParty:1030 - CMSIS Pack Vendor :STMicroelectronics X-CUBE-NFC4 3.0.0
2025-12-06 19:33:52,512 [INFO] ThirdParty:1030 - CMSIS Pack Vendor :STMicroelectronics X-CUBE-SUBG2 5.0.0
2025-12-06 19:33:52,512 [INFO] ThirdParty:1030 - CMSIS Pack Vendor :STMicroelectronics X-CUBE-AZRTOS-H7RS 1.1.0
2025-12-06 19:33:52,512 [INFO] ThirdParty:1030 - CMSIS Pack Vendor :STMicroelectronics STM32_WPAN 1.0.0
2025-12-06 19:33:52,512 [INFO] ThirdParty:1030 - CMSIS Pack Vendor :EmbeddedOffice I-CUBE-FS-RTOS 1.0.1
2025-12-06 19:33:52,512 [INFO] ThirdParty:1030 - CMSIS Pack Vendor :STMicroelectronics lwIP 2.0.3
2025-12-06 19:33:52,513 [INFO] ThirdParty:1030 - CMSIS Pack Vendor :Cesanta I-CUBE-Mongoose 7.13.0
2025-12-06 19:33:52,513 [INFO] ThirdParty:1030 - CMSIS Pack Vendor :STMicroelectronics USB_HOST 1.0.0
2025-12-06 19:33:52,513 [INFO] ThirdParty:1030 - CMSIS Pack Vendor :STMicroelectronics X-CUBE-AZRTOS-G4 2.0.0
2025-12-06 19:33:52,513 [INFO] ThirdParty:1030 - CMSIS Pack Vendor :STMicroelectronics X-CUBE-WB05N 2.0.0
2025-12-06 19:33:52,513 [INFO] ThirdParty:1030 - CMSIS Pack Vendor :STMicroelectronics PDM2PCM 3.1.0
2025-12-06 19:33:52,513 [INFO] ThirdParty:1030 - CMSIS Pack Vendor :STMicroelectronics X-CUBE-NFC7 2.0.0
2025-12-06 19:33:52,513 [INFO] ThirdParty:1030 - CMSIS Pack Vendor :RealThread X-CUBE-RT-Thread_Nano 4.1.1
2025-12-06 19:33:52,513 [INFO] ThirdParty:1030 - CMSIS Pack Vendor :wolfSSL I-CUBE-wolfSSL 5.7.0
2025-12-06 19:33:52,513 [INFO] ThirdParty:1030 - CMSIS Pack Vendor :STMicroelectronics FP-ATR-SIGFOX1 3.2.0
2025-12-06 19:33:52,513 [INFO] ThirdParty:1030 - CMSIS Pack Vendor :STMicroelectronics X-CUBE-ISPU 2.0.0
2025-12-06 19:33:52,513 [INFO] ThirdParty:1030 - CMSIS Pack Vendor :STMicroelectronics X-CUBE-EEPRMA1 5.1.0
2025-12-06 19:33:52,513 [INFO] ThirdParty:1030 - CMSIS Pack Vendor :STMicroelectronics MBEDTLS 2.16.2
2025-12-06 19:33:52,513 [INFO] ThirdParty:1030 - CMSIS Pack Vendor :STMicroelectronics X-CUBE-ALS 1.0.2
2025-12-06 19:33:52,513 [INFO] ThirdParty:1030 - CMSIS Pack Vendor :STMicroelectronics X-CUBE-MEMS1 10.0.0
2025-12-06 19:33:52,513 [INFO] ThirdParty:1030 - CMSIS Pack Vendor :STMicroelectronics X-CUBE-FREERTOS 1.1.0
2025-12-06 19:33:52,513 [INFO] ThirdParty:1030 - CMSIS Pack Vendor :STMicroelectronics X-CUBE-TOUCHGFX 4.24.0
2025-12-06 19:33:52,513 [INFO] ThirdParty:1030 - CMSIS Pack Vendor :ITTIA_DB I-CUBE-ITTIADB 8.9.0
2025-12-06 19:33:52,513 [INFO] ThirdParty:1030 - CMSIS Pack Vendor :STMicroelectronics X-CUBE-STSE01 1.0.0
2025-12-06 19:33:52,513 [INFO] ThirdParty:1030 - CMSIS Pack Vendor :portGmbH I-Cube-SoM-uGOAL 1.1.0
2025-12-06 19:33:52,513 [INFO] ThirdParty:1030 - CMSIS Pack Vendor :STMicroelectronics X-CUBE-ALS 1.0.1
2025-12-06 19:33:52,513 [INFO] ThirdParty:1030 - CMSIS Pack Vendor :STMicroelectronics X-CUBE-AI 10.2.0
2025-12-06 19:33:52,513 [INFO] ThirdParty:1030 - CMSIS Pack Vendor :STMicroelectronics ThreadX 1.0.0
2025-12-06 19:33:52,513 [INFO] ThirdParty:1030 - CMSIS Pack Vendor :SEGGER I-CUBE-embOS 1.3.1
2025-12-06 19:33:52,513 [INFO] ThirdParty:1030 - CMSIS Pack Vendor :STMicroelectronics X-CUBE-ALGOBUILD 1.4.0
2025-12-06 19:33:52,513 [INFO] ThirdParty:1030 - CMSIS Pack Vendor :STMicroelectronics X-CUBE-MEMS1 11.3.0
2025-12-06 19:33:52,513 [INFO] ThirdParty:1030 - CMSIS Pack Vendor :STMicroelectronics X-CUBE-AZRTOS-H7RS 1.0.0
2025-12-06 19:33:52,513 [INFO] ThirdParty:1030 - CMSIS Pack Vendor :STMicroelectronics FP-ATR-ASTRA1 2.0.0
2025-12-06 19:33:52,513 [INFO] ThirdParty:1030 - CMSIS Pack Vendor :STMicroelectronics X-CUBE-TOF1 3.4.2
2025-12-06 19:33:52,513 [INFO] ThirdParty:1030 - CMSIS Pack Vendor :STMicroelectronics X-CUBE-TOF1 3.4.1
2025-12-06 19:33:52,513 [INFO] ThirdParty:1030 - CMSIS Pack Vendor :STMicroelectronics X-CUBE-AZRTOS-H7 3.2.0
2025-12-06 19:33:52,513 [INFO] ThirdParty:1030 - CMSIS Pack Vendor :Infineon AIROC-Wi-Fi-Bluetooth-STM32 1.6.0
2025-12-06 19:33:52,514 [INFO] ThirdParty:1030 - CMSIS Pack Vendor :wolfSSL I-CUBE-wolfSSH 1.4.17
2025-12-06 19:33:52,514 [INFO] ThirdParty:841 - exiting critical section [change project]
2025-12-06 19:33:52,694 [INFO] PinOutPanel:1561 - setPackage(No Configuration,No Configuration)
2025-12-06 19:33:52,695 [INFO] PinOutPanel:1561 - setPackage(STM32F446RETx,LQFP64)
2025-12-06 19:33:52,943 [INFO] UtilMem:75 - Before build in PCC Used Memory: 805233312 Bytes (1073741824)
2025-12-06 19:33:53,317 [INFO] UtilMem:75 - After build in PCC Used Memory: 855571120 Bytes (1073741824)
2025-12-06 19:33:53,333 [INFO] IPUIPlugin:80 - create IPUIPlugin
2025-12-06 19:33:53,333 [INFO] IPUIPlugin:80 - create IPUIPlugin
2025-12-06 19:33:53,333 [INFO] IPUIPlugin:80 - create IPUIPlugin
2025-12-06 19:33:53,333 [INFO] IPUIPlugin:80 - create IPUIPlugin
2025-12-06 19:33:53,333 [INFO] IPUIPlugin:80 - create IPUIPlugin
2025-12-06 19:33:53,333 [INFO] IPUIPlugin:80 - create IPUIPlugin
2025-12-06 19:33:53,333 [INFO] IPUIPlugin:80 - create IPUIPlugin
2025-12-06 19:33:53,333 [INFO] IPUIPlugin:80 - create IPUIPlugin
2025-12-06 19:33:53,333 [INFO] IPUIPlugin:80 - create IPUIPlugin
2025-12-06 19:33:53,333 [INFO] IPUIPlugin:80 - create IPUIPlugin
2025-12-06 19:33:53,333 [INFO] IPUIPlugin:80 - create IPUIPlugin
2025-12-06 19:33:53,333 [INFO] IPUIPlugin:80 - create IPUIPlugin
2025-12-06 19:33:53,333 [INFO] IPUIPlugin:80 - create IPUIPlugin
2025-12-06 19:33:53,333 [INFO] IPUIPlugin:80 - create IPUIPlugin
2025-12-06 19:33:53,333 [INFO] IPUIPlugin:80 - create IPUIPlugin
2025-12-06 19:33:53,334 [INFO] IPUIPlugin:80 - create IPUIPlugin
2025-12-06 19:33:53,334 [INFO] IPUIPlugin:80 - create IPUIPlugin
2025-12-06 19:33:53,334 [INFO] IPUIPlugin:80 - create IPUIPlugin
2025-12-06 19:33:53,334 [INFO] IPUIPlugin:80 - create IPUIPlugin
2025-12-06 19:33:53,334 [INFO] IPUIPlugin:80 - create IPUIPlugin
2025-12-06 19:33:53,334 [INFO] IPUIPlugin:80 - create IPUIPlugin
2025-12-06 19:33:53,334 [INFO] IPUIPlugin:80 - create IPUIPlugin
2025-12-06 19:33:53,334 [INFO] IPUIPlugin:80 - create IPUIPlugin
2025-12-06 19:33:53,334 [INFO] IPUIPlugin:80 - create IPUIPlugin
2025-12-06 19:33:53,334 [INFO] IPUIPlugin:80 - create IPUIPlugin
2025-12-06 19:33:53,334 [INFO] IPUIPlugin:80 - create IPUIPlugin
2025-12-06 19:33:53,334 [INFO] IPUIPlugin:80 - create IPUIPlugin
2025-12-06 19:33:53,334 [INFO] IPUIPlugin:80 - create IPUIPlugin
2025-12-06 19:33:53,334 [INFO] IPUIPlugin:80 - create IPUIPlugin
2025-12-06 19:33:53,334 [INFO] IPUIPlugin:80 - create IPUIPlugin
2025-12-06 19:33:53,335 [INFO] IPUIPlugin:80 - create IPUIPlugin
2025-12-06 19:33:53,335 [INFO] IPUIPlugin:80 - create IPUIPlugin
2025-12-06 19:33:53,335 [INFO] IPUIPlugin:80 - create IPUIPlugin
2025-12-06 19:33:53,335 [INFO] IPUIPlugin:80 - create IPUIPlugin
2025-12-06 19:33:53,335 [INFO] IPUIPlugin:80 - create IPUIPlugin
2025-12-06 19:33:53,335 [INFO] IPUIPlugin:80 - create IPUIPlugin
2025-12-06 19:33:53,335 [INFO] IPUIPlugin:80 - create IPUIPlugin
2025-12-06 19:33:53,336 [INFO] IPUIPlugin:80 - create IPUIPlugin
2025-12-06 19:33:53,336 [INFO] IPUIPlugin:80 - create IPUIPlugin
2025-12-06 19:33:53,336 [INFO] IPUIPlugin:80 - create IPUIPlugin
2025-12-06 19:33:53,336 [INFO] IPUIPlugin:80 - create IPUIPlugin
2025-12-06 19:33:53,336 [INFO] IPUIPlugin:80 - create IPUIPlugin
2025-12-06 19:33:53,336 [INFO] IPUIPlugin:80 - create IPUIPlugin
2025-12-06 19:33:53,336 [INFO] IPUIPlugin:80 - create IPUIPlugin
2025-12-06 19:33:53,336 [INFO] IPUIPlugin:80 - create IPUIPlugin
2025-12-06 19:33:53,336 [INFO] IPUIPlugin:80 - create IPUIPlugin
2025-12-06 19:33:53,336 [INFO] IPUIPlugin:80 - create IPUIPlugin
2025-12-06 19:33:53,337 [INFO] IPUIPlugin:80 - create IPUIPlugin
2025-12-06 19:33:53,337 [INFO] IPUIPlugin:80 - create IPUIPlugin
2025-12-06 19:33:53,337 [INFO] IPUIPlugin:80 - create IPUIPlugin
2025-12-06 19:33:53,337 [INFO] IPUIPlugin:80 - create IPUIPlugin
2025-12-06 19:33:53,337 [INFO] IPUIPlugin:80 - create IPUIPlugin
2025-12-06 19:33:53,338 [INFO] IPUIPlugin:80 - create IPUIPlugin
2025-12-06 19:33:53,338 [INFO] IPUIPlugin:80 - create IPUIPlugin
2025-12-06 19:33:53,338 [INFO] IPUIPlugin:80 - create IPUIPlugin
2025-12-06 19:33:53,338 [INFO] IPUIPlugin:80 - create IPUIPlugin
2025-12-06 19:33:53,338 [INFO] IPUIPlugin:80 - create IPUIPlugin
2025-12-06 19:33:53,339 [INFO] IPUIPlugin:80 - create IPUIPlugin
2025-12-06 19:33:53,340 [INFO] IPUIPlugin:80 - create IPUIPlugin
2025-12-06 19:33:53,340 [INFO] IPUIPlugin:80 - create IPUIPlugin
2025-12-06 19:33:53,363 [INFO] ApiDbMcu:508 - Load IP Config File for PDM2PCM
2025-12-06 19:33:53,365 [INFO] Can:71 - Can Add PropertyChangeListener com.st.microxplorer.plugins.ip.can.Can@7e8f191e
2025-12-06 19:33:53,418 [INFO] CADModel:165 - CPN selected for project levelSTM32F446RET6
2025-12-06 19:33:53,418 [INFO] CADModel:114 - Register for checkConnection events
2025-12-06 19:33:53,490 [INFO] OpenFileManager:343 - Restore cursor
2025-12-06 19:34:01,954 [INFO] NvicIntPanel:101 - NVIC parent = com.st.microxplorer.plugins.ip.nvic.MultiNvicIntPanel[,0,0,0x0,invalid,layout=javax.swing.BoxLayout,alignmentX=0.0,alignmentY=0.0,border=,flags=9,maximumSize=,minimumSize=,preferredSize=]
2025-12-06 19:36:43,741 [INFO] MainUpdater:2873 - connection check result : 10
2025-12-06 19:36:43,752 [INFO] McuFinderGlobals:76 - Set McuFinderConnectedMode to true
2025-12-06 19:36:44,255 [INFO] ServerAccessManage:473 - Download File mcusAds.json._tmp_
2025-12-06 19:36:44,374 [INFO] LoadUrlFilesThread:156 - End of LoadUrlFiles Thread
2025-12-06 19:36:45,160 [INFO] ServerAccessManage:473 - Download File cube-finder-db.zip
2025-12-06 19:36:48,647 [INFO] FileExtend:240 - Unzip File : cube-finder-db.zip
2025-12-06 19:36:48,647 [INFO] FileExtend:255 - Standard Zip Deflate
2025-12-06 19:36:49,511 [INFO] LoadUrlFilesThread:156 - End of LoadUrlFiles Thread
2025-12-06 19:36:50,927 [INFO] ServerAccessManage:473 - Download File crdb.zip
2025-12-06 19:36:51,771 [INFO] FileExtend:240 - Unzip File : crdb.zip
2025-12-06 19:36:51,771 [INFO] FileExtend:255 - Standard Zip Deflate
2025-12-06 19:36:51,909 [INFO] LoadUrlFilesThread:156 - End of LoadUrlFiles Thread
2025-12-06 19:36:52,906 [INFO] ServerAccessManage:473 - Download File tutoVideoDB.zip
2025-12-06 19:36:52,921 [INFO] FileExtend:240 - Unzip File : tutoVideoDB.zip
2025-12-06 19:36:52,921 [INFO] FileExtend:255 - Standard Zip Deflate
2025-12-06 19:36:53,049 [INFO] LoadUrlFilesThread:156 - End of LoadUrlFiles Thread
2025-12-06 19:36:53,051 [WARN] DbFile:41 - Overriding database path with different value: C:\Users\Aditya\.stmcufinder\plugins\mcufinder/ => C:\Users\Aditya\.stmcufinder\plugins\mcufinder
2025-12-06 19:36:53,193 [INFO] ServerAccessManage:473 - Download File api_config.json
2025-12-06 19:36:53,308 [INFO] LoadUrlFilesThread:156 - End of LoadUrlFiles Thread
2025-12-06 19:36:53,309 [INFO] DbMcusAds:53 - JSON generation date=Fri Dec 05 14:43:14 IST 2025 (1764925994673)
2025-12-06 19:36:53,314 [INFO] ApiDb:448 - Save user favorites file C:\Users\Aditya/.stm32cubeide/favorites.mcus.txt: 0 item(s)
2025-12-06 19:36:53,314 [INFO] ApiDb:452 - User favorites MCUs=[]
2025-12-06 19:36:53,316 [INFO] ApiDb:581 - Connected to CubeFinder SQLite database (C:\Users\Aditya\.stmcufinder\plugins\mcufinder\mcu\cube-finder-db.db)
2025-12-06 19:36:53,363 [INFO] ApiDb:668 - CubeFinder database Data Model version=2.1
2025-12-06 19:36:53,363 [INFO] ApiDb:669 - CubeFinder database Configuration version=3.0.39
2025-12-06 19:36:53,363 [INFO] ApiDb:670 - CubeFinder database generation date=2025-11-05 (1762334721)
2025-12-06 19:36:53,363 [INFO] ApiDb:671 - CubeFinder database FW Pack versions=[FP-ATR-ASTRA1_V2.0.0, FP-SNS-FLIGHT1_V5.1.0, FP-SNS-MOTENV1_V5.1.0, FP-SNS-MOTENVWB1_V1.4.0, FP-SNS-SMARTAG2_V1.2.0, FP-SNS-STBOX1_V2.1.0, STM32Cube_FW_C0_V1.4.0, STM32Cube_FW_F4_V1.28.3, STM32Cube_FW_F7_V1.17.4, STM32Cube_FW_G0_V1.6.2, STM32Cube_FW_G4_V1.6.1, STM32Cube_FW_H5_V1.5.1, STM32Cube_FW_H7RS_V1.3.0, STM32Cube_FW_H7_V1.12.1, STM32Cube_FW_L0_V1.12.2, STM32Cube_FW_L4_V1.18.1, STM32Cube_FW_L5_V1.6.0, STM32Cube_FW_N6_V1.3.0, STM32Cube_FW_U0_V1.3.0, STM32Cube_FW_U3_V1.2.1, STM32Cube_FW_U5_V1.8.0, STM32Cube_FW_WB0_V1.4.0, STM32Cube_FW_WBA_V1.8.0, STM32Cube_FW_WB_V1.24.0, STM32Cube_FW_WL3_V1.3.0, STM32Cube_FW_WL_V1.4.0, X-CUBE-ALGOBUILD_V1.4.0, X-CUBE-ALS_V1.0.2, X-CUBE-AZRTOS-F4_V1.1.0, X-CUBE-AZRTOS-F7_V1.1.0, X-CUBE-AZRTOS-G0_V1.1.0, X-CUBE-AZRTOS-G4_V2.0.0, X-CUBE-AZRTOS-H7RS_V1.1.0, X-CUBE-AZRTOS-H7_V3.4.0, X-CUBE-AZRTOS-L4_V2.0.0, X-CUBE-AZRTOS-L5_V2.0.0, X-CUBE-AZRTOS-WB_V2.0.0, X-CUBE-AZRTOS-WL_V2.0.0, X-CUBE-BLE1_V7.1.0, X-CUBE-BLE2_V3.3.0, X-CUBE-BLEMGR_V4.1.0, X-CUBE-EEPRMA1_V5.2.0, X-CUBE-FREERTOS_V1.3.1, X-CUBE-GNSS1_V6.0.0, X-CUBE-MEMS1_V11.3.0, X-CUBE-NFC4_V3.0.0, X-CUBE-NFC7_V2.0.0, X-CUBE-SFXS2LP1_V4.0.0, X-CUBE-ST67W61_V1.1.0, X-CUBE-SUBG2_V5.0.0, X-CUBE-TOF1_V3.4.3]
2025-12-06 19:36:54,726 [INFO] ApiDb:240 - Found 483 in-development CPN: [B-G473E-ZEST1S, B-WB1M-WPAN1, B-WL5M-SUBG1, NUCLEO-C031C6, NUCLEO-H503RB, NUCLEO-H533RE, NUCLEO-H563ZI, NUCLEO-H7S3L8, NUCLEO-U031R8, NUCLEO-U083RC, NUCLEO-U545RE-Q, NUCLEO-U5A5ZJ-Q, NUCLEO-WBA52CG, NUCLEO-WBA55CG, STEVAL-PROTEUS1, STEVAL-SMARTAG2, STEVAL-STWINBX1, STM320518-EVAL, STM32C0116-DK, STM32C011D6Y3TR, STM32C011D6Y6TR, STM32C011F4P3, STM32C011F4P6, STM32C011F4U3, STM32C011F4U6TR, STM32C011F6P3, STM32C011F6P6, STM32C011F6U3, STM32C011F6U6TR, STM32C011J4M3, STM32C011J4M6, STM32C011J6M3, STM32C011J6M6, STM32C0316-DK, STM32C031C4T3, STM32C031C4T6, STM32C031C4U3, STM32C031C4U6, STM32C031C6T3, STM32C031C6T6, STM32C031C6U3, STM32C031C6U6, STM32C031F4P3, STM32C031F4P6, STM32C031F6P3, STM32C031F6P6, STM32C031G4U3, STM32C031G4U6, STM32C031G6U3, STM32C031G6U6, STM32C031K4T3, STM32C031K4T6, STM32C031K4U3, STM32C031K4U6, STM32C031K6T3, STM32C031K6T6, STM32C031K6U3, STM32C031K6U6, STM32G071K8TXN, STM32G071K8UXN, STM32G081GBU6N, STM32G081KBT6N, STM32G081KBUXN, STM32G0B1CCT6N, STM32G0B1KCT6, STM32G0B1NEY6TR, STM32G0B1RCT6N, STM32G0C1CCT6, STM32G0C1CCT6N, STM32G0C1CCU6N, STM32G0C1CET6N, STM32G0C1CEU6N, STM32G0C1KCT6, STM32G0C1NEY6TR, STM32G0C1RCI6N, STM32G0C1RCT6N, STM32G0C1REI6N, STM32G0C1RET6N, STM32G0C1VCI6, STM32G0C1VEI6, STM32G471CCT6, STM32G471CCU6, STM32G471CET3, STM32G471CET6, STM32G471CEU3, STM32G471CEU6, STM32G471MCT6, STM32G471MET3, STM32G471MET6, STM32G471MEY6TR, STM32G471QCT6, STM32G471QET3, STM32G471RCT6, STM32G471RET3, STM32G471RET6, STM32G471VCH6, STM32G471VCI6, STM32G471VCT6, STM32G471VEH3, STM32G471VEH6, STM32G471VEI3, STM32G471VEI6, STM32G471VET3, STM32G471VET6, STM32G474CCT6, STM32H503CBT6, STM32H503CBU6, STM32H503EBY6TR, STM32H503KBU6, STM32H503RBT6, STM32H523CCT6, STM32H523CCU6, STM32H523CET6, STM32H523CEU6, STM32H523HEY6TR, STM32H523RCT6, STM32H523RET6, STM32H523VCI6, STM32H523VCT6, STM32H523VEI6, STM32H523VET6, STM32H523ZCJ6, STM32H523ZCT6, STM32H523ZEJ6, STM32H523ZET6, STM32H533CET6, STM32H533CEU6, STM32H533HEY6TR, STM32H533RET6, STM32H533VEI6, STM32H533VET6, STM32H533ZEJ6, STM32H533ZET6, STM32H562AGI6, STM32H562AII6, STM32H562IGK6, STM32H562IGT6, STM32H562IIK6, STM32H562IIT6, STM32H562RGT6, STM32H562RGV6, STM32H562RIT6, STM32H562RIV6, STM32H562VGT6, STM32H562VIT6, STM32H562ZGT6, STM32H562ZIT6, STM32H563AGI6, STM32H563AII3Q, STM32H563AII6, STM32H563IGK6, STM32H563IGT6, STM32H563IIK3Q, STM32H563IIK6, STM32H563IIT3Q, STM32H563IIT6, STM32H563MIY3QTR, STM32H563RGT6, STM32H563RGV6, STM32H563RIT6, STM32H563RIV6, STM32H563VGT6, STM32H563VIT3Q, STM32H563VIT6, STM32H563ZGT6, STM32H563ZIT3Q, STM32H563ZIT6, STM32H573AII3Q, STM32H573AII6, STM32H573I-DK, STM32H573IIK3Q, STM32H573IIK6, STM32H573IIT3Q, STM32H573IIT6, STM32H573MIY3QTR, STM32H573RIT6, STM32H573RIV6, STM32H573VIT3Q, STM32H573VIT6, STM32H573ZIT3Q, STM32H573ZIT6, STM32H7R3A8I6, STM32H7R3I8K6, STM32H7R3I8T6, STM32H7R3L8H6, STM32H7R3L8H6H, STM32H7R3R8V6, STM32H7R3V8H6, STM32H7R3V8T6, STM32H7R3V8Y6, STM32H7R3Z8J6, STM32H7R3Z8T6, STM32H7R7A8I6, STM32H7R7I8K6, STM32H7R7I8T6, STM32H7R7L8H6, STM32H7R7L8H6H, STM32H7R7Z8J6, STM32H7S3A8I6, STM32H7S3I8K6, STM32H7S3I8T6, STM32H7S3L8H6, STM32H7S3L8H6H, STM32H7S3R8V6, STM32H7S3V8H6, STM32H7S3V8T6, STM32H7S3V8Y6, STM32H7S3Z8J6, STM32H7S3Z8T6, STM32H7S78-DK, STM32H7S7A8I6, STM32H7S7I8K6, STM32H7S7I8T6, STM32H7S7L8H6, STM32H7S7L8H6H, STM32H7S7Z8J6, STM32L4R5QGI6STR, STM32MP131AAE3, STM32MP131AAF3, STM32MP131AAG3, STM32MP131CAE3, STM32MP131CAF3, STM32MP131CAG3, STM32MP131DAE7, STM32MP131DAF7, STM32MP131DAG7, STM32MP131FAE7, STM32MP131FAF7, STM32MP131FAG7, STM32MP133AAE3, STM32MP133AAF3, STM32MP133AAG3, STM32MP133CAE3, STM32MP133CAF3, STM32MP133CAG3, STM32MP133DAE7, STM32MP133DAF7, STM32MP133DAG7, STM32MP133FAE7, STM32MP133FAF7, STM32MP133FAG7, STM32MP135AAE3, STM32MP135AAF3, STM32MP135AAG3, STM32MP135CAE3, STM32MP135CAF3, STM32MP135CAG3, STM32MP135DAE7, STM32MP135DAF7, STM32MP135DAG7, STM32MP135F-DK, STM32MP135FAE7, STM32MP135FAF7, STM32MP135FAF7T, STM32MP135FAF7U, STM32MP135FAG7, STM32U031C6T6, STM32U031C6U6, STM32U031C8T6, STM32U031C8U6, STM32U031F4P6, STM32U031F6P6, STM32U031F8P6, STM32U031G6Y6TR, STM32U031G8Y6TR, STM32U031K4U6, STM32U031K6U6, STM32U031K8U6, STM32U031R6I6, STM32U031R6T6, STM32U031R8I6, STM32U031R8T6, STM32U073C8T6, STM32U073C8U6, STM32U073CBT6, STM32U073CBU6, STM32U073CCT6, STM32U073CCU6, STM32U073H8Y6TR, STM32U073HBY6TR, STM32U073HCY6TR, STM32U073K8U6, STM32U073KBU6, STM32U073KCU6, STM32U073M8I6, STM32U073M8T6, STM32U073MBI6, STM32U073MBT6, STM32U073MCI6, STM32U073MCT6, STM32U073R8I6, STM32U073R8T6, STM32U073RBI6, STM32U073RBT6, STM32U073RCI6, STM32U073RCT6, STM32U083C-DK, STM32U083CCT6, STM32U083CCU6, STM32U083HCY6TR, STM32U083KCU6, STM32U083MCI6, STM32U083MCT6, STM32U083RCI6, STM32U083RCT6, STM32U535CBT6, STM32U535CBT6Q, STM32U535CBU6, STM32U535CBU6Q, STM32U535CCT6, STM32U535CCT6Q, STM32U535CCU6, STM32U535CCU6Q, STM32U535CET6, STM32U535CET6Q, STM32U535CEU6, STM32U535CEU6Q, STM32U535JEY6QTR, STM32U535NCY6QTR, STM32U535NEY6QTR, STM32U535RBI6, STM32U535RBI6Q, STM32U535RBT6, STM32U535RBT6Q, STM32U535RCI6, STM32U535RCI6Q, STM32U535RCT6, STM32U535RCT6Q, STM32U535REI6, STM32U535REI6Q, STM32U535RET6, STM32U535RET6Q, STM32U535VCI6, STM32U535VCI6Q, STM32U535VCT6, STM32U535VCT6Q, STM32U535VEI6, STM32U535VEI6Q, STM32U535VET6, STM32U535VET6Q, STM32U545CET6, STM32U545CET6Q, STM32U545CEU6, STM32U545CEU6Q, STM32U545JEY6QTR, STM32U545NEY6QTR, STM32U545REI6, STM32U545REI6Q, STM32U545RET6, STM32U545RET6Q, STM32U545VEI6, STM32U545VEI6Q, STM32U545VET6, STM32U545VET6Q, STM32U595AIH6, STM32U595AIH6Q, STM32U595AJH6, STM32U595AJH6Q, STM32U595QII6, STM32U595QII6Q, STM32U595QJI6, STM32U595QJI6Q, STM32U595RIT6, STM32U595RIT6Q, STM32U595RJT6, STM32U595RJT6Q, STM32U595VIT6, STM32U595VIT6Q, STM32U595VJT6, STM32U595VJT6Q, STM32U595ZIT6, STM32U595ZIT6Q, STM32U595ZIY6QTR, STM32U595ZJT6, STM32U595ZJT6Q, STM32U595ZJY6QTR, STM32U599BJY6QTR, STM32U599NIH6Q, STM32U599NJH6Q, STM32U599VIT6Q, STM32U599VJT6, STM32U599VJT6Q, STM32U599ZIT6Q, STM32U599ZIY6QTR, STM32U599ZJT6Q, STM32U599ZJY6QTR, STM32U5A5AJH6, STM32U5A5AJH6Q, STM32U5A5QII3Q , STM32U5A5QJI6, STM32U5A5QJI6Q, STM32U5A5RJT6, STM32U5A5RJT6Q, STM32U5A5VJT6, STM32U5A5VJT6Q, STM32U5A5ZJT6, STM32U5A5ZJT6Q, STM32U5A5ZJY6QTR, STM32U5A9BJY6QTR, STM32U5A9J-DK, STM32U5A9NJH6Q, STM32U5A9VJT6Q, STM32U5A9ZJT6Q, STM32U5A9ZJY6QTR, STM32U5F7VIT6, STM32U5F7VIT6Q, STM32U5F7VJT6, STM32U5F7VJT6Q, STM32U5F9BJY6QTR, STM32U5F9NJH6Q, STM32U5F9VIT6Q, STM32U5F9VJT6Q, STM32U5F9ZIJ6QTR, STM32U5F9ZIT6Q, STM32U5F9ZJJ6QTR, STM32U5F9ZJT6Q, STM32U5G7VJT6, STM32U5G7VJT6Q, STM32U5G9BJY6QTR, STM32U5G9J-DK1, STM32U5G9J-DK2, STM32U5G9NJH6Q, STM32U5G9VJT6Q, STM32U5G9ZJJ6QTR, STM32U5G9ZJT6Q, STM32WB1MMCH6, STM32WBA50KEU6, STM32WBA50KEU6TR, STM32WBA50KGU6, STM32WBA50KGU6TR, STM32WBA52CEU6, STM32WBA52CEU6TR, STM32WBA52CEU7, STM32WBA52CEU7TR, STM32WBA52CGU6, STM32WBA52CGU6TR, STM32WBA52CGU6U, STM32WBA52CGU7, STM32WBA52CGU7TR, STM32WBA52KEU6, STM32WBA52KEU6TR, STM32WBA52KGU6, STM32WBA52KGU6TR, STM32WBA54CEU6, STM32WBA54CEU6TR, STM32WBA54CEU7, STM32WBA54CEU7TR, STM32WBA54CGU6, STM32WBA54CGU6TR, STM32WBA54CGU7, STM32WBA54CGU7TR, STM32WBA54KEU6, STM32WBA54KEU6TR, STM32WBA54KEU7, STM32WBA54KEU7TR, STM32WBA54KGU6, STM32WBA54KGU6TR, STM32WBA54KGU7, STM32WBA54KGU7TR, STM32WBA55CEU6, STM32WBA55CEU6TR, STM32WBA55CEU7, STM32WBA55CEU7TR, STM32WBA55CGU6, STM32WBA55CGU6TR, STM32WBA55CGU6U, STM32WBA55CGU7, STM32WBA55CGU7TR, STM32WBA55G-DK1, STM32WBA55HEF6, STM32WBA55HEF7, STM32WBA55HGF6, STM32WBA55HGF7, STM32WBA55UEI6, STM32WBA55UEI6TR, STM32WBA55UEI7, STM32WBA55UEI7TR, STM32WBA55UGI6, STM32WBA55UGI6TR, STM32WBA55UGI7, STM32WBA55UGI7TR, STM32WL5MOCH6, STM32WL5MOCH6TR]
2025-12-06 19:36:54,728 [INFO] DbMcus:218 - Found 4816 MCUs, 4816 are supported
2025-12-06 19:36:54,728 [INFO] ApiDb:423 - Load user favorites file C:\Users\Aditya/.stm32cubeide/favorites.mcus.txt: 0 item(s)
2025-12-06 19:36:54,728 [INFO] ApiDb:427 - User favorites MCUs=[]
2025-12-06 19:36:54,728 [INFO] DbMcus:224 - Set 0 / 0 favorites MCUs
2025-12-06 19:36:54,973 [INFO] ApiDb:448 - Save user favorites file C:\Users\Aditya/.stm32cubeide/favorites.boards.txt: 0 item(s)
2025-12-06 19:36:54,973 [INFO] ApiDb:452 - User favorites Boards=[]
2025-12-06 19:36:54,974 [INFO] ApiDb:581 - Connected to CubeFinder SQLite database (C:\Users\Aditya\.stmcufinder\plugins\mcufinder\mcu\cube-finder-db.db)
2025-12-06 19:36:55,019 [INFO] ApiDb:668 - CubeFinder database Data Model version=2.1
2025-12-06 19:36:55,019 [INFO] ApiDb:669 - CubeFinder database Configuration version=3.0.39
2025-12-06 19:36:55,019 [INFO] ApiDb:670 - CubeFinder database generation date=2025-11-05 (1762334721)
2025-12-06 19:36:55,019 [INFO] ApiDb:671 - CubeFinder database FW Pack versions=[FP-ATR-ASTRA1_V2.0.0, FP-SNS-FLIGHT1_V5.1.0, FP-SNS-MOTENV1_V5.1.0, FP-SNS-MOTENVWB1_V1.4.0, FP-SNS-SMARTAG2_V1.2.0, FP-SNS-STBOX1_V2.1.0, STM32Cube_FW_C0_V1.4.0, STM32Cube_FW_F4_V1.28.3, STM32Cube_FW_F7_V1.17.4, STM32Cube_FW_G0_V1.6.2, STM32Cube_FW_G4_V1.6.1, STM32Cube_FW_H5_V1.5.1, STM32Cube_FW_H7RS_V1.3.0, STM32Cube_FW_H7_V1.12.1, STM32Cube_FW_L0_V1.12.2, STM32Cube_FW_L4_V1.18.1, STM32Cube_FW_L5_V1.6.0, STM32Cube_FW_N6_V1.3.0, STM32Cube_FW_U0_V1.3.0, STM32Cube_FW_U3_V1.2.1, STM32Cube_FW_U5_V1.8.0, STM32Cube_FW_WB0_V1.4.0, STM32Cube_FW_WBA_V1.8.0, STM32Cube_FW_WB_V1.24.0, STM32Cube_FW_WL3_V1.3.0, STM32Cube_FW_WL_V1.4.0, X-CUBE-ALGOBUILD_V1.4.0, X-CUBE-ALS_V1.0.2, X-CUBE-AZRTOS-F4_V1.1.0, X-CUBE-AZRTOS-F7_V1.1.0, X-CUBE-AZRTOS-G0_V1.1.0, X-CUBE-AZRTOS-G4_V2.0.0, X-CUBE-AZRTOS-H7RS_V1.1.0, X-CUBE-AZRTOS-H7_V3.4.0, X-CUBE-AZRTOS-L4_V2.0.0, X-CUBE-AZRTOS-L5_V2.0.0, X-CUBE-AZRTOS-WB_V2.0.0, X-CUBE-AZRTOS-WL_V2.0.0, X-CUBE-BLE1_V7.1.0, X-CUBE-BLE2_V3.3.0, X-CUBE-BLEMGR_V4.1.0, X-CUBE-EEPRMA1_V5.2.0, X-CUBE-FREERTOS_V1.3.1, X-CUBE-GNSS1_V6.0.0, X-CUBE-MEMS1_V11.3.0, X-CUBE-NFC4_V3.0.0, X-CUBE-NFC7_V2.0.0, X-CUBE-SFXS2LP1_V4.0.0, X-CUBE-ST67W61_V1.1.0, X-CUBE-SUBG2_V5.0.0, X-CUBE-TOF1_V3.4.3]
2025-12-06 19:36:55,055 [INFO] DbBoardsSqlite:226 - include board P-NUCLEO-WB55-NUCLEO as a kit item of type 'Nucleo-64'
2025-12-06 19:36:55,055 [INFO] DbBoardsSqlite:226 - include board P-NUCLEO-WB55-USBDONGLE as a kit item of type 'Nucleo USB Dongle'
2025-12-06 19:36:55,056 [INFO] DbBoardsSqlite:226 - include board STEVAL-IDP005V1 as a kit item of type 'Evaluation Board'
2025-12-06 19:36:55,056 [INFO] DbBoardsSqlite:226 - include board STEVAL-IDP005V2 as a kit item of type 'Evaluation Board'
2025-12-06 19:36:55,102 [INFO] ApiDb:240 - Found 483 in-development CPN: [B-G473E-ZEST1S, B-WB1M-WPAN1, B-WL5M-SUBG1, NUCLEO-C031C6, NUCLEO-H503RB, NUCLEO-H533RE, NUCLEO-H563ZI, NUCLEO-H7S3L8, NUCLEO-U031R8, NUCLEO-U083RC, NUCLEO-U545RE-Q, NUCLEO-U5A5ZJ-Q, NUCLEO-WBA52CG, NUCLEO-WBA55CG, STEVAL-PROTEUS1, STEVAL-SMARTAG2, STEVAL-STWINBX1, STM320518-EVAL, STM32C0116-DK, STM32C011D6Y3TR, STM32C011D6Y6TR, STM32C011F4P3, STM32C011F4P6, STM32C011F4U3, STM32C011F4U6TR, STM32C011F6P3, STM32C011F6P6, STM32C011F6U3, STM32C011F6U6TR, STM32C011J4M3, STM32C011J4M6, STM32C011J6M3, STM32C011J6M6, STM32C0316-DK, STM32C031C4T3, STM32C031C4T6, STM32C031C4U3, STM32C031C4U6, STM32C031C6T3, STM32C031C6T6, STM32C031C6U3, STM32C031C6U6, STM32C031F4P3, STM32C031F4P6, STM32C031F6P3, STM32C031F6P6, STM32C031G4U3, STM32C031G4U6, STM32C031G6U3, STM32C031G6U6, STM32C031K4T3, STM32C031K4T6, STM32C031K4U3, STM32C031K4U6, STM32C031K6T3, STM32C031K6T6, STM32C031K6U3, STM32C031K6U6, STM32G071K8TXN, STM32G071K8UXN, STM32G081GBU6N, STM32G081KBT6N, STM32G081KBUXN, STM32G0B1CCT6N, STM32G0B1KCT6, STM32G0B1NEY6TR, STM32G0B1RCT6N, STM32G0C1CCT6, STM32G0C1CCT6N, STM32G0C1CCU6N, STM32G0C1CET6N, STM32G0C1CEU6N, STM32G0C1KCT6, STM32G0C1NEY6TR, STM32G0C1RCI6N, STM32G0C1RCT6N, STM32G0C1REI6N, STM32G0C1RET6N, STM32G0C1VCI6, STM32G0C1VEI6, STM32G471CCT6, STM32G471CCU6, STM32G471CET3, STM32G471CET6, STM32G471CEU3, STM32G471CEU6, STM32G471MCT6, STM32G471MET3, STM32G471MET6, STM32G471MEY6TR, STM32G471QCT6, STM32G471QET3, STM32G471RCT6, STM32G471RET3, STM32G471RET6, STM32G471VCH6, STM32G471VCI6, STM32G471VCT6, STM32G471VEH3, STM32G471VEH6, STM32G471VEI3, STM32G471VEI6, STM32G471VET3, STM32G471VET6, STM32G474CCT6, STM32H503CBT6, STM32H503CBU6, STM32H503EBY6TR, STM32H503KBU6, STM32H503RBT6, STM32H523CCT6, STM32H523CCU6, STM32H523CET6, STM32H523CEU6, STM32H523HEY6TR, STM32H523RCT6, STM32H523RET6, STM32H523VCI6, STM32H523VCT6, STM32H523VEI6, STM32H523VET6, STM32H523ZCJ6, STM32H523ZCT6, STM32H523ZEJ6, STM32H523ZET6, STM32H533CET6, STM32H533CEU6, STM32H533HEY6TR, STM32H533RET6, STM32H533VEI6, STM32H533VET6, STM32H533ZEJ6, STM32H533ZET6, STM32H562AGI6, STM32H562AII6, STM32H562IGK6, STM32H562IGT6, STM32H562IIK6, STM32H562IIT6, STM32H562RGT6, STM32H562RGV6, STM32H562RIT6, STM32H562RIV6, STM32H562VGT6, STM32H562VIT6, STM32H562ZGT6, STM32H562ZIT6, STM32H563AGI6, STM32H563AII3Q, STM32H563AII6, STM32H563IGK6, STM32H563IGT6, STM32H563IIK3Q, STM32H563IIK6, STM32H563IIT3Q, STM32H563IIT6, STM32H563MIY3QTR, STM32H563RGT6, STM32H563RGV6, STM32H563RIT6, STM32H563RIV6, STM32H563VGT6, STM32H563VIT3Q, STM32H563VIT6, STM32H563ZGT6, STM32H563ZIT3Q, STM32H563ZIT6, STM32H573AII3Q, STM32H573AII6, STM32H573I-DK, STM32H573IIK3Q, STM32H573IIK6, STM32H573IIT3Q, STM32H573IIT6, STM32H573MIY3QTR, STM32H573RIT6, STM32H573RIV6, STM32H573VIT3Q, STM32H573VIT6, STM32H573ZIT3Q, STM32H573ZIT6, STM32H7R3A8I6, STM32H7R3I8K6, STM32H7R3I8T6, STM32H7R3L8H6, STM32H7R3L8H6H, STM32H7R3R8V6, STM32H7R3V8H6, STM32H7R3V8T6, STM32H7R3V8Y6, STM32H7R3Z8J6, STM32H7R3Z8T6, STM32H7R7A8I6, STM32H7R7I8K6, STM32H7R7I8T6, STM32H7R7L8H6, STM32H7R7L8H6H, STM32H7R7Z8J6, STM32H7S3A8I6, STM32H7S3I8K6, STM32H7S3I8T6, STM32H7S3L8H6, STM32H7S3L8H6H, STM32H7S3R8V6, STM32H7S3V8H6, STM32H7S3V8T6, STM32H7S3V8Y6, STM32H7S3Z8J6, STM32H7S3Z8T6, STM32H7S78-DK, STM32H7S7A8I6, STM32H7S7I8K6, STM32H7S7I8T6, STM32H7S7L8H6, STM32H7S7L8H6H, STM32H7S7Z8J6, STM32L4R5QGI6STR, STM32MP131AAE3, STM32MP131AAF3, STM32MP131AAG3, STM32MP131CAE3, STM32MP131CAF3, STM32MP131CAG3, STM32MP131DAE7, STM32MP131DAF7, STM32MP131DAG7, STM32MP131FAE7, STM32MP131FAF7, STM32MP131FAG7, STM32MP133AAE3, STM32MP133AAF3, STM32MP133AAG3, STM32MP133CAE3, STM32MP133CAF3, STM32MP133CAG3, STM32MP133DAE7, STM32MP133DAF7, STM32MP133DAG7, STM32MP133FAE7, STM32MP133FAF7, STM32MP133FAG7, STM32MP135AAE3, STM32MP135AAF3, STM32MP135AAG3, STM32MP135CAE3, STM32MP135CAF3, STM32MP135CAG3, STM32MP135DAE7, STM32MP135DAF7, STM32MP135DAG7, STM32MP135F-DK, STM32MP135FAE7, STM32MP135FAF7, STM32MP135FAF7T, STM32MP135FAF7U, STM32MP135FAG7, STM32U031C6T6, STM32U031C6U6, STM32U031C8T6, STM32U031C8U6, STM32U031F4P6, STM32U031F6P6, STM32U031F8P6, STM32U031G6Y6TR, STM32U031G8Y6TR, STM32U031K4U6, STM32U031K6U6, STM32U031K8U6, STM32U031R6I6, STM32U031R6T6, STM32U031R8I6, STM32U031R8T6, STM32U073C8T6, STM32U073C8U6, STM32U073CBT6, STM32U073CBU6, STM32U073CCT6, STM32U073CCU6, STM32U073H8Y6TR, STM32U073HBY6TR, STM32U073HCY6TR, STM32U073K8U6, STM32U073KBU6, STM32U073KCU6, STM32U073M8I6, STM32U073M8T6, STM32U073MBI6, STM32U073MBT6, STM32U073MCI6, STM32U073MCT6, STM32U073R8I6, STM32U073R8T6, STM32U073RBI6, STM32U073RBT6, STM32U073RCI6, STM32U073RCT6, STM32U083C-DK, STM32U083CCT6, STM32U083CCU6, STM32U083HCY6TR, STM32U083KCU6, STM32U083MCI6, STM32U083MCT6, STM32U083RCI6, STM32U083RCT6, STM32U535CBT6, STM32U535CBT6Q, STM32U535CBU6, STM32U535CBU6Q, STM32U535CCT6, STM32U535CCT6Q, STM32U535CCU6, STM32U535CCU6Q, STM32U535CET6, STM32U535CET6Q, STM32U535CEU6, STM32U535CEU6Q, STM32U535JEY6QTR, STM32U535NCY6QTR, STM32U535NEY6QTR, STM32U535RBI6, STM32U535RBI6Q, STM32U535RBT6, STM32U535RBT6Q, STM32U535RCI6, STM32U535RCI6Q, STM32U535RCT6, STM32U535RCT6Q, STM32U535REI6, STM32U535REI6Q, STM32U535RET6, STM32U535RET6Q, STM32U535VCI6, STM32U535VCI6Q, STM32U535VCT6, STM32U535VCT6Q, STM32U535VEI6, STM32U535VEI6Q, STM32U535VET6, STM32U535VET6Q, STM32U545CET6, STM32U545CET6Q, STM32U545CEU6, STM32U545CEU6Q, STM32U545JEY6QTR, STM32U545NEY6QTR, STM32U545REI6, STM32U545REI6Q, STM32U545RET6, STM32U545RET6Q, STM32U545VEI6, STM32U545VEI6Q, STM32U545VET6, STM32U545VET6Q, STM32U595AIH6, STM32U595AIH6Q, STM32U595AJH6, STM32U595AJH6Q, STM32U595QII6, STM32U595QII6Q, STM32U595QJI6, STM32U595QJI6Q, STM32U595RIT6, STM32U595RIT6Q, STM32U595RJT6, STM32U595RJT6Q, STM32U595VIT6, STM32U595VIT6Q, STM32U595VJT6, STM32U595VJT6Q, STM32U595ZIT6, STM32U595ZIT6Q, STM32U595ZIY6QTR, STM32U595ZJT6, STM32U595ZJT6Q, STM32U595ZJY6QTR, STM32U599BJY6QTR, STM32U599NIH6Q, STM32U599NJH6Q, STM32U599VIT6Q, STM32U599VJT6, STM32U599VJT6Q, STM32U599ZIT6Q, STM32U599ZIY6QTR, STM32U599ZJT6Q, STM32U599ZJY6QTR, STM32U5A5AJH6, STM32U5A5AJH6Q, STM32U5A5QII3Q , STM32U5A5QJI6, STM32U5A5QJI6Q, STM32U5A5RJT6, STM32U5A5RJT6Q, STM32U5A5VJT6, STM32U5A5VJT6Q, STM32U5A5ZJT6, STM32U5A5ZJT6Q, STM32U5A5ZJY6QTR, STM32U5A9BJY6QTR, STM32U5A9J-DK, STM32U5A9NJH6Q, STM32U5A9VJT6Q, STM32U5A9ZJT6Q, STM32U5A9ZJY6QTR, STM32U5F7VIT6, STM32U5F7VIT6Q, STM32U5F7VJT6, STM32U5F7VJT6Q, STM32U5F9BJY6QTR, STM32U5F9NJH6Q, STM32U5F9VIT6Q, STM32U5F9VJT6Q, STM32U5F9ZIJ6QTR, STM32U5F9ZIT6Q, STM32U5F9ZJJ6QTR, STM32U5F9ZJT6Q, STM32U5G7VJT6, STM32U5G7VJT6Q, STM32U5G9BJY6QTR, STM32U5G9J-DK1, STM32U5G9J-DK2, STM32U5G9NJH6Q, STM32U5G9VJT6Q, STM32U5G9ZJJ6QTR, STM32U5G9ZJT6Q, STM32WB1MMCH6, STM32WBA50KEU6, STM32WBA50KEU6TR, STM32WBA50KGU6, STM32WBA50KGU6TR, STM32WBA52CEU6, STM32WBA52CEU6TR, STM32WBA52CEU7, STM32WBA52CEU7TR, STM32WBA52CGU6, STM32WBA52CGU6TR, STM32WBA52CGU6U, STM32WBA52CGU7, STM32WBA52CGU7TR, STM32WBA52KEU6, STM32WBA52KEU6TR, STM32WBA52KGU6, STM32WBA52KGU6TR, STM32WBA54CEU6, STM32WBA54CEU6TR, STM32WBA54CEU7, STM32WBA54CEU7TR, STM32WBA54CGU6, STM32WBA54CGU6TR, STM32WBA54CGU7, STM32WBA54CGU7TR, STM32WBA54KEU6, STM32WBA54KEU6TR, STM32WBA54KEU7, STM32WBA54KEU7TR, STM32WBA54KGU6, STM32WBA54KGU6TR, STM32WBA54KGU7, STM32WBA54KGU7TR, STM32WBA55CEU6, STM32WBA55CEU6TR, STM32WBA55CEU7, STM32WBA55CEU7TR, STM32WBA55CGU6, STM32WBA55CGU6TR, STM32WBA55CGU6U, STM32WBA55CGU7, STM32WBA55CGU7TR, STM32WBA55G-DK1, STM32WBA55HEF6, STM32WBA55HEF7, STM32WBA55HGF6, STM32WBA55HGF7, STM32WBA55UEI6, STM32WBA55UEI6TR, STM32WBA55UEI7, STM32WBA55UEI7TR, STM32WBA55UGI6, STM32WBA55UGI6TR, STM32WBA55UGI7, STM32WBA55UGI7TR, STM32WL5MOCH6, STM32WL5MOCH6TR]
2025-12-06 19:36:55,134 [INFO] BoardInfo:889 - No configuration file found for board B-WBA5M-WPAN
2025-12-06 19:36:55,134 [INFO] DbBoards:161 - Board is not supported: B-WBA5M-WPAN
2025-12-06 19:36:55,138 [INFO] BoardInfo:889 - No configuration file found for board NUCLEO-C051C8
2025-12-06 19:36:55,139 [INFO] DbBoards:161 - Board is not supported: NUCLEO-C051C8
2025-12-06 19:36:55,139 [INFO] BoardInfo:889 - No configuration file found for board NUCLEO-C071RB
2025-12-06 19:36:55,139 [INFO] DbBoards:161 - Board is not supported: NUCLEO-C071RB
2025-12-06 19:36:55,140 [INFO] BoardInfo:889 - No configuration file found for board NUCLEO-C092RC
2025-12-06 19:36:55,140 [INFO] DbBoards:161 - Board is not supported: NUCLEO-C092RC
2025-12-06 19:36:55,202 [INFO] BoardInfo:889 - No configuration file found for board NUCLEO-N657X0-Q
2025-12-06 19:36:55,202 [INFO] DbBoards:161 - Board is not supported: NUCLEO-N657X0-Q
2025-12-06 19:36:55,204 [INFO] BoardInfo:889 - No configuration file found for board NUCLEO-U385RG-Q
2025-12-06 19:36:55,204 [INFO] DbBoards:161 - Board is not supported: NUCLEO-U385RG-Q
2025-12-06 19:36:55,207 [INFO] BoardInfo:889 - No configuration file found for board NUCLEO-WB05KZ
2025-12-06 19:36:55,208 [INFO] DbBoards:161 - Board is not supported: NUCLEO-WB05KZ
2025-12-06 19:36:55,208 [INFO] BoardInfo:889 - No configuration file found for board NUCLEO-WB07CC
2025-12-06 19:36:55,208 [INFO] DbBoards:161 - Board is not supported: NUCLEO-WB07CC
2025-12-06 19:36:55,209 [INFO] BoardInfo:889 - No configuration file found for board NUCLEO-WB09KE
2025-12-06 19:36:55,209 [INFO] DbBoards:161 - Board is not supported: NUCLEO-WB09KE
2025-12-06 19:36:55,213 [INFO] BoardInfo:889 - No configuration file found for board NUCLEO-WBA65RI
2025-12-06 19:36:55,213 [INFO] DbBoards:161 - Board is not supported: NUCLEO-WBA65RI
2025-12-06 19:36:55,214 [INFO] BoardInfo:889 - No configuration file found for board NUCLEO-WL33CC1
2025-12-06 19:36:55,214 [INFO] DbBoards:161 - Board is not supported: NUCLEO-WL33CC1
2025-12-06 19:36:55,214 [INFO] BoardInfo:889 - No configuration file found for board NUCLEO-WL33CC2
2025-12-06 19:36:55,214 [INFO] DbBoards:161 - Board is not supported: NUCLEO-WL33CC2
2025-12-06 19:36:55,218 [INFO] BoardInfo:889 - No configuration file found for board P-NUCLEO-WB55
2025-12-06 19:36:55,218 [INFO] DbBoards:161 - Kit is not supported: P-NUCLEO-WB55
2025-12-06 19:36:55,221 [INFO] BoardInfo:889 - No configuration file found for board STEVAL-BFA001V1B
2025-12-06 19:36:55,221 [INFO] DbBoards:161 - Kit is not supported: STEVAL-BFA001V1B
2025-12-06 19:36:55,222 [INFO] BoardInfo:889 - No configuration file found for board STEVAL-BFA001V2B
2025-12-06 19:36:55,222 [INFO] DbBoards:161 - Kit is not supported: STEVAL-BFA001V2B
2025-12-06 19:36:55,295 [INFO] BoardInfo:889 - No configuration file found for board STM32MP257F-DK
2025-12-06 19:36:55,295 [INFO] DbBoards:161 - Board is not supported: STM32MP257F-DK
2025-12-06 19:36:55,296 [INFO] BoardInfo:889 - No configuration file found for board STM32MP257F-EV1
2025-12-06 19:36:55,296 [INFO] DbBoards:161 - Board is not supported: STM32MP257F-EV1
2025-12-06 19:36:55,297 [INFO] BoardInfo:889 - No configuration file found for board STM32N6570-DK
2025-12-06 19:36:55,297 [INFO] DbBoards:161 - Board is not supported: STM32N6570-DK
2025-12-06 19:36:55,304 [INFO] BoardInfo:889 - No configuration file found for board STM32WBA65I-DK1
2025-12-06 19:36:55,304 [INFO] DbBoards:161 - Board is not supported: STM32WBA65I-DK1
2025-12-06 19:36:55,304 [INFO] DbBoards:168 - Found 211 boards, 192 are supported
2025-12-06 19:36:55,304 [INFO] DbBoards:169 - Found 211 boards, 8 of them is supported for  Bsp
2025-12-06 19:36:55,306 [INFO] ApiDb:423 - Load user favorites file C:\Users\Aditya/.stm32cubeide/favorites.boards.txt: 0 item(s)
2025-12-06 19:36:55,306 [INFO] ApiDb:427 - User favorites Boards=[]
2025-12-06 19:36:55,306 [INFO] DbBoards:198 - Set 0 / 0 favorites Boards
2025-12-06 19:36:55,321 [INFO] LoadUrlFilesThread:185 - End of LoadServerUrlFiles without Thread
2025-12-06 19:36:55,321 [INFO] TargetSelectorAdapter:259 - Refresh data is successful
2025-12-06 19:36:55,324 [INFO] ApiDb:668 - CubeFinder database Data Model version=2.1
2025-12-06 19:36:55,324 [INFO] ApiDb:669 - CubeFinder database Configuration version=3.0.39
2025-12-06 19:36:55,324 [INFO] ApiDb:670 - CubeFinder database generation date=2025-11-05 (1762334721)
2025-12-06 19:36:55,324 [INFO] ApiDb:671 - CubeFinder database FW Pack versions=[FP-ATR-ASTRA1_V2.0.0, FP-SNS-FLIGHT1_V5.1.0, FP-SNS-MOTENV1_V5.1.0, FP-SNS-MOTENVWB1_V1.4.0, FP-SNS-SMARTAG2_V1.2.0, FP-SNS-STBOX1_V2.1.0, STM32Cube_FW_C0_V1.4.0, STM32Cube_FW_F4_V1.28.3, STM32Cube_FW_F7_V1.17.4, STM32Cube_FW_G0_V1.6.2, STM32Cube_FW_G4_V1.6.1, STM32Cube_FW_H5_V1.5.1, STM32Cube_FW_H7RS_V1.3.0, STM32Cube_FW_H7_V1.12.1, STM32Cube_FW_L0_V1.12.2, STM32Cube_FW_L4_V1.18.1, STM32Cube_FW_L5_V1.6.0, STM32Cube_FW_N6_V1.3.0, STM32Cube_FW_U0_V1.3.0, STM32Cube_FW_U3_V1.2.1, STM32Cube_FW_U5_V1.8.0, STM32Cube_FW_WB0_V1.4.0, STM32Cube_FW_WBA_V1.8.0, STM32Cube_FW_WB_V1.24.0, STM32Cube_FW_WL3_V1.3.0, STM32Cube_FW_WL_V1.4.0, X-CUBE-ALGOBUILD_V1.4.0, X-CUBE-ALS_V1.0.2, X-CUBE-AZRTOS-F4_V1.1.0, X-CUBE-AZRTOS-F7_V1.1.0, X-CUBE-AZRTOS-G0_V1.1.0, X-CUBE-AZRTOS-G4_V2.0.0, X-CUBE-AZRTOS-H7RS_V1.1.0, X-CUBE-AZRTOS-H7_V3.4.0, X-CUBE-AZRTOS-L4_V2.0.0, X-CUBE-AZRTOS-L5_V2.0.0, X-CUBE-AZRTOS-WB_V2.0.0, X-CUBE-AZRTOS-WL_V2.0.0, X-CUBE-BLE1_V7.1.0, X-CUBE-BLE2_V3.3.0, X-CUBE-BLEMGR_V4.1.0, X-CUBE-EEPRMA1_V5.2.0, X-CUBE-FREERTOS_V1.3.1, X-CUBE-GNSS1_V6.0.0, X-CUBE-MEMS1_V11.3.0, X-CUBE-NFC4_V3.0.0, X-CUBE-NFC7_V2.0.0, X-CUBE-SFXS2LP1_V4.0.0, X-CUBE-ST67W61_V1.1.0, X-CUBE-SUBG2_V5.0.0, X-CUBE-TOF1_V3.4.3]
2025-12-06 19:36:55,886 [ERROR] DbExamplesSqlite:437 - Missing JSON key: board_cpn
2025-12-06 19:36:55,887 [ERROR] DbExamplesSqlite:437 - Missing JSON key: board_cpn
2025-12-06 19:36:55,887 [ERROR] DbExamplesSqlite:437 - Missing JSON key: board_cpn
2025-12-06 19:36:55,887 [ERROR] DbExamplesSqlite:437 - Missing JSON key: board_cpn
2025-12-06 19:36:56,104 [ERROR] DbExamplesSqlite:437 - Missing JSON key: board_cpn
2025-12-06 19:36:56,104 [ERROR] DbExamplesSqlite:437 - Missing JSON key: board_cpn
2025-12-06 19:36:56,110 [INFO] DbExamplesSqlite:395 - Ignored 42 examples not supported by CubeIDE
2025-12-06 19:36:56,110 [INFO] DbExamplesSqlite:396 - Found 10883 examples active
2025-12-06 19:36:56,110 [INFO] DbExamplesSqlite:397 - Found 0 examples obsolete
2025-12-06 19:36:56,110 [INFO] DbExamplesSqlite:398 - Found 0 examples under development
2025-12-06 19:36:56,110 [INFO] DbExamplesSqlite:399 - Found 85 examples not building
2025-12-06 19:36:56,112 [INFO] DbExamples:125 - Found 10926 examples
2025-12-06 19:36:56,145 [ERROR] DbExamples:208 - Found 73 examples with invalid data (board or MCU)
2025-12-06 19:36:56,145 [INFO] DbExamples:222 - Found 134 boards with related examples
2025-12-06 19:36:56,146 [INFO] DbExamples:235 - Found 111 MCUs with related examples
2025-12-06 19:36:56,161 [INFO] ApiDb:423 - Load user favorites file C:\Users\Aditya/.stm32cubeide/favorites.examples.txt: 0 item(s)
2025-12-06 19:36:56,161 [INFO] ApiDb:427 - User favorites Examples=[]
2025-12-06 19:36:56,162 [INFO] DbExamples:250 - Set 0 / 0 favorites Examples
2025-12-06 19:36:56,290 [INFO] McuFinderGlobals:76 - Set McuFinderConnectedMode to true
2025-12-06 19:36:56,298 [INFO] MultiScanPanel:200 - Auto-refresh data requested => check proxy status ongoing
2025-12-06 19:36:56,300 [INFO] FinderPluginLoader:95 - Searching for filters in installed packs
2025-12-06 19:36:57,489 [INFO] LoadUrlFilesThread:185 - End of LoadServerUrlFiles without Thread
2025-12-06 19:36:57,502 [INFO] DetailPanel:341 - Set advertising image to C:/Users/Aditya/STM32Cube/Repository/\en.mcu-finder-preevent.jpg
2025-12-06 19:37:19,430 [INFO] MainUpdater:2873 - connection check result : 10
2025-12-06 19:37:19,431 [INFO] MainUpdater:2873 - connection check result : 10
2025-12-06 19:37:19,450 [INFO] MicroXplorer:468 - Change Database Path : 
2025-12-06 19:37:19,450 [INFO] MicroXplorer:498 - Change Database Version : DB.6.0.110
2025-12-06 19:37:19,458 [ERROR] ProjectManagerView:394 - 
java.lang.NullPointerException: Cannot invoke "javax.swing.JTextField.getText()" because the return value of "java.util.List.get(int)" is null
	at com.st.microxplorer.plugins.projectmanager.gui.ProjectChoiceTab$10.caretUpdate(ProjectChoiceTab.java:2504) ~[filemanager.jar:?]
	at javax.swing.text.JTextComponent.fireCaretUpdate(JTextComponent.java:412) ~[?:?]
	at javax.swing.text.JTextComponent$MutableCaretEvent.fire(JTextComponent.java:4491) ~[?:?]
	at javax.swing.text.JTextComponent$MutableCaretEvent.stateChanged(JTextComponent.java:4513) ~[?:?]
	at javax.swing.text.DefaultCaret.fireStateChanged(DefaultCaret.java:842) ~[?:?]
	at javax.swing.text.DefaultCaret.changeCaretPosition(DefaultCaret.java:1313) ~[?:?]
	at javax.swing.text.DefaultCaret.handleSetDot(DefaultCaret.java:1212) ~[?:?]
	at javax.swing.text.DefaultCaret.setDot(DefaultCaret.java:1193) ~[?:?]
	at javax.swing.text.DefaultCaret$Handler.insertUpdate(DefaultCaret.java:1789) ~[?:?]
	at javax.swing.text.AbstractDocument.fireInsertUpdate(AbstractDocument.java:226) ~[?:?]
	at javax.swing.text.AbstractDocument.handleInsertString(AbstractDocument.java:780) ~[?:?]
	at javax.swing.text.AbstractDocument.insertString(AbstractDocument.java:739) ~[?:?]
	at javax.swing.text.PlainDocument.insertString(PlainDocument.java:131) ~[?:?]
	at javax.swing.text.AbstractDocument.replace(AbstractDocument.java:698) ~[?:?]
	at javax.swing.text.JTextComponent.setText(JTextComponent.java:1729) ~[?:?]
	at com.st.microxplorer.plugins.projectmanager.gui.ProjectChoiceTab.createHeapStackFields(ProjectChoiceTab.java:944) ~[filemanager.jar:?]
	at com.st.microxplorer.plugins.projectmanager.gui.ProjectChoiceTab.buildLinkSettingsPanel(ProjectChoiceTab.java:3475) ~[filemanager.jar:?]
	at com.st.microxplorer.plugins.projectmanager.gui.ProjectChoiceTab.defineWindowsFields(ProjectChoiceTab.java:1816) ~[filemanager.jar:?]
	at com.st.microxplorer.plugins.projectmanager.gui.ProjectChoiceTab.updateSettings(ProjectChoiceTab.java:544) ~[filemanager.jar:?]
	at com.st.microxplorer.plugins.projectmanager.gui.ProjectSettingsPanel.UpdateDialog(ProjectSettingsPanel.java:245) ~[filemanager.jar:?]
	at com.st.microxplorer.plugins.projectmanager.ProjectManagerView.propertyChange(ProjectManagerView.java:391) ~[filemanager.jar:?]
	at java.beans.PropertyChangeSupport.fire(PropertyChangeSupport.java:343) ~[?:?]
	at java.beans.PropertyChangeSupport.firePropertyChange(PropertyChangeSupport.java:335) ~[?:?]
	at java.beans.PropertyChangeSupport.firePropertyChange(PropertyChangeSupport.java:268) ~[?:?]
	at com.st.microxplorer.util.MXPropertyChangeSupport.firePropertyChange(MXPropertyChangeSupport.java:54) ~[STM32CubeMX.jar:?]
	at com.st.microxplorer.mxsystem.MxSystem.closeConfig(MxSystem.java:900) ~[STM32CubeMX.jar:?]
	at com.st.microxplorer.maingui.MainPanel.closeConfig(MainPanel.java:776) ~[STM32CubeMX.jar:?]
	at com.st.microxplorer.plugins.filemanager.engine.OpenFileManager.loadConfigurationFile(OpenFileManager.java:245) ~[filemanager.jar:?]
	at com.st.microxplorer.plugins.filemanager.engine.MainFileManager.userLoadConfig(MainFileManager.java:315) ~[filemanager.jar:?]
	at com.st.microxplorer.plugins.filemanager.engine.MainFileManager.userLoadConfig(MainFileManager.java:293) ~[filemanager.jar:?]
	at com.st.microxplorer.plugins.filemanager.FileManagerView.getSpecificTask(FileManagerView.java:247) ~[filemanager.jar:?]
	at com.st.stm32cube.common.mx.editor.CubeMxEditor.getMxTabbedPaneInstance(CubeMxEditor.java:1198) ~[com.st.stm32cube.common.mx_6.11.0.202403141607/:?]
	at com.st.stm32cube.common.mx.editor.CubeMxEditor$12$1.createSwingComponent(CubeMxEditor.java:1068) ~[com.st.stm32cube.common.mx_6.11.0.202403141607/:?]
	at com.st.stm32cube.common.mx.oss.core.awtswtbridge.EmbeddedSwingComposite.doComponentCreation(EmbeddedSwingComposite.java:492) ~[com.st.stm32cube.common.mx.oss_6.11.0.202403141607/:?]
	at com.st.stm32cube.common.mx.oss.core.awtswtbridge.EmbeddedSwingComposite$4.run(EmbeddedSwingComposite.java:291) ~[com.st.stm32cube.common.mx.oss_6.11.0.202403141607/:?]
	at com.st.stm32cube.common.mx.oss.core.awtswtbridge.AwtEnvironment$2.run(AwtEnvironment.java:166) ~[com.st.stm32cube.common.mx.oss_6.11.0.202403141607/:?]
	at java.awt.event.InvocationEvent.dispatch(InvocationEvent.java:318) ~[?:?]
	at java.awt.EventQueue.dispatchEventImpl(EventQueue.java:773) ~[?:?]
	at java.awt.EventQueue$4.run(EventQueue.java:720) ~[?:?]
	at java.awt.EventQueue$4.run(EventQueue.java:714) ~[?:?]
	at java.security.AccessController.doPrivileged(AccessController.java:399) ~[?:?]
	at java.security.ProtectionDomain$JavaSecurityAccessImpl.doIntersectionPrivilege(ProtectionDomain.java:86) ~[?:?]
	at java.awt.EventQueue.dispatchEvent(EventQueue.java:742) ~[?:?]
	at java.awt.EventDispatchThread.pumpOneEventForFilters(EventDispatchThread.java:203) ~[?:?]
	at java.awt.EventDispatchThread.pumpEventsForFilter(EventDispatchThread.java:124) ~[?:?]
	at java.awt.EventDispatchThread.pumpEventsForHierarchy(EventDispatchThread.java:113) ~[?:?]
	at java.awt.EventDispatchThread.pumpEvents(EventDispatchThread.java:109) ~[?:?]
	at java.awt.EventDispatchThread.pumpEvents(EventDispatchThread.java:101) ~[?:?]
	at java.awt.EventDispatchThread.run(EventDispatchThread.java:90) ~[?:?]
2025-12-06 19:37:19,459 [WARN] ThirdParty:871 - waiting for thirdparty lock release [close project]
2025-12-06 19:37:19,459 [INFO] ThirdParty:873 - entering critical section [close project]
2025-12-06 19:37:19,459 [INFO] ThirdParty:883 - exiting critical section [close project]
2025-12-06 19:37:19,461 [INFO] PinOutPanel:1561 - setPackage(No Configuration,No Configuration)
2025-12-06 19:37:19,466 [WARN] IpParametersView:151 - Warning: This peripheral hasn't parameters
2025-12-06 19:37:19,471 [WARN] MainPanel:272 - <html><b><center>Warning: This peripheral has no parameters to be configured<br></b></html>
2025-12-06 19:37:19,474 [INFO] UtilMem:75 - Begin LoadConfig() Used Memory: 856314368 Bytes (1073741824)
2025-12-06 19:37:19,475 [INFO] MicroXplorer:468 - Change Database Path : 
2025-12-06 19:37:19,475 [INFO] MicroXplorer:498 - Change Database Version : DB.6.0.110
2025-12-06 19:37:19,475 [INFO] OpenFileManager:312 - Change cursor
2025-12-06 19:37:19,483 [INFO] Mcu:2021 - Initializing MCU STM32F446R(C-E)Tx STM32F446RETx STM32F446RET6
2025-12-06 19:37:21,116 [INFO] Context:663 - Trying to add GPIOservice into a context  which must be forbidden
2025-12-06 19:37:21,394 [INFO] RtosManager:555 - Registered RTOS mode: class=CMSIS, group=RTOS, mode=CMSIS_V1, owner=FREERTOS
2025-12-06 19:37:21,394 [INFO] RtosManager:555 - Registered RTOS mode: class=CMSIS, group=RTOS2, mode=CMSIS_V2, owner=FREERTOS
2025-12-06 19:37:21,394 [INFO] RtosManager:555 - Registered RTOS mode: class=RTOS, group=Core, mode=CMSIS_V1, owner=FREERTOS
2025-12-06 19:37:21,394 [INFO] RtosManager:555 - Registered RTOS mode: class=RTOS, group=Core, mode=CMSIS_V2, owner=FREERTOS
2025-12-06 19:37:21,394 [WARN] ModelIntegratedComponent:184 - Missing modes for component STMicroelectronics:FreeRTOS:0.0.1:STMicroelectronics:RTOS:FreeRTOS:Core:::10.2.0:
2025-12-06 19:37:21,396 [WARN] ModelIntegratedComponent:63 - No mode defined for component null
2025-12-06 19:37:21,396 [WARN] ModelIntegratedComponent:63 - No mode defined for component null
2025-12-06 19:37:21,396 [WARN] ModelIntegratedComponent:63 - No mode defined for component null
2025-12-06 19:37:21,396 [WARN] ModelIntegratedComponent:63 - No mode defined for component null
2025-12-06 19:37:21,396 [WARN] ModelIntegratedComponent:63 - No mode defined for component null
2025-12-06 19:37:21,396 [WARN] ModelIntegratedComponent:63 - No mode defined for component null
2025-12-06 19:37:21,396 [WARN] ModelIntegratedComponent:63 - No mode defined for component null
2025-12-06 19:37:21,396 [WARN] ModelIntegratedComponent:63 - No mode defined for component null
2025-12-06 19:37:21,396 [WARN] ModelIntegratedComponent:63 - No mode defined for component null
2025-12-06 19:37:21,396 [WARN] ModelIntegratedComponent:63 - No mode defined for component null
2025-12-06 19:37:21,396 [WARN] ModelIntegratedComponent:63 - No mode defined for component null
2025-12-06 19:37:21,396 [WARN] ModelIntegratedComponent:63 - No mode defined for component null
2025-12-06 19:37:21,396 [WARN] ModelIntegratedComponent:63 - No mode defined for component null
2025-12-06 19:37:21,396 [WARN] ModelIntegratedComponent:63 - No mode defined for component null
2025-12-06 19:37:21,396 [WARN] ModelIntegratedComponent:63 - No mode defined for component null
2025-12-06 19:37:21,396 [WARN] ModelIntegratedComponent:63 - No mode defined for component null
2025-12-06 19:37:21,396 [WARN] ModelIntegratedComponent:63 - No mode defined for component null
2025-12-06 19:37:21,396 [WARN] ModelIntegratedComponent:63 - No mode defined for component null
2025-12-06 19:37:21,396 [WARN] ModelIntegratedComponent:63 - No mode defined for component null
2025-12-06 19:37:21,396 [WARN] ModelIntegratedComponent:63 - No mode defined for component null
2025-12-06 19:37:21,396 [WARN] ModelIntegratedComponent:63 - No mode defined for component null
2025-12-06 19:37:21,396 [WARN] ModelIntegratedComponent:63 - No mode defined for component null
2025-12-06 19:37:21,396 [WARN] ModelIntegratedComponent:63 - No mode defined for component null
2025-12-06 19:37:21,396 [WARN] ModelIntegratedComponent:63 - No mode defined for component null
2025-12-06 19:37:21,396 [WARN] ModelIntegratedComponent:63 - No mode defined for component null
2025-12-06 19:37:21,396 [WARN] ModelIntegratedComponent:63 - No mode defined for component null
2025-12-06 19:37:21,396 [WARN] ModelIntegratedComponent:63 - No mode defined for component null
2025-12-06 19:37:21,396 [WARN] ModelIntegratedComponent:63 - No mode defined for component null
2025-12-06 19:37:21,396 [WARN] ModelIntegratedComponent:63 - No mode defined for component null
2025-12-06 19:37:21,396 [WARN] ModelIntegratedComponent:63 - No mode defined for component null
2025-12-06 19:37:21,396 [WARN] ModelIntegratedComponent:63 - No mode defined for component null
2025-12-06 19:37:21,396 [WARN] ModelIntegratedComponent:63 - No mode defined for component null
2025-12-06 19:37:21,397 [WARN] ModelIntegratedComponent:63 - No mode defined for component null
2025-12-06 19:37:21,397 [WARN] ModelIntegratedComponent:63 - No mode defined for component null
2025-12-06 19:37:21,620 [INFO] ThirdPartyModel:298 - Start build external matchings
2025-12-06 19:37:22,440 [INFO] ThirdPartyModel:316 - End build external matchings
2025-12-06 19:37:22,467 [INFO] ImportTextPane:194 - (OptionalMessage_ERROR) IP (RCC) : Invalid parameter (48MHZClocksFreq_Value)
2025-12-06 19:37:22,467 [INFO] ImportTextPane:194 - (OptionalMessage_ERROR) IP (RCC) : Invalid parameter (EthernetFreq_Value)
2025-12-06 19:37:22,467 [INFO] ImportTextPane:194 - (OptionalMessage_ERROR) IP (RCC) : Parameter (FLatency) has Id (AdvancedSettings) currently not set
2025-12-06 19:37:22,467 [INFO] ImportTextPane:194 - (OptionalMessage_ERROR) IP (RCC) : Invalid parameter (FamilyName)
2025-12-06 19:37:22,467 [INFO] ImportTextPane:194 - (OptionalMessage_ERROR) IP (RCC) : Invalid parameter (I2SClocksFreq_Value)
2025-12-06 19:37:22,467 [INFO] ImportTextPane:194 - (OptionalMessage_ERROR) IP (RCC) : Parameter (MCO2PinFreq_Value) has invalid value (180000000)
2025-12-06 19:37:22,468 [INFO] ImportTextPane:194 - (OptionalMessage_ERROR) IP (RCC) : Parameter (SDIOFreq_Value) has invalid value (180000000)
2025-12-06 19:37:22,468 [INFO] ImportTextPane:194 - (OptionalMessage_ERROR) IP (RCC) : Parameter (USBFreq_Value) has invalid value (180000000)
2025-12-06 19:37:22,468 [INFO] ImportTextPane:194 - (OptionalMessage_ERROR) IP (RCC) : Invalid parameter (VCOInputMFreq_Value)
2025-12-06 19:37:22,468 [INFO] ImportTextPane:194 - (OptionalMessage_ERROR) IP (RCC) : Invalid parameter (VcooutputI2S)
2025-12-06 19:37:23,029 [INFO] UtilMem:75 - End LoadConfig() Used Memory: 913380720 Bytes (1073741824)
2025-12-06 19:37:23,136 [WARN] ThirdParty:833 - waiting for thirdparty lock release [change project]
2025-12-06 19:37:23,136 [INFO] ThirdParty:835 - entering critical section [change project]
2025-12-06 19:37:23,136 [INFO] ThirdParty:1030 - CMSIS Pack Vendor :STMicroelectronics X-CUBE-PM33A1 1.0.0
2025-12-06 19:37:23,136 [INFO] ThirdParty:1030 - CMSIS Pack Vendor :STMicroelectronics USBPD 4.1
2025-12-06 19:37:23,136 [INFO] ThirdParty:1030 - CMSIS Pack Vendor :STMicroelectronics X-CUBE-GNSS1 6.0.0
2025-12-06 19:37:23,136 [INFO] ThirdParty:1030 - CMSIS Pack Vendor :STMicroelectronics USB_HOST 2.0.0
2025-12-06 19:37:23,136 [INFO] ThirdParty:1030 - CMSIS Pack Vendor :STMicroelectronics FP-SNS-MOTENVWB1 1.4.0
2025-12-06 19:37:23,136 [INFO] ThirdParty:1030 - CMSIS Pack Vendor :STMicroelectronics X-CUBE-AZRTOS-F4 1.1.0
2025-12-06 19:37:23,136 [INFO] ThirdParty:1030 - CMSIS Pack Vendor :STMicroelectronics LIBJPEG 8.0.0
2025-12-06 19:37:23,136 [INFO] ThirdParty:1030 - CMSIS Pack Vendor :STMicroelectronics FP-ATR-ASTRA1 2.0.2
2025-12-06 19:37:23,136 [INFO] ThirdParty:1030 - CMSIS Pack Vendor :STMicroelectronics X-CUBE-SMBUS 2.1.0
2025-12-06 19:37:23,136 [INFO] ThirdParty:1030 - CMSIS Pack Vendor :STMicroelectronics X-CUBE-ISPU 2.1.0
2025-12-06 19:37:23,136 [INFO] ThirdParty:1030 - CMSIS Pack Vendor :STMicroelectronics X-CUBE-FREERTOS 1.2.0
2025-12-06 19:37:23,136 [INFO] ThirdParty:1030 - CMSIS Pack Vendor :STMicroelectronics X-CUBE-NFC12 1.0.0
2025-12-06 19:37:23,136 [INFO] ThirdParty:1030 - CMSIS Pack Vendor :STMicroelectronics X-CUBE-TOUCHGFX 4.23.2
2025-12-06 19:37:23,136 [INFO] ThirdParty:1030 - CMSIS Pack Vendor :STMicroelectronics X-CUBE-AZRTOS-F7 1.1.0
2025-12-06 19:37:23,136 [INFO] ThirdParty:1030 - CMSIS Pack Vendor :STMicroelectronics X-CUBE-AZRTOS-L5 2.0.0
2025-12-06 19:37:23,136 [INFO] ThirdParty:1030 - CMSIS Pack Vendor :STMicroelectronics USB_DEVICE 2.0.0
2025-12-06 19:37:23,136 [INFO] ThirdParty:1030 - CMSIS Pack Vendor :STMicroelectronics X-CUBE-NFC6 3.1.0
2025-12-06 19:37:23,136 [INFO] ThirdParty:1030 - CMSIS Pack Vendor :STMicroelectronics FreeRTOS 0.0.1
2025-12-06 19:37:23,136 [INFO] ThirdParty:1030 - CMSIS Pack Vendor :STMicroelectronics X-CUBE-DPower 1.2.0
2025-12-06 19:37:23,136 [INFO] ThirdParty:1030 - CMSIS Pack Vendor :STMicroelectronics FP-SNS-FLIGHT1 5.0.2
2025-12-06 19:37:23,136 [INFO] ThirdParty:1030 - CMSIS Pack Vendor :STMicroelectronics X-CUBE-AI 9.0.0
2025-12-06 19:37:23,136 [INFO] ThirdParty:1030 - CMSIS Pack Vendor :STMicroelectronics PDM2PCM 3.3.0
2025-12-06 19:37:23,136 [INFO] ThirdParty:1030 - CMSIS Pack Vendor :STMicroelectronics X-CUBE-AZRTOS-H7 3.4.0
2025-12-06 19:37:23,136 [INFO] ThirdParty:1030 - CMSIS Pack Vendor :STMicroelectronics X-CUBE-DISPLAY 3.0.0
2025-12-06 19:37:23,136 [INFO] ThirdParty:1030 - CMSIS Pack Vendor :STMicroelectronics X-CUBE-BLE1 7.0.0
2025-12-06 19:37:23,136 [INFO] ThirdParty:1030 - CMSIS Pack Vendor :STMicroelectronics X-CUBE-NFC10 1.0.0
2025-12-06 19:37:23,136 [INFO] ThirdParty:1030 - CMSIS Pack Vendor :STMicroelectronics X-CUBE-BLEMGR 4.0.0
2025-12-06 19:37:23,136 [INFO] ThirdParty:1030 - CMSIS Pack Vendor :STMicroelectronics X-CUBE-FREERTOS 1.3.1
2025-12-06 19:37:23,136 [INFO] ThirdParty:1030 - CMSIS Pack Vendor :STMicroelectronics HAL Drivers 0.0.0
2025-12-06 19:37:23,137 [INFO] ThirdParty:1030 - CMSIS Pack Vendor :emotas I-CUBE-CANOPEN 1.3.0
2025-12-06 19:37:23,137 [INFO] ThirdParty:1030 - CMSIS Pack Vendor :STMicroelectronics X-CUBE-NFC7 1.0.1
2025-12-06 19:37:23,137 [INFO] ThirdParty:1030 - CMSIS Pack Vendor :STMicroelectronics MBEDTLS 2.14.1
2025-12-06 19:37:23,137 [INFO] ThirdParty:1030 - CMSIS Pack Vendor :STMicroelectronics X-CUBE-GNSS1 7.1.0
2025-12-06 19:37:23,137 [INFO] ThirdParty:1030 - CMSIS Pack Vendor :wolfSSL I-CUBE-wolfTPM 3.2.0
2025-12-06 19:37:23,137 [INFO] ThirdParty:1030 - CMSIS Pack Vendor :STMicroelectronics X-CUBE-TOUCHGFX 4.26.0
2025-12-06 19:37:23,137 [INFO] ThirdParty:1030 - CMSIS Pack Vendor :quantropi X-CUBE-qispace-sdk-base 2.0.0
2025-12-06 19:37:23,137 [INFO] ThirdParty:1030 - CMSIS Pack Vendor :STMicroelectronics X-CUBE-BLEMGR 3.1.0
2025-12-06 19:37:23,137 [INFO] ThirdParty:1030 - CMSIS Pack Vendor :STMicroelectronics X-CUBE-AI 10.0.0
2025-12-06 19:37:23,137 [INFO] ThirdParty:1030 - CMSIS Pack Vendor :STMicroelectronics FP-SNS-SMARTAG2 1.2.0
2025-12-06 19:37:23,137 [INFO] ThirdParty:1030 - CMSIS Pack Vendor :STMicroelectronics X-CUBE-AZRTOS-WL 2.0.0
2025-12-06 19:37:23,137 [INFO] ThirdParty:1030 - CMSIS Pack Vendor :STMicroelectronics X-CUBE-DPower 1.3.0
2025-12-06 19:37:23,137 [INFO] ThirdParty:1030 - CMSIS Pack Vendor :STMicroelectronics FP-SNS-MOTENV1 5.0.0
2025-12-06 19:37:23,137 [INFO] ThirdParty:1030 - CMSIS Pack Vendor :STMicroelectronics USB_DEVICE 1.0.0
2025-12-06 19:37:23,137 [INFO] ThirdParty:1030 - CMSIS Pack Vendor :STMicroelectronics X-CUBE-AZRTOS-H7RS 1.2.0
2025-12-06 19:37:23,137 [INFO] ThirdParty:1030 - CMSIS Pack Vendor :wolfSSL I-CUBE-wolfMQTT 1.19.0
2025-12-06 19:37:23,137 [INFO] ThirdParty:1030 - CMSIS Pack Vendor :STMicroelectronics X-CUBE-AZRTOS-L4 2.0.0
2025-12-06 19:37:23,137 [INFO] ThirdParty:1030 - CMSIS Pack Vendor :STMicroelectronics ThreadX 0.0.2
2025-12-06 19:37:23,137 [INFO] ThirdParty:1030 - CMSIS Pack Vendor :WES I-CUBE-Cesium 1.3.0
2025-12-06 19:37:23,137 [INFO] ThirdParty:1030 - CMSIS Pack Vendor :STMicroelectronics lwIP 2.1.2
2025-12-06 19:37:23,137 [INFO] ThirdParty:1030 - CMSIS Pack Vendor :STMicroelectronics X-CUBE-SFXS2LP1 4.0.0
2025-12-06 19:37:23,137 [INFO] ThirdParty:1030 - CMSIS Pack Vendor :STMicroelectronics X-CUBE-BLE2 3.3.0
2025-12-06 19:37:23,137 [INFO] ThirdParty:1030 - CMSIS Pack Vendor :STMicroelectronics PDM2PCM 3.2.0
2025-12-06 19:37:23,137 [INFO] ThirdParty:1030 - CMSIS Pack Vendor :STMicroelectronics X-CUBE-AZRTOS-H7 3.3.0
2025-12-06 19:37:23,137 [INFO] ThirdParty:1030 - CMSIS Pack Vendor :STMicroelectronics X-CUBE-NFC9 1.0.0
2025-12-06 19:37:23,137 [INFO] ThirdParty:1030 - CMSIS Pack Vendor :STMicroelectronics X-CUBE-BLE1 7.1.0
2025-12-06 19:37:23,137 [INFO] ThirdParty:1030 - CMSIS Pack Vendor :STMicroelectronics USB_DEVICE 3.0.0
2025-12-06 19:37:23,137 [INFO] ThirdParty:1030 - CMSIS Pack Vendor :STMicroelectronics X-CUBE-TCPP 4.1.0
2025-12-06 19:37:23,137 [INFO] ThirdParty:1030 - CMSIS Pack Vendor :STMicroelectronics X-CUBE-EEPRMA1 5.2.0
2025-12-06 19:37:23,137 [INFO] ThirdParty:1030 - CMSIS Pack Vendor :STMicroelectronics X-CUBE-AZRTOS-WB 2.0.0
2025-12-06 19:37:23,137 [INFO] ThirdParty:1030 - CMSIS Pack Vendor :STMicroelectronics X-CUBE-GNSS1 7.0.1
2025-12-06 19:37:23,137 [INFO] ThirdParty:1030 - CMSIS Pack Vendor :STMicroelectronics X-CUBE-TOUCHGFX 4.25.0
2025-12-06 19:37:23,137 [INFO] ThirdParty:1030 - CMSIS Pack Vendor :STMicroelectronics X-CUBE-AI 10.1.0
2025-12-06 19:37:23,137 [INFO] ThirdParty:1030 - CMSIS Pack Vendor :STMicroelectronics FP-SNS-STBOX1 2.0.0
2025-12-06 19:37:23,137 [INFO] ThirdParty:1030 - CMSIS Pack Vendor :STMicroelectronics X-CUBE-MEMS1 12.0.0
2025-12-06 19:37:23,137 [INFO] ThirdParty:1030 - CMSIS Pack Vendor :STMicroelectronics X-CUBE-ALGOBUILD 1.3.0
2025-12-06 19:37:23,137 [INFO] ThirdParty:1030 - CMSIS Pack Vendor :STMicroelectronics X-CUBE-MEMS1 11.2.0
2025-12-06 19:37:23,137 [INFO] ThirdParty:1030 - CMSIS Pack Vendor :STMicroelectronics X-CUBE-AZRTOS-G0 1.1.0
2025-12-06 19:37:23,137 [INFO] ThirdParty:1030 - CMSIS Pack Vendor :STMicroelectronics X-CUBE-SAFEA1 1.2.2
2025-12-06 19:37:23,137 [INFO] ThirdParty:1030 - CMSIS Pack Vendor :STMicroelectronics X-CUBE-NFC4 3.0.0
2025-12-06 19:37:23,137 [INFO] ThirdParty:1030 - CMSIS Pack Vendor :STMicroelectronics X-CUBE-SUBG2 5.0.0
2025-12-06 19:37:23,137 [INFO] ThirdParty:1030 - CMSIS Pack Vendor :STMicroelectronics X-CUBE-AZRTOS-H7RS 1.1.0
2025-12-06 19:37:23,137 [INFO] ThirdParty:1030 - CMSIS Pack Vendor :STMicroelectronics STM32_WPAN 1.0.0
2025-12-06 19:37:23,137 [INFO] ThirdParty:1030 - CMSIS Pack Vendor :EmbeddedOffice I-CUBE-FS-RTOS 1.0.1
2025-12-06 19:37:23,137 [INFO] ThirdParty:1030 - CMSIS Pack Vendor :STMicroelectronics lwIP 2.0.3
2025-12-06 19:37:23,137 [INFO] ThirdParty:1030 - CMSIS Pack Vendor :Cesanta I-CUBE-Mongoose 7.13.0
2025-12-06 19:37:23,137 [INFO] ThirdParty:1030 - CMSIS Pack Vendor :STMicroelectronics USB_HOST 1.0.0
2025-12-06 19:37:23,137 [INFO] ThirdParty:1030 - CMSIS Pack Vendor :STMicroelectronics X-CUBE-AZRTOS-G4 2.0.0
2025-12-06 19:37:23,137 [INFO] ThirdParty:1030 - CMSIS Pack Vendor :STMicroelectronics X-CUBE-WB05N 2.0.0
2025-12-06 19:37:23,137 [INFO] ThirdParty:1030 - CMSIS Pack Vendor :STMicroelectronics PDM2PCM 3.1.0
2025-12-06 19:37:23,137 [INFO] ThirdParty:1030 - CMSIS Pack Vendor :STMicroelectronics X-CUBE-NFC7 2.0.0
2025-12-06 19:37:23,137 [INFO] ThirdParty:1030 - CMSIS Pack Vendor :RealThread X-CUBE-RT-Thread_Nano 4.1.1
2025-12-06 19:37:23,137 [INFO] ThirdParty:1030 - CMSIS Pack Vendor :wolfSSL I-CUBE-wolfSSL 5.7.0
2025-12-06 19:37:23,137 [INFO] ThirdParty:1030 - CMSIS Pack Vendor :STMicroelectronics FP-ATR-SIGFOX1 3.2.0
2025-12-06 19:37:23,137 [INFO] ThirdParty:1030 - CMSIS Pack Vendor :STMicroelectronics X-CUBE-ISPU 2.0.0
2025-12-06 19:37:23,137 [INFO] ThirdParty:1030 - CMSIS Pack Vendor :STMicroelectronics X-CUBE-EEPRMA1 5.1.0
2025-12-06 19:37:23,137 [INFO] ThirdParty:1030 - CMSIS Pack Vendor :STMicroelectronics MBEDTLS 2.16.2
2025-12-06 19:37:23,137 [INFO] ThirdParty:1030 - CMSIS Pack Vendor :STMicroelectronics X-CUBE-ALS 1.0.2
2025-12-06 19:37:23,137 [INFO] ThirdParty:1030 - CMSIS Pack Vendor :STMicroelectronics X-CUBE-MEMS1 10.0.0
2025-12-06 19:37:23,137 [INFO] ThirdParty:1030 - CMSIS Pack Vendor :STMicroelectronics X-CUBE-FREERTOS 1.1.0
2025-12-06 19:37:23,137 [INFO] ThirdParty:1030 - CMSIS Pack Vendor :STMicroelectronics X-CUBE-TOUCHGFX 4.24.0
2025-12-06 19:37:23,137 [INFO] ThirdParty:1030 - CMSIS Pack Vendor :ITTIA_DB I-CUBE-ITTIADB 8.9.0
2025-12-06 19:37:23,137 [INFO] ThirdParty:1030 - CMSIS Pack Vendor :STMicroelectronics X-CUBE-STSE01 1.0.0
2025-12-06 19:37:23,137 [INFO] ThirdParty:1030 - CMSIS Pack Vendor :portGmbH I-Cube-SoM-uGOAL 1.1.0
2025-12-06 19:37:23,137 [INFO] ThirdParty:1030 - CMSIS Pack Vendor :STMicroelectronics X-CUBE-ALS 1.0.1
2025-12-06 19:37:23,137 [INFO] ThirdParty:1030 - CMSIS Pack Vendor :STMicroelectronics X-CUBE-AI 10.2.0
2025-12-06 19:37:23,137 [INFO] ThirdParty:1030 - CMSIS Pack Vendor :STMicroelectronics ThreadX 1.0.0
2025-12-06 19:37:23,137 [INFO] ThirdParty:1030 - CMSIS Pack Vendor :SEGGER I-CUBE-embOS 1.3.1
2025-12-06 19:37:23,137 [INFO] ThirdParty:1030 - CMSIS Pack Vendor :STMicroelectronics X-CUBE-ALGOBUILD 1.4.0
2025-12-06 19:37:23,137 [INFO] ThirdParty:1030 - CMSIS Pack Vendor :STMicroelectronics X-CUBE-MEMS1 11.3.0
2025-12-06 19:37:23,137 [INFO] ThirdParty:1030 - CMSIS Pack Vendor :STMicroelectronics X-CUBE-AZRTOS-H7RS 1.0.0
2025-12-06 19:37:23,137 [INFO] ThirdParty:1030 - CMSIS Pack Vendor :STMicroelectronics FP-ATR-ASTRA1 2.0.0
2025-12-06 19:37:23,137 [INFO] ThirdParty:1030 - CMSIS Pack Vendor :STMicroelectronics X-CUBE-TOF1 3.4.2
2025-12-06 19:37:23,137 [INFO] ThirdParty:1030 - CMSIS Pack Vendor :STMicroelectronics X-CUBE-TOF1 3.4.1
2025-12-06 19:37:23,137 [INFO] ThirdParty:1030 - CMSIS Pack Vendor :STMicroelectronics X-CUBE-AZRTOS-H7 3.2.0
2025-12-06 19:37:23,137 [INFO] ThirdParty:1030 - CMSIS Pack Vendor :Infineon AIROC-Wi-Fi-Bluetooth-STM32 1.6.0
2025-12-06 19:37:23,137 [INFO] ThirdParty:1030 - CMSIS Pack Vendor :wolfSSL I-CUBE-wolfSSH 1.4.17
2025-12-06 19:37:23,137 [INFO] ThirdParty:841 - exiting critical section [change project]
2025-12-06 19:37:23,232 [INFO] PinOutPanel:1561 - setPackage(No Configuration,No Configuration)
2025-12-06 19:37:23,233 [INFO] PinOutPanel:1561 - setPackage(STM32F446RETx,LQFP64)
2025-12-06 19:37:23,449 [INFO] UtilMem:75 - Before build in PCC Used Memory: 832047512 Bytes (1073741824)
2025-12-06 19:37:23,702 [INFO] UtilMem:75 - After build in PCC Used Memory: 920654232 Bytes (1073741824)
2025-12-06 19:37:23,728 [INFO] IPUIPlugin:80 - create IPUIPlugin
2025-12-06 19:37:23,728 [INFO] IPUIPlugin:80 - create IPUIPlugin
2025-12-06 19:37:23,728 [INFO] IPUIPlugin:80 - create IPUIPlugin
2025-12-06 19:37:23,728 [INFO] IPUIPlugin:80 - create IPUIPlugin
2025-12-06 19:37:23,728 [INFO] IPUIPlugin:80 - create IPUIPlugin
2025-12-06 19:37:23,728 [INFO] IPUIPlugin:80 - create IPUIPlugin
2025-12-06 19:37:23,728 [INFO] IPUIPlugin:80 - create IPUIPlugin
2025-12-06 19:37:23,728 [INFO] IPUIPlugin:80 - create IPUIPlugin
2025-12-06 19:37:23,728 [INFO] IPUIPlugin:80 - create IPUIPlugin
2025-12-06 19:37:23,728 [INFO] IPUIPlugin:80 - create IPUIPlugin
2025-12-06 19:37:23,728 [INFO] IPUIPlugin:80 - create IPUIPlugin
2025-12-06 19:37:23,728 [INFO] IPUIPlugin:80 - create IPUIPlugin
2025-12-06 19:37:23,728 [INFO] IPUIPlugin:80 - create IPUIPlugin
2025-12-06 19:37:23,729 [INFO] IPUIPlugin:80 - create IPUIPlugin
2025-12-06 19:37:23,729 [INFO] IPUIPlugin:80 - create IPUIPlugin
2025-12-06 19:37:23,729 [INFO] IPUIPlugin:80 - create IPUIPlugin
2025-12-06 19:37:23,729 [INFO] IPUIPlugin:80 - create IPUIPlugin
2025-12-06 19:37:23,729 [INFO] IPUIPlugin:80 - create IPUIPlugin
2025-12-06 19:37:23,729 [INFO] IPUIPlugin:80 - create IPUIPlugin
2025-12-06 19:37:23,729 [INFO] IPUIPlugin:80 - create IPUIPlugin
2025-12-06 19:37:23,729 [INFO] IPUIPlugin:80 - create IPUIPlugin
2025-12-06 19:37:23,729 [INFO] IPUIPlugin:80 - create IPUIPlugin
2025-12-06 19:37:23,729 [INFO] IPUIPlugin:80 - create IPUIPlugin
2025-12-06 19:37:23,729 [INFO] IPUIPlugin:80 - create IPUIPlugin
2025-12-06 19:37:23,729 [INFO] IPUIPlugin:80 - create IPUIPlugin
2025-12-06 19:37:23,729 [INFO] IPUIPlugin:80 - create IPUIPlugin
2025-12-06 19:37:23,729 [INFO] IPUIPlugin:80 - create IPUIPlugin
2025-12-06 19:37:23,729 [INFO] IPUIPlugin:80 - create IPUIPlugin
2025-12-06 19:37:23,729 [INFO] IPUIPlugin:80 - create IPUIPlugin
2025-12-06 19:37:23,730 [INFO] IPUIPlugin:80 - create IPUIPlugin
2025-12-06 19:37:23,730 [INFO] IPUIPlugin:80 - create IPUIPlugin
2025-12-06 19:37:23,730 [INFO] IPUIPlugin:80 - create IPUIPlugin
2025-12-06 19:37:23,730 [INFO] IPUIPlugin:80 - create IPUIPlugin
2025-12-06 19:37:23,730 [INFO] IPUIPlugin:80 - create IPUIPlugin
2025-12-06 19:37:23,730 [INFO] IPUIPlugin:80 - create IPUIPlugin
2025-12-06 19:37:23,730 [INFO] IPUIPlugin:80 - create IPUIPlugin
2025-12-06 19:37:23,731 [INFO] IPUIPlugin:80 - create IPUIPlugin
2025-12-06 19:37:23,732 [INFO] IPUIPlugin:80 - create IPUIPlugin
2025-12-06 19:37:23,732 [INFO] IPUIPlugin:80 - create IPUIPlugin
2025-12-06 19:37:23,732 [INFO] IPUIPlugin:80 - create IPUIPlugin
2025-12-06 19:37:23,732 [INFO] IPUIPlugin:80 - create IPUIPlugin
2025-12-06 19:37:23,732 [INFO] IPUIPlugin:80 - create IPUIPlugin
2025-12-06 19:37:23,732 [INFO] IPUIPlugin:80 - create IPUIPlugin
2025-12-06 19:37:23,732 [INFO] IPUIPlugin:80 - create IPUIPlugin
2025-12-06 19:37:23,732 [INFO] IPUIPlugin:80 - create IPUIPlugin
2025-12-06 19:37:23,732 [INFO] IPUIPlugin:80 - create IPUIPlugin
2025-12-06 19:37:23,732 [INFO] IPUIPlugin:80 - create IPUIPlugin
2025-12-06 19:37:23,733 [INFO] IPUIPlugin:80 - create IPUIPlugin
2025-12-06 19:37:23,733 [INFO] IPUIPlugin:80 - create IPUIPlugin
2025-12-06 19:37:23,733 [INFO] IPUIPlugin:80 - create IPUIPlugin
2025-12-06 19:37:23,733 [INFO] IPUIPlugin:80 - create IPUIPlugin
2025-12-06 19:37:23,733 [INFO] IPUIPlugin:80 - create IPUIPlugin
2025-12-06 19:37:23,733 [INFO] IPUIPlugin:80 - create IPUIPlugin
2025-12-06 19:37:23,733 [INFO] IPUIPlugin:80 - create IPUIPlugin
2025-12-06 19:37:23,734 [INFO] IPUIPlugin:80 - create IPUIPlugin
2025-12-06 19:37:23,734 [INFO] IPUIPlugin:80 - create IPUIPlugin
2025-12-06 19:37:23,734 [INFO] IPUIPlugin:80 - create IPUIPlugin
2025-12-06 19:37:23,734 [INFO] IPUIPlugin:80 - create IPUIPlugin
2025-12-06 19:37:23,734 [INFO] IPUIPlugin:80 - create IPUIPlugin
2025-12-06 19:37:23,734 [INFO] IPUIPlugin:80 - create IPUIPlugin
2025-12-06 19:37:23,747 [INFO] ApiDbMcu:508 - Load IP Config File for PDM2PCM
2025-12-06 19:37:23,750 [INFO] Can:71 - Can Add PropertyChangeListener com.st.microxplorer.plugins.ip.can.Can@329345f8
2025-12-06 19:37:23,799 [INFO] CADModel:165 - CPN selected for project levelSTM32F446RET6
2025-12-06 19:37:23,799 [INFO] CADModel:114 - Register for checkConnection events
2025-12-06 19:37:23,881 [INFO] OpenFileManager:343 - Restore cursor
2025-12-06 19:37:24,701 [INFO] UtilMem:75 - End SaveConfig() Used Memory: 922669568 Bytes (1073741824)
2025-12-06 19:37:24,799 [INFO] UtilMem:75 - End SaveConfig() Used Memory: 815192576 Bytes (1073741824)
2025-12-06 19:37:25,310 [INFO] BlockDiagram:2759 - set Specific Code input for plugin: CAN
2025-12-06 19:37:25,310 [INFO] BlockDiagram:2759 - set Specific Code input for plugin: SYS
2025-12-06 19:37:25,310 [INFO] BlockDiagram:2759 - set Specific Code input for plugin: RCC
2025-12-06 19:37:25,310 [INFO] BlockDiagram:2759 - set Specific Code input for plugin: NVIC
2025-12-06 19:37:25,310 [INFO] BlockDiagram:2759 - set Specific Code input for plugin: USART
2025-12-06 19:37:25,310 [INFO] BlockDiagram:2759 - set Specific Code input for plugin: GPIO
2025-12-06 19:37:25,312 [INFO] CodeGenerator:807 - code generatio: config db path: C:\ST\STM32CubeIDE_1.15.0\STM32CubeIDE\plugins\com.st.stm32cube.common.mx_6.11.0.202403141607\\db\
2025-12-06 19:37:25,515 [INFO] CodeEngine:255 - oldGeneratedFile, D:\WorkSpace\CAN_Module_V1\MXTmpFiles\license.tmp_save
2025-12-06 19:37:26,061 [INFO] CodeEngine:279 - Generated code: D:\WorkSpace\CAN_Module_V1\MXTmpFiles\license.tmp
2025-12-06 19:37:26,145 [INFO] CodeEngine:255 - oldGeneratedFile, D:\WorkSpace\CAN_Module_V1\MXTmpFiles\gpio.tmp_save
2025-12-06 19:37:26,327 [INFO] CodeEngine:279 - Generated code: D:\WorkSpace\CAN_Module_V1\MXTmpFiles\gpio.tmp
2025-12-06 19:37:26,522 [INFO] CodeEngine:255 - oldGeneratedFile, D:\WorkSpace\CAN_Module_V1\Core\Src\stm32f4xx_it.c_save
2025-12-06 19:37:26,644 [INFO] CodeEngine:279 - Generated code: D:\WorkSpace\CAN_Module_V1\Core\Src\stm32f4xx_it.c
2025-12-06 19:37:26,666 [INFO] CodeEngine:255 - oldGeneratedFile, D:\WorkSpace\CAN_Module_V1\Core\Inc\stm32f4xx_it.h_save
2025-12-06 19:37:26,748 [INFO] CodeEngine:279 - Generated code: D:\WorkSpace\CAN_Module_V1\Core\Inc\stm32f4xx_it.h
2025-12-06 19:37:26,784 [INFO] CodeEngine:255 - oldGeneratedFile, D:\WorkSpace\CAN_Module_V1\Core\Src\stm32f4xx_hal_msp.c_save
2025-12-06 19:37:26,906 [INFO] CodeEngine:279 - Generated code: D:\WorkSpace\CAN_Module_V1\Core\Src\stm32f4xx_hal_msp.c
2025-12-06 19:37:26,918 [INFO] CodeEngine:255 - oldGeneratedFile, D:\WorkSpace\CAN_Module_V1\MXTmpFiles\system.tmp_save
2025-12-06 19:37:26,991 [INFO] CodeEngine:279 - Generated code: D:\WorkSpace\CAN_Module_V1\MXTmpFiles\system.tmp
2025-12-06 19:37:27,018 [INFO] CodeEngine:311 - oldGeneratedFile, D:\WorkSpace\CAN_Module_V1\Core\Inc\stm32f4xx_hal_conf.h_save
2025-12-06 19:37:27,111 [INFO] CodeEngine:335 - Generated code: D:\WorkSpace\CAN_Module_V1\Core\Inc\stm32f4xx_hal_conf.h
2025-12-06 19:37:27,169 [WARN] IPConfigManager:2982 - Warning: the RefConfig PLL2P_FOR_MCO is not available in your config.xml file
2025-12-06 19:37:27,227 [INFO] CodeEngine:255 - oldGeneratedFile, D:\WorkSpace\CAN_Module_V1\Core\Inc\main.h_save
2025-12-06 19:37:27,406 [INFO] CodeEngine:279 - Generated code: D:\WorkSpace\CAN_Module_V1\Core\Inc\main.h
2025-12-06 19:37:27,433 [INFO] CodeEngine:255 - oldGeneratedFile, D:\WorkSpace\CAN_Module_V1\Core\Src\main.c_save
2025-12-06 19:37:27,623 [INFO] CodeEngine:279 - Generated code: D:\WorkSpace\CAN_Module_V1\Core\Src\main.c
2025-12-06 19:37:28,131 [INFO] ProjectBuilder:3163 - Time for Copy HAL[1] : 155mS.
2025-12-06 19:37:28,137 [INFO] ProjectBuilder:4736 - Project Generator version: 4.3.0-B58
2025-12-06 19:37:28,195 [INFO] ConfigFileManager:1503 - The Die is : DIE421
2025-12-06 19:37:28,227 [INFO] ApiDbMcu:508 - Load IP Config File for FATFS
2025-12-06 19:37:28,252 [INFO] ApiDbMcu:508 - Load IP Config File for FREERTOS
2025-12-06 19:37:28,265 [INFO] ApiDbMcu:508 - Load IP Config File for LIBJPEG
2025-12-06 19:37:28,283 [INFO] ApiDbMcu:508 - Load IP Config File for MBEDTLS
2025-12-06 19:37:28,299 [INFO] ApiDbMcu:508 - Load IP Config File for USB_DEVICE
2025-12-06 19:37:28,314 [INFO] ApiDbMcu:508 - Load IP Config File for USB_HOST
2025-12-06 19:37:28,912 [INFO] LogOutputStream:77 - [STDOUT_REDIRECT] 
2025-12-06 19:37:30,857 [INFO] ProjectBuilder:5002 - Time for Generating toolchain IDE Files: 2720mS.
2025-12-06 19:37:30,858 [INFO] ProjectBuilder:3034 - Time for Copy CMSIS : 1mS.
2025-12-06 19:37:30,858 [INFO] ProjectBuilder:3034 - Time for Copy CMSIS : 0mS.
2025-12-06 19:37:31,341 [INFO] McuFinderGlobals:76 - Set McuFinderConnectedMode to true
2025-12-06 19:37:31,344 [INFO] ApiDb:448 - Save user favorites file C:\Users\Aditya/.stm32cubeide/favorites.mcus.txt: 0 item(s)
2025-12-06 19:37:31,344 [INFO] ApiDb:452 - User favorites MCUs=[]
2025-12-06 19:38:11,469 [INFO] MainUpdater:2873 - connection check result : 10
2025-12-06 19:38:11,469 [INFO] MainUpdater:2873 - connection check result : 10
2025-12-06 19:38:11,484 [INFO] MicroXplorer:468 - Change Database Path : 
2025-12-06 19:38:11,485 [INFO] MicroXplorer:498 - Change Database Version : DB.6.0.110
2025-12-06 19:38:11,489 [ERROR] ProjectManagerView:394 - 
java.lang.NullPointerException: Cannot invoke "javax.swing.JTextField.getText()" because the return value of "java.util.List.get(int)" is null
	at com.st.microxplorer.plugins.projectmanager.gui.ProjectChoiceTab$10.caretUpdate(ProjectChoiceTab.java:2504) ~[filemanager.jar:?]
	at javax.swing.text.JTextComponent.fireCaretUpdate(JTextComponent.java:412) ~[?:?]
	at javax.swing.text.JTextComponent$MutableCaretEvent.fire(JTextComponent.java:4491) ~[?:?]
	at javax.swing.text.JTextComponent$MutableCaretEvent.stateChanged(JTextComponent.java:4513) ~[?:?]
	at javax.swing.text.DefaultCaret.fireStateChanged(DefaultCaret.java:842) ~[?:?]
	at javax.swing.text.DefaultCaret.changeCaretPosition(DefaultCaret.java:1313) ~[?:?]
	at javax.swing.text.DefaultCaret.handleSetDot(DefaultCaret.java:1212) ~[?:?]
	at javax.swing.text.DefaultCaret.setDot(DefaultCaret.java:1193) ~[?:?]
	at javax.swing.text.DefaultCaret$Handler.insertUpdate(DefaultCaret.java:1789) ~[?:?]
	at javax.swing.text.AbstractDocument.fireInsertUpdate(AbstractDocument.java:226) ~[?:?]
	at javax.swing.text.AbstractDocument.handleInsertString(AbstractDocument.java:780) ~[?:?]
	at javax.swing.text.AbstractDocument.insertString(AbstractDocument.java:739) ~[?:?]
	at javax.swing.text.PlainDocument.insertString(PlainDocument.java:131) ~[?:?]
	at javax.swing.text.AbstractDocument.replace(AbstractDocument.java:698) ~[?:?]
	at javax.swing.text.JTextComponent.setText(JTextComponent.java:1729) ~[?:?]
	at com.st.microxplorer.plugins.projectmanager.gui.ProjectChoiceTab.createHeapStackFields(ProjectChoiceTab.java:944) ~[filemanager.jar:?]
	at com.st.microxplorer.plugins.projectmanager.gui.ProjectChoiceTab.buildLinkSettingsPanel(ProjectChoiceTab.java:3475) ~[filemanager.jar:?]
	at com.st.microxplorer.plugins.projectmanager.gui.ProjectChoiceTab.defineWindowsFields(ProjectChoiceTab.java:1816) ~[filemanager.jar:?]
	at com.st.microxplorer.plugins.projectmanager.gui.ProjectChoiceTab.updateSettings(ProjectChoiceTab.java:544) ~[filemanager.jar:?]
	at com.st.microxplorer.plugins.projectmanager.gui.ProjectSettingsPanel.UpdateDialog(ProjectSettingsPanel.java:245) ~[filemanager.jar:?]
	at com.st.microxplorer.plugins.projectmanager.ProjectManagerView.propertyChange(ProjectManagerView.java:391) ~[filemanager.jar:?]
	at java.beans.PropertyChangeSupport.fire(PropertyChangeSupport.java:343) ~[?:?]
	at java.beans.PropertyChangeSupport.firePropertyChange(PropertyChangeSupport.java:335) ~[?:?]
	at java.beans.PropertyChangeSupport.firePropertyChange(PropertyChangeSupport.java:268) ~[?:?]
	at com.st.microxplorer.util.MXPropertyChangeSupport.firePropertyChange(MXPropertyChangeSupport.java:54) ~[STM32CubeMX.jar:?]
	at com.st.microxplorer.mxsystem.MxSystem.closeConfig(MxSystem.java:900) ~[STM32CubeMX.jar:?]
	at com.st.microxplorer.maingui.MainPanel.closeConfig(MainPanel.java:776) ~[STM32CubeMX.jar:?]
	at com.st.microxplorer.plugins.filemanager.engine.OpenFileManager.loadConfigurationFile(OpenFileManager.java:245) ~[filemanager.jar:?]
	at com.st.microxplorer.plugins.filemanager.engine.MainFileManager.userLoadConfig(MainFileManager.java:315) ~[filemanager.jar:?]
	at com.st.microxplorer.plugins.filemanager.engine.MainFileManager.userLoadConfig(MainFileManager.java:293) ~[filemanager.jar:?]
	at com.st.microxplorer.plugins.filemanager.FileManagerView.getSpecificTask(FileManagerView.java:247) ~[filemanager.jar:?]
	at com.st.stm32cube.common.mx.editor.CubeMxEditor.getMxTabbedPaneInstance(CubeMxEditor.java:1198) ~[com.st.stm32cube.common.mx_6.11.0.202403141607/:?]
	at com.st.stm32cube.common.mx.editor.CubeMxEditor$12$1.createSwingComponent(CubeMxEditor.java:1068) ~[com.st.stm32cube.common.mx_6.11.0.202403141607/:?]
	at com.st.stm32cube.common.mx.oss.core.awtswtbridge.EmbeddedSwingComposite.doComponentCreation(EmbeddedSwingComposite.java:492) ~[com.st.stm32cube.common.mx.oss_6.11.0.202403141607/:?]
	at com.st.stm32cube.common.mx.oss.core.awtswtbridge.EmbeddedSwingComposite$4.run(EmbeddedSwingComposite.java:291) ~[com.st.stm32cube.common.mx.oss_6.11.0.202403141607/:?]
	at com.st.stm32cube.common.mx.oss.core.awtswtbridge.AwtEnvironment$2.run(AwtEnvironment.java:166) ~[com.st.stm32cube.common.mx.oss_6.11.0.202403141607/:?]
	at java.awt.event.InvocationEvent.dispatch(InvocationEvent.java:318) ~[?:?]
	at java.awt.EventQueue.dispatchEventImpl(EventQueue.java:773) ~[?:?]
	at java.awt.EventQueue$4.run(EventQueue.java:720) ~[?:?]
	at java.awt.EventQueue$4.run(EventQueue.java:714) ~[?:?]
	at java.security.AccessController.doPrivileged(AccessController.java:399) ~[?:?]
	at java.security.ProtectionDomain$JavaSecurityAccessImpl.doIntersectionPrivilege(ProtectionDomain.java:86) ~[?:?]
	at java.awt.EventQueue.dispatchEvent(EventQueue.java:742) ~[?:?]
	at java.awt.EventDispatchThread.pumpOneEventForFilters(EventDispatchThread.java:203) ~[?:?]
	at java.awt.EventDispatchThread.pumpEventsForFilter(EventDispatchThread.java:124) ~[?:?]
	at java.awt.EventDispatchThread.pumpEventsForHierarchy(EventDispatchThread.java:113) ~[?:?]
	at java.awt.EventDispatchThread.pumpEvents(EventDispatchThread.java:109) ~[?:?]
	at java.awt.EventDispatchThread.pumpEvents(EventDispatchThread.java:101) ~[?:?]
	at java.awt.EventDispatchThread.run(EventDispatchThread.java:90) ~[?:?]
2025-12-06 19:38:11,490 [WARN] ThirdParty:871 - waiting for thirdparty lock release [close project]
2025-12-06 19:38:11,490 [INFO] ThirdParty:873 - entering critical section [close project]
2025-12-06 19:38:11,490 [INFO] ThirdParty:883 - exiting critical section [close project]
2025-12-06 19:38:11,491 [INFO] PinOutPanel:1561 - setPackage(No Configuration,No Configuration)
2025-12-06 19:38:11,495 [WARN] IpParametersView:151 - Warning: This peripheral hasn't parameters
2025-12-06 19:38:11,496 [WARN] MainPanel:272 - <html><b><center>Warning: This peripheral has no parameters to be configured<br></b></html>
2025-12-06 19:38:11,498 [INFO] UtilMem:75 - Begin LoadConfig() Used Memory: 858558096 Bytes (1073741824)
2025-12-06 19:38:11,498 [INFO] MicroXplorer:468 - Change Database Path : 
2025-12-06 19:38:11,498 [INFO] MicroXplorer:498 - Change Database Version : DB.6.0.110
2025-12-06 19:38:11,498 [INFO] OpenFileManager:312 - Change cursor
2025-12-06 19:38:11,514 [INFO] RulesReader:64 - Compatibility file has been processed (297 Rules)
2025-12-06 19:38:11,517 [INFO] Mcu:2021 - Initializing MCU STM32F446R(C-E)Tx STM32F446RETx STM32F446RET6
2025-12-06 19:38:12,472 [INFO] Context:663 - Trying to add GPIOservice into a context  which must be forbidden
2025-12-06 19:38:12,617 [INFO] RtosManager:555 - Registered RTOS mode: class=CMSIS, group=RTOS, mode=CMSIS_V1, owner=FREERTOS
2025-12-06 19:38:12,617 [INFO] RtosManager:555 - Registered RTOS mode: class=CMSIS, group=RTOS2, mode=CMSIS_V2, owner=FREERTOS
2025-12-06 19:38:12,617 [INFO] RtosManager:555 - Registered RTOS mode: class=RTOS, group=Core, mode=CMSIS_V1, owner=FREERTOS
2025-12-06 19:38:12,617 [INFO] RtosManager:555 - Registered RTOS mode: class=RTOS, group=Core, mode=CMSIS_V2, owner=FREERTOS
2025-12-06 19:38:12,617 [WARN] ModelIntegratedComponent:184 - Missing modes for component STMicroelectronics:FreeRTOS:0.0.1:STMicroelectronics:RTOS:FreeRTOS:Core:::10.2.0:
2025-12-06 19:38:12,619 [WARN] ModelIntegratedComponent:63 - No mode defined for component null
2025-12-06 19:38:12,619 [WARN] ModelIntegratedComponent:63 - No mode defined for component null
2025-12-06 19:38:12,619 [WARN] ModelIntegratedComponent:63 - No mode defined for component null
2025-12-06 19:38:12,619 [WARN] ModelIntegratedComponent:63 - No mode defined for component null
2025-12-06 19:38:12,619 [WARN] ModelIntegratedComponent:63 - No mode defined for component null
2025-12-06 19:38:12,619 [WARN] ModelIntegratedComponent:63 - No mode defined for component null
2025-12-06 19:38:12,619 [WARN] ModelIntegratedComponent:63 - No mode defined for component null
2025-12-06 19:38:12,619 [WARN] ModelIntegratedComponent:63 - No mode defined for component null
2025-12-06 19:38:12,619 [WARN] ModelIntegratedComponent:63 - No mode defined for component null
2025-12-06 19:38:12,619 [WARN] ModelIntegratedComponent:63 - No mode defined for component null
2025-12-06 19:38:12,619 [WARN] ModelIntegratedComponent:63 - No mode defined for component null
2025-12-06 19:38:12,619 [WARN] ModelIntegratedComponent:63 - No mode defined for component null
2025-12-06 19:38:12,619 [WARN] ModelIntegratedComponent:63 - No mode defined for component null
2025-12-06 19:38:12,619 [WARN] ModelIntegratedComponent:63 - No mode defined for component null
2025-12-06 19:38:12,619 [WARN] ModelIntegratedComponent:63 - No mode defined for component null
2025-12-06 19:38:12,619 [WARN] ModelIntegratedComponent:63 - No mode defined for component null
2025-12-06 19:38:12,619 [WARN] ModelIntegratedComponent:63 - No mode defined for component null
2025-12-06 19:38:12,619 [WARN] ModelIntegratedComponent:63 - No mode defined for component null
2025-12-06 19:38:12,619 [WARN] ModelIntegratedComponent:63 - No mode defined for component null
2025-12-06 19:38:12,619 [WARN] ModelIntegratedComponent:63 - No mode defined for component null
2025-12-06 19:38:12,619 [WARN] ModelIntegratedComponent:63 - No mode defined for component null
2025-12-06 19:38:12,619 [WARN] ModelIntegratedComponent:63 - No mode defined for component null
2025-12-06 19:38:12,619 [WARN] ModelIntegratedComponent:63 - No mode defined for component null
2025-12-06 19:38:12,619 [WARN] ModelIntegratedComponent:63 - No mode defined for component null
2025-12-06 19:38:12,619 [WARN] ModelIntegratedComponent:63 - No mode defined for component null
2025-12-06 19:38:12,619 [WARN] ModelIntegratedComponent:63 - No mode defined for component null
2025-12-06 19:38:12,619 [WARN] ModelIntegratedComponent:63 - No mode defined for component null
2025-12-06 19:38:12,619 [WARN] ModelIntegratedComponent:63 - No mode defined for component null
2025-12-06 19:38:12,619 [WARN] ModelIntegratedComponent:63 - No mode defined for component null
2025-12-06 19:38:12,619 [WARN] ModelIntegratedComponent:63 - No mode defined for component null
2025-12-06 19:38:12,619 [WARN] ModelIntegratedComponent:63 - No mode defined for component null
2025-12-06 19:38:12,619 [WARN] ModelIntegratedComponent:63 - No mode defined for component null
2025-12-06 19:38:12,619 [WARN] ModelIntegratedComponent:63 - No mode defined for component null
2025-12-06 19:38:12,619 [WARN] ModelIntegratedComponent:63 - No mode defined for component null
2025-12-06 19:38:12,809 [INFO] ThirdPartyModel:298 - Start build external matchings
2025-12-06 19:38:13,488 [INFO] ThirdPartyModel:316 - End build external matchings
2025-12-06 19:38:13,501 [INFO] ImportTextPane:194 - (OptionalMessage_ERROR) IP (RCC) : Invalid parameter (48MHZClocksFreq_Value)
2025-12-06 19:38:13,501 [INFO] ImportTextPane:194 - (OptionalMessage_ERROR) IP (RCC) : Invalid parameter (EthernetFreq_Value)
2025-12-06 19:38:13,501 [INFO] ImportTextPane:194 - (OptionalMessage_ERROR) IP (RCC) : Parameter (FLatency) has Id (AdvancedSettings) currently not set
2025-12-06 19:38:13,501 [INFO] ImportTextPane:194 - (OptionalMessage_ERROR) IP (RCC) : Invalid parameter (FamilyName)
2025-12-06 19:38:13,501 [INFO] ImportTextPane:194 - (OptionalMessage_ERROR) IP (RCC) : Invalid parameter (I2SClocksFreq_Value)
2025-12-06 19:38:13,501 [INFO] ImportTextPane:194 - (OptionalMessage_ERROR) IP (RCC) : Parameter (MCO2PinFreq_Value) has invalid value (180000000)
2025-12-06 19:38:13,502 [INFO] ImportTextPane:194 - (OptionalMessage_ERROR) IP (RCC) : Parameter (SDIOFreq_Value) has invalid value (180000000)
2025-12-06 19:38:13,502 [INFO] ImportTextPane:194 - (OptionalMessage_ERROR) IP (RCC) : Parameter (USBFreq_Value) has invalid value (180000000)
2025-12-06 19:38:13,502 [INFO] ImportTextPane:194 - (OptionalMessage_ERROR) IP (RCC) : Invalid parameter (VCOInputMFreq_Value)
2025-12-06 19:38:13,502 [INFO] ImportTextPane:194 - (OptionalMessage_ERROR) IP (RCC) : Invalid parameter (VcooutputI2S)
2025-12-06 19:38:13,720 [INFO] UtilMem:75 - End LoadConfig() Used Memory: 754627400 Bytes (1073741824)
2025-12-06 19:38:13,751 [WARN] ThirdParty:833 - waiting for thirdparty lock release [change project]
2025-12-06 19:38:13,751 [INFO] ThirdParty:835 - entering critical section [change project]
2025-12-06 19:38:13,751 [INFO] ThirdParty:1030 - CMSIS Pack Vendor :STMicroelectronics X-CUBE-PM33A1 1.0.0
2025-12-06 19:38:13,751 [INFO] ThirdParty:1030 - CMSIS Pack Vendor :STMicroelectronics USBPD 4.1
2025-12-06 19:38:13,751 [INFO] ThirdParty:1030 - CMSIS Pack Vendor :STMicroelectronics X-CUBE-GNSS1 6.0.0
2025-12-06 19:38:13,751 [INFO] ThirdParty:1030 - CMSIS Pack Vendor :STMicroelectronics USB_HOST 2.0.0
2025-12-06 19:38:13,751 [INFO] ThirdParty:1030 - CMSIS Pack Vendor :STMicroelectronics FP-SNS-MOTENVWB1 1.4.0
2025-12-06 19:38:13,751 [INFO] ThirdParty:1030 - CMSIS Pack Vendor :STMicroelectronics X-CUBE-AZRTOS-F4 1.1.0
2025-12-06 19:38:13,751 [INFO] ThirdParty:1030 - CMSIS Pack Vendor :STMicroelectronics LIBJPEG 8.0.0
2025-12-06 19:38:13,751 [INFO] ThirdParty:1030 - CMSIS Pack Vendor :STMicroelectronics FP-ATR-ASTRA1 2.0.2
2025-12-06 19:38:13,752 [INFO] ThirdParty:1030 - CMSIS Pack Vendor :STMicroelectronics X-CUBE-SMBUS 2.1.0
2025-12-06 19:38:13,752 [INFO] ThirdParty:1030 - CMSIS Pack Vendor :STMicroelectronics X-CUBE-ISPU 2.1.0
2025-12-06 19:38:13,752 [INFO] ThirdParty:1030 - CMSIS Pack Vendor :STMicroelectronics X-CUBE-FREERTOS 1.2.0
2025-12-06 19:38:13,752 [INFO] ThirdParty:1030 - CMSIS Pack Vendor :STMicroelectronics X-CUBE-NFC12 1.0.0
2025-12-06 19:38:13,752 [INFO] ThirdParty:1030 - CMSIS Pack Vendor :STMicroelectronics X-CUBE-TOUCHGFX 4.23.2
2025-12-06 19:38:13,752 [INFO] ThirdParty:1030 - CMSIS Pack Vendor :STMicroelectronics X-CUBE-AZRTOS-F7 1.1.0
2025-12-06 19:38:13,752 [INFO] ThirdParty:1030 - CMSIS Pack Vendor :STMicroelectronics X-CUBE-AZRTOS-L5 2.0.0
2025-12-06 19:38:13,752 [INFO] ThirdParty:1030 - CMSIS Pack Vendor :STMicroelectronics USB_DEVICE 2.0.0
2025-12-06 19:38:13,752 [INFO] ThirdParty:1030 - CMSIS Pack Vendor :STMicroelectronics X-CUBE-NFC6 3.1.0
2025-12-06 19:38:13,752 [INFO] ThirdParty:1030 - CMSIS Pack Vendor :STMicroelectronics FreeRTOS 0.0.1
2025-12-06 19:38:13,752 [INFO] ThirdParty:1030 - CMSIS Pack Vendor :STMicroelectronics X-CUBE-DPower 1.2.0
2025-12-06 19:38:13,752 [INFO] ThirdParty:1030 - CMSIS Pack Vendor :STMicroelectronics FP-SNS-FLIGHT1 5.0.2
2025-12-06 19:38:13,752 [INFO] ThirdParty:1030 - CMSIS Pack Vendor :STMicroelectronics X-CUBE-AI 9.0.0
2025-12-06 19:38:13,752 [INFO] ThirdParty:1030 - CMSIS Pack Vendor :STMicroelectronics PDM2PCM 3.3.0
2025-12-06 19:38:13,752 [INFO] ThirdParty:1030 - CMSIS Pack Vendor :STMicroelectronics X-CUBE-AZRTOS-H7 3.4.0
2025-12-06 19:38:13,752 [INFO] ThirdParty:1030 - CMSIS Pack Vendor :STMicroelectronics X-CUBE-DISPLAY 3.0.0
2025-12-06 19:38:13,752 [INFO] ThirdParty:1030 - CMSIS Pack Vendor :STMicroelectronics X-CUBE-BLE1 7.0.0
2025-12-06 19:38:13,752 [INFO] ThirdParty:1030 - CMSIS Pack Vendor :STMicroelectronics X-CUBE-NFC10 1.0.0
2025-12-06 19:38:13,752 [INFO] ThirdParty:1030 - CMSIS Pack Vendor :STMicroelectronics X-CUBE-BLEMGR 4.0.0
2025-12-06 19:38:13,752 [INFO] ThirdParty:1030 - CMSIS Pack Vendor :STMicroelectronics X-CUBE-FREERTOS 1.3.1
2025-12-06 19:38:13,752 [INFO] ThirdParty:1030 - CMSIS Pack Vendor :STMicroelectronics HAL Drivers 0.0.0
2025-12-06 19:38:13,752 [INFO] ThirdParty:1030 - CMSIS Pack Vendor :emotas I-CUBE-CANOPEN 1.3.0
2025-12-06 19:38:13,752 [INFO] ThirdParty:1030 - CMSIS Pack Vendor :STMicroelectronics X-CUBE-NFC7 1.0.1
2025-12-06 19:38:13,752 [INFO] ThirdParty:1030 - CMSIS Pack Vendor :STMicroelectronics MBEDTLS 2.14.1
2025-12-06 19:38:13,752 [INFO] ThirdParty:1030 - CMSIS Pack Vendor :STMicroelectronics X-CUBE-GNSS1 7.1.0
2025-12-06 19:38:13,752 [INFO] ThirdParty:1030 - CMSIS Pack Vendor :wolfSSL I-CUBE-wolfTPM 3.2.0
2025-12-06 19:38:13,752 [INFO] ThirdParty:1030 - CMSIS Pack Vendor :STMicroelectronics X-CUBE-TOUCHGFX 4.26.0
2025-12-06 19:38:13,752 [INFO] ThirdParty:1030 - CMSIS Pack Vendor :quantropi X-CUBE-qispace-sdk-base 2.0.0
2025-12-06 19:38:13,752 [INFO] ThirdParty:1030 - CMSIS Pack Vendor :STMicroelectronics X-CUBE-BLEMGR 3.1.0
2025-12-06 19:38:13,752 [INFO] ThirdParty:1030 - CMSIS Pack Vendor :STMicroelectronics X-CUBE-AI 10.0.0
2025-12-06 19:38:13,752 [INFO] ThirdParty:1030 - CMSIS Pack Vendor :STMicroelectronics FP-SNS-SMARTAG2 1.2.0
2025-12-06 19:38:13,752 [INFO] ThirdParty:1030 - CMSIS Pack Vendor :STMicroelectronics X-CUBE-AZRTOS-WL 2.0.0
2025-12-06 19:38:13,752 [INFO] ThirdParty:1030 - CMSIS Pack Vendor :STMicroelectronics X-CUBE-DPower 1.3.0
2025-12-06 19:38:13,752 [INFO] ThirdParty:1030 - CMSIS Pack Vendor :STMicroelectronics FP-SNS-MOTENV1 5.0.0
2025-12-06 19:38:13,752 [INFO] ThirdParty:1030 - CMSIS Pack Vendor :STMicroelectronics USB_DEVICE 1.0.0
2025-12-06 19:38:13,752 [INFO] ThirdParty:1030 - CMSIS Pack Vendor :STMicroelectronics X-CUBE-AZRTOS-H7RS 1.2.0
2025-12-06 19:38:13,752 [INFO] ThirdParty:1030 - CMSIS Pack Vendor :wolfSSL I-CUBE-wolfMQTT 1.19.0
2025-12-06 19:38:13,752 [INFO] ThirdParty:1030 - CMSIS Pack Vendor :STMicroelectronics X-CUBE-AZRTOS-L4 2.0.0
2025-12-06 19:38:13,752 [INFO] ThirdParty:1030 - CMSIS Pack Vendor :STMicroelectronics ThreadX 0.0.2
2025-12-06 19:38:13,752 [INFO] ThirdParty:1030 - CMSIS Pack Vendor :WES I-CUBE-Cesium 1.3.0
2025-12-06 19:38:13,752 [INFO] ThirdParty:1030 - CMSIS Pack Vendor :STMicroelectronics lwIP 2.1.2
2025-12-06 19:38:13,752 [INFO] ThirdParty:1030 - CMSIS Pack Vendor :STMicroelectronics X-CUBE-SFXS2LP1 4.0.0
2025-12-06 19:38:13,752 [INFO] ThirdParty:1030 - CMSIS Pack Vendor :STMicroelectronics X-CUBE-BLE2 3.3.0
2025-12-06 19:38:13,752 [INFO] ThirdParty:1030 - CMSIS Pack Vendor :STMicroelectronics PDM2PCM 3.2.0
2025-12-06 19:38:13,752 [INFO] ThirdParty:1030 - CMSIS Pack Vendor :STMicroelectronics X-CUBE-AZRTOS-H7 3.3.0
2025-12-06 19:38:13,752 [INFO] ThirdParty:1030 - CMSIS Pack Vendor :STMicroelectronics X-CUBE-NFC9 1.0.0
2025-12-06 19:38:13,752 [INFO] ThirdParty:1030 - CMSIS Pack Vendor :STMicroelectronics X-CUBE-BLE1 7.1.0
2025-12-06 19:38:13,752 [INFO] ThirdParty:1030 - CMSIS Pack Vendor :STMicroelectronics USB_DEVICE 3.0.0
2025-12-06 19:38:13,752 [INFO] ThirdParty:1030 - CMSIS Pack Vendor :STMicroelectronics X-CUBE-TCPP 4.1.0
2025-12-06 19:38:13,752 [INFO] ThirdParty:1030 - CMSIS Pack Vendor :STMicroelectronics X-CUBE-EEPRMA1 5.2.0
2025-12-06 19:38:13,752 [INFO] ThirdParty:1030 - CMSIS Pack Vendor :STMicroelectronics X-CUBE-AZRTOS-WB 2.0.0
2025-12-06 19:38:13,752 [INFO] ThirdParty:1030 - CMSIS Pack Vendor :STMicroelectronics X-CUBE-GNSS1 7.0.1
2025-12-06 19:38:13,752 [INFO] ThirdParty:1030 - CMSIS Pack Vendor :STMicroelectronics X-CUBE-TOUCHGFX 4.25.0
2025-12-06 19:38:13,752 [INFO] ThirdParty:1030 - CMSIS Pack Vendor :STMicroelectronics X-CUBE-AI 10.1.0
2025-12-06 19:38:13,752 [INFO] ThirdParty:1030 - CMSIS Pack Vendor :STMicroelectronics FP-SNS-STBOX1 2.0.0
2025-12-06 19:38:13,752 [INFO] ThirdParty:1030 - CMSIS Pack Vendor :STMicroelectronics X-CUBE-MEMS1 12.0.0
2025-12-06 19:38:13,752 [INFO] ThirdParty:1030 - CMSIS Pack Vendor :STMicroelectronics X-CUBE-ALGOBUILD 1.3.0
2025-12-06 19:38:13,752 [INFO] ThirdParty:1030 - CMSIS Pack Vendor :STMicroelectronics X-CUBE-MEMS1 11.2.0
2025-12-06 19:38:13,752 [INFO] ThirdParty:1030 - CMSIS Pack Vendor :STMicroelectronics X-CUBE-AZRTOS-G0 1.1.0
2025-12-06 19:38:13,752 [INFO] ThirdParty:1030 - CMSIS Pack Vendor :STMicroelectronics X-CUBE-SAFEA1 1.2.2
2025-12-06 19:38:13,752 [INFO] ThirdParty:1030 - CMSIS Pack Vendor :STMicroelectronics X-CUBE-NFC4 3.0.0
2025-12-06 19:38:13,752 [INFO] ThirdParty:1030 - CMSIS Pack Vendor :STMicroelectronics X-CUBE-SUBG2 5.0.0
2025-12-06 19:38:13,752 [INFO] ThirdParty:1030 - CMSIS Pack Vendor :STMicroelectronics X-CUBE-AZRTOS-H7RS 1.1.0
2025-12-06 19:38:13,752 [INFO] ThirdParty:1030 - CMSIS Pack Vendor :STMicroelectronics STM32_WPAN 1.0.0
2025-12-06 19:38:13,752 [INFO] ThirdParty:1030 - CMSIS Pack Vendor :EmbeddedOffice I-CUBE-FS-RTOS 1.0.1
2025-12-06 19:38:13,752 [INFO] ThirdParty:1030 - CMSIS Pack Vendor :STMicroelectronics lwIP 2.0.3
2025-12-06 19:38:13,752 [INFO] ThirdParty:1030 - CMSIS Pack Vendor :Cesanta I-CUBE-Mongoose 7.13.0
2025-12-06 19:38:13,752 [INFO] ThirdParty:1030 - CMSIS Pack Vendor :STMicroelectronics USB_HOST 1.0.0
2025-12-06 19:38:13,752 [INFO] ThirdParty:1030 - CMSIS Pack Vendor :STMicroelectronics X-CUBE-AZRTOS-G4 2.0.0
2025-12-06 19:38:13,752 [INFO] ThirdParty:1030 - CMSIS Pack Vendor :STMicroelectronics X-CUBE-WB05N 2.0.0
2025-12-06 19:38:13,752 [INFO] ThirdParty:1030 - CMSIS Pack Vendor :STMicroelectronics PDM2PCM 3.1.0
2025-12-06 19:38:13,752 [INFO] ThirdParty:1030 - CMSIS Pack Vendor :STMicroelectronics X-CUBE-NFC7 2.0.0
2025-12-06 19:38:13,752 [INFO] ThirdParty:1030 - CMSIS Pack Vendor :RealThread X-CUBE-RT-Thread_Nano 4.1.1
2025-12-06 19:38:13,752 [INFO] ThirdParty:1030 - CMSIS Pack Vendor :wolfSSL I-CUBE-wolfSSL 5.7.0
2025-12-06 19:38:13,752 [INFO] ThirdParty:1030 - CMSIS Pack Vendor :STMicroelectronics FP-ATR-SIGFOX1 3.2.0
2025-12-06 19:38:13,752 [INFO] ThirdParty:1030 - CMSIS Pack Vendor :STMicroelectronics X-CUBE-ISPU 2.0.0
2025-12-06 19:38:13,752 [INFO] ThirdParty:1030 - CMSIS Pack Vendor :STMicroelectronics X-CUBE-EEPRMA1 5.1.0
2025-12-06 19:38:13,752 [INFO] ThirdParty:1030 - CMSIS Pack Vendor :STMicroelectronics MBEDTLS 2.16.2
2025-12-06 19:38:13,752 [INFO] ThirdParty:1030 - CMSIS Pack Vendor :STMicroelectronics X-CUBE-ALS 1.0.2
2025-12-06 19:38:13,752 [INFO] ThirdParty:1030 - CMSIS Pack Vendor :STMicroelectronics X-CUBE-MEMS1 10.0.0
2025-12-06 19:38:13,752 [INFO] ThirdParty:1030 - CMSIS Pack Vendor :STMicroelectronics X-CUBE-FREERTOS 1.1.0
2025-12-06 19:38:13,752 [INFO] ThirdParty:1030 - CMSIS Pack Vendor :STMicroelectronics X-CUBE-TOUCHGFX 4.24.0
2025-12-06 19:38:13,752 [INFO] ThirdParty:1030 - CMSIS Pack Vendor :ITTIA_DB I-CUBE-ITTIADB 8.9.0
2025-12-06 19:38:13,752 [INFO] ThirdParty:1030 - CMSIS Pack Vendor :STMicroelectronics X-CUBE-STSE01 1.0.0
2025-12-06 19:38:13,752 [INFO] ThirdParty:1030 - CMSIS Pack Vendor :portGmbH I-Cube-SoM-uGOAL 1.1.0
2025-12-06 19:38:13,752 [INFO] ThirdParty:1030 - CMSIS Pack Vendor :STMicroelectronics X-CUBE-ALS 1.0.1
2025-12-06 19:38:13,752 [INFO] ThirdParty:1030 - CMSIS Pack Vendor :STMicroelectronics X-CUBE-AI 10.2.0
2025-12-06 19:38:13,752 [INFO] ThirdParty:1030 - CMSIS Pack Vendor :STMicroelectronics ThreadX 1.0.0
2025-12-06 19:38:13,752 [INFO] ThirdParty:1030 - CMSIS Pack Vendor :SEGGER I-CUBE-embOS 1.3.1
2025-12-06 19:38:13,752 [INFO] ThirdParty:1030 - CMSIS Pack Vendor :STMicroelectronics X-CUBE-ALGOBUILD 1.4.0
2025-12-06 19:38:13,752 [INFO] ThirdParty:1030 - CMSIS Pack Vendor :STMicroelectronics X-CUBE-MEMS1 11.3.0
2025-12-06 19:38:13,752 [INFO] ThirdParty:1030 - CMSIS Pack Vendor :STMicroelectronics X-CUBE-AZRTOS-H7RS 1.0.0
2025-12-06 19:38:13,752 [INFO] ThirdParty:1030 - CMSIS Pack Vendor :STMicroelectronics FP-ATR-ASTRA1 2.0.0
2025-12-06 19:38:13,752 [INFO] ThirdParty:1030 - CMSIS Pack Vendor :STMicroelectronics X-CUBE-TOF1 3.4.2
2025-12-06 19:38:13,752 [INFO] ThirdParty:1030 - CMSIS Pack Vendor :STMicroelectronics X-CUBE-TOF1 3.4.1
2025-12-06 19:38:13,752 [INFO] ThirdParty:1030 - CMSIS Pack Vendor :STMicroelectronics X-CUBE-AZRTOS-H7 3.2.0
2025-12-06 19:38:13,752 [INFO] ThirdParty:1030 - CMSIS Pack Vendor :Infineon AIROC-Wi-Fi-Bluetooth-STM32 1.6.0
2025-12-06 19:38:13,752 [INFO] ThirdParty:1030 - CMSIS Pack Vendor :wolfSSL I-CUBE-wolfSSH 1.4.17
2025-12-06 19:38:13,753 [INFO] ThirdParty:841 - exiting critical section [change project]
2025-12-06 19:38:13,833 [INFO] PinOutPanel:1561 - setPackage(No Configuration,No Configuration)
2025-12-06 19:38:13,833 [INFO] PinOutPanel:1561 - setPackage(STM32F446RETx,LQFP64)
2025-12-06 19:38:14,018 [INFO] UtilMem:75 - Before build in PCC Used Memory: 830807888 Bytes (1073741824)
2025-12-06 19:38:14,190 [INFO] UtilMem:75 - After build in PCC Used Memory: 879568720 Bytes (1073741824)
2025-12-06 19:38:14,209 [INFO] IPUIPlugin:80 - create IPUIPlugin
2025-12-06 19:38:14,209 [INFO] IPUIPlugin:80 - create IPUIPlugin
2025-12-06 19:38:14,209 [INFO] IPUIPlugin:80 - create IPUIPlugin
2025-12-06 19:38:14,209 [INFO] IPUIPlugin:80 - create IPUIPlugin
2025-12-06 19:38:14,209 [INFO] IPUIPlugin:80 - create IPUIPlugin
2025-12-06 19:38:14,209 [INFO] IPUIPlugin:80 - create IPUIPlugin
2025-12-06 19:38:14,209 [INFO] IPUIPlugin:80 - create IPUIPlugin
2025-12-06 19:38:14,209 [INFO] IPUIPlugin:80 - create IPUIPlugin
2025-12-06 19:38:14,209 [INFO] IPUIPlugin:80 - create IPUIPlugin
2025-12-06 19:38:14,209 [INFO] IPUIPlugin:80 - create IPUIPlugin
2025-12-06 19:38:14,209 [INFO] IPUIPlugin:80 - create IPUIPlugin
2025-12-06 19:38:14,209 [INFO] IPUIPlugin:80 - create IPUIPlugin
2025-12-06 19:38:14,209 [INFO] IPUIPlugin:80 - create IPUIPlugin
2025-12-06 19:38:14,209 [INFO] IPUIPlugin:80 - create IPUIPlugin
2025-12-06 19:38:14,209 [INFO] IPUIPlugin:80 - create IPUIPlugin
2025-12-06 19:38:14,209 [INFO] IPUIPlugin:80 - create IPUIPlugin
2025-12-06 19:38:14,209 [INFO] IPUIPlugin:80 - create IPUIPlugin
2025-12-06 19:38:14,209 [INFO] IPUIPlugin:80 - create IPUIPlugin
2025-12-06 19:38:14,209 [INFO] IPUIPlugin:80 - create IPUIPlugin
2025-12-06 19:38:14,210 [INFO] IPUIPlugin:80 - create IPUIPlugin
2025-12-06 19:38:14,210 [INFO] IPUIPlugin:80 - create IPUIPlugin
2025-12-06 19:38:14,210 [INFO] IPUIPlugin:80 - create IPUIPlugin
2025-12-06 19:38:14,210 [INFO] IPUIPlugin:80 - create IPUIPlugin
2025-12-06 19:38:14,210 [INFO] IPUIPlugin:80 - create IPUIPlugin
2025-12-06 19:38:14,210 [INFO] IPUIPlugin:80 - create IPUIPlugin
2025-12-06 19:38:14,210 [INFO] IPUIPlugin:80 - create IPUIPlugin
2025-12-06 19:38:14,210 [INFO] IPUIPlugin:80 - create IPUIPlugin
2025-12-06 19:38:14,210 [INFO] IPUIPlugin:80 - create IPUIPlugin
2025-12-06 19:38:14,210 [INFO] IPUIPlugin:80 - create IPUIPlugin
2025-12-06 19:38:14,210 [INFO] IPUIPlugin:80 - create IPUIPlugin
2025-12-06 19:38:14,210 [INFO] IPUIPlugin:80 - create IPUIPlugin
2025-12-06 19:38:14,210 [INFO] IPUIPlugin:80 - create IPUIPlugin
2025-12-06 19:38:14,211 [INFO] IPUIPlugin:80 - create IPUIPlugin
2025-12-06 19:38:14,211 [INFO] IPUIPlugin:80 - create IPUIPlugin
2025-12-06 19:38:14,211 [INFO] IPUIPlugin:80 - create IPUIPlugin
2025-12-06 19:38:14,211 [INFO] IPUIPlugin:80 - create IPUIPlugin
2025-12-06 19:38:14,211 [INFO] IPUIPlugin:80 - create IPUIPlugin
2025-12-06 19:38:14,211 [INFO] IPUIPlugin:80 - create IPUIPlugin
2025-12-06 19:38:14,211 [INFO] IPUIPlugin:80 - create IPUIPlugin
2025-12-06 19:38:14,211 [INFO] IPUIPlugin:80 - create IPUIPlugin
2025-12-06 19:38:14,211 [INFO] IPUIPlugin:80 - create IPUIPlugin
2025-12-06 19:38:14,211 [INFO] IPUIPlugin:80 - create IPUIPlugin
2025-12-06 19:38:14,211 [INFO] IPUIPlugin:80 - create IPUIPlugin
2025-12-06 19:38:14,212 [INFO] IPUIPlugin:80 - create IPUIPlugin
2025-12-06 19:38:14,212 [INFO] IPUIPlugin:80 - create IPUIPlugin
2025-12-06 19:38:14,212 [INFO] IPUIPlugin:80 - create IPUIPlugin
2025-12-06 19:38:14,212 [INFO] IPUIPlugin:80 - create IPUIPlugin
2025-12-06 19:38:14,212 [INFO] IPUIPlugin:80 - create IPUIPlugin
2025-12-06 19:38:14,213 [INFO] IPUIPlugin:80 - create IPUIPlugin
2025-12-06 19:38:14,213 [INFO] IPUIPlugin:80 - create IPUIPlugin
2025-12-06 19:38:14,213 [INFO] IPUIPlugin:80 - create IPUIPlugin
2025-12-06 19:38:14,213 [INFO] IPUIPlugin:80 - create IPUIPlugin
2025-12-06 19:38:14,215 [INFO] IPUIPlugin:80 - create IPUIPlugin
2025-12-06 19:38:14,215 [INFO] IPUIPlugin:80 - create IPUIPlugin
2025-12-06 19:38:14,215 [INFO] IPUIPlugin:80 - create IPUIPlugin
2025-12-06 19:38:14,216 [INFO] IPUIPlugin:80 - create IPUIPlugin
2025-12-06 19:38:14,216 [INFO] IPUIPlugin:80 - create IPUIPlugin
2025-12-06 19:38:14,217 [INFO] IPUIPlugin:80 - create IPUIPlugin
2025-12-06 19:38:14,217 [INFO] IPUIPlugin:80 - create IPUIPlugin
2025-12-06 19:38:14,217 [INFO] IPUIPlugin:80 - create IPUIPlugin
2025-12-06 19:38:14,232 [INFO] ApiDbMcu:508 - Load IP Config File for PDM2PCM
2025-12-06 19:38:14,234 [INFO] Can:71 - Can Add PropertyChangeListener com.st.microxplorer.plugins.ip.can.Can@1eef9de6
2025-12-06 19:38:14,288 [INFO] CADModel:165 - CPN selected for project levelSTM32F446RET6
2025-12-06 19:38:14,288 [INFO] CADModel:114 - Register for checkConnection events
2025-12-06 19:38:14,359 [INFO] OpenFileManager:343 - Restore cursor
2025-12-06 19:38:14,363 [INFO] ApiDb:581 - Connected to CubeFinder SQLite database (C:\Users\Aditya\.stmcufinder\plugins\mcufinder\mcu\cube-finder-db.db)
2025-12-06 19:46:01,971 [INFO] MainUpdater:2873 - connection check result : 10
2025-12-06 19:46:02,051 [INFO] McuFinderGlobals:76 - Set McuFinderConnectedMode to true
2025-12-06 19:46:02,052 [INFO] MultiScanPanel:200 - Auto-refresh data requested => check proxy status ongoing
2025-12-06 19:46:02,052 [INFO] FinderPluginLoader:95 - Searching for filters in installed packs
2025-12-06 19:46:02,844 [INFO] LoadUrlFilesThread:185 - End of LoadServerUrlFiles without Thread
2025-12-06 19:46:02,844 [INFO] DetailPanel:341 - Set advertising image to C:/Users/Aditya/STM32Cube/Repository/\en.mcu-finder-preevent.jpg
2025-12-06 19:46:10,787 [INFO] MultiScanPanel:200 - Auto-refresh data requested => check proxy status ongoing
2025-12-06 19:46:10,871 [INFO] LoadUrlFilesThread:185 - End of LoadServerUrlFiles without Thread
2025-12-06 19:46:10,871 [INFO] DetailPanel:341 - Set advertising image to C:/Users/Aditya/STM32Cube/Repository/\en.mcu-finder-preevent.jpg
2025-12-06 19:46:10,877 [INFO] DbBoards:642 - Loading board mini-images...
2025-12-06 19:46:12,471 [INFO] DbBoards:665 - Loaded 211 board mini-images
2025-12-06 19:47:44,616 [INFO] MainUpdater:2873 - connection check result : 10
2025-12-06 19:47:44,616 [INFO] MainUpdater:2873 - connection check result : 10
2025-12-06 19:47:44,640 [INFO] MicroXplorer:468 - Change Database Path : 
2025-12-06 19:47:44,641 [INFO] MicroXplorer:498 - Change Database Version : DB.6.0.110
2025-12-06 19:47:44,651 [ERROR] ProjectManagerView:394 - 
java.lang.NullPointerException: Cannot invoke "javax.swing.JTextField.getText()" because the return value of "java.util.List.get(int)" is null
	at com.st.microxplorer.plugins.projectmanager.gui.ProjectChoiceTab$10.caretUpdate(ProjectChoiceTab.java:2504) ~[filemanager.jar:?]
	at javax.swing.text.JTextComponent.fireCaretUpdate(JTextComponent.java:412) ~[?:?]
	at javax.swing.text.JTextComponent$MutableCaretEvent.fire(JTextComponent.java:4491) ~[?:?]
	at javax.swing.text.JTextComponent$MutableCaretEvent.stateChanged(JTextComponent.java:4513) ~[?:?]
	at javax.swing.text.DefaultCaret.fireStateChanged(DefaultCaret.java:842) ~[?:?]
	at javax.swing.text.DefaultCaret.changeCaretPosition(DefaultCaret.java:1313) ~[?:?]
	at javax.swing.text.DefaultCaret.handleSetDot(DefaultCaret.java:1212) ~[?:?]
	at javax.swing.text.DefaultCaret.setDot(DefaultCaret.java:1193) ~[?:?]
	at javax.swing.text.DefaultCaret$Handler.insertUpdate(DefaultCaret.java:1789) ~[?:?]
	at javax.swing.text.AbstractDocument.fireInsertUpdate(AbstractDocument.java:226) ~[?:?]
	at javax.swing.text.AbstractDocument.handleInsertString(AbstractDocument.java:780) ~[?:?]
	at javax.swing.text.AbstractDocument.insertString(AbstractDocument.java:739) ~[?:?]
	at javax.swing.text.PlainDocument.insertString(PlainDocument.java:131) ~[?:?]
	at javax.swing.text.AbstractDocument.replace(AbstractDocument.java:698) ~[?:?]
	at javax.swing.text.JTextComponent.setText(JTextComponent.java:1729) ~[?:?]
	at com.st.microxplorer.plugins.projectmanager.gui.ProjectChoiceTab.createHeapStackFields(ProjectChoiceTab.java:944) ~[filemanager.jar:?]
	at com.st.microxplorer.plugins.projectmanager.gui.ProjectChoiceTab.buildLinkSettingsPanel(ProjectChoiceTab.java:3475) ~[filemanager.jar:?]
	at com.st.microxplorer.plugins.projectmanager.gui.ProjectChoiceTab.defineWindowsFields(ProjectChoiceTab.java:1816) ~[filemanager.jar:?]
	at com.st.microxplorer.plugins.projectmanager.gui.ProjectChoiceTab.updateSettings(ProjectChoiceTab.java:544) ~[filemanager.jar:?]
	at com.st.microxplorer.plugins.projectmanager.gui.ProjectSettingsPanel.UpdateDialog(ProjectSettingsPanel.java:245) ~[filemanager.jar:?]
	at com.st.microxplorer.plugins.projectmanager.ProjectManagerView.propertyChange(ProjectManagerView.java:391) ~[filemanager.jar:?]
	at java.beans.PropertyChangeSupport.fire(PropertyChangeSupport.java:343) ~[?:?]
	at java.beans.PropertyChangeSupport.firePropertyChange(PropertyChangeSupport.java:335) ~[?:?]
	at java.beans.PropertyChangeSupport.firePropertyChange(PropertyChangeSupport.java:268) ~[?:?]
	at com.st.microxplorer.util.MXPropertyChangeSupport.firePropertyChange(MXPropertyChangeSupport.java:54) ~[STM32CubeMX.jar:?]
	at com.st.microxplorer.mxsystem.MxSystem.closeConfig(MxSystem.java:900) ~[STM32CubeMX.jar:?]
	at com.st.microxplorer.maingui.MainPanel.closeConfig(MainPanel.java:776) ~[STM32CubeMX.jar:?]
	at com.st.microxplorer.plugins.filemanager.engine.OpenFileManager.loadConfigurationFile(OpenFileManager.java:245) ~[filemanager.jar:?]
	at com.st.microxplorer.plugins.filemanager.engine.MainFileManager.userLoadConfig(MainFileManager.java:315) ~[filemanager.jar:?]
	at com.st.microxplorer.plugins.filemanager.FileManagerView.getSpecificTask(FileManagerView.java:251) ~[filemanager.jar:?]
	at com.st.stm32cube.common.mx.editor.CubeMxEditor.getMxTabbedPaneInstance(CubeMxEditor.java:1191) ~[com.st.stm32cube.common.mx_6.11.0.202403141607/:?]
	at com.st.stm32cube.common.mx.editor.CubeMxEditor$12$1.createSwingComponent(CubeMxEditor.java:1068) ~[com.st.stm32cube.common.mx_6.11.0.202403141607/:?]
	at com.st.stm32cube.common.mx.oss.core.awtswtbridge.EmbeddedSwingComposite.doComponentCreation(EmbeddedSwingComposite.java:492) ~[com.st.stm32cube.common.mx.oss_6.11.0.202403141607/:?]
	at com.st.stm32cube.common.mx.oss.core.awtswtbridge.EmbeddedSwingComposite$4.run(EmbeddedSwingComposite.java:291) ~[com.st.stm32cube.common.mx.oss_6.11.0.202403141607/:?]
	at com.st.stm32cube.common.mx.oss.core.awtswtbridge.AwtEnvironment$2.run(AwtEnvironment.java:166) ~[com.st.stm32cube.common.mx.oss_6.11.0.202403141607/:?]
	at java.awt.event.InvocationEvent.dispatch(InvocationEvent.java:318) ~[?:?]
	at java.awt.EventQueue.dispatchEventImpl(EventQueue.java:773) ~[?:?]
	at java.awt.EventQueue$4.run(EventQueue.java:720) ~[?:?]
	at java.awt.EventQueue$4.run(EventQueue.java:714) ~[?:?]
	at java.security.AccessController.doPrivileged(AccessController.java:399) ~[?:?]
	at java.security.ProtectionDomain$JavaSecurityAccessImpl.doIntersectionPrivilege(ProtectionDomain.java:86) ~[?:?]
	at java.awt.EventQueue.dispatchEvent(EventQueue.java:742) ~[?:?]
	at java.awt.EventDispatchThread.pumpOneEventForFilters(EventDispatchThread.java:203) ~[?:?]
	at java.awt.EventDispatchThread.pumpEventsForFilter(EventDispatchThread.java:124) ~[?:?]
	at java.awt.EventDispatchThread.pumpEventsForHierarchy(EventDispatchThread.java:113) ~[?:?]
	at java.awt.EventDispatchThread.pumpEvents(EventDispatchThread.java:109) ~[?:?]
	at java.awt.EventDispatchThread.pumpEvents(EventDispatchThread.java:101) ~[?:?]
	at java.awt.EventDispatchThread.run(EventDispatchThread.java:90) ~[?:?]
2025-12-06 19:47:44,653 [WARN] ThirdParty:871 - waiting for thirdparty lock release [close project]
2025-12-06 19:47:44,653 [INFO] ThirdParty:873 - entering critical section [close project]
2025-12-06 19:47:44,653 [INFO] ThirdParty:883 - exiting critical section [close project]
2025-12-06 19:47:44,655 [INFO] PinOutPanel:1561 - setPackage(No Configuration,No Configuration)
2025-12-06 19:47:44,661 [WARN] IpParametersView:151 - Warning: This peripheral hasn't parameters
2025-12-06 19:47:44,663 [WARN] MainPanel:272 - <html><b><center>Warning: This peripheral has no parameters to be configured<br></b></html>
2025-12-06 19:47:44,665 [INFO] UtilMem:75 - Begin LoadConfig() Used Memory: 1045276592 Bytes (1073741824)
2025-12-06 19:47:44,665 [INFO] OpenFileManager:312 - Change cursor
2025-12-06 19:47:44,673 [INFO] ProjectFactory:442 - No CPN specified for board NUCLEO-F446RE => set CPN to STM32F446RET6
2025-12-06 19:47:44,673 [INFO] Mcu:2021 - Initializing MCU STM32F446R(C-E)Tx STM32F446RETx STM32F446RET6
2025-12-06 19:47:45,685 [INFO] Context:663 - Trying to add GPIOservice into a context  which must be forbidden
2025-12-06 19:47:45,812 [INFO] Rule:228 - rule 117617 - U5Cobra4M][GTZC] default value MPCBB3 and MPCBB5 - Not Secured memory - MPCBB1 is applicable
2025-12-06 19:47:45,812 [INFO] Rule:228 - rule 117617 - U5Cobra4M][GTZC] default value MPCBB3 and MPCBB5 - Not Secured memory - MPCBB1 is applicable
2025-12-06 19:47:45,812 [INFO] Rule:228 - rule 117617 - U5Cobra4M][GTZC] default value MPCBB3 and MPCBB5 - Not Secured memory - MPCBB2 is applicable
2025-12-06 19:47:45,812 [INFO] Rule:228 - rule 117617 - U5Cobra4M][GTZC] default value MPCBB3 and MPCBB5 - Not Secured memory - MPCBB2 is applicable
2025-12-06 19:47:45,812 [INFO] Rule:228 - rule 117617 - U5Cobra4M][GTZC] default value MPCBB3 and MPCBB5 - Not Secured memory - MPCBB3 is applicable
2025-12-06 19:47:45,812 [INFO] Rule:228 - rule 117617 - U5Cobra4M][GTZC] default value MPCBB3 and MPCBB5 - Not Secured memory - MPCBB3 is applicable
2025-12-06 19:47:45,812 [INFO] Rule:228 - rule 117617 - U5Cobra4M][GTZC] default value MPCBB3 and MPCBB5 - Not Secured memory - MPCBB4 is applicable
2025-12-06 19:47:45,812 [INFO] Rule:228 - rule 117617 - U5Cobra4M][GTZC] default value MPCBB3 and MPCBB5 - Not Secured memory - MPCBB4 is applicable
2025-12-06 19:47:45,812 [INFO] Rule:228 - rule 117617 - U5Cobra4M][GTZC] default value MPCBB3 and MPCBB5 - Secured memory - MPCBB1 is applicable
2025-12-06 19:47:45,812 [INFO] Rule:228 - rule 117617 - U5Cobra4M][GTZC] default value MPCBB3 and MPCBB5 - Secured memory - MPCBB2 is applicable
2025-12-06 19:47:45,812 [INFO] Rule:228 - rule 117617 - U5Cobra4M][GTZC] default value MPCBB3 and MPCBB5 - Secured memory - MPCBB3 is applicable
2025-12-06 19:47:45,812 [INFO] Rule:228 - rule 117617 - U5Cobra4M][GTZC] default value MPCBB3 and MPCBB5 - Secured memory - MPCBB4 is applicable
2025-12-06 19:47:45,812 [INFO] Rule:228 - rule 117617 - U5Cobra4M][GTZC] default value MPCBB3 and MPCBB5 - Privileged memory - MPCBB1 is applicable
2025-12-06 19:47:45,812 [INFO] Rule:228 - rule 117617 - U5Cobra4M][GTZC] default value MPCBB3 and MPCBB5 - Privileged memory - MPCBB2 is applicable
2025-12-06 19:47:45,812 [INFO] Rule:228 - rule 117617 - U5Cobra4M][GTZC] default value MPCBB3 and MPCBB5 - Privileged memory - MPCBB3 is applicable
2025-12-06 19:47:45,813 [INFO] Rule:228 - rule 117617 - U5Cobra4M][GTZC] default value MPCBB3 and MPCBB5 - Privileged memory - MPCBB4 is applicable
2025-12-06 19:47:45,813 [INFO] Rule:228 - rule 117617 - U5Cobra4M][GTZC] default value MPCBB3 and MPCBB5 - Not Privileged memory - MPCBB1 is applicable
2025-12-06 19:47:45,813 [INFO] Rule:228 - rule 117617 - U5Cobra4M][GTZC] default value MPCBB3 and MPCBB5 - Not Privileged memory - MPCBB2 is applicable
2025-12-06 19:47:45,813 [INFO] Rule:228 - rule 117617 - U5Cobra4M][GTZC] default value MPCBB3 and MPCBB5 - Not Privileged memory - MPCBB3 is applicable
2025-12-06 19:47:45,813 [INFO] Rule:228 - rule 117617 - U5Cobra4M][GTZC] default value MPCBB3 and MPCBB5 - Not Privileged memory - MPCBB4 is applicable
2025-12-06 19:47:45,813 [INFO] Rule:228 - rule 117617 - U5Cobra4M][GTZC] default value MPCBB3 and MPCBB5 - Privileged memory - MPCBB1 is applicable
2025-12-06 19:47:45,813 [INFO] Rule:228 - rule 117617 - U5Cobra4M][GTZC] default value MPCBB3 and MPCBB5 - Privileged memory - MPCBB2 is applicable
2025-12-06 19:47:45,813 [INFO] Rule:228 - rule 117617 - U5Cobra4M][GTZC] default value MPCBB3 and MPCBB5 - Privileged memory - MPCBB3 is applicable
2025-12-06 19:47:45,813 [INFO] Rule:228 - rule 117617 - U5Cobra4M][GTZC] default value MPCBB3 and MPCBB5 - Privileged memory - MPCBB4 is applicable
2025-12-06 19:47:45,813 [INFO] Rule:228 - rule 117617 - U5Cobra4M][GTZC] default value MPCBB3 and MPCBB5 - Privileged memory - MPCBB1 is applicable
2025-12-06 19:47:45,813 [INFO] Rule:228 - rule 117617 - U5Cobra4M][GTZC] default value MPCBB3 and MPCBB5 - Privileged memory - MPCBB2 is applicable
2025-12-06 19:47:45,813 [INFO] Rule:228 - rule 117617 - U5Cobra4M][GTZC] default value MPCBB3 and MPCBB5 - Privileged memory - MPCBB3 is applicable
2025-12-06 19:47:45,813 [INFO] Rule:228 - rule 117617 - U5Cobra4M][GTZC] default value MPCBB3 and MPCBB5 - Privileged memory - MPCBB4 is applicable
2025-12-06 19:47:45,813 [INFO] Rule:228 - rule 117617 - U5Cobra4M][GTZC] default value MPCBB3 and MPCBB5 - Not Privileged memory - MPCBB1 is applicable
2025-12-06 19:47:45,813 [INFO] Rule:228 - rule 117617 - U5Cobra4M][GTZC] default value MPCBB3 and MPCBB5 - Not Privileged memory - MPCBB2 is applicable
2025-12-06 19:47:45,813 [INFO] Rule:228 - rule 117617 - U5Cobra4M][GTZC] default value MPCBB3 and MPCBB5 - Not Privileged memory - MPCBB3 is applicable
2025-12-06 19:47:45,813 [INFO] Rule:228 - rule 117617 - U5Cobra4M][GTZC] default value MPCBB3 and MPCBB5 - Not Privileged memory - MPCBB4 is applicable
2025-12-06 19:47:45,813 [INFO] Rule:228 - rule 117617 - U5Cobra4M][GTZC] default value MPCBB3 and MPCBB5 - Privileged memory - MPCBB1 is applicable
2025-12-06 19:47:45,813 [INFO] Rule:228 - rule 117617 - U5Cobra4M][GTZC] default value MPCBB3 and MPCBB5 - Privileged memory - MPCBB2 is applicable
2025-12-06 19:47:45,813 [INFO] Rule:228 - rule 117617 - U5Cobra4M][GTZC] default value MPCBB3 and MPCBB5 - Privileged memory - MPCBB3 is applicable
2025-12-06 19:47:45,813 [INFO] Rule:228 - rule 117617 - U5Cobra4M][GTZC] default value MPCBB3 and MPCBB5 - Privileged memory - MPCBB4 is applicable
2025-12-06 19:47:45,813 [INFO] Rule:228 - rule Rename SubGHz_Phy SUBGHZ_APPLICATION SUBGHZ_PINGPONG to SUBGHZ_ADV_APPLICATION is applicable
2025-12-06 19:47:45,813 [INFO] Rule:228 - rule Rename Enabled to IBEACON is applicable
2025-12-06 19:47:45,813 [INFO] Rule:228 - rule GTZC_S instance for project manager is applicable
2025-12-06 19:47:45,813 [INFO] Rule:228 - rule GTZC_S instance for context M33S is applicable
2025-12-06 19:47:45,813 [INFO] Rule:228 - rule GTZC_S instance value for IP GTZC is applicable
2025-12-06 19:47:45,813 [INFO] Rule:228 - rule GTZC_S instance for mcu.IP is applicable
2025-12-06 19:47:45,813 [INFO] Rule:228 - rule GTZC_S instance for VP is applicable
2025-12-06 19:47:45,813 [INFO] Rule:228 - rule GTZC_S instance for signal is applicable
2025-12-06 19:47:45,813 [INFO] Rule:228 - rule GTZC_S instance for mcu.Pin is applicable
2025-12-06 19:47:45,813 [INFO] Rule:228 - rule GTZC_S instance for VP is applicable
2025-12-06 19:47:45,813 [INFO] Rule:228 - rule GTZC_S instance for signal is applicable
2025-12-06 19:47:45,813 [INFO] Rule:228 - rule GTZC_S instance for mcu is applicable
2025-12-06 19:47:45,813 [INFO] Rule:228 - rule GTZC_S instance for mcu.Pin is applicable
2025-12-06 19:47:45,813 [INFO] Rule:228 - rule GTZC_S instance value for IP GTZC is applicable
2025-12-06 19:47:45,813 [INFO] Rule:228 - rule GTZC_S instance for project manager is applicable
2025-12-06 19:47:45,813 [INFO] Rule:228 - rule GTZC_S instance for context M33S is applicable
2025-12-06 19:47:45,813 [INFO] Rule:228 - rule GTZC_S instance for VP is applicable
2025-12-06 19:47:45,813 [INFO] Rule:228 - rule GTZC_S instance for signal is applicable
2025-12-06 19:47:45,813 [INFO] Rule:228 - rule SPDIFRX instance for mcu is applicable
2025-12-06 19:47:45,813 [INFO] Rule:228 - rule Rename Tracer Mode is applicable
2025-12-06 19:47:45,813 [INFO] Rule:228 - rule SPDIFRX instance value for IP SPDIFRX is applicable
2025-12-06 19:47:45,813 [INFO] Rule:228 - rule SPDIFRX instance for signal is applicable
2025-12-06 19:47:45,813 [INFO] Rule:228 - rule SPDIFRX instance for project manager is applicable
2025-12-06 19:47:45,813 [INFO] Rule:228 - rule SPDIFRX instance for project manager is applicable
2025-12-06 19:47:45,813 [INFO] Rule:228 - rule ADC Scan  fix with FW F7 is applicable
2025-12-06 19:47:45,813 [INFO] Rule:228 - rule ADC Scan  fix with FW F7 is applicable
2025-12-06 19:47:45,813 [INFO] Rule:228 - rule WakeUp0 Mode is applicable
2025-12-06 19:47:45,813 [INFO] Rule:228 - rule WakeUp0 SIGNAL is applicable
2025-12-06 19:47:45,813 [INFO] Rule:228 - rule WakeUp1 Mode is applicable
2025-12-06 19:47:45,813 [INFO] Rule:228 - rule WakeUp1 SIGNAL is applicable
2025-12-06 19:47:45,813 [INFO] Rule:228 - rule WakeUp2 Mode is applicable
2025-12-06 19:47:45,813 [INFO] Rule:228 - rule WakeUp2 SIGNAL is applicable
2025-12-06 19:47:45,813 [INFO] Rule:228 - rule WakeUp4 Mode is applicable
2025-12-06 19:47:45,813 [INFO] Rule:228 - rule WakeUp4 SIGNAL is applicable
2025-12-06 19:47:45,813 [INFO] Rule:228 - rule WakeUp5 Mode is applicable
2025-12-06 19:47:45,813 [INFO] Rule:228 - rule WakeUp5 SIGNAL is applicable
2025-12-06 19:47:45,813 [INFO] Rule:228 - rule Add RTC Activate Clock Source is applicable
2025-12-06 19:47:45,813 [INFO] Rule:228 - rule Add RTC Activate Calendar 1 is applicable
2025-12-06 19:47:45,813 [INFO] Rule:228 - rule Add RTC Activate Calendar 2 is applicable
2025-12-06 19:47:45,813 [INFO] Rule:228 - rule Add RTC Activate Calendar 3 is applicable
2025-12-06 19:47:45,813 [INFO] Rule:228 - rule UART/USART TX Mode is applicable
2025-12-06 19:47:45,813 [INFO] Rule:228 - rule UART/USART RX Mode is applicable
2025-12-06 19:47:45,813 [INFO] Rule:228 - rule UART/USART RX TX Mode is applicable
2025-12-06 19:47:45,813 [INFO] Rule:228 - rule UART/USART PARITY NONE is applicable
2025-12-06 19:47:45,813 [INFO] Rule:228 - rule UART/USART PARITY EVEN is applicable
2025-12-06 19:47:45,813 [INFO] Rule:228 - rule UART/USART PARITY ODD is applicable
2025-12-06 19:47:45,813 [INFO] Rule:228 - rule USART StopBits 1 is applicable
2025-12-06 19:47:45,813 [INFO] Rule:228 - rule USART StopBits 2 is applicable
2025-12-06 19:47:45,813 [INFO] Rule:228 - rule USART StopBits 1.5 is applicable
2025-12-06 19:47:45,813 [INFO] Rule:228 - rule USART StopBits 0.5 is applicable
2025-12-06 19:47:45,813 [INFO] Rule:228 - rule UART/USART WORD LENGTH 7 is applicable
2025-12-06 19:47:45,813 [INFO] Rule:228 - rule UART/USART WORD LENGTH 8 is applicable
2025-12-06 19:47:45,813 [INFO] Rule:228 - rule UART/USART WORD LENGTH 9 is applicable
2025-12-06 19:47:45,813 [INFO] Rule:228 - rule Rename FMC NAND NCE signal is applicable
2025-12-06 19:47:45,813 [INFO] Rule:228 - rule Rename FMC NAND INT signal is applicable
2025-12-06 19:47:45,813 [INFO] Rule:228 - rule Change Default Value for LSE Drive Capability for WB family is applicable
2025-12-06 19:47:45,813 [INFO] Rule:228 - rule Change Default Value for ADC Clock Prescaler G0 family is applicable
2025-12-06 19:47:45,813 [INFO] Rule:228 - rule Change Default Value for ADC ExternalTrigConv L4 family is applicable
2025-12-06 19:47:45,813 [INFO] Rule:228 - rule Change Default Value for ADC ExternalTrigInjecConv L4 family is applicable
2025-12-06 19:47:45,813 [INFO] Rule:228 - rule Change Default Value for ADC ExternalTrigConv F3 family is applicable
2025-12-06 19:47:45,813 [INFO] Rule:228 - rule Change Default Value for ADC ExternalTrigInjecConv F3 family is applicable
2025-12-06 19:47:45,813 [INFO] Rule:228 - rule Change Default Value for ADC ExternalTrigConv Goldfish serie is applicable
2025-12-06 19:47:45,813 [INFO] Rule:228 - rule Change Default Value for ADC ExternalTrigInjecConv Goldfish serie is applicable
2025-12-06 19:47:45,813 [INFO] Rule:228 - rule Change Default Value for ADC ExternalTrigConv L0 family is applicable
2025-12-06 19:47:45,813 [INFO] Rule:228 - rule Change Default Value for ADC ExternalTrigConv F0 family is applicable
2025-12-06 19:47:45,813 [INFO] Rule:228 - rule Change Default Value for ADC ExternalTrigConvn L1 family is applicable
2025-12-06 19:47:45,813 [INFO] Rule:228 - rule Change Default Value for ADC ExternalTrigInjecConv L1 family is applicable
2025-12-06 19:47:45,813 [INFO] Rule:228 - rule Change Default Value for ADC ExternalTrigConv F1 family is applicable
2025-12-06 19:47:45,813 [INFO] Rule:228 - rule Change Default Value for ADC ExternalTrigInjecConv F1 family is applicable
2025-12-06 19:47:45,813 [INFO] Rule:228 - rule Change Default Value for ADC ExternalTrigConv F7 family is applicable
2025-12-06 19:47:45,813 [INFO] Rule:228 - rule Change Default Value for ADC ExternalTrigInjecConv F7 family is applicable
2025-12-06 19:47:45,814 [INFO] Rule:228 - rule Change Default Value for ADC ExternalTrigConv F4 and F2 family is applicable
2025-12-06 19:47:45,814 [INFO] Rule:228 - rule Change Default Value for ADC ExternalTrigInjecConv F4 and F2 family is applicable
2025-12-06 19:47:45,814 [INFO] Rule:228 - rule ADC SamplingTime fix with FW L0  is applicable
2025-12-06 19:47:45,814 [INFO] Rule:228 - rule ADC SamplingTime fix with FW L0  is applicable
2025-12-06 19:47:45,814 [INFO] Rule:228 - rule ADC SamplingTime fix with FW L0 is applicable
2025-12-06 19:47:45,814 [INFO] Rule:228 - rule ADC SamplingTime fix with FW L0 is applicable
2025-12-06 19:47:45,814 [INFO] Rule:228 - rule ADC SamplingTime fix with FW L0  is applicable
2025-12-06 19:47:45,814 [INFO] Rule:228 - rule ADC SamplingTime fix with FW L0 is applicable
2025-12-06 19:47:45,814 [INFO] Rule:228 - rule Rename USB_OE Signal is applicable
2025-12-06 19:47:45,814 [INFO] Rule:228 - rule Rename Activate_OE Mode is applicable
2025-12-06 19:47:45,814 [INFO] Rule:228 - rule Rename DIE462/DIE415 pin PC14/OSC32_IN -> PC14-OSC32_IN (PC14) is applicable
2025-12-06 19:47:45,814 [INFO] Rule:228 - rule Rename DIE462/DIE415 pin PC15/OSC32_OUT -> PC15-OSC32_OUT (PC15) is applicable
2025-12-06 19:47:45,814 [INFO] Rule:228 - rule Rename DIE462/DIE415 pin PH0/OSC_IN -> PH0-OSC_IN (PH0) is applicable
2025-12-06 19:47:45,814 [INFO] Rule:228 - rule Rename DIE462/DIE415 pin PH1/OSC_OUT -> PH1-OSC_OUT (PH1) is applicable
2025-12-06 19:47:45,814 [INFO] Rule:228 - rule Rename DIE462 pin PA13 -> PA13 (JTMS/SWDIO) is applicable
2025-12-06 19:47:45,814 [INFO] Rule:228 - rule Rename DIE415 pin PA13 -> PA13 (JTMS/SWDIO) is applicable
2025-12-06 19:47:45,814 [INFO] Rule:228 - rule Rename DIE462 pin PA14 -> PA14 (JTCK/SWCLK) is applicable
2025-12-06 19:47:45,814 [INFO] Rule:228 - rule Rename DIE415 pin PA14 -> PA14 (JTCK/SWCLK) is applicable
2025-12-06 19:47:45,814 [INFO] Rule:228 - rule Rename DIE462/DIE415 pin PA15 -> PA15 (JTDI) is applicable
2025-12-06 19:47:45,814 [INFO] Rule:228 - rule Rename DIE462 pin PB3 -> PB3 (JTD0/TRACESWO) is applicable
2025-12-06 19:47:45,814 [INFO] Rule:228 - rule Rename DIE415 pin PB3 -> PB3 (JTD0-TRACESWO) is applicable
2025-12-06 19:47:45,814 [INFO] Rule:228 - rule Rename DIE462/DIE415 pin PB4 -> PB4 (NJTRST) is applicable
2025-12-06 19:47:45,814 [INFO] Rule:228 - rule Rename DIE462 pin PH3/BOOT0 -> PH3-BOOT0 (BOOT0) is applicable
2025-12-06 19:47:45,814 [INFO] Rule:228 - rule Rename CRYP DataEncryptionTypesList to Algorithm is applicable
2025-12-06 19:47:45,814 [INFO] Rule:228 - rule Rename AES DataEncryptionTypesList to Algorithm is applicable
2025-12-06 19:47:45,814 [INFO] Rule:228 - rule Rename TDESECB to CRYP_TDES_ECB is applicable
2025-12-06 19:47:45,814 [INFO] Rule:228 - rule Rename TDESCBC to CRYP_TDES_CBC is applicable
2025-12-06 19:47:45,814 [INFO] Rule:228 - rule Rename DESECB to CRYP_DES_ECB is applicable
2025-12-06 19:47:45,814 [INFO] Rule:228 - rule Rename DESCBC to CRYP_DES_CBC is applicable
2025-12-06 19:47:45,814 [INFO] Rule:228 - rule Rename AESECB to CRYP_AES_ECB is applicable
2025-12-06 19:47:45,814 [INFO] Rule:228 - rule Rename AESCBC to CRYP_AES_CBC is applicable
2025-12-06 19:47:45,814 [INFO] Rule:228 - rule Rename AESCTR to CRYP_AES_CTR is applicable
2025-12-06 19:47:45,814 [INFO] Rule:228 - rule Rename AESGCM to CRYP_AES_GCM is applicable
2025-12-06 19:47:45,814 [INFO] Rule:228 - rule Rename AESCCM to CRYP_AES_CCM is applicable
2025-12-06 19:47:45,814 [INFO] Rule:228 - rule Rename CAN TimeSeg1 to BS1 is applicable
2025-12-06 19:47:45,814 [INFO] Rule:228 - rule Rename CAN TimeSeg2 to BS2 is applicable
2025-12-06 19:47:45,814 [INFO] Rule:228 - rule Rename CAN SyncJumpWidth to SJW is applicable
2025-12-06 19:47:45,814 [INFO] Rule:228 - rule TimeTriggeredMode to TTCM is applicable
2025-12-06 19:47:45,814 [INFO] Rule:228 - rule Rename CAN AutoBusOff to ABOM is applicable
2025-12-06 19:47:45,814 [INFO] Rule:228 - rule Rename CAN AutoWakeUp to AWUM is applicable
2025-12-06 19:47:45,814 [INFO] Rule:228 - rule Rename CAN AutoRetransmission to NART is applicable
2025-12-06 19:47:45,814 [INFO] Rule:228 - rule Rename CAN ReceiveFifoLocked to RFLM is applicable
2025-12-06 19:47:45,814 [INFO] Rule:228 - rule Rename CAN TransmitFifoPriority to TXFP is applicable
2025-12-06 19:47:45,814 [INFO] Rule:228 - rule Rename HRTIMER HRTIM_OUTPUTFAULTLEVEL_HIGH in HRTIMER HRTIM_OUTPUTFAULTLEVEL_HIGHZ is applicable
2025-12-06 19:47:45,814 [INFO] Rule:228 - rule Rename TIMER TIM_CLEARINPUTSOURCE_OCREFCLR in  TIMER TIM_CLEARINPUTSOURCE_NONE for F7 family is applicable
2025-12-06 19:47:45,814 [INFO] Rule:228 - rule FDCAN_R1 - Rename FDCAN mode Master into Classic is applicable
2025-12-06 19:47:45,814 [INFO] Rule:228 - rule FDCAN_R2 - Rename FDCAN mode Slave into Classic is applicable
2025-12-06 19:47:45,814 [INFO] Rule:228 - rule FDCAN1_R3 - if PA10.Mode=FullDuplex, add Pin PA12 is applicable
2025-12-06 19:47:45,814 [INFO] Rule:228 - rule FDCAN1_R3 - if PA9.Mode=FullDuplex, add Pin PA11 is applicable
2025-12-06 19:47:45,814 [INFO] Rule:228 - rule FDCAN1_R3 - Alternatepin_1 - if PE1.Mode=FullDuplex, add Pin PB9 is applicable
2025-12-06 19:47:45,814 [INFO] Rule:228 - rule FDCAN1_R3 - Alternatepin_1 - if PE0.Mode=FullDuplex, add Pin PB8 is applicable
2025-12-06 19:47:45,814 [INFO] Rule:228 - rule FDCAN1_R3 - Alternatepin_2 - if PD5.Mode=FullDuplex, add Pin PD1 is applicable
2025-12-06 19:47:45,814 [INFO] Rule:228 - rule FDCAN1_R3 - Alternatepin_2 - if PD4.Mode=FullDuplex, add Pin PD0 is applicable
2025-12-06 19:47:45,814 [INFO] Rule:228 - rule FDCAN1_R4 - Rename Mode FullDuplex into Enable FDCAN_TXFD for pin PA10 is applicable
2025-12-06 19:47:45,814 [INFO] Rule:228 - rule FDCAN1_R4 - Rename Mode FullDuplex into Enable FDCAN_TXFD for pin PA9 is applicable
2025-12-06 19:47:45,814 [INFO] Rule:228 - rule FDCAN1_R4 - Alternatepin_1 - Rename Mode FullDuplex into Enable FDCAN_TXFD for pin PE1 is applicable
2025-12-06 19:47:45,814 [INFO] Rule:228 - rule FDCAN1_R4 - Alternatepin_1 - Rename Mode FullDuplex into Enable FDCAN_TXFD for pin PE0 is applicable
2025-12-06 19:47:45,814 [INFO] Rule:228 - rule FDCAN1_R4 - Alternatepin_2 - Rename Mode FullDuplex into Enable FDCAN_TXFD for pin PD5 is applicable
2025-12-06 19:47:45,814 [INFO] Rule:228 - rule FDCAN1_R4 - Alternatepin_2 - Rename Mode FullDuplex into Enable FDCAN_TXFD for pin PD4 is applicable
2025-12-06 19:47:45,814 [INFO] Rule:228 - rule FDCAN2_R3 - if PD10.Mode=FullDuplex, add Pin PB13 is applicable
2025-12-06 19:47:45,814 [INFO] Rule:228 - rule FDCAN2_R3 - if PD9.Mode=FullDuplex, add Pin PB12 is applicable
2025-12-06 19:47:45,814 [INFO] Rule:228 - rule FDCAN2_R3 - Alternatepin_1 - if PB7.Mode=FullDuplex, add Pin PB6 is applicable
2025-12-06 19:47:45,814 [INFO] Rule:228 - rule FDCAN2_R3 - Alternatepin_1 - if PD9.Mode=FullDuplex, add Pin PB12 is applicable
2025-12-06 19:47:45,814 [INFO] Rule:228 - rule FDCAN2_R4 - Rename Mode FullDuplex into Enable FDCAN_TXFD for pin PD10 is applicable
2025-12-06 19:47:45,814 [INFO] Rule:228 - rule FDCAN2_R4 - Rename Mode FullDuplex into Enable FDCAN_TXFD for pin PD9 is applicable
2025-12-06 19:47:45,814 [INFO] Rule:228 - rule FDCAN2_R4 - Alternatepin_1 - Rename Mode FullDuplex into Enable FDCAN_TXFD for pin PB7 is applicable
2025-12-06 19:47:45,814 [INFO] Rule:228 - rule FDCAN2_R4 - Alternatepin_1 - Rename Mode FullDuplex into Enable FDCAN_TXFD for pin PD6 is applicable
2025-12-06 19:47:45,814 [INFO] Rule:228 - rule USART TxPinLevelInvertParam Mode is applicable
2025-12-06 19:47:45,814 [INFO] Rule:228 - rule USART RxPinLevelInvertParam Mode is applicable
2025-12-06 19:47:45,814 [INFO] Rule:228 - rule USART DataInvertParam Mode is applicable
2025-12-06 19:47:45,814 [INFO] Rule:228 - rule USART SwapParam Mode is applicable
2025-12-06 19:47:45,814 [INFO] Rule:228 - rule USART OverrunDisableParam Mode is applicable
2025-12-06 19:47:45,814 [INFO] Rule:228 - rule USART DMADisableonRxErrorParam Mode is applicable
2025-12-06 19:47:45,814 [INFO] Rule:228 - rule USART MSBFirstParam Mode is applicable
2025-12-06 19:47:45,814 [INFO] Rule:228 - rule Update MwName for USB_DEVICE is applicable
2025-12-06 19:47:45,814 [INFO] Rule:228 - rule Change PWR_Regulator_Voltage_Scale Default Value for RCC  H7 family is applicable
2025-12-06 19:47:45,814 [INFO] Rule:228 - rule UART/USART IPParameter rename Prescaler parameter to ClockPrescaler is applicable
2025-12-06 19:47:45,814 [INFO] Rule:228 - rule UART/USART Prescaler rename Prescaler parameter to ClockPrescaler is applicable
2025-12-06 19:47:45,814 [INFO] Rule:228 - rule TIM1CLockSelection is applicable
2025-12-06 19:47:45,814 [INFO] Rule:228 - rule TIM15CLockSelection is applicable
2025-12-06 19:47:45,814 [INFO] Rule:228 - rule align RCC SDMMC3CLockSelection default value on MP1 is applicable
2025-12-06 19:47:45,814 [INFO] Rule:228 - rule align RCC SDMMC12CLockSelection default value on MP1 is applicable
2025-12-06 19:47:45,814 [INFO] Rule:228 - rule align RCC QSPICLockSelection default value on MP1 is applicable
2025-12-06 19:47:45,814 [INFO] Rule:228 - rule align RCC QSPICLockSelection default value on MP1 is applicable
2025-12-06 19:47:45,814 [INFO] Rule:228 - rule align RCC SPI6CLockSelection default value on MP1 is applicable
2025-12-06 19:47:45,814 [INFO] Rule:228 - rule align RCC LPTIM23CLockSelection default value on MP1 is applicable
2025-12-06 19:47:45,814 [INFO] Rule:228 - rule align RCC LPTIM1CLockSelection default value on MP1 is applicable
2025-12-06 19:47:45,814 [INFO] Rule:228 - rule align RCC USART1CLockSelection default value on MP1 is applicable
2025-12-06 19:47:45,814 [INFO] Rule:228 - rule align RCC USART24CLockSelection default value on MP1 is applicable
2025-12-06 19:47:45,814 [INFO] Rule:228 - rule align RCC USART6CLockSelection default value on MP1 is applicable
2025-12-06 19:47:45,814 [INFO] Rule:228 - rule align RCC UART78CLockSelection default value on MP1 is applicable
2025-12-06 19:47:45,814 [INFO] Rule:228 - rule align RCC USART35CLockSelection default value on MP1 is applicable
2025-12-06 19:47:45,814 [INFO] Rule:228 - rule align RCC SPI45CLockSelection default value on MP1 is applicable
2025-12-06 19:47:45,814 [INFO] Rule:228 - rule align RCC I2C46CLockSelection BCLK value on MP1 is applicable
2025-12-06 19:47:45,814 [INFO] Rule:228 - rule align RCC SPI45CLockSelection default value on MP1 is applicable
2025-12-06 19:47:45,814 [INFO] Rule:228 - rule align RCC I2C12CLockSelection default value on MP1 is applicable
2025-12-06 19:47:45,814 [INFO] Rule:228 - rule align RCC I2C35CLockSelection default value on MP1 is applicable
2025-12-06 19:47:45,814 [INFO] Rule:228 - rule align RCC LPTIM45CLockSelection default value on MP1 is applicable
2025-12-06 19:47:45,815 [INFO] Rule:228 - rule Rename DCMI PIXCK signal is applicable
2025-12-06 19:47:45,815 [INFO] Rule:228 - rule Change Default Value for I2C46CLockSelection MP1 family is applicable
2025-12-06 19:47:45,815 [INFO] Rule:228 - rule Change Default Value for UART for G4, G0 and WB families is applicable
2025-12-06 19:47:45,815 [INFO] Rule:228 - rule Change Default Value for USART for G4, G0 and WB families is applicable
2025-12-06 19:47:45,815 [INFO] Rule:228 - rule Change Default Value for USART for G4 family is applicable
2025-12-06 19:47:45,815 [INFO] Rule:228 - rule Change USART1CLockSelection refparam name for MP1 is applicable
2025-12-06 19:47:45,815 [INFO] Rule:228 - rule Change USART2CLockSelection refparam name for MP1 is applicable
2025-12-06 19:47:45,815 [INFO] Rule:228 - rule Change USART3CLockSelection refparam name for MP1 is applicable
2025-12-06 19:47:45,815 [INFO] Rule:228 - rule Change UART4CLockSelection refparam name for MP1 is applicable
2025-12-06 19:47:45,815 [INFO] Rule:228 - rule Change UART5CLockSelection refparam name for MP1 is applicable
2025-12-06 19:47:45,815 [INFO] Rule:228 - rule Change LPUART1CLockSelection refparam name for MP1 is applicable
2025-12-06 19:47:45,815 [INFO] Rule:228 - rule Change LPTIM1CLockSelection refparam name for MP1 is applicable
2025-12-06 19:47:45,815 [INFO] Rule:228 - rule Change LPTIM2CLockSelection refparam name for MP1 is applicable
2025-12-06 19:47:45,815 [INFO] Rule:228 - rule Change RCC_MCO1Source refparam name for MP1 is applicable
2025-12-06 19:47:45,815 [INFO] Rule:228 - rule Change LSCOSource1 refparam name for MP1 is applicable
2025-12-06 19:47:45,815 [INFO] Rule:228 - rule Change SMPSCLockSelection refparam name for MP1 is applicable
2025-12-06 19:47:45,815 [INFO] Rule:228 - rule Change LPTIM3CLockSelection refparam name for MP1 is applicable
2025-12-06 19:47:45,815 [INFO] Rule:228 - rule Change MPCBB* Default Template Mode to Parameters is applicable
2025-12-06 19:47:45,815 [INFO] Rule:228 - rule Change MPCWM* or MPCBB* Secure Mode to Parameters is applicable
2025-12-06 19:47:45,815 [INFO] Rule:228 - rule Change MPCWM* or MPCBB* No Secure Mode to Parameters is applicable
2025-12-06 19:47:45,815 [INFO] Rule:228 - rule Change TZSC IP Secure Mode to Parameters is applicable
2025-12-06 19:47:45,815 [INFO] Rule:228 - rule Change TZSC IP No Secure Mode to Parameters is applicable
2025-12-06 19:47:45,815 [INFO] Rule:228 - rule Change TZSC IP Privilege Mode to Parameters is applicable
2025-12-06 19:47:45,815 [INFO] Rule:228 - rule Change TZSC IP No Privilege Mode to Parameters is applicable
2025-12-06 19:47:45,815 [INFO] Rule:228 - rule Change TZIC IT Secure Mode to Parameters is applicable
2025-12-06 19:47:45,815 [INFO] Rule:228 - rule Change TZIC IT No Secure Mode to Parameters is applicable
2025-12-06 19:47:45,815 [INFO] Rule:228 - rule Add MPCBB1_NonSecureArea_Start_Address value with referenced to MPCBB1_NonSecureArea_Start value is applicable
2025-12-06 19:47:45,815 [INFO] Rule:228 - rule Add MPCBB2_NonSecureArea_Start_Address value with referenced to MPCBB2_NonSecureArea_Start value is applicable
2025-12-06 19:47:45,815 [INFO] Rule:228 - rule Add MPCWM1_NonSecureArea*_Start_Address value with referenced to MPCWM1_NonSecureArea*_Start value is applicable
2025-12-06 19:47:45,815 [INFO] Rule:228 - rule Add MPCWM2_NonSecureArea*_Start_Address value with referenced to MPCWM2_NonSecureArea*_Start value is applicable
2025-12-06 19:47:45,815 [INFO] Rule:228 - rule Add MPCWM3_NonSecureArea_Start_Address value with referenced to MPCWM3_NonSecureArea_Start value is applicable
2025-12-06 19:47:45,815 [INFO] Rule:228 - rule Change Default Value for PLL1UserDefinedConfig is applicable
2025-12-06 19:47:45,815 [INFO] Rule:228 - rule Change GPIO_PuPd Default Value for USART in async mode is applicable
2025-12-06 19:47:45,815 [INFO] Rule:228 - rule Change SMPSDivider Default Value is applicable
2025-12-06 19:47:45,815 [INFO] Rule:228 - rule OPAMP is applicable
2025-12-06 19:47:45,815 [INFO] Rule:228 - rule LPUART IPParameter rename Prescaler parameter to ClockPrescaler for STM32H7 is applicable
2025-12-06 19:47:45,815 [INFO] Rule:228 - rule LPUART IPParameter rename Prescaler parameter to ClockPrescaler for STM32H7 is applicable
2025-12-06 19:47:45,815 [INFO] Rule:228 - rule LPUART IPParameter rename Prescaler parameter to ClockPrescaler for STM32WB is applicable
2025-12-06 19:47:45,815 [INFO] Rule:228 - rule LPUART IPParameter rename Prescaler parameter to ClockPrescaler for STM32WB is applicable
2025-12-06 19:47:45,815 [INFO] Rule:228 - rule LPUART IPParameter rename Prescaler parameter to ClockPrescaler for STM32G4 is applicable
2025-12-06 19:47:45,815 [INFO] Rule:228 - rule LPUART IPParameter rename Prescaler parameter to ClockPrescaler for STM32G4 is applicable
2025-12-06 19:47:45,815 [INFO] Rule:228 - rule LPUART IPParameter rename Prescaler parameter to ClockPrescaler for STM32L5 is applicable
2025-12-06 19:47:45,815 [INFO] Rule:228 - rule LPUART IPParameter rename Prescaler parameter to ClockPrescaler for STM32L5 is applicable
2025-12-06 19:47:45,815 [INFO] Rule:228 - rule LPUART IPParameter rename Prescaler parameter to ClockPrescaler for STM32G4 is applicable
2025-12-06 19:47:45,815 [INFO] Rule:228 - rule LPUART IPParameter rename Prescaler parameter to ClockPrescaler for STM32G4 is applicable
2025-12-06 19:47:45,815 [INFO] Rule:228 - rule USB device lib V2.5.3 for L0 rename USBD_SUPPORT_USER_STRING parameter to USBD_SUPPORT_USER_STRING_DESC4 is applicable
2025-12-06 19:47:45,815 [INFO] Rule:228 - rule I2SCLockSelection clock entry align is applicable
2025-12-06 19:47:45,815 [INFO] Rule:228 - rule Assign TIMx context if used as SYS timebase is applicable
2025-12-06 19:47:45,815 [INFO] Rule:228 - rule Change GPIO_Pu Default Value for I2C is applicable
2025-12-06 19:47:45,815 [INFO] Rule:228 - rule Change GPIO_Pu Default Value for SMBus is applicable
2025-12-06 19:47:45,815 [INFO] Rule:228 - rule change FDCAN default value is applicable
2025-12-06 19:47:45,815 [INFO] Rule:228 - rule Change mode sai is applicable
2025-12-06 19:47:45,815 [INFO] Rule:228 - rule **Change sai mode is applicable
2025-12-06 19:47:45,815 [INFO] Rule:228 - rule Rename STM32WPAN CFG_BLE_IRK to CFG_BLE_IR is applicable
2025-12-06 19:47:45,815 [INFO] Rule:228 - rule Rename STM32WPAN CFG_BLE_ERK to CFG_BLE_ER is applicable
2025-12-06 19:47:45,815 [INFO] Rule:228 - rule Rename STM32WPAN CFG_BLE_IRK_HEX to CFG_BLE_IR_HEX is applicable
2025-12-06 19:47:45,815 [INFO] Rule:228 - rule Rename STM32WPAN CFG_BLE_ERK_HEX to CFG_BLE_ER_HEX is applicable
2025-12-06 19:47:45,822 [INFO] DbConfProperties:307 - Apply Compatibility (49/262 Rules)
2025-12-06 19:47:45,826 [INFO] ImportTextPane:194 - (OptionalMessage_ERROR) Unable to find key (Mcu.ThirdPartyNb) in loaded IOC file
2025-12-06 19:47:45,839 [INFO] RtosManager:555 - Registered RTOS mode: class=CMSIS, group=RTOS, mode=CMSIS_V1, owner=FREERTOS
2025-12-06 19:47:45,839 [INFO] RtosManager:555 - Registered RTOS mode: class=CMSIS, group=RTOS2, mode=CMSIS_V2, owner=FREERTOS
2025-12-06 19:47:45,839 [INFO] RtosManager:555 - Registered RTOS mode: class=RTOS, group=Core, mode=CMSIS_V1, owner=FREERTOS
2025-12-06 19:47:45,839 [INFO] RtosManager:555 - Registered RTOS mode: class=RTOS, group=Core, mode=CMSIS_V2, owner=FREERTOS
2025-12-06 19:47:45,839 [WARN] ModelIntegratedComponent:184 - Missing modes for component STMicroelectronics:FreeRTOS:0.0.1:STMicroelectronics:RTOS:FreeRTOS:Core:::10.2.0:
2025-12-06 19:47:45,840 [WARN] ModelIntegratedComponent:63 - No mode defined for component null
2025-12-06 19:47:45,841 [WARN] ModelIntegratedComponent:63 - No mode defined for component null
2025-12-06 19:47:45,841 [WARN] ModelIntegratedComponent:63 - No mode defined for component null
2025-12-06 19:47:45,841 [WARN] ModelIntegratedComponent:63 - No mode defined for component null
2025-12-06 19:47:45,841 [WARN] ModelIntegratedComponent:63 - No mode defined for component null
2025-12-06 19:47:45,841 [WARN] ModelIntegratedComponent:63 - No mode defined for component null
2025-12-06 19:47:45,841 [WARN] ModelIntegratedComponent:63 - No mode defined for component null
2025-12-06 19:47:45,841 [WARN] ModelIntegratedComponent:63 - No mode defined for component null
2025-12-06 19:47:45,841 [WARN] ModelIntegratedComponent:63 - No mode defined for component null
2025-12-06 19:47:45,841 [WARN] ModelIntegratedComponent:63 - No mode defined for component null
2025-12-06 19:47:45,841 [WARN] ModelIntegratedComponent:63 - No mode defined for component null
2025-12-06 19:47:45,841 [WARN] ModelIntegratedComponent:63 - No mode defined for component null
2025-12-06 19:47:45,841 [WARN] ModelIntegratedComponent:63 - No mode defined for component null
2025-12-06 19:47:45,841 [WARN] ModelIntegratedComponent:63 - No mode defined for component null
2025-12-06 19:47:45,841 [WARN] ModelIntegratedComponent:63 - No mode defined for component null
2025-12-06 19:47:45,841 [WARN] ModelIntegratedComponent:63 - No mode defined for component null
2025-12-06 19:47:45,841 [WARN] ModelIntegratedComponent:63 - No mode defined for component null
2025-12-06 19:47:45,841 [WARN] ModelIntegratedComponent:63 - No mode defined for component null
2025-12-06 19:47:45,841 [WARN] ModelIntegratedComponent:63 - No mode defined for component null
2025-12-06 19:47:45,841 [WARN] ModelIntegratedComponent:63 - No mode defined for component null
2025-12-06 19:47:45,841 [WARN] ModelIntegratedComponent:63 - No mode defined for component null
2025-12-06 19:47:45,841 [WARN] ModelIntegratedComponent:63 - No mode defined for component null
2025-12-06 19:47:45,841 [WARN] ModelIntegratedComponent:63 - No mode defined for component null
2025-12-06 19:47:45,841 [WARN] ModelIntegratedComponent:63 - No mode defined for component null
2025-12-06 19:47:45,841 [WARN] ModelIntegratedComponent:63 - No mode defined for component null
2025-12-06 19:47:45,841 [WARN] ModelIntegratedComponent:63 - No mode defined for component null
2025-12-06 19:47:45,841 [WARN] ModelIntegratedComponent:63 - No mode defined for component null
2025-12-06 19:47:45,841 [WARN] ModelIntegratedComponent:63 - No mode defined for component null
2025-12-06 19:47:45,841 [WARN] ModelIntegratedComponent:63 - No mode defined for component null
2025-12-06 19:47:45,841 [WARN] ModelIntegratedComponent:63 - No mode defined for component null
2025-12-06 19:47:45,841 [WARN] ModelIntegratedComponent:63 - No mode defined for component null
2025-12-06 19:47:45,841 [WARN] ModelIntegratedComponent:63 - No mode defined for component null
2025-12-06 19:47:45,841 [WARN] ModelIntegratedComponent:63 - No mode defined for component null
2025-12-06 19:47:45,841 [WARN] ModelIntegratedComponent:63 - No mode defined for component null
2025-12-06 19:47:45,962 [INFO] ThirdPartyModel:298 - Start build external matchings
2025-12-06 19:47:46,583 [INFO] ThirdPartyModel:316 - End build external matchings
2025-12-06 19:47:46,594 [INFO] ImportTextPane:194 - (OptionalMessage_ERROR) IP (RCC) : Invalid parameter (48MHZClocksFreq_Value)
2025-12-06 19:47:46,594 [INFO] ImportTextPane:194 - (OptionalMessage_ERROR) IP (RCC) : Invalid parameter (EthernetFreq_Value)
2025-12-06 19:47:46,595 [INFO] ImportTextPane:194 - (OptionalMessage_ERROR) IP (RCC) : Parameter (FLatency) has Id (AdvancedSettings) currently not set
2025-12-06 19:47:46,595 [INFO] ImportTextPane:194 - (OptionalMessage_ERROR) IP (RCC) : Invalid parameter (FamilyName)
2025-12-06 19:47:46,595 [INFO] ImportTextPane:194 - (OptionalMessage_ERROR) IP (RCC) : Invalid parameter (I2SClocksFreq_Value)
2025-12-06 19:47:46,595 [INFO] ImportTextPane:194 - (OptionalMessage_ERROR) IP (RCC) : Parameter (SDIOFreq_Value) has invalid value (168000000)
2025-12-06 19:47:46,595 [INFO] ImportTextPane:194 - (OptionalMessage_ERROR) IP (RCC) : Parameter (USBFreq_Value) has invalid value (168000000)
2025-12-06 19:47:46,595 [INFO] ImportTextPane:194 - (OptionalMessage_ERROR) IP (RCC) : Invalid parameter (VCOInputMFreq_Value)
2025-12-06 19:47:46,595 [INFO] ImportTextPane:194 - (OptionalMessage_ERROR) IP (RCC) : Invalid parameter (VcooutputI2S)
2025-12-06 19:47:46,868 [INFO] UtilMem:75 - End LoadConfig() Used Memory: 929201120 Bytes (1073741824)
2025-12-06 19:47:46,903 [WARN] ThirdParty:833 - waiting for thirdparty lock release [change project]
2025-12-06 19:47:46,903 [INFO] ThirdParty:835 - entering critical section [change project]
2025-12-06 19:47:46,903 [INFO] ThirdParty:1030 - CMSIS Pack Vendor :STMicroelectronics X-CUBE-PM33A1 1.0.0
2025-12-06 19:47:46,903 [INFO] ThirdParty:1030 - CMSIS Pack Vendor :STMicroelectronics USBPD 4.1
2025-12-06 19:47:46,903 [INFO] ThirdParty:1030 - CMSIS Pack Vendor :STMicroelectronics X-CUBE-GNSS1 6.0.0
2025-12-06 19:47:46,903 [INFO] ThirdParty:1030 - CMSIS Pack Vendor :STMicroelectronics USB_HOST 2.0.0
2025-12-06 19:47:46,903 [INFO] ThirdParty:1030 - CMSIS Pack Vendor :STMicroelectronics FP-SNS-MOTENVWB1 1.4.0
2025-12-06 19:47:46,903 [INFO] ThirdParty:1030 - CMSIS Pack Vendor :STMicroelectronics X-CUBE-AZRTOS-F4 1.1.0
2025-12-06 19:47:46,903 [INFO] ThirdParty:1030 - CMSIS Pack Vendor :STMicroelectronics LIBJPEG 8.0.0
2025-12-06 19:47:46,903 [INFO] ThirdParty:1030 - CMSIS Pack Vendor :STMicroelectronics FP-ATR-ASTRA1 2.0.2
2025-12-06 19:47:46,903 [INFO] ThirdParty:1030 - CMSIS Pack Vendor :STMicroelectronics X-CUBE-SMBUS 2.1.0
2025-12-06 19:47:46,903 [INFO] ThirdParty:1030 - CMSIS Pack Vendor :STMicroelectronics X-CUBE-ISPU 2.1.0
2025-12-06 19:47:46,903 [INFO] ThirdParty:1030 - CMSIS Pack Vendor :STMicroelectronics X-CUBE-FREERTOS 1.2.0
2025-12-06 19:47:46,903 [INFO] ThirdParty:1030 - CMSIS Pack Vendor :STMicroelectronics X-CUBE-NFC12 1.0.0
2025-12-06 19:47:46,903 [INFO] ThirdParty:1030 - CMSIS Pack Vendor :STMicroelectronics X-CUBE-TOUCHGFX 4.23.2
2025-12-06 19:47:46,903 [INFO] ThirdParty:1030 - CMSIS Pack Vendor :STMicroelectronics X-CUBE-AZRTOS-F7 1.1.0
2025-12-06 19:47:46,903 [INFO] ThirdParty:1030 - CMSIS Pack Vendor :STMicroelectronics X-CUBE-AZRTOS-L5 2.0.0
2025-12-06 19:47:46,903 [INFO] ThirdParty:1030 - CMSIS Pack Vendor :STMicroelectronics USB_DEVICE 2.0.0
2025-12-06 19:47:46,903 [INFO] ThirdParty:1030 - CMSIS Pack Vendor :STMicroelectronics X-CUBE-NFC6 3.1.0
2025-12-06 19:47:46,903 [INFO] ThirdParty:1030 - CMSIS Pack Vendor :STMicroelectronics FreeRTOS 0.0.1
2025-12-06 19:47:46,903 [INFO] ThirdParty:1030 - CMSIS Pack Vendor :STMicroelectronics X-CUBE-DPower 1.2.0
2025-12-06 19:47:46,903 [INFO] ThirdParty:1030 - CMSIS Pack Vendor :STMicroelectronics FP-SNS-FLIGHT1 5.0.2
2025-12-06 19:47:46,903 [INFO] ThirdParty:1030 - CMSIS Pack Vendor :STMicroelectronics X-CUBE-AI 9.0.0
2025-12-06 19:47:46,903 [INFO] ThirdParty:1030 - CMSIS Pack Vendor :STMicroelectronics PDM2PCM 3.3.0
2025-12-06 19:47:46,903 [INFO] ThirdParty:1030 - CMSIS Pack Vendor :STMicroelectronics X-CUBE-AZRTOS-H7 3.4.0
2025-12-06 19:47:46,903 [INFO] ThirdParty:1030 - CMSIS Pack Vendor :STMicroelectronics X-CUBE-DISPLAY 3.0.0
2025-12-06 19:47:46,903 [INFO] ThirdParty:1030 - CMSIS Pack Vendor :STMicroelectronics X-CUBE-BLE1 7.0.0
2025-12-06 19:47:46,903 [INFO] ThirdParty:1030 - CMSIS Pack Vendor :STMicroelectronics X-CUBE-NFC10 1.0.0
2025-12-06 19:47:46,903 [INFO] ThirdParty:1030 - CMSIS Pack Vendor :STMicroelectronics X-CUBE-BLEMGR 4.0.0
2025-12-06 19:47:46,903 [INFO] ThirdParty:1030 - CMSIS Pack Vendor :STMicroelectronics X-CUBE-FREERTOS 1.3.1
2025-12-06 19:47:46,904 [INFO] ThirdParty:1030 - CMSIS Pack Vendor :STMicroelectronics HAL Drivers 0.0.0
2025-12-06 19:47:46,904 [INFO] ThirdParty:1030 - CMSIS Pack Vendor :emotas I-CUBE-CANOPEN 1.3.0
2025-12-06 19:47:46,904 [INFO] ThirdParty:1030 - CMSIS Pack Vendor :STMicroelectronics X-CUBE-NFC7 1.0.1
2025-12-06 19:47:46,904 [INFO] ThirdParty:1030 - CMSIS Pack Vendor :STMicroelectronics MBEDTLS 2.14.1
2025-12-06 19:47:46,904 [INFO] ThirdParty:1030 - CMSIS Pack Vendor :STMicroelectronics X-CUBE-GNSS1 7.1.0
2025-12-06 19:47:46,904 [INFO] ThirdParty:1030 - CMSIS Pack Vendor :wolfSSL I-CUBE-wolfTPM 3.2.0
2025-12-06 19:47:46,904 [INFO] ThirdParty:1030 - CMSIS Pack Vendor :STMicroelectronics X-CUBE-TOUCHGFX 4.26.0
2025-12-06 19:47:46,904 [INFO] ThirdParty:1030 - CMSIS Pack Vendor :quantropi X-CUBE-qispace-sdk-base 2.0.0
2025-12-06 19:47:46,904 [INFO] ThirdParty:1030 - CMSIS Pack Vendor :STMicroelectronics X-CUBE-BLEMGR 3.1.0
2025-12-06 19:47:46,904 [INFO] ThirdParty:1030 - CMSIS Pack Vendor :STMicroelectronics X-CUBE-AI 10.0.0
2025-12-06 19:47:46,904 [INFO] ThirdParty:1030 - CMSIS Pack Vendor :STMicroelectronics FP-SNS-SMARTAG2 1.2.0
2025-12-06 19:47:46,904 [INFO] ThirdParty:1030 - CMSIS Pack Vendor :STMicroelectronics X-CUBE-AZRTOS-WL 2.0.0
2025-12-06 19:47:46,904 [INFO] ThirdParty:1030 - CMSIS Pack Vendor :STMicroelectronics X-CUBE-DPower 1.3.0
2025-12-06 19:47:46,904 [INFO] ThirdParty:1030 - CMSIS Pack Vendor :STMicroelectronics FP-SNS-MOTENV1 5.0.0
2025-12-06 19:47:46,904 [INFO] ThirdParty:1030 - CMSIS Pack Vendor :STMicroelectronics USB_DEVICE 1.0.0
2025-12-06 19:47:46,904 [INFO] ThirdParty:1030 - CMSIS Pack Vendor :STMicroelectronics X-CUBE-AZRTOS-H7RS 1.2.0
2025-12-06 19:47:46,904 [INFO] ThirdParty:1030 - CMSIS Pack Vendor :wolfSSL I-CUBE-wolfMQTT 1.19.0
2025-12-06 19:47:46,904 [INFO] ThirdParty:1030 - CMSIS Pack Vendor :STMicroelectronics X-CUBE-AZRTOS-L4 2.0.0
2025-12-06 19:47:46,904 [INFO] ThirdParty:1030 - CMSIS Pack Vendor :STMicroelectronics ThreadX 0.0.2
2025-12-06 19:47:46,904 [INFO] ThirdParty:1030 - CMSIS Pack Vendor :WES I-CUBE-Cesium 1.3.0
2025-12-06 19:47:46,904 [INFO] ThirdParty:1030 - CMSIS Pack Vendor :STMicroelectronics lwIP 2.1.2
2025-12-06 19:47:46,904 [INFO] ThirdParty:1030 - CMSIS Pack Vendor :STMicroelectronics X-CUBE-SFXS2LP1 4.0.0
2025-12-06 19:47:46,904 [INFO] ThirdParty:1030 - CMSIS Pack Vendor :STMicroelectronics X-CUBE-BLE2 3.3.0
2025-12-06 19:47:46,904 [INFO] ThirdParty:1030 - CMSIS Pack Vendor :STMicroelectronics PDM2PCM 3.2.0
2025-12-06 19:47:46,904 [INFO] ThirdParty:1030 - CMSIS Pack Vendor :STMicroelectronics X-CUBE-AZRTOS-H7 3.3.0
2025-12-06 19:47:46,904 [INFO] ThirdParty:1030 - CMSIS Pack Vendor :STMicroelectronics X-CUBE-NFC9 1.0.0
2025-12-06 19:47:46,904 [INFO] ThirdParty:1030 - CMSIS Pack Vendor :STMicroelectronics X-CUBE-BLE1 7.1.0
2025-12-06 19:47:46,904 [INFO] ThirdParty:1030 - CMSIS Pack Vendor :STMicroelectronics USB_DEVICE 3.0.0
2025-12-06 19:47:46,904 [INFO] ThirdParty:1030 - CMSIS Pack Vendor :STMicroelectronics X-CUBE-TCPP 4.1.0
2025-12-06 19:47:46,904 [INFO] ThirdParty:1030 - CMSIS Pack Vendor :STMicroelectronics X-CUBE-EEPRMA1 5.2.0
2025-12-06 19:47:46,904 [INFO] ThirdParty:1030 - CMSIS Pack Vendor :STMicroelectronics X-CUBE-AZRTOS-WB 2.0.0
2025-12-06 19:47:46,904 [INFO] ThirdParty:1030 - CMSIS Pack Vendor :STMicroelectronics X-CUBE-GNSS1 7.0.1
2025-12-06 19:47:46,904 [INFO] ThirdParty:1030 - CMSIS Pack Vendor :STMicroelectronics X-CUBE-TOUCHGFX 4.25.0
2025-12-06 19:47:46,904 [INFO] ThirdParty:1030 - CMSIS Pack Vendor :STMicroelectronics X-CUBE-AI 10.1.0
2025-12-06 19:47:46,904 [INFO] ThirdParty:1030 - CMSIS Pack Vendor :STMicroelectronics FP-SNS-STBOX1 2.0.0
2025-12-06 19:47:46,905 [INFO] ThirdParty:1030 - CMSIS Pack Vendor :STMicroelectronics X-CUBE-MEMS1 12.0.0
2025-12-06 19:47:46,905 [INFO] ThirdParty:1030 - CMSIS Pack Vendor :STMicroelectronics X-CUBE-ALGOBUILD 1.3.0
2025-12-06 19:47:46,905 [INFO] ThirdParty:1030 - CMSIS Pack Vendor :STMicroelectronics X-CUBE-MEMS1 11.2.0
2025-12-06 19:47:46,905 [INFO] ThirdParty:1030 - CMSIS Pack Vendor :STMicroelectronics X-CUBE-AZRTOS-G0 1.1.0
2025-12-06 19:47:46,905 [INFO] ThirdParty:1030 - CMSIS Pack Vendor :STMicroelectronics X-CUBE-SAFEA1 1.2.2
2025-12-06 19:47:46,905 [INFO] ThirdParty:1030 - CMSIS Pack Vendor :STMicroelectronics X-CUBE-NFC4 3.0.0
2025-12-06 19:47:46,905 [INFO] ThirdParty:1030 - CMSIS Pack Vendor :STMicroelectronics X-CUBE-SUBG2 5.0.0
2025-12-06 19:47:46,905 [INFO] ThirdParty:1030 - CMSIS Pack Vendor :STMicroelectronics X-CUBE-AZRTOS-H7RS 1.1.0
2025-12-06 19:47:46,905 [INFO] ThirdParty:1030 - CMSIS Pack Vendor :STMicroelectronics STM32_WPAN 1.0.0
2025-12-06 19:47:46,905 [INFO] ThirdParty:1030 - CMSIS Pack Vendor :EmbeddedOffice I-CUBE-FS-RTOS 1.0.1
2025-12-06 19:47:46,905 [INFO] ThirdParty:1030 - CMSIS Pack Vendor :STMicroelectronics lwIP 2.0.3
2025-12-06 19:47:46,905 [INFO] ThirdParty:1030 - CMSIS Pack Vendor :Cesanta I-CUBE-Mongoose 7.13.0
2025-12-06 19:47:46,905 [INFO] ThirdParty:1030 - CMSIS Pack Vendor :STMicroelectronics USB_HOST 1.0.0
2025-12-06 19:47:46,905 [INFO] ThirdParty:1030 - CMSIS Pack Vendor :STMicroelectronics X-CUBE-AZRTOS-G4 2.0.0
2025-12-06 19:47:46,905 [INFO] ThirdParty:1030 - CMSIS Pack Vendor :STMicroelectronics X-CUBE-WB05N 2.0.0
2025-12-06 19:47:46,905 [INFO] ThirdParty:1030 - CMSIS Pack Vendor :STMicroelectronics PDM2PCM 3.1.0
2025-12-06 19:47:46,905 [INFO] ThirdParty:1030 - CMSIS Pack Vendor :STMicroelectronics X-CUBE-NFC7 2.0.0
2025-12-06 19:47:46,905 [INFO] ThirdParty:1030 - CMSIS Pack Vendor :RealThread X-CUBE-RT-Thread_Nano 4.1.1
2025-12-06 19:47:46,905 [INFO] ThirdParty:1030 - CMSIS Pack Vendor :wolfSSL I-CUBE-wolfSSL 5.7.0
2025-12-06 19:47:46,905 [INFO] ThirdParty:1030 - CMSIS Pack Vendor :STMicroelectronics FP-ATR-SIGFOX1 3.2.0
2025-12-06 19:47:46,905 [INFO] ThirdParty:1030 - CMSIS Pack Vendor :STMicroelectronics X-CUBE-ISPU 2.0.0
2025-12-06 19:47:46,905 [INFO] ThirdParty:1030 - CMSIS Pack Vendor :STMicroelectronics X-CUBE-EEPRMA1 5.1.0
2025-12-06 19:47:46,905 [INFO] ThirdParty:1030 - CMSIS Pack Vendor :STMicroelectronics MBEDTLS 2.16.2
2025-12-06 19:47:46,905 [INFO] ThirdParty:1030 - CMSIS Pack Vendor :STMicroelectronics X-CUBE-ALS 1.0.2
2025-12-06 19:47:46,905 [INFO] ThirdParty:1030 - CMSIS Pack Vendor :STMicroelectronics X-CUBE-MEMS1 10.0.0
2025-12-06 19:47:46,905 [INFO] ThirdParty:1030 - CMSIS Pack Vendor :STMicroelectronics X-CUBE-FREERTOS 1.1.0
2025-12-06 19:47:46,905 [INFO] ThirdParty:1030 - CMSIS Pack Vendor :STMicroelectronics X-CUBE-TOUCHGFX 4.24.0
2025-12-06 19:47:46,905 [INFO] ThirdParty:1030 - CMSIS Pack Vendor :ITTIA_DB I-CUBE-ITTIADB 8.9.0
2025-12-06 19:47:46,905 [INFO] ThirdParty:1030 - CMSIS Pack Vendor :STMicroelectronics X-CUBE-STSE01 1.0.0
2025-12-06 19:47:46,905 [INFO] ThirdParty:1030 - CMSIS Pack Vendor :portGmbH I-Cube-SoM-uGOAL 1.1.0
2025-12-06 19:47:46,905 [INFO] ThirdParty:1030 - CMSIS Pack Vendor :STMicroelectronics X-CUBE-ALS 1.0.1
2025-12-06 19:47:46,905 [INFO] ThirdParty:1030 - CMSIS Pack Vendor :STMicroelectronics X-CUBE-AI 10.2.0
2025-12-06 19:47:46,905 [INFO] ThirdParty:1030 - CMSIS Pack Vendor :STMicroelectronics ThreadX 1.0.0
2025-12-06 19:47:46,905 [INFO] ThirdParty:1030 - CMSIS Pack Vendor :SEGGER I-CUBE-embOS 1.3.1
2025-12-06 19:47:46,905 [INFO] ThirdParty:1030 - CMSIS Pack Vendor :STMicroelectronics X-CUBE-ALGOBUILD 1.4.0
2025-12-06 19:47:46,905 [INFO] ThirdParty:1030 - CMSIS Pack Vendor :STMicroelectronics X-CUBE-MEMS1 11.3.0
2025-12-06 19:47:46,905 [INFO] ThirdParty:1030 - CMSIS Pack Vendor :STMicroelectronics X-CUBE-AZRTOS-H7RS 1.0.0
2025-12-06 19:47:46,905 [INFO] ThirdParty:1030 - CMSIS Pack Vendor :STMicroelectronics FP-ATR-ASTRA1 2.0.0
2025-12-06 19:47:46,905 [INFO] ThirdParty:1030 - CMSIS Pack Vendor :STMicroelectronics X-CUBE-TOF1 3.4.2
2025-12-06 19:47:46,905 [INFO] ThirdParty:1030 - CMSIS Pack Vendor :STMicroelectronics X-CUBE-TOF1 3.4.1
2025-12-06 19:47:46,905 [INFO] ThirdParty:1030 - CMSIS Pack Vendor :STMicroelectronics X-CUBE-AZRTOS-H7 3.2.0
2025-12-06 19:47:46,905 [INFO] ThirdParty:1030 - CMSIS Pack Vendor :Infineon AIROC-Wi-Fi-Bluetooth-STM32 1.6.0
2025-12-06 19:47:46,905 [INFO] ThirdParty:1030 - CMSIS Pack Vendor :wolfSSL I-CUBE-wolfSSH 1.4.17
2025-12-06 19:47:46,905 [INFO] ThirdParty:841 - exiting critical section [change project]
2025-12-06 19:47:47,003 [INFO] PinOutPanel:1561 - setPackage(No Configuration,No Configuration)
2025-12-06 19:47:47,003 [INFO] PinOutPanel:1561 - setPackage(STM32F446RETx,LQFP64)
2025-12-06 19:47:47,144 [INFO] UtilMem:75 - Before build in PCC Used Memory: 845457360 Bytes (1073741824)
2025-12-06 19:47:47,320 [INFO] UtilMem:75 - After build in PCC Used Memory: 893691856 Bytes (1073741824)
2025-12-06 19:47:47,338 [INFO] IPUIPlugin:80 - create IPUIPlugin
2025-12-06 19:47:47,338 [INFO] IPUIPlugin:80 - create IPUIPlugin
2025-12-06 19:47:47,338 [INFO] IPUIPlugin:80 - create IPUIPlugin
2025-12-06 19:47:47,338 [INFO] IPUIPlugin:80 - create IPUIPlugin
2025-12-06 19:47:47,338 [INFO] IPUIPlugin:80 - create IPUIPlugin
2025-12-06 19:47:47,338 [INFO] IPUIPlugin:80 - create IPUIPlugin
2025-12-06 19:47:47,338 [INFO] IPUIPlugin:80 - create IPUIPlugin
2025-12-06 19:47:47,338 [INFO] IPUIPlugin:80 - create IPUIPlugin
2025-12-06 19:47:47,339 [INFO] IPUIPlugin:80 - create IPUIPlugin
2025-12-06 19:47:47,339 [INFO] IPUIPlugin:80 - create IPUIPlugin
2025-12-06 19:47:47,339 [INFO] IPUIPlugin:80 - create IPUIPlugin
2025-12-06 19:47:47,339 [INFO] IPUIPlugin:80 - create IPUIPlugin
2025-12-06 19:47:47,339 [INFO] IPUIPlugin:80 - create IPUIPlugin
2025-12-06 19:47:47,339 [INFO] IPUIPlugin:80 - create IPUIPlugin
2025-12-06 19:47:47,339 [INFO] IPUIPlugin:80 - create IPUIPlugin
2025-12-06 19:47:47,339 [INFO] IPUIPlugin:80 - create IPUIPlugin
2025-12-06 19:47:47,339 [INFO] IPUIPlugin:80 - create IPUIPlugin
2025-12-06 19:47:47,339 [INFO] IPUIPlugin:80 - create IPUIPlugin
2025-12-06 19:47:47,339 [INFO] IPUIPlugin:80 - create IPUIPlugin
2025-12-06 19:47:47,339 [INFO] IPUIPlugin:80 - create IPUIPlugin
2025-12-06 19:47:47,339 [INFO] IPUIPlugin:80 - create IPUIPlugin
2025-12-06 19:47:47,339 [INFO] IPUIPlugin:80 - create IPUIPlugin
2025-12-06 19:47:47,339 [INFO] IPUIPlugin:80 - create IPUIPlugin
2025-12-06 19:47:47,339 [INFO] IPUIPlugin:80 - create IPUIPlugin
2025-12-06 19:47:47,339 [INFO] IPUIPlugin:80 - create IPUIPlugin
2025-12-06 19:47:47,339 [INFO] IPUIPlugin:80 - create IPUIPlugin
2025-12-06 19:47:47,340 [INFO] IPUIPlugin:80 - create IPUIPlugin
2025-12-06 19:47:47,340 [INFO] IPUIPlugin:80 - create IPUIPlugin
2025-12-06 19:47:47,340 [INFO] IPUIPlugin:80 - create IPUIPlugin
2025-12-06 19:47:47,340 [INFO] IPUIPlugin:80 - create IPUIPlugin
2025-12-06 19:47:47,340 [INFO] IPUIPlugin:80 - create IPUIPlugin
2025-12-06 19:47:47,340 [INFO] IPUIPlugin:80 - create IPUIPlugin
2025-12-06 19:47:47,340 [INFO] IPUIPlugin:80 - create IPUIPlugin
2025-12-06 19:47:47,340 [INFO] IPUIPlugin:80 - create IPUIPlugin
2025-12-06 19:47:47,340 [INFO] IPUIPlugin:80 - create IPUIPlugin
2025-12-06 19:47:47,341 [INFO] IPUIPlugin:80 - create IPUIPlugin
2025-12-06 19:47:47,341 [INFO] IPUIPlugin:80 - create IPUIPlugin
2025-12-06 19:47:47,341 [INFO] IPUIPlugin:80 - create IPUIPlugin
2025-12-06 19:47:47,341 [INFO] IPUIPlugin:80 - create IPUIPlugin
2025-12-06 19:47:47,342 [INFO] IPUIPlugin:80 - create IPUIPlugin
2025-12-06 19:47:47,342 [INFO] IPUIPlugin:80 - create IPUIPlugin
2025-12-06 19:47:47,342 [INFO] IPUIPlugin:80 - create IPUIPlugin
2025-12-06 19:47:47,342 [INFO] IPUIPlugin:80 - create IPUIPlugin
2025-12-06 19:47:47,343 [INFO] IPUIPlugin:80 - create IPUIPlugin
2025-12-06 19:47:47,343 [INFO] IPUIPlugin:80 - create IPUIPlugin
2025-12-06 19:47:47,343 [INFO] IPUIPlugin:80 - create IPUIPlugin
2025-12-06 19:47:47,343 [INFO] IPUIPlugin:80 - create IPUIPlugin
2025-12-06 19:47:47,344 [INFO] IPUIPlugin:80 - create IPUIPlugin
2025-12-06 19:47:47,344 [INFO] IPUIPlugin:80 - create IPUIPlugin
2025-12-06 19:47:47,344 [INFO] IPUIPlugin:80 - create IPUIPlugin
2025-12-06 19:47:47,344 [INFO] IPUIPlugin:80 - create IPUIPlugin
2025-12-06 19:47:47,345 [INFO] IPUIPlugin:80 - create IPUIPlugin
2025-12-06 19:47:47,345 [INFO] IPUIPlugin:80 - create IPUIPlugin
2025-12-06 19:47:47,345 [INFO] IPUIPlugin:80 - create IPUIPlugin
2025-12-06 19:47:47,346 [INFO] IPUIPlugin:80 - create IPUIPlugin
2025-12-06 19:47:47,346 [INFO] IPUIPlugin:80 - create IPUIPlugin
2025-12-06 19:47:47,346 [INFO] IPUIPlugin:80 - create IPUIPlugin
2025-12-06 19:47:47,347 [INFO] IPUIPlugin:80 - create IPUIPlugin
2025-12-06 19:47:47,347 [INFO] IPUIPlugin:80 - create IPUIPlugin
2025-12-06 19:47:47,347 [INFO] IPUIPlugin:80 - create IPUIPlugin
2025-12-06 19:47:47,355 [INFO] ApiDbMcu:508 - Load IP Config File for PDM2PCM
2025-12-06 19:47:47,419 [INFO] CADModel:165 - CPN selected for project levelSTM32F446RET6
2025-12-06 19:47:47,419 [INFO] CADModel:114 - Register for checkConnection events
2025-12-06 19:47:47,475 [INFO] OpenFileManager:343 - Restore cursor
2025-12-06 19:47:47,830 [INFO] UtilMem:75 - End SaveConfig() Used Memory: 931638640 Bytes (1073741824)
2025-12-06 19:47:47,885 [INFO] UtilMem:75 - End SaveConfig() Used Memory: 833094184 Bytes (1073741824)
2025-12-06 19:47:47,945 [INFO] BlockDiagram:2759 - set Specific Code input for plugin: SYS
2025-12-06 19:47:47,945 [INFO] BlockDiagram:2759 - set Specific Code input for plugin: RCC
2025-12-06 19:47:47,945 [INFO] BlockDiagram:2759 - set Specific Code input for plugin: NVIC
2025-12-06 19:47:47,945 [INFO] BlockDiagram:2759 - set Specific Code input for plugin: USART
2025-12-06 19:47:47,945 [INFO] BlockDiagram:2759 - set Specific Code input for plugin: GPIO
2025-12-06 19:47:47,945 [INFO] CodeGenerator:807 - code generatio: config db path: C:\ST\STM32CubeIDE_1.15.0\STM32CubeIDE\plugins\com.st.stm32cube.common.mx_6.11.0.202403141607\\db\
2025-12-06 19:47:48,004 [INFO] CodeEngine:255 - oldGeneratedFile, D:\WorkSpace\Instrument_Cluster_V0\MXTmpFiles\license.tmp_save
2025-12-06 19:47:48,113 [INFO] CodeEngine:279 - Generated code: D:\WorkSpace\Instrument_Cluster_V0\MXTmpFiles\license.tmp
2025-12-06 19:47:48,139 [INFO] CodeEngine:255 - oldGeneratedFile, D:\WorkSpace\Instrument_Cluster_V0\MXTmpFiles\gpio.tmp_save
2025-12-06 19:47:48,252 [INFO] CodeEngine:279 - Generated code: D:\WorkSpace\Instrument_Cluster_V0\MXTmpFiles\gpio.tmp
2025-12-06 19:47:48,334 [INFO] CodeEngine:255 - oldGeneratedFile, D:\WorkSpace\Instrument_Cluster_V0\Core\Src\stm32f4xx_it.c_save
2025-12-06 19:47:48,524 [INFO] CodeEngine:279 - Generated code: D:\WorkSpace\Instrument_Cluster_V0\Core\Src\stm32f4xx_it.c
2025-12-06 19:47:48,527 [INFO] CodeEngine:255 - oldGeneratedFile, D:\WorkSpace\Instrument_Cluster_V0\Core\Inc\stm32f4xx_it.h_save
2025-12-06 19:47:48,588 [INFO] CodeEngine:279 - Generated code: D:\WorkSpace\Instrument_Cluster_V0\Core\Inc\stm32f4xx_it.h
2025-12-06 19:47:48,596 [INFO] CodeEngine:255 - oldGeneratedFile, D:\WorkSpace\Instrument_Cluster_V0\Core\Src\stm32f4xx_hal_msp.c_save
2025-12-06 19:47:48,696 [INFO] CodeEngine:279 - Generated code: D:\WorkSpace\Instrument_Cluster_V0\Core\Src\stm32f4xx_hal_msp.c
2025-12-06 19:47:48,699 [INFO] CodeEngine:255 - oldGeneratedFile, D:\WorkSpace\Instrument_Cluster_V0\MXTmpFiles\system.tmp_save
2025-12-06 19:47:48,750 [INFO] CodeEngine:279 - Generated code: D:\WorkSpace\Instrument_Cluster_V0\MXTmpFiles\system.tmp
2025-12-06 19:47:48,756 [INFO] CodeEngine:311 - oldGeneratedFile, D:\WorkSpace\Instrument_Cluster_V0\Core\Inc\stm32f4xx_hal_conf.h_save
2025-12-06 19:47:48,840 [INFO] CodeEngine:335 - Generated code: D:\WorkSpace\Instrument_Cluster_V0\Core\Inc\stm32f4xx_hal_conf.h
2025-12-06 19:47:48,868 [WARN] IPConfigManager:2982 - Warning: the RefConfig PLL2P_FOR_MCO is not available in your config.xml file
2025-12-06 19:47:48,875 [INFO] CodeEngine:255 - oldGeneratedFile, D:\WorkSpace\Instrument_Cluster_V0\Core\Inc\main.h_save
2025-12-06 19:47:48,960 [INFO] CodeEngine:279 - Generated code: D:\WorkSpace\Instrument_Cluster_V0\Core\Inc\main.h
2025-12-06 19:47:48,963 [INFO] CodeEngine:255 - oldGeneratedFile, D:\WorkSpace\Instrument_Cluster_V0\Core\Src\main.c_save
2025-12-06 19:47:49,078 [INFO] CodeEngine:279 - Generated code: D:\WorkSpace\Instrument_Cluster_V0\Core\Src\main.c
2025-12-06 19:47:49,323 [INFO] ProjectBuilder:3163 - Time for Copy HAL[1] : 144mS.
2025-12-06 19:47:49,327 [INFO] ProjectBuilder:4736 - Project Generator version: 4.3.0-B58
2025-12-06 19:47:49,408 [INFO] ConfigFileManager:1503 - The Die is : DIE421
2025-12-06 19:47:49,410 [INFO] ApiDbMcu:508 - Load IP Config File for FATFS
2025-12-06 19:47:49,412 [INFO] ApiDbMcu:508 - Load IP Config File for FREERTOS
2025-12-06 19:47:49,414 [INFO] ApiDbMcu:508 - Load IP Config File for LIBJPEG
2025-12-06 19:47:49,417 [INFO] ApiDbMcu:508 - Load IP Config File for MBEDTLS
2025-12-06 19:47:49,423 [INFO] ApiDbMcu:508 - Load IP Config File for USB_DEVICE
2025-12-06 19:47:49,427 [INFO] ApiDbMcu:508 - Load IP Config File for USB_HOST
2025-12-06 19:47:51,395 [INFO] ProjectBuilder:5002 - Time for Generating toolchain IDE Files: 2068mS.
2025-12-06 19:47:51,395 [INFO] ProjectBuilder:3034 - Time for Copy CMSIS : 0mS.
2025-12-06 19:47:51,396 [INFO] ProjectBuilder:3034 - Time for Copy CMSIS : 0mS.
2025-12-06 19:47:51,795 [INFO] McuFinderGlobals:76 - Set McuFinderConnectedMode to true
2025-12-06 19:47:51,799 [INFO] ApiDb:448 - Save user favorites file C:\Users\Aditya/.stm32cubeide/favorites.mcus.txt: 0 item(s)
2025-12-06 19:47:51,799 [INFO] ApiDb:452 - User favorites MCUs=[]
2025-12-06 19:47:51,801 [INFO] ApiDb:448 - Save user favorites file C:\Users\Aditya/.stm32cubeide/favorites.boards.txt: 0 item(s)
2025-12-06 19:47:51,801 [INFO] ApiDb:452 - User favorites Boards=[]
2025-12-06 19:47:56,503 [INFO] NvicIntPanel:101 - NVIC parent = com.st.microxplorer.plugins.ip.nvic.MultiNvicIntPanel[,0,0,0x0,invalid,layout=javax.swing.BoxLayout,alignmentX=0.0,alignmentY=0.0,border=,flags=9,maximumSize=,minimumSize=,preferredSize=]
2025-12-06 19:47:58,443 [INFO] NvicIntPanel:101 - NVIC parent = com.st.microxplorer.plugins.ip.nvic.MultiNvicIntPanel[,0,0,0x0,invalid,layout=javax.swing.BoxLayout,alignmentX=0.0,alignmentY=0.0,border=,flags=9,maximumSize=,minimumSize=,preferredSize=]
2025-12-06 19:48:18,936 [INFO] Can:71 - Can Add PropertyChangeListener com.st.microxplorer.plugins.ip.can.Can@49221337
2025-12-06 19:49:15,833 [INFO] NvicIntPanel:101 - NVIC parent = com.st.microxplorer.plugins.ip.nvic.MultiNvicIntPanel[,0,0,0x0,invalid,layout=javax.swing.BoxLayout,alignmentX=0.0,alignmentY=0.0,border=,flags=9,maximumSize=,minimumSize=,preferredSize=]
2025-12-06 19:49:15,879 [INFO] NvicIntPanel:101 - NVIC parent = com.st.microxplorer.plugins.ip.nvic.MultiNvicIntPanel[,0,0,0x0,invalid,layout=javax.swing.BoxLayout,alignmentX=0.0,alignmentY=0.0,border=,flags=9,maximumSize=,minimumSize=,preferredSize=]
2025-12-06 19:49:29,350 [INFO] NvicIntPanel:101 - NVIC parent = com.st.microxplorer.plugins.ip.nvic.MultiNvicIntPanel[,0,0,0x0,invalid,layout=javax.swing.BoxLayout,alignmentX=0.0,alignmentY=0.0,border=,flags=9,maximumSize=,minimumSize=,preferredSize=]
2025-12-06 19:49:29,409 [INFO] NvicIntPanel:101 - NVIC parent = com.st.microxplorer.plugins.ip.nvic.MultiNvicIntPanel[,0,0,0x0,invalid,layout=javax.swing.BoxLayout,alignmentX=0.0,alignmentY=0.0,border=,flags=9,maximumSize=,minimumSize=,preferredSize=]
2025-12-06 19:49:31,856 [INFO] NvicIntPanel:101 - NVIC parent = com.st.microxplorer.plugins.ip.nvic.MultiNvicIntPanel[,0,0,0x0,invalid,layout=javax.swing.BoxLayout,alignmentX=0.0,alignmentY=0.0,border=,flags=9,maximumSize=,minimumSize=,preferredSize=]
2025-12-06 19:49:31,899 [INFO] NvicIntPanel:101 - NVIC parent = com.st.microxplorer.plugins.ip.nvic.MultiNvicIntPanel[,0,0,0x0,invalid,layout=javax.swing.BoxLayout,alignmentX=0.0,alignmentY=0.0,border=,flags=9,maximumSize=,minimumSize=,preferredSize=]
2025-12-06 19:49:42,485 [INFO] UtilMem:75 - End SaveConfig() Used Memory: 947909288 Bytes (1073741824)
2025-12-06 19:49:46,864 [INFO] MainUpdater:2873 - connection check result : 10
2025-12-06 19:49:46,864 [INFO] MainUpdater:2873 - connection check result : 10
2025-12-06 19:49:46,873 [INFO] MicroXplorer:468 - Change Database Path : 
2025-12-06 19:49:46,873 [INFO] MicroXplorer:498 - Change Database Version : DB.6.0.110
2025-12-06 19:49:46,876 [ERROR] ProjectManagerView:394 - 
java.lang.NullPointerException: Cannot invoke "javax.swing.JTextField.getText()" because the return value of "java.util.List.get(int)" is null
	at com.st.microxplorer.plugins.projectmanager.gui.ProjectChoiceTab$10.caretUpdate(ProjectChoiceTab.java:2504) ~[filemanager.jar:?]
	at javax.swing.text.JTextComponent.fireCaretUpdate(JTextComponent.java:412) ~[?:?]
	at javax.swing.text.JTextComponent$MutableCaretEvent.fire(JTextComponent.java:4491) ~[?:?]
	at javax.swing.text.JTextComponent$MutableCaretEvent.stateChanged(JTextComponent.java:4513) ~[?:?]
	at javax.swing.text.DefaultCaret.fireStateChanged(DefaultCaret.java:842) ~[?:?]
	at javax.swing.text.DefaultCaret.changeCaretPosition(DefaultCaret.java:1313) ~[?:?]
	at javax.swing.text.DefaultCaret.handleSetDot(DefaultCaret.java:1212) ~[?:?]
	at javax.swing.text.DefaultCaret.setDot(DefaultCaret.java:1193) ~[?:?]
	at javax.swing.text.DefaultCaret$Handler.insertUpdate(DefaultCaret.java:1789) ~[?:?]
	at javax.swing.text.AbstractDocument.fireInsertUpdate(AbstractDocument.java:226) ~[?:?]
	at javax.swing.text.AbstractDocument.handleInsertString(AbstractDocument.java:780) ~[?:?]
	at javax.swing.text.AbstractDocument.insertString(AbstractDocument.java:739) ~[?:?]
	at javax.swing.text.PlainDocument.insertString(PlainDocument.java:131) ~[?:?]
	at javax.swing.text.AbstractDocument.replace(AbstractDocument.java:698) ~[?:?]
	at javax.swing.text.JTextComponent.setText(JTextComponent.java:1729) ~[?:?]
	at com.st.microxplorer.plugins.projectmanager.gui.ProjectChoiceTab.createHeapStackFields(ProjectChoiceTab.java:944) ~[filemanager.jar:?]
	at com.st.microxplorer.plugins.projectmanager.gui.ProjectChoiceTab.buildLinkSettingsPanel(ProjectChoiceTab.java:3475) ~[filemanager.jar:?]
	at com.st.microxplorer.plugins.projectmanager.gui.ProjectChoiceTab.defineWindowsFields(ProjectChoiceTab.java:1816) ~[filemanager.jar:?]
	at com.st.microxplorer.plugins.projectmanager.gui.ProjectChoiceTab.updateSettings(ProjectChoiceTab.java:544) ~[filemanager.jar:?]
	at com.st.microxplorer.plugins.projectmanager.gui.ProjectSettingsPanel.UpdateDialog(ProjectSettingsPanel.java:245) ~[filemanager.jar:?]
	at com.st.microxplorer.plugins.projectmanager.ProjectManagerView.propertyChange(ProjectManagerView.java:391) ~[filemanager.jar:?]
	at java.beans.PropertyChangeSupport.fire(PropertyChangeSupport.java:343) ~[?:?]
	at java.beans.PropertyChangeSupport.firePropertyChange(PropertyChangeSupport.java:335) ~[?:?]
	at java.beans.PropertyChangeSupport.firePropertyChange(PropertyChangeSupport.java:268) ~[?:?]
	at com.st.microxplorer.util.MXPropertyChangeSupport.firePropertyChange(MXPropertyChangeSupport.java:54) ~[STM32CubeMX.jar:?]
	at com.st.microxplorer.mxsystem.MxSystem.closeConfig(MxSystem.java:900) ~[STM32CubeMX.jar:?]
	at com.st.microxplorer.maingui.MainPanel.closeConfig(MainPanel.java:776) ~[STM32CubeMX.jar:?]
	at com.st.microxplorer.plugins.filemanager.engine.OpenFileManager.loadConfigurationFile(OpenFileManager.java:245) ~[filemanager.jar:?]
	at com.st.microxplorer.plugins.filemanager.engine.MainFileManager.userLoadConfig(MainFileManager.java:315) ~[filemanager.jar:?]
	at com.st.microxplorer.plugins.filemanager.engine.MainFileManager.userLoadConfig(MainFileManager.java:293) ~[filemanager.jar:?]
	at com.st.microxplorer.plugins.filemanager.FileManagerView.getSpecificTask(FileManagerView.java:247) ~[filemanager.jar:?]
	at com.st.stm32cube.common.mx.editor.CubeMxEditor.getMxTabbedPaneInstance(CubeMxEditor.java:1198) ~[com.st.stm32cube.common.mx_6.11.0.202403141607/:?]
	at com.st.stm32cube.common.mx.editor.CubeMxEditor$12$1.createSwingComponent(CubeMxEditor.java:1068) ~[com.st.stm32cube.common.mx_6.11.0.202403141607/:?]
	at com.st.stm32cube.common.mx.oss.core.awtswtbridge.EmbeddedSwingComposite.doComponentCreation(EmbeddedSwingComposite.java:492) ~[com.st.stm32cube.common.mx.oss_6.11.0.202403141607/:?]
	at com.st.stm32cube.common.mx.oss.core.awtswtbridge.EmbeddedSwingComposite$4.run(EmbeddedSwingComposite.java:291) ~[com.st.stm32cube.common.mx.oss_6.11.0.202403141607/:?]
	at com.st.stm32cube.common.mx.oss.core.awtswtbridge.AwtEnvironment$2.run(AwtEnvironment.java:166) ~[com.st.stm32cube.common.mx.oss_6.11.0.202403141607/:?]
	at java.awt.event.InvocationEvent.dispatch(InvocationEvent.java:318) ~[?:?]
	at java.awt.EventQueue.dispatchEventImpl(EventQueue.java:773) ~[?:?]
	at java.awt.EventQueue$4.run(EventQueue.java:720) ~[?:?]
	at java.awt.EventQueue$4.run(EventQueue.java:714) ~[?:?]
	at java.security.AccessController.doPrivileged(AccessController.java:399) ~[?:?]
	at java.security.ProtectionDomain$JavaSecurityAccessImpl.doIntersectionPrivilege(ProtectionDomain.java:86) ~[?:?]
	at java.awt.EventQueue.dispatchEvent(EventQueue.java:742) ~[?:?]
	at java.awt.EventDispatchThread.pumpOneEventForFilters(EventDispatchThread.java:203) ~[?:?]
	at java.awt.EventDispatchThread.pumpEventsForFilter(EventDispatchThread.java:124) ~[?:?]
	at java.awt.EventDispatchThread.pumpEventsForHierarchy(EventDispatchThread.java:113) ~[?:?]
	at java.awt.EventDispatchThread.pumpEvents(EventDispatchThread.java:109) ~[?:?]
	at java.awt.EventDispatchThread.pumpEvents(EventDispatchThread.java:101) ~[?:?]
	at java.awt.EventDispatchThread.run(EventDispatchThread.java:90) ~[?:?]
2025-12-06 19:49:46,877 [WARN] ThirdParty:871 - waiting for thirdparty lock release [close project]
2025-12-06 19:49:46,877 [INFO] ThirdParty:873 - entering critical section [close project]
2025-12-06 19:49:46,877 [INFO] ThirdParty:883 - exiting critical section [close project]
2025-12-06 19:49:46,878 [INFO] PinOutPanel:1561 - setPackage(No Configuration,No Configuration)
2025-12-06 19:49:46,880 [WARN] IpParametersView:151 - Warning: This peripheral hasn't parameters
2025-12-06 19:49:46,882 [WARN] MainPanel:272 - <html><b><center>Warning: This peripheral has no parameters to be configured<br></b></html>
2025-12-06 19:49:46,884 [INFO] UtilMem:75 - Begin LoadConfig() Used Memory: 765166496 Bytes (1073741824)
2025-12-06 19:49:46,884 [INFO] MicroXplorer:468 - Change Database Path : 
2025-12-06 19:49:46,884 [INFO] MicroXplorer:498 - Change Database Version : DB.6.0.110
2025-12-06 19:49:46,884 [INFO] OpenFileManager:312 - Change cursor
2025-12-06 19:49:46,892 [INFO] RulesReader:64 - Compatibility file has been processed (297 Rules)
2025-12-06 19:49:46,895 [INFO] Mcu:2021 - Initializing MCU STM32F446R(C-E)Tx STM32F446RETx STM32F446RET6
2025-12-06 19:49:47,631 [INFO] Context:663 - Trying to add GPIOservice into a context  which must be forbidden
2025-12-06 19:49:47,776 [INFO] RtosManager:555 - Registered RTOS mode: class=CMSIS, group=RTOS, mode=CMSIS_V1, owner=FREERTOS
2025-12-06 19:49:47,776 [INFO] RtosManager:555 - Registered RTOS mode: class=CMSIS, group=RTOS2, mode=CMSIS_V2, owner=FREERTOS
2025-12-06 19:49:47,776 [INFO] RtosManager:555 - Registered RTOS mode: class=RTOS, group=Core, mode=CMSIS_V1, owner=FREERTOS
2025-12-06 19:49:47,776 [INFO] RtosManager:555 - Registered RTOS mode: class=RTOS, group=Core, mode=CMSIS_V2, owner=FREERTOS
2025-12-06 19:49:47,776 [WARN] ModelIntegratedComponent:184 - Missing modes for component STMicroelectronics:FreeRTOS:0.0.1:STMicroelectronics:RTOS:FreeRTOS:Core:::10.2.0:
2025-12-06 19:49:47,778 [WARN] ModelIntegratedComponent:63 - No mode defined for component null
2025-12-06 19:49:47,779 [WARN] ModelIntegratedComponent:63 - No mode defined for component null
2025-12-06 19:49:47,779 [WARN] ModelIntegratedComponent:63 - No mode defined for component null
2025-12-06 19:49:47,779 [WARN] ModelIntegratedComponent:63 - No mode defined for component null
2025-12-06 19:49:47,779 [WARN] ModelIntegratedComponent:63 - No mode defined for component null
2025-12-06 19:49:47,779 [WARN] ModelIntegratedComponent:63 - No mode defined for component null
2025-12-06 19:49:47,779 [WARN] ModelIntegratedComponent:63 - No mode defined for component null
2025-12-06 19:49:47,779 [WARN] ModelIntegratedComponent:63 - No mode defined for component null
2025-12-06 19:49:47,779 [WARN] ModelIntegratedComponent:63 - No mode defined for component null
2025-12-06 19:49:47,779 [WARN] ModelIntegratedComponent:63 - No mode defined for component null
2025-12-06 19:49:47,779 [WARN] ModelIntegratedComponent:63 - No mode defined for component null
2025-12-06 19:49:47,779 [WARN] ModelIntegratedComponent:63 - No mode defined for component null
2025-12-06 19:49:47,779 [WARN] ModelIntegratedComponent:63 - No mode defined for component null
2025-12-06 19:49:47,779 [WARN] ModelIntegratedComponent:63 - No mode defined for component null
2025-12-06 19:49:47,779 [WARN] ModelIntegratedComponent:63 - No mode defined for component null
2025-12-06 19:49:47,779 [WARN] ModelIntegratedComponent:63 - No mode defined for component null
2025-12-06 19:49:47,779 [WARN] ModelIntegratedComponent:63 - No mode defined for component null
2025-12-06 19:49:47,779 [WARN] ModelIntegratedComponent:63 - No mode defined for component null
2025-12-06 19:49:47,779 [WARN] ModelIntegratedComponent:63 - No mode defined for component null
2025-12-06 19:49:47,779 [WARN] ModelIntegratedComponent:63 - No mode defined for component null
2025-12-06 19:49:47,779 [WARN] ModelIntegratedComponent:63 - No mode defined for component null
2025-12-06 19:49:47,779 [WARN] ModelIntegratedComponent:63 - No mode defined for component null
2025-12-06 19:49:47,779 [WARN] ModelIntegratedComponent:63 - No mode defined for component null
2025-12-06 19:49:47,779 [WARN] ModelIntegratedComponent:63 - No mode defined for component null
2025-12-06 19:49:47,779 [WARN] ModelIntegratedComponent:63 - No mode defined for component null
2025-12-06 19:49:47,779 [WARN] ModelIntegratedComponent:63 - No mode defined for component null
2025-12-06 19:49:47,779 [WARN] ModelIntegratedComponent:63 - No mode defined for component null
2025-12-06 19:49:47,779 [WARN] ModelIntegratedComponent:63 - No mode defined for component null
2025-12-06 19:49:47,779 [WARN] ModelIntegratedComponent:63 - No mode defined for component null
2025-12-06 19:49:47,779 [WARN] ModelIntegratedComponent:63 - No mode defined for component null
2025-12-06 19:49:47,779 [WARN] ModelIntegratedComponent:63 - No mode defined for component null
2025-12-06 19:49:47,780 [WARN] ModelIntegratedComponent:63 - No mode defined for component null
2025-12-06 19:49:47,780 [WARN] ModelIntegratedComponent:63 - No mode defined for component null
2025-12-06 19:49:47,780 [WARN] ModelIntegratedComponent:63 - No mode defined for component null
2025-12-06 19:49:47,940 [INFO] ThirdPartyModel:298 - Start build external matchings
2025-12-06 19:49:48,579 [INFO] ThirdPartyModel:316 - End build external matchings
2025-12-06 19:49:48,592 [INFO] ImportTextPane:194 - (OptionalMessage_ERROR) IP (RCC) : Invalid parameter (48MHZClocksFreq_Value)
2025-12-06 19:49:48,592 [INFO] ImportTextPane:194 - (OptionalMessage_ERROR) IP (RCC) : Invalid parameter (EthernetFreq_Value)
2025-12-06 19:49:48,593 [INFO] ImportTextPane:194 - (OptionalMessage_ERROR) IP (RCC) : Parameter (FLatency) has Id (AdvancedSettings) currently not set
2025-12-06 19:49:48,593 [INFO] ImportTextPane:194 - (OptionalMessage_ERROR) IP (RCC) : Invalid parameter (FamilyName)
2025-12-06 19:49:48,593 [INFO] ImportTextPane:194 - (OptionalMessage_ERROR) IP (RCC) : Invalid parameter (I2SClocksFreq_Value)
2025-12-06 19:49:48,593 [INFO] ImportTextPane:194 - (OptionalMessage_ERROR) IP (RCC) : Parameter (MCO2PinFreq_Value) has invalid value (180000000)
2025-12-06 19:49:48,593 [INFO] ImportTextPane:194 - (OptionalMessage_ERROR) IP (RCC) : Parameter (SDIOFreq_Value) has invalid value (180000000)
2025-12-06 19:49:48,593 [INFO] ImportTextPane:194 - (OptionalMessage_ERROR) IP (RCC) : Parameter (USBFreq_Value) has invalid value (180000000)
2025-12-06 19:49:48,593 [INFO] ImportTextPane:194 - (OptionalMessage_ERROR) IP (RCC) : Invalid parameter (VCOInputMFreq_Value)
2025-12-06 19:49:48,593 [INFO] ImportTextPane:194 - (OptionalMessage_ERROR) IP (RCC) : Invalid parameter (VcooutputI2S)
2025-12-06 19:49:48,810 [INFO] UtilMem:75 - End LoadConfig() Used Memory: 889230464 Bytes (1073741824)
2025-12-06 19:49:48,841 [WARN] ThirdParty:833 - waiting for thirdparty lock release [change project]
2025-12-06 19:49:48,841 [INFO] ThirdParty:835 - entering critical section [change project]
2025-12-06 19:49:48,841 [INFO] ThirdParty:1030 - CMSIS Pack Vendor :STMicroelectronics X-CUBE-PM33A1 1.0.0
2025-12-06 19:49:48,841 [INFO] ThirdParty:1030 - CMSIS Pack Vendor :STMicroelectronics USBPD 4.1
2025-12-06 19:49:48,841 [INFO] ThirdParty:1030 - CMSIS Pack Vendor :STMicroelectronics X-CUBE-GNSS1 6.0.0
2025-12-06 19:49:48,841 [INFO] ThirdParty:1030 - CMSIS Pack Vendor :STMicroelectronics USB_HOST 2.0.0
2025-12-06 19:49:48,841 [INFO] ThirdParty:1030 - CMSIS Pack Vendor :STMicroelectronics FP-SNS-MOTENVWB1 1.4.0
2025-12-06 19:49:48,841 [INFO] ThirdParty:1030 - CMSIS Pack Vendor :STMicroelectronics X-CUBE-AZRTOS-F4 1.1.0
2025-12-06 19:49:48,841 [INFO] ThirdParty:1030 - CMSIS Pack Vendor :STMicroelectronics LIBJPEG 8.0.0
2025-12-06 19:49:48,841 [INFO] ThirdParty:1030 - CMSIS Pack Vendor :STMicroelectronics FP-ATR-ASTRA1 2.0.2
2025-12-06 19:49:48,841 [INFO] ThirdParty:1030 - CMSIS Pack Vendor :STMicroelectronics X-CUBE-SMBUS 2.1.0
2025-12-06 19:49:48,841 [INFO] ThirdParty:1030 - CMSIS Pack Vendor :STMicroelectronics X-CUBE-ISPU 2.1.0
2025-12-06 19:49:48,841 [INFO] ThirdParty:1030 - CMSIS Pack Vendor :STMicroelectronics X-CUBE-FREERTOS 1.2.0
2025-12-06 19:49:48,841 [INFO] ThirdParty:1030 - CMSIS Pack Vendor :STMicroelectronics X-CUBE-NFC12 1.0.0
2025-12-06 19:49:48,841 [INFO] ThirdParty:1030 - CMSIS Pack Vendor :STMicroelectronics X-CUBE-TOUCHGFX 4.23.2
2025-12-06 19:49:48,841 [INFO] ThirdParty:1030 - CMSIS Pack Vendor :STMicroelectronics X-CUBE-AZRTOS-F7 1.1.0
2025-12-06 19:49:48,841 [INFO] ThirdParty:1030 - CMSIS Pack Vendor :STMicroelectronics X-CUBE-AZRTOS-L5 2.0.0
2025-12-06 19:49:48,841 [INFO] ThirdParty:1030 - CMSIS Pack Vendor :STMicroelectronics USB_DEVICE 2.0.0
2025-12-06 19:49:48,841 [INFO] ThirdParty:1030 - CMSIS Pack Vendor :STMicroelectronics X-CUBE-NFC6 3.1.0
2025-12-06 19:49:48,841 [INFO] ThirdParty:1030 - CMSIS Pack Vendor :STMicroelectronics FreeRTOS 0.0.1
2025-12-06 19:49:48,841 [INFO] ThirdParty:1030 - CMSIS Pack Vendor :STMicroelectronics X-CUBE-DPower 1.2.0
2025-12-06 19:49:48,841 [INFO] ThirdParty:1030 - CMSIS Pack Vendor :STMicroelectronics FP-SNS-FLIGHT1 5.0.2
2025-12-06 19:49:48,841 [INFO] ThirdParty:1030 - CMSIS Pack Vendor :STMicroelectronics X-CUBE-AI 9.0.0
2025-12-06 19:49:48,841 [INFO] ThirdParty:1030 - CMSIS Pack Vendor :STMicroelectronics PDM2PCM 3.3.0
2025-12-06 19:49:48,841 [INFO] ThirdParty:1030 - CMSIS Pack Vendor :STMicroelectronics X-CUBE-AZRTOS-H7 3.4.0
2025-12-06 19:49:48,841 [INFO] ThirdParty:1030 - CMSIS Pack Vendor :STMicroelectronics X-CUBE-DISPLAY 3.0.0
2025-12-06 19:49:48,841 [INFO] ThirdParty:1030 - CMSIS Pack Vendor :STMicroelectronics X-CUBE-BLE1 7.0.0
2025-12-06 19:49:48,841 [INFO] ThirdParty:1030 - CMSIS Pack Vendor :STMicroelectronics X-CUBE-NFC10 1.0.0
2025-12-06 19:49:48,841 [INFO] ThirdParty:1030 - CMSIS Pack Vendor :STMicroelectronics X-CUBE-BLEMGR 4.0.0
2025-12-06 19:49:48,841 [INFO] ThirdParty:1030 - CMSIS Pack Vendor :STMicroelectronics X-CUBE-FREERTOS 1.3.1
2025-12-06 19:49:48,841 [INFO] ThirdParty:1030 - CMSIS Pack Vendor :STMicroelectronics HAL Drivers 0.0.0
2025-12-06 19:49:48,841 [INFO] ThirdParty:1030 - CMSIS Pack Vendor :emotas I-CUBE-CANOPEN 1.3.0
2025-12-06 19:49:48,841 [INFO] ThirdParty:1030 - CMSIS Pack Vendor :STMicroelectronics X-CUBE-NFC7 1.0.1
2025-12-06 19:49:48,841 [INFO] ThirdParty:1030 - CMSIS Pack Vendor :STMicroelectronics MBEDTLS 2.14.1
2025-12-06 19:49:48,841 [INFO] ThirdParty:1030 - CMSIS Pack Vendor :STMicroelectronics X-CUBE-GNSS1 7.1.0
2025-12-06 19:49:48,841 [INFO] ThirdParty:1030 - CMSIS Pack Vendor :wolfSSL I-CUBE-wolfTPM 3.2.0
2025-12-06 19:49:48,841 [INFO] ThirdParty:1030 - CMSIS Pack Vendor :STMicroelectronics X-CUBE-TOUCHGFX 4.26.0
2025-12-06 19:49:48,841 [INFO] ThirdParty:1030 - CMSIS Pack Vendor :quantropi X-CUBE-qispace-sdk-base 2.0.0
2025-12-06 19:49:48,841 [INFO] ThirdParty:1030 - CMSIS Pack Vendor :STMicroelectronics X-CUBE-BLEMGR 3.1.0
2025-12-06 19:49:48,841 [INFO] ThirdParty:1030 - CMSIS Pack Vendor :STMicroelectronics X-CUBE-AI 10.0.0
2025-12-06 19:49:48,841 [INFO] ThirdParty:1030 - CMSIS Pack Vendor :STMicroelectronics FP-SNS-SMARTAG2 1.2.0
2025-12-06 19:49:48,841 [INFO] ThirdParty:1030 - CMSIS Pack Vendor :STMicroelectronics X-CUBE-AZRTOS-WL 2.0.0
2025-12-06 19:49:48,841 [INFO] ThirdParty:1030 - CMSIS Pack Vendor :STMicroelectronics X-CUBE-DPower 1.3.0
2025-12-06 19:49:48,841 [INFO] ThirdParty:1030 - CMSIS Pack Vendor :STMicroelectronics FP-SNS-MOTENV1 5.0.0
2025-12-06 19:49:48,841 [INFO] ThirdParty:1030 - CMSIS Pack Vendor :STMicroelectronics USB_DEVICE 1.0.0
2025-12-06 19:49:48,841 [INFO] ThirdParty:1030 - CMSIS Pack Vendor :STMicroelectronics X-CUBE-AZRTOS-H7RS 1.2.0
2025-12-06 19:49:48,841 [INFO] ThirdParty:1030 - CMSIS Pack Vendor :wolfSSL I-CUBE-wolfMQTT 1.19.0
2025-12-06 19:49:48,841 [INFO] ThirdParty:1030 - CMSIS Pack Vendor :STMicroelectronics X-CUBE-AZRTOS-L4 2.0.0
2025-12-06 19:49:48,841 [INFO] ThirdParty:1030 - CMSIS Pack Vendor :STMicroelectronics ThreadX 0.0.2
2025-12-06 19:49:48,841 [INFO] ThirdParty:1030 - CMSIS Pack Vendor :WES I-CUBE-Cesium 1.3.0
2025-12-06 19:49:48,841 [INFO] ThirdParty:1030 - CMSIS Pack Vendor :STMicroelectronics lwIP 2.1.2
2025-12-06 19:49:48,841 [INFO] ThirdParty:1030 - CMSIS Pack Vendor :STMicroelectronics X-CUBE-SFXS2LP1 4.0.0
2025-12-06 19:49:48,841 [INFO] ThirdParty:1030 - CMSIS Pack Vendor :STMicroelectronics X-CUBE-BLE2 3.3.0
2025-12-06 19:49:48,841 [INFO] ThirdParty:1030 - CMSIS Pack Vendor :STMicroelectronics PDM2PCM 3.2.0
2025-12-06 19:49:48,841 [INFO] ThirdParty:1030 - CMSIS Pack Vendor :STMicroelectronics X-CUBE-AZRTOS-H7 3.3.0
2025-12-06 19:49:48,841 [INFO] ThirdParty:1030 - CMSIS Pack Vendor :STMicroelectronics X-CUBE-NFC9 1.0.0
2025-12-06 19:49:48,841 [INFO] ThirdParty:1030 - CMSIS Pack Vendor :STMicroelectronics X-CUBE-BLE1 7.1.0
2025-12-06 19:49:48,841 [INFO] ThirdParty:1030 - CMSIS Pack Vendor :STMicroelectronics USB_DEVICE 3.0.0
2025-12-06 19:49:48,841 [INFO] ThirdParty:1030 - CMSIS Pack Vendor :STMicroelectronics X-CUBE-TCPP 4.1.0
2025-12-06 19:49:48,841 [INFO] ThirdParty:1030 - CMSIS Pack Vendor :STMicroelectronics X-CUBE-EEPRMA1 5.2.0
2025-12-06 19:49:48,841 [INFO] ThirdParty:1030 - CMSIS Pack Vendor :STMicroelectronics X-CUBE-AZRTOS-WB 2.0.0
2025-12-06 19:49:48,841 [INFO] ThirdParty:1030 - CMSIS Pack Vendor :STMicroelectronics X-CUBE-GNSS1 7.0.1
2025-12-06 19:49:48,841 [INFO] ThirdParty:1030 - CMSIS Pack Vendor :STMicroelectronics X-CUBE-TOUCHGFX 4.25.0
2025-12-06 19:49:48,841 [INFO] ThirdParty:1030 - CMSIS Pack Vendor :STMicroelectronics X-CUBE-AI 10.1.0
2025-12-06 19:49:48,841 [INFO] ThirdParty:1030 - CMSIS Pack Vendor :STMicroelectronics FP-SNS-STBOX1 2.0.0
2025-12-06 19:49:48,841 [INFO] ThirdParty:1030 - CMSIS Pack Vendor :STMicroelectronics X-CUBE-MEMS1 12.0.0
2025-12-06 19:49:48,841 [INFO] ThirdParty:1030 - CMSIS Pack Vendor :STMicroelectronics X-CUBE-ALGOBUILD 1.3.0
2025-12-06 19:49:48,841 [INFO] ThirdParty:1030 - CMSIS Pack Vendor :STMicroelectronics X-CUBE-MEMS1 11.2.0
2025-12-06 19:49:48,841 [INFO] ThirdParty:1030 - CMSIS Pack Vendor :STMicroelectronics X-CUBE-AZRTOS-G0 1.1.0
2025-12-06 19:49:48,841 [INFO] ThirdParty:1030 - CMSIS Pack Vendor :STMicroelectronics X-CUBE-SAFEA1 1.2.2
2025-12-06 19:49:48,841 [INFO] ThirdParty:1030 - CMSIS Pack Vendor :STMicroelectronics X-CUBE-NFC4 3.0.0
2025-12-06 19:49:48,841 [INFO] ThirdParty:1030 - CMSIS Pack Vendor :STMicroelectronics X-CUBE-SUBG2 5.0.0
2025-12-06 19:49:48,841 [INFO] ThirdParty:1030 - CMSIS Pack Vendor :STMicroelectronics X-CUBE-AZRTOS-H7RS 1.1.0
2025-12-06 19:49:48,841 [INFO] ThirdParty:1030 - CMSIS Pack Vendor :STMicroelectronics STM32_WPAN 1.0.0
2025-12-06 19:49:48,841 [INFO] ThirdParty:1030 - CMSIS Pack Vendor :EmbeddedOffice I-CUBE-FS-RTOS 1.0.1
2025-12-06 19:49:48,841 [INFO] ThirdParty:1030 - CMSIS Pack Vendor :STMicroelectronics lwIP 2.0.3
2025-12-06 19:49:48,841 [INFO] ThirdParty:1030 - CMSIS Pack Vendor :Cesanta I-CUBE-Mongoose 7.13.0
2025-12-06 19:49:48,842 [INFO] ThirdParty:1030 - CMSIS Pack Vendor :STMicroelectronics USB_HOST 1.0.0
2025-12-06 19:49:48,842 [INFO] ThirdParty:1030 - CMSIS Pack Vendor :STMicroelectronics X-CUBE-AZRTOS-G4 2.0.0
2025-12-06 19:49:48,842 [INFO] ThirdParty:1030 - CMSIS Pack Vendor :STMicroelectronics X-CUBE-WB05N 2.0.0
2025-12-06 19:49:48,842 [INFO] ThirdParty:1030 - CMSIS Pack Vendor :STMicroelectronics PDM2PCM 3.1.0
2025-12-06 19:49:48,842 [INFO] ThirdParty:1030 - CMSIS Pack Vendor :STMicroelectronics X-CUBE-NFC7 2.0.0
2025-12-06 19:49:48,842 [INFO] ThirdParty:1030 - CMSIS Pack Vendor :RealThread X-CUBE-RT-Thread_Nano 4.1.1
2025-12-06 19:49:48,842 [INFO] ThirdParty:1030 - CMSIS Pack Vendor :wolfSSL I-CUBE-wolfSSL 5.7.0
2025-12-06 19:49:48,842 [INFO] ThirdParty:1030 - CMSIS Pack Vendor :STMicroelectronics FP-ATR-SIGFOX1 3.2.0
2025-12-06 19:49:48,842 [INFO] ThirdParty:1030 - CMSIS Pack Vendor :STMicroelectronics X-CUBE-ISPU 2.0.0
2025-12-06 19:49:48,842 [INFO] ThirdParty:1030 - CMSIS Pack Vendor :STMicroelectronics X-CUBE-EEPRMA1 5.1.0
2025-12-06 19:49:48,842 [INFO] ThirdParty:1030 - CMSIS Pack Vendor :STMicroelectronics MBEDTLS 2.16.2
2025-12-06 19:49:48,842 [INFO] ThirdParty:1030 - CMSIS Pack Vendor :STMicroelectronics X-CUBE-ALS 1.0.2
2025-12-06 19:49:48,842 [INFO] ThirdParty:1030 - CMSIS Pack Vendor :STMicroelectronics X-CUBE-MEMS1 10.0.0
2025-12-06 19:49:48,842 [INFO] ThirdParty:1030 - CMSIS Pack Vendor :STMicroelectronics X-CUBE-FREERTOS 1.1.0
2025-12-06 19:49:48,842 [INFO] ThirdParty:1030 - CMSIS Pack Vendor :STMicroelectronics X-CUBE-TOUCHGFX 4.24.0
2025-12-06 19:49:48,842 [INFO] ThirdParty:1030 - CMSIS Pack Vendor :ITTIA_DB I-CUBE-ITTIADB 8.9.0
2025-12-06 19:49:48,842 [INFO] ThirdParty:1030 - CMSIS Pack Vendor :STMicroelectronics X-CUBE-STSE01 1.0.0
2025-12-06 19:49:48,842 [INFO] ThirdParty:1030 - CMSIS Pack Vendor :portGmbH I-Cube-SoM-uGOAL 1.1.0
2025-12-06 19:49:48,842 [INFO] ThirdParty:1030 - CMSIS Pack Vendor :STMicroelectronics X-CUBE-ALS 1.0.1
2025-12-06 19:49:48,842 [INFO] ThirdParty:1030 - CMSIS Pack Vendor :STMicroelectronics X-CUBE-AI 10.2.0
2025-12-06 19:49:48,842 [INFO] ThirdParty:1030 - CMSIS Pack Vendor :STMicroelectronics ThreadX 1.0.0
2025-12-06 19:49:48,842 [INFO] ThirdParty:1030 - CMSIS Pack Vendor :SEGGER I-CUBE-embOS 1.3.1
2025-12-06 19:49:48,842 [INFO] ThirdParty:1030 - CMSIS Pack Vendor :STMicroelectronics X-CUBE-ALGOBUILD 1.4.0
2025-12-06 19:49:48,842 [INFO] ThirdParty:1030 - CMSIS Pack Vendor :STMicroelectronics X-CUBE-MEMS1 11.3.0
2025-12-06 19:49:48,842 [INFO] ThirdParty:1030 - CMSIS Pack Vendor :STMicroelectronics X-CUBE-AZRTOS-H7RS 1.0.0
2025-12-06 19:49:48,842 [INFO] ThirdParty:1030 - CMSIS Pack Vendor :STMicroelectronics FP-ATR-ASTRA1 2.0.0
2025-12-06 19:49:48,842 [INFO] ThirdParty:1030 - CMSIS Pack Vendor :STMicroelectronics X-CUBE-TOF1 3.4.2
2025-12-06 19:49:48,842 [INFO] ThirdParty:1030 - CMSIS Pack Vendor :STMicroelectronics X-CUBE-TOF1 3.4.1
2025-12-06 19:49:48,842 [INFO] ThirdParty:1030 - CMSIS Pack Vendor :STMicroelectronics X-CUBE-AZRTOS-H7 3.2.0
2025-12-06 19:49:48,842 [INFO] ThirdParty:1030 - CMSIS Pack Vendor :Infineon AIROC-Wi-Fi-Bluetooth-STM32 1.6.0
2025-12-06 19:49:48,842 [INFO] ThirdParty:1030 - CMSIS Pack Vendor :wolfSSL I-CUBE-wolfSSH 1.4.17
2025-12-06 19:49:48,842 [INFO] ThirdParty:841 - exiting critical section [change project]
2025-12-06 19:49:48,928 [INFO] PinOutPanel:1561 - setPackage(No Configuration,No Configuration)
2025-12-06 19:49:48,928 [INFO] PinOutPanel:1561 - setPackage(STM32F446RETx,LQFP64)
2025-12-06 19:49:49,152 [INFO] UtilMem:75 - Before build in PCC Used Memory: 780013352 Bytes (1073741824)
2025-12-06 19:49:49,246 [INFO] UtilMem:75 - After build in PCC Used Memory: 828247848 Bytes (1073741824)
2025-12-06 19:49:49,256 [INFO] IPUIPlugin:80 - create IPUIPlugin
2025-12-06 19:49:49,257 [INFO] IPUIPlugin:80 - create IPUIPlugin
2025-12-06 19:49:49,257 [INFO] IPUIPlugin:80 - create IPUIPlugin
2025-12-06 19:49:49,257 [INFO] IPUIPlugin:80 - create IPUIPlugin
2025-12-06 19:49:49,257 [INFO] IPUIPlugin:80 - create IPUIPlugin
2025-12-06 19:49:49,257 [INFO] IPUIPlugin:80 - create IPUIPlugin
2025-12-06 19:49:49,257 [INFO] IPUIPlugin:80 - create IPUIPlugin
2025-12-06 19:49:49,257 [INFO] IPUIPlugin:80 - create IPUIPlugin
2025-12-06 19:49:49,257 [INFO] IPUIPlugin:80 - create IPUIPlugin
2025-12-06 19:49:49,257 [INFO] IPUIPlugin:80 - create IPUIPlugin
2025-12-06 19:49:49,257 [INFO] IPUIPlugin:80 - create IPUIPlugin
2025-12-06 19:49:49,257 [INFO] IPUIPlugin:80 - create IPUIPlugin
2025-12-06 19:49:49,257 [INFO] IPUIPlugin:80 - create IPUIPlugin
2025-12-06 19:49:49,257 [INFO] IPUIPlugin:80 - create IPUIPlugin
2025-12-06 19:49:49,257 [INFO] IPUIPlugin:80 - create IPUIPlugin
2025-12-06 19:49:49,257 [INFO] IPUIPlugin:80 - create IPUIPlugin
2025-12-06 19:49:49,257 [INFO] IPUIPlugin:80 - create IPUIPlugin
2025-12-06 19:49:49,257 [INFO] IPUIPlugin:80 - create IPUIPlugin
2025-12-06 19:49:49,257 [INFO] IPUIPlugin:80 - create IPUIPlugin
2025-12-06 19:49:49,257 [INFO] IPUIPlugin:80 - create IPUIPlugin
2025-12-06 19:49:49,257 [INFO] IPUIPlugin:80 - create IPUIPlugin
2025-12-06 19:49:49,257 [INFO] IPUIPlugin:80 - create IPUIPlugin
2025-12-06 19:49:49,257 [INFO] IPUIPlugin:80 - create IPUIPlugin
2025-12-06 19:49:49,257 [INFO] IPUIPlugin:80 - create IPUIPlugin
2025-12-06 19:49:49,257 [INFO] IPUIPlugin:80 - create IPUIPlugin
2025-12-06 19:49:49,257 [INFO] IPUIPlugin:80 - create IPUIPlugin
2025-12-06 19:49:49,258 [INFO] IPUIPlugin:80 - create IPUIPlugin
2025-12-06 19:49:49,258 [INFO] IPUIPlugin:80 - create IPUIPlugin
2025-12-06 19:49:49,258 [INFO] IPUIPlugin:80 - create IPUIPlugin
2025-12-06 19:49:49,258 [INFO] IPUIPlugin:80 - create IPUIPlugin
2025-12-06 19:49:49,258 [INFO] IPUIPlugin:80 - create IPUIPlugin
2025-12-06 19:49:49,258 [INFO] IPUIPlugin:80 - create IPUIPlugin
2025-12-06 19:49:49,258 [INFO] IPUIPlugin:80 - create IPUIPlugin
2025-12-06 19:49:49,258 [INFO] IPUIPlugin:80 - create IPUIPlugin
2025-12-06 19:49:49,258 [INFO] IPUIPlugin:80 - create IPUIPlugin
2025-12-06 19:49:49,258 [INFO] IPUIPlugin:80 - create IPUIPlugin
2025-12-06 19:49:49,258 [INFO] IPUIPlugin:80 - create IPUIPlugin
2025-12-06 19:49:49,258 [INFO] IPUIPlugin:80 - create IPUIPlugin
2025-12-06 19:49:49,258 [INFO] IPUIPlugin:80 - create IPUIPlugin
2025-12-06 19:49:49,258 [INFO] IPUIPlugin:80 - create IPUIPlugin
2025-12-06 19:49:49,259 [INFO] IPUIPlugin:80 - create IPUIPlugin
2025-12-06 19:49:49,259 [INFO] IPUIPlugin:80 - create IPUIPlugin
2025-12-06 19:49:49,259 [INFO] IPUIPlugin:80 - create IPUIPlugin
2025-12-06 19:49:49,259 [INFO] IPUIPlugin:80 - create IPUIPlugin
2025-12-06 19:49:49,259 [INFO] IPUIPlugin:80 - create IPUIPlugin
2025-12-06 19:49:49,259 [INFO] IPUIPlugin:80 - create IPUIPlugin
2025-12-06 19:49:49,259 [INFO] IPUIPlugin:80 - create IPUIPlugin
2025-12-06 19:49:49,259 [INFO] IPUIPlugin:80 - create IPUIPlugin
2025-12-06 19:49:49,259 [INFO] IPUIPlugin:80 - create IPUIPlugin
2025-12-06 19:49:49,259 [INFO] IPUIPlugin:80 - create IPUIPlugin
2025-12-06 19:49:49,259 [INFO] IPUIPlugin:80 - create IPUIPlugin
2025-12-06 19:49:49,260 [INFO] IPUIPlugin:80 - create IPUIPlugin
2025-12-06 19:49:49,260 [INFO] IPUIPlugin:80 - create IPUIPlugin
2025-12-06 19:49:49,260 [INFO] IPUIPlugin:80 - create IPUIPlugin
2025-12-06 19:49:49,260 [INFO] IPUIPlugin:80 - create IPUIPlugin
2025-12-06 19:49:49,260 [INFO] IPUIPlugin:80 - create IPUIPlugin
2025-12-06 19:49:49,260 [INFO] IPUIPlugin:80 - create IPUIPlugin
2025-12-06 19:49:49,260 [INFO] IPUIPlugin:80 - create IPUIPlugin
2025-12-06 19:49:49,261 [INFO] IPUIPlugin:80 - create IPUIPlugin
2025-12-06 19:49:49,261 [INFO] IPUIPlugin:80 - create IPUIPlugin
2025-12-06 19:49:49,263 [INFO] ApiDbMcu:508 - Load IP Config File for PDM2PCM
2025-12-06 19:49:49,264 [INFO] Can:71 - Can Add PropertyChangeListener com.st.microxplorer.plugins.ip.can.Can@5a507fc8
2025-12-06 19:49:49,293 [INFO] CADModel:165 - CPN selected for project levelSTM32F446RET6
2025-12-06 19:49:49,293 [INFO] CADModel:114 - Register for checkConnection events
2025-12-06 19:49:49,342 [INFO] OpenFileManager:343 - Restore cursor
2025-12-06 19:49:58,418 [INFO] NvicIntPanel:101 - NVIC parent = com.st.microxplorer.plugins.ip.nvic.MultiNvicIntPanel[,0,0,450x123,layout=javax.swing.BoxLayout,alignmentX=0.0,alignmentY=0.0,border=,flags=9,maximumSize=,minimumSize=,preferredSize=]
2025-12-06 19:50:13,640 [INFO] MainUpdater:2873 - connection check result : 10
2025-12-06 19:50:13,640 [INFO] MainUpdater:2873 - connection check result : 10
2025-12-06 19:50:13,651 [INFO] MicroXplorer:468 - Change Database Path : 
2025-12-06 19:50:13,651 [INFO] MicroXplorer:498 - Change Database Version : DB.6.0.110
2025-12-06 19:50:13,655 [ERROR] ProjectManagerView:394 - 
java.lang.NullPointerException: Cannot invoke "javax.swing.JTextField.getText()" because the return value of "java.util.List.get(int)" is null
	at com.st.microxplorer.plugins.projectmanager.gui.ProjectChoiceTab$10.caretUpdate(ProjectChoiceTab.java:2504) ~[filemanager.jar:?]
	at javax.swing.text.JTextComponent.fireCaretUpdate(JTextComponent.java:412) ~[?:?]
	at javax.swing.text.JTextComponent$MutableCaretEvent.fire(JTextComponent.java:4491) ~[?:?]
	at javax.swing.text.JTextComponent$MutableCaretEvent.stateChanged(JTextComponent.java:4513) ~[?:?]
	at javax.swing.text.DefaultCaret.fireStateChanged(DefaultCaret.java:842) ~[?:?]
	at javax.swing.text.DefaultCaret.changeCaretPosition(DefaultCaret.java:1313) ~[?:?]
	at javax.swing.text.DefaultCaret.handleSetDot(DefaultCaret.java:1212) ~[?:?]
	at javax.swing.text.DefaultCaret.setDot(DefaultCaret.java:1193) ~[?:?]
	at javax.swing.text.DefaultCaret$Handler.insertUpdate(DefaultCaret.java:1789) ~[?:?]
	at javax.swing.text.AbstractDocument.fireInsertUpdate(AbstractDocument.java:226) ~[?:?]
	at javax.swing.text.AbstractDocument.handleInsertString(AbstractDocument.java:780) ~[?:?]
	at javax.swing.text.AbstractDocument.insertString(AbstractDocument.java:739) ~[?:?]
	at javax.swing.text.PlainDocument.insertString(PlainDocument.java:131) ~[?:?]
	at javax.swing.text.AbstractDocument.replace(AbstractDocument.java:698) ~[?:?]
	at javax.swing.text.JTextComponent.setText(JTextComponent.java:1729) ~[?:?]
	at com.st.microxplorer.plugins.projectmanager.gui.ProjectChoiceTab.createHeapStackFields(ProjectChoiceTab.java:944) ~[filemanager.jar:?]
	at com.st.microxplorer.plugins.projectmanager.gui.ProjectChoiceTab.buildLinkSettingsPanel(ProjectChoiceTab.java:3475) ~[filemanager.jar:?]
	at com.st.microxplorer.plugins.projectmanager.gui.ProjectChoiceTab.defineWindowsFields(ProjectChoiceTab.java:1816) ~[filemanager.jar:?]
	at com.st.microxplorer.plugins.projectmanager.gui.ProjectChoiceTab.updateSettings(ProjectChoiceTab.java:544) ~[filemanager.jar:?]
	at com.st.microxplorer.plugins.projectmanager.gui.ProjectSettingsPanel.UpdateDialog(ProjectSettingsPanel.java:245) ~[filemanager.jar:?]
	at com.st.microxplorer.plugins.projectmanager.ProjectManagerView.propertyChange(ProjectManagerView.java:391) ~[filemanager.jar:?]
	at java.beans.PropertyChangeSupport.fire(PropertyChangeSupport.java:343) ~[?:?]
	at java.beans.PropertyChangeSupport.firePropertyChange(PropertyChangeSupport.java:335) ~[?:?]
	at java.beans.PropertyChangeSupport.firePropertyChange(PropertyChangeSupport.java:268) ~[?:?]
	at com.st.microxplorer.util.MXPropertyChangeSupport.firePropertyChange(MXPropertyChangeSupport.java:54) ~[STM32CubeMX.jar:?]
	at com.st.microxplorer.mxsystem.MxSystem.closeConfig(MxSystem.java:900) ~[STM32CubeMX.jar:?]
	at com.st.microxplorer.maingui.MainPanel.closeConfig(MainPanel.java:776) ~[STM32CubeMX.jar:?]
	at com.st.microxplorer.plugins.filemanager.engine.OpenFileManager.loadConfigurationFile(OpenFileManager.java:245) ~[filemanager.jar:?]
	at com.st.microxplorer.plugins.filemanager.engine.MainFileManager.userLoadConfig(MainFileManager.java:315) ~[filemanager.jar:?]
	at com.st.microxplorer.plugins.filemanager.engine.MainFileManager.userLoadConfig(MainFileManager.java:293) ~[filemanager.jar:?]
	at com.st.microxplorer.plugins.filemanager.FileManagerView.getSpecificTask(FileManagerView.java:247) ~[filemanager.jar:?]
	at com.st.stm32cube.common.mx.editor.CubeMxEditor.getMxTabbedPaneInstance(CubeMxEditor.java:1198) ~[com.st.stm32cube.common.mx_6.11.0.202403141607/:?]
	at com.st.stm32cube.common.mx.editor.CubeMxEditor$12$1.createSwingComponent(CubeMxEditor.java:1068) ~[com.st.stm32cube.common.mx_6.11.0.202403141607/:?]
	at com.st.stm32cube.common.mx.oss.core.awtswtbridge.EmbeddedSwingComposite.doComponentCreation(EmbeddedSwingComposite.java:492) ~[com.st.stm32cube.common.mx.oss_6.11.0.202403141607/:?]
	at com.st.stm32cube.common.mx.oss.core.awtswtbridge.EmbeddedSwingComposite$4.run(EmbeddedSwingComposite.java:291) ~[com.st.stm32cube.common.mx.oss_6.11.0.202403141607/:?]
	at com.st.stm32cube.common.mx.oss.core.awtswtbridge.AwtEnvironment$2.run(AwtEnvironment.java:166) ~[com.st.stm32cube.common.mx.oss_6.11.0.202403141607/:?]
	at java.awt.event.InvocationEvent.dispatch(InvocationEvent.java:318) ~[?:?]
	at java.awt.EventQueue.dispatchEventImpl(EventQueue.java:773) ~[?:?]
	at java.awt.EventQueue$4.run(EventQueue.java:720) ~[?:?]
	at java.awt.EventQueue$4.run(EventQueue.java:714) ~[?:?]
	at java.security.AccessController.doPrivileged(AccessController.java:399) ~[?:?]
	at java.security.ProtectionDomain$JavaSecurityAccessImpl.doIntersectionPrivilege(ProtectionDomain.java:86) ~[?:?]
	at java.awt.EventQueue.dispatchEvent(EventQueue.java:742) ~[?:?]
	at java.awt.EventDispatchThread.pumpOneEventForFilters(EventDispatchThread.java:203) ~[?:?]
	at java.awt.EventDispatchThread.pumpEventsForFilter(EventDispatchThread.java:124) ~[?:?]
	at java.awt.EventDispatchThread.pumpEventsForHierarchy(EventDispatchThread.java:113) ~[?:?]
	at java.awt.EventDispatchThread.pumpEvents(EventDispatchThread.java:109) ~[?:?]
	at java.awt.EventDispatchThread.pumpEvents(EventDispatchThread.java:101) ~[?:?]
	at java.awt.EventDispatchThread.run(EventDispatchThread.java:90) ~[?:?]
2025-12-06 19:50:13,656 [WARN] ThirdParty:871 - waiting for thirdparty lock release [close project]
2025-12-06 19:50:13,656 [INFO] ThirdParty:873 - entering critical section [close project]
2025-12-06 19:50:13,656 [INFO] ThirdParty:883 - exiting critical section [close project]
2025-12-06 19:50:13,657 [INFO] PinOutPanel:1561 - setPackage(No Configuration,No Configuration)
2025-12-06 19:50:13,660 [WARN] IpParametersView:151 - Warning: This peripheral hasn't parameters
2025-12-06 19:50:13,662 [WARN] MainPanel:272 - <html><b><center>Warning: This peripheral has no parameters to be configured<br></b></html>
2025-12-06 19:50:13,663 [INFO] UtilMem:75 - Begin LoadConfig() Used Memory: 875446192 Bytes (1073741824)
2025-12-06 19:50:13,664 [INFO] MicroXplorer:468 - Change Database Path : 
2025-12-06 19:50:13,664 [INFO] MicroXplorer:498 - Change Database Version : DB.6.0.110
2025-12-06 19:50:13,664 [INFO] OpenFileManager:312 - Change cursor
2025-12-06 19:50:13,667 [INFO] Mcu:2021 - Initializing MCU STM32F446R(C-E)Tx STM32F446RETx STM32F446RET6
2025-12-06 19:50:14,476 [INFO] Context:663 - Trying to add GPIOservice into a context  which must be forbidden
2025-12-06 19:50:14,620 [INFO] RtosManager:555 - Registered RTOS mode: class=CMSIS, group=RTOS, mode=CMSIS_V1, owner=FREERTOS
2025-12-06 19:50:14,620 [INFO] RtosManager:555 - Registered RTOS mode: class=CMSIS, group=RTOS2, mode=CMSIS_V2, owner=FREERTOS
2025-12-06 19:50:14,620 [INFO] RtosManager:555 - Registered RTOS mode: class=RTOS, group=Core, mode=CMSIS_V1, owner=FREERTOS
2025-12-06 19:50:14,620 [INFO] RtosManager:555 - Registered RTOS mode: class=RTOS, group=Core, mode=CMSIS_V2, owner=FREERTOS
2025-12-06 19:50:14,620 [WARN] ModelIntegratedComponent:184 - Missing modes for component STMicroelectronics:FreeRTOS:0.0.1:STMicroelectronics:RTOS:FreeRTOS:Core:::10.2.0:
2025-12-06 19:50:14,622 [WARN] ModelIntegratedComponent:63 - No mode defined for component null
2025-12-06 19:50:14,622 [WARN] ModelIntegratedComponent:63 - No mode defined for component null
2025-12-06 19:50:14,622 [WARN] ModelIntegratedComponent:63 - No mode defined for component null
2025-12-06 19:50:14,622 [WARN] ModelIntegratedComponent:63 - No mode defined for component null
2025-12-06 19:50:14,622 [WARN] ModelIntegratedComponent:63 - No mode defined for component null
2025-12-06 19:50:14,622 [WARN] ModelIntegratedComponent:63 - No mode defined for component null
2025-12-06 19:50:14,622 [WARN] ModelIntegratedComponent:63 - No mode defined for component null
2025-12-06 19:50:14,622 [WARN] ModelIntegratedComponent:63 - No mode defined for component null
2025-12-06 19:50:14,622 [WARN] ModelIntegratedComponent:63 - No mode defined for component null
2025-12-06 19:50:14,622 [WARN] ModelIntegratedComponent:63 - No mode defined for component null
2025-12-06 19:50:14,622 [WARN] ModelIntegratedComponent:63 - No mode defined for component null
2025-12-06 19:50:14,622 [WARN] ModelIntegratedComponent:63 - No mode defined for component null
2025-12-06 19:50:14,622 [WARN] ModelIntegratedComponent:63 - No mode defined for component null
2025-12-06 19:50:14,622 [WARN] ModelIntegratedComponent:63 - No mode defined for component null
2025-12-06 19:50:14,622 [WARN] ModelIntegratedComponent:63 - No mode defined for component null
2025-12-06 19:50:14,622 [WARN] ModelIntegratedComponent:63 - No mode defined for component null
2025-12-06 19:50:14,622 [WARN] ModelIntegratedComponent:63 - No mode defined for component null
2025-12-06 19:50:14,622 [WARN] ModelIntegratedComponent:63 - No mode defined for component null
2025-12-06 19:50:14,622 [WARN] ModelIntegratedComponent:63 - No mode defined for component null
2025-12-06 19:50:14,622 [WARN] ModelIntegratedComponent:63 - No mode defined for component null
2025-12-06 19:50:14,622 [WARN] ModelIntegratedComponent:63 - No mode defined for component null
2025-12-06 19:50:14,622 [WARN] ModelIntegratedComponent:63 - No mode defined for component null
2025-12-06 19:50:14,622 [WARN] ModelIntegratedComponent:63 - No mode defined for component null
2025-12-06 19:50:14,622 [WARN] ModelIntegratedComponent:63 - No mode defined for component null
2025-12-06 19:50:14,622 [WARN] ModelIntegratedComponent:63 - No mode defined for component null
2025-12-06 19:50:14,622 [WARN] ModelIntegratedComponent:63 - No mode defined for component null
2025-12-06 19:50:14,622 [WARN] ModelIntegratedComponent:63 - No mode defined for component null
2025-12-06 19:50:14,622 [WARN] ModelIntegratedComponent:63 - No mode defined for component null
2025-12-06 19:50:14,622 [WARN] ModelIntegratedComponent:63 - No mode defined for component null
2025-12-06 19:50:14,622 [WARN] ModelIntegratedComponent:63 - No mode defined for component null
2025-12-06 19:50:14,622 [WARN] ModelIntegratedComponent:63 - No mode defined for component null
2025-12-06 19:50:14,622 [WARN] ModelIntegratedComponent:63 - No mode defined for component null
2025-12-06 19:50:14,622 [WARN] ModelIntegratedComponent:63 - No mode defined for component null
2025-12-06 19:50:14,622 [WARN] ModelIntegratedComponent:63 - No mode defined for component null
2025-12-06 19:50:14,750 [INFO] ThirdPartyModel:298 - Start build external matchings
2025-12-06 19:50:15,359 [INFO] ThirdPartyModel:316 - End build external matchings
2025-12-06 19:50:15,370 [INFO] ImportTextPane:194 - (OptionalMessage_ERROR) IP (RCC) : Invalid parameter (48MHZClocksFreq_Value)
2025-12-06 19:50:15,371 [INFO] ImportTextPane:194 - (OptionalMessage_ERROR) IP (RCC) : Invalid parameter (EthernetFreq_Value)
2025-12-06 19:50:15,371 [INFO] ImportTextPane:194 - (OptionalMessage_ERROR) IP (RCC) : Parameter (FLatency) has Id (AdvancedSettings) currently not set
2025-12-06 19:50:15,371 [INFO] ImportTextPane:194 - (OptionalMessage_ERROR) IP (RCC) : Invalid parameter (FamilyName)
2025-12-06 19:50:15,371 [INFO] ImportTextPane:194 - (OptionalMessage_ERROR) IP (RCC) : Invalid parameter (I2SClocksFreq_Value)
2025-12-06 19:50:15,371 [INFO] ImportTextPane:194 - (OptionalMessage_ERROR) IP (RCC) : Parameter (MCO2PinFreq_Value) has invalid value (180000000)
2025-12-06 19:50:15,371 [INFO] ImportTextPane:194 - (OptionalMessage_ERROR) IP (RCC) : Parameter (SDIOFreq_Value) has invalid value (180000000)
2025-12-06 19:50:15,371 [INFO] ImportTextPane:194 - (OptionalMessage_ERROR) IP (RCC) : Parameter (USBFreq_Value) has invalid value (180000000)
2025-12-06 19:50:15,372 [INFO] ImportTextPane:194 - (OptionalMessage_ERROR) IP (RCC) : Invalid parameter (VCOInputMFreq_Value)
2025-12-06 19:50:15,372 [INFO] ImportTextPane:194 - (OptionalMessage_ERROR) IP (RCC) : Invalid parameter (VcooutputI2S)
2025-12-06 19:50:15,591 [INFO] UtilMem:75 - End LoadConfig() Used Memory: 774195944 Bytes (1073741824)
2025-12-06 19:50:15,623 [WARN] ThirdParty:833 - waiting for thirdparty lock release [change project]
2025-12-06 19:50:15,624 [INFO] ThirdParty:835 - entering critical section [change project]
2025-12-06 19:50:15,624 [INFO] ThirdParty:1030 - CMSIS Pack Vendor :STMicroelectronics X-CUBE-PM33A1 1.0.0
2025-12-06 19:50:15,624 [INFO] ThirdParty:1030 - CMSIS Pack Vendor :STMicroelectronics USBPD 4.1
2025-12-06 19:50:15,624 [INFO] ThirdParty:1030 - CMSIS Pack Vendor :STMicroelectronics X-CUBE-GNSS1 6.0.0
2025-12-06 19:50:15,624 [INFO] ThirdParty:1030 - CMSIS Pack Vendor :STMicroelectronics USB_HOST 2.0.0
2025-12-06 19:50:15,624 [INFO] ThirdParty:1030 - CMSIS Pack Vendor :STMicroelectronics FP-SNS-MOTENVWB1 1.4.0
2025-12-06 19:50:15,624 [INFO] ThirdParty:1030 - CMSIS Pack Vendor :STMicroelectronics X-CUBE-AZRTOS-F4 1.1.0
2025-12-06 19:50:15,624 [INFO] ThirdParty:1030 - CMSIS Pack Vendor :STMicroelectronics LIBJPEG 8.0.0
2025-12-06 19:50:15,624 [INFO] ThirdParty:1030 - CMSIS Pack Vendor :STMicroelectronics FP-ATR-ASTRA1 2.0.2
2025-12-06 19:50:15,624 [INFO] ThirdParty:1030 - CMSIS Pack Vendor :STMicroelectronics X-CUBE-SMBUS 2.1.0
2025-12-06 19:50:15,624 [INFO] ThirdParty:1030 - CMSIS Pack Vendor :STMicroelectronics X-CUBE-ISPU 2.1.0
2025-12-06 19:50:15,624 [INFO] ThirdParty:1030 - CMSIS Pack Vendor :STMicroelectronics X-CUBE-FREERTOS 1.2.0
2025-12-06 19:50:15,624 [INFO] ThirdParty:1030 - CMSIS Pack Vendor :STMicroelectronics X-CUBE-NFC12 1.0.0
2025-12-06 19:50:15,624 [INFO] ThirdParty:1030 - CMSIS Pack Vendor :STMicroelectronics X-CUBE-TOUCHGFX 4.23.2
2025-12-06 19:50:15,624 [INFO] ThirdParty:1030 - CMSIS Pack Vendor :STMicroelectronics X-CUBE-AZRTOS-F7 1.1.0
2025-12-06 19:50:15,624 [INFO] ThirdParty:1030 - CMSIS Pack Vendor :STMicroelectronics X-CUBE-AZRTOS-L5 2.0.0
2025-12-06 19:50:15,624 [INFO] ThirdParty:1030 - CMSIS Pack Vendor :STMicroelectronics USB_DEVICE 2.0.0
2025-12-06 19:50:15,624 [INFO] ThirdParty:1030 - CMSIS Pack Vendor :STMicroelectronics X-CUBE-NFC6 3.1.0
2025-12-06 19:50:15,624 [INFO] ThirdParty:1030 - CMSIS Pack Vendor :STMicroelectronics FreeRTOS 0.0.1
2025-12-06 19:50:15,624 [INFO] ThirdParty:1030 - CMSIS Pack Vendor :STMicroelectronics X-CUBE-DPower 1.2.0
2025-12-06 19:50:15,624 [INFO] ThirdParty:1030 - CMSIS Pack Vendor :STMicroelectronics FP-SNS-FLIGHT1 5.0.2
2025-12-06 19:50:15,624 [INFO] ThirdParty:1030 - CMSIS Pack Vendor :STMicroelectronics X-CUBE-AI 9.0.0
2025-12-06 19:50:15,624 [INFO] ThirdParty:1030 - CMSIS Pack Vendor :STMicroelectronics PDM2PCM 3.3.0
2025-12-06 19:50:15,624 [INFO] ThirdParty:1030 - CMSIS Pack Vendor :STMicroelectronics X-CUBE-AZRTOS-H7 3.4.0
2025-12-06 19:50:15,624 [INFO] ThirdParty:1030 - CMSIS Pack Vendor :STMicroelectronics X-CUBE-DISPLAY 3.0.0
2025-12-06 19:50:15,624 [INFO] ThirdParty:1030 - CMSIS Pack Vendor :STMicroelectronics X-CUBE-BLE1 7.0.0
2025-12-06 19:50:15,624 [INFO] ThirdParty:1030 - CMSIS Pack Vendor :STMicroelectronics X-CUBE-NFC10 1.0.0
2025-12-06 19:50:15,624 [INFO] ThirdParty:1030 - CMSIS Pack Vendor :STMicroelectronics X-CUBE-BLEMGR 4.0.0
2025-12-06 19:50:15,624 [INFO] ThirdParty:1030 - CMSIS Pack Vendor :STMicroelectronics X-CUBE-FREERTOS 1.3.1
2025-12-06 19:50:15,624 [INFO] ThirdParty:1030 - CMSIS Pack Vendor :STMicroelectronics HAL Drivers 0.0.0
2025-12-06 19:50:15,624 [INFO] ThirdParty:1030 - CMSIS Pack Vendor :emotas I-CUBE-CANOPEN 1.3.0
2025-12-06 19:50:15,624 [INFO] ThirdParty:1030 - CMSIS Pack Vendor :STMicroelectronics X-CUBE-NFC7 1.0.1
2025-12-06 19:50:15,624 [INFO] ThirdParty:1030 - CMSIS Pack Vendor :STMicroelectronics MBEDTLS 2.14.1
2025-12-06 19:50:15,624 [INFO] ThirdParty:1030 - CMSIS Pack Vendor :STMicroelectronics X-CUBE-GNSS1 7.1.0
2025-12-06 19:50:15,624 [INFO] ThirdParty:1030 - CMSIS Pack Vendor :wolfSSL I-CUBE-wolfTPM 3.2.0
2025-12-06 19:50:15,624 [INFO] ThirdParty:1030 - CMSIS Pack Vendor :STMicroelectronics X-CUBE-TOUCHGFX 4.26.0
2025-12-06 19:50:15,624 [INFO] ThirdParty:1030 - CMSIS Pack Vendor :quantropi X-CUBE-qispace-sdk-base 2.0.0
2025-12-06 19:50:15,624 [INFO] ThirdParty:1030 - CMSIS Pack Vendor :STMicroelectronics X-CUBE-BLEMGR 3.1.0
2025-12-06 19:50:15,624 [INFO] ThirdParty:1030 - CMSIS Pack Vendor :STMicroelectronics X-CUBE-AI 10.0.0
2025-12-06 19:50:15,624 [INFO] ThirdParty:1030 - CMSIS Pack Vendor :STMicroelectronics FP-SNS-SMARTAG2 1.2.0
2025-12-06 19:50:15,624 [INFO] ThirdParty:1030 - CMSIS Pack Vendor :STMicroelectronics X-CUBE-AZRTOS-WL 2.0.0
2025-12-06 19:50:15,624 [INFO] ThirdParty:1030 - CMSIS Pack Vendor :STMicroelectronics X-CUBE-DPower 1.3.0
2025-12-06 19:50:15,624 [INFO] ThirdParty:1030 - CMSIS Pack Vendor :STMicroelectronics FP-SNS-MOTENV1 5.0.0
2025-12-06 19:50:15,624 [INFO] ThirdParty:1030 - CMSIS Pack Vendor :STMicroelectronics USB_DEVICE 1.0.0
2025-12-06 19:50:15,624 [INFO] ThirdParty:1030 - CMSIS Pack Vendor :STMicroelectronics X-CUBE-AZRTOS-H7RS 1.2.0
2025-12-06 19:50:15,624 [INFO] ThirdParty:1030 - CMSIS Pack Vendor :wolfSSL I-CUBE-wolfMQTT 1.19.0
2025-12-06 19:50:15,624 [INFO] ThirdParty:1030 - CMSIS Pack Vendor :STMicroelectronics X-CUBE-AZRTOS-L4 2.0.0
2025-12-06 19:50:15,624 [INFO] ThirdParty:1030 - CMSIS Pack Vendor :STMicroelectronics ThreadX 0.0.2
2025-12-06 19:50:15,624 [INFO] ThirdParty:1030 - CMSIS Pack Vendor :WES I-CUBE-Cesium 1.3.0
2025-12-06 19:50:15,624 [INFO] ThirdParty:1030 - CMSIS Pack Vendor :STMicroelectronics lwIP 2.1.2
2025-12-06 19:50:15,624 [INFO] ThirdParty:1030 - CMSIS Pack Vendor :STMicroelectronics X-CUBE-SFXS2LP1 4.0.0
2025-12-06 19:50:15,624 [INFO] ThirdParty:1030 - CMSIS Pack Vendor :STMicroelectronics X-CUBE-BLE2 3.3.0
2025-12-06 19:50:15,624 [INFO] ThirdParty:1030 - CMSIS Pack Vendor :STMicroelectronics PDM2PCM 3.2.0
2025-12-06 19:50:15,624 [INFO] ThirdParty:1030 - CMSIS Pack Vendor :STMicroelectronics X-CUBE-AZRTOS-H7 3.3.0
2025-12-06 19:50:15,624 [INFO] ThirdParty:1030 - CMSIS Pack Vendor :STMicroelectronics X-CUBE-NFC9 1.0.0
2025-12-06 19:50:15,624 [INFO] ThirdParty:1030 - CMSIS Pack Vendor :STMicroelectronics X-CUBE-BLE1 7.1.0
2025-12-06 19:50:15,624 [INFO] ThirdParty:1030 - CMSIS Pack Vendor :STMicroelectronics USB_DEVICE 3.0.0
2025-12-06 19:50:15,624 [INFO] ThirdParty:1030 - CMSIS Pack Vendor :STMicroelectronics X-CUBE-TCPP 4.1.0
2025-12-06 19:50:15,624 [INFO] ThirdParty:1030 - CMSIS Pack Vendor :STMicroelectronics X-CUBE-EEPRMA1 5.2.0
2025-12-06 19:50:15,624 [INFO] ThirdParty:1030 - CMSIS Pack Vendor :STMicroelectronics X-CUBE-AZRTOS-WB 2.0.0
2025-12-06 19:50:15,624 [INFO] ThirdParty:1030 - CMSIS Pack Vendor :STMicroelectronics X-CUBE-GNSS1 7.0.1
2025-12-06 19:50:15,624 [INFO] ThirdParty:1030 - CMSIS Pack Vendor :STMicroelectronics X-CUBE-TOUCHGFX 4.25.0
2025-12-06 19:50:15,624 [INFO] ThirdParty:1030 - CMSIS Pack Vendor :STMicroelectronics X-CUBE-AI 10.1.0
2025-12-06 19:50:15,624 [INFO] ThirdParty:1030 - CMSIS Pack Vendor :STMicroelectronics FP-SNS-STBOX1 2.0.0
2025-12-06 19:50:15,624 [INFO] ThirdParty:1030 - CMSIS Pack Vendor :STMicroelectronics X-CUBE-MEMS1 12.0.0
2025-12-06 19:50:15,624 [INFO] ThirdParty:1030 - CMSIS Pack Vendor :STMicroelectronics X-CUBE-ALGOBUILD 1.3.0
2025-12-06 19:50:15,624 [INFO] ThirdParty:1030 - CMSIS Pack Vendor :STMicroelectronics X-CUBE-MEMS1 11.2.0
2025-12-06 19:50:15,624 [INFO] ThirdParty:1030 - CMSIS Pack Vendor :STMicroelectronics X-CUBE-AZRTOS-G0 1.1.0
2025-12-06 19:50:15,624 [INFO] ThirdParty:1030 - CMSIS Pack Vendor :STMicroelectronics X-CUBE-SAFEA1 1.2.2
2025-12-06 19:50:15,624 [INFO] ThirdParty:1030 - CMSIS Pack Vendor :STMicroelectronics X-CUBE-NFC4 3.0.0
2025-12-06 19:50:15,624 [INFO] ThirdParty:1030 - CMSIS Pack Vendor :STMicroelectronics X-CUBE-SUBG2 5.0.0
2025-12-06 19:50:15,624 [INFO] ThirdParty:1030 - CMSIS Pack Vendor :STMicroelectronics X-CUBE-AZRTOS-H7RS 1.1.0
2025-12-06 19:50:15,624 [INFO] ThirdParty:1030 - CMSIS Pack Vendor :STMicroelectronics STM32_WPAN 1.0.0
2025-12-06 19:50:15,624 [INFO] ThirdParty:1030 - CMSIS Pack Vendor :EmbeddedOffice I-CUBE-FS-RTOS 1.0.1
2025-12-06 19:50:15,624 [INFO] ThirdParty:1030 - CMSIS Pack Vendor :STMicroelectronics lwIP 2.0.3
2025-12-06 19:50:15,624 [INFO] ThirdParty:1030 - CMSIS Pack Vendor :Cesanta I-CUBE-Mongoose 7.13.0
2025-12-06 19:50:15,624 [INFO] ThirdParty:1030 - CMSIS Pack Vendor :STMicroelectronics USB_HOST 1.0.0
2025-12-06 19:50:15,624 [INFO] ThirdParty:1030 - CMSIS Pack Vendor :STMicroelectronics X-CUBE-AZRTOS-G4 2.0.0
2025-12-06 19:50:15,624 [INFO] ThirdParty:1030 - CMSIS Pack Vendor :STMicroelectronics X-CUBE-WB05N 2.0.0
2025-12-06 19:50:15,624 [INFO] ThirdParty:1030 - CMSIS Pack Vendor :STMicroelectronics PDM2PCM 3.1.0
2025-12-06 19:50:15,624 [INFO] ThirdParty:1030 - CMSIS Pack Vendor :STMicroelectronics X-CUBE-NFC7 2.0.0
2025-12-06 19:50:15,624 [INFO] ThirdParty:1030 - CMSIS Pack Vendor :RealThread X-CUBE-RT-Thread_Nano 4.1.1
2025-12-06 19:50:15,624 [INFO] ThirdParty:1030 - CMSIS Pack Vendor :wolfSSL I-CUBE-wolfSSL 5.7.0
2025-12-06 19:50:15,624 [INFO] ThirdParty:1030 - CMSIS Pack Vendor :STMicroelectronics FP-ATR-SIGFOX1 3.2.0
2025-12-06 19:50:15,624 [INFO] ThirdParty:1030 - CMSIS Pack Vendor :STMicroelectronics X-CUBE-ISPU 2.0.0
2025-12-06 19:50:15,624 [INFO] ThirdParty:1030 - CMSIS Pack Vendor :STMicroelectronics X-CUBE-EEPRMA1 5.1.0
2025-12-06 19:50:15,624 [INFO] ThirdParty:1030 - CMSIS Pack Vendor :STMicroelectronics MBEDTLS 2.16.2
2025-12-06 19:50:15,624 [INFO] ThirdParty:1030 - CMSIS Pack Vendor :STMicroelectronics X-CUBE-ALS 1.0.2
2025-12-06 19:50:15,624 [INFO] ThirdParty:1030 - CMSIS Pack Vendor :STMicroelectronics X-CUBE-MEMS1 10.0.0
2025-12-06 19:50:15,624 [INFO] ThirdParty:1030 - CMSIS Pack Vendor :STMicroelectronics X-CUBE-FREERTOS 1.1.0
2025-12-06 19:50:15,624 [INFO] ThirdParty:1030 - CMSIS Pack Vendor :STMicroelectronics X-CUBE-TOUCHGFX 4.24.0
2025-12-06 19:50:15,624 [INFO] ThirdParty:1030 - CMSIS Pack Vendor :ITTIA_DB I-CUBE-ITTIADB 8.9.0
2025-12-06 19:50:15,624 [INFO] ThirdParty:1030 - CMSIS Pack Vendor :STMicroelectronics X-CUBE-STSE01 1.0.0
2025-12-06 19:50:15,624 [INFO] ThirdParty:1030 - CMSIS Pack Vendor :portGmbH I-Cube-SoM-uGOAL 1.1.0
2025-12-06 19:50:15,624 [INFO] ThirdParty:1030 - CMSIS Pack Vendor :STMicroelectronics X-CUBE-ALS 1.0.1
2025-12-06 19:50:15,624 [INFO] ThirdParty:1030 - CMSIS Pack Vendor :STMicroelectronics X-CUBE-AI 10.2.0
2025-12-06 19:50:15,624 [INFO] ThirdParty:1030 - CMSIS Pack Vendor :STMicroelectronics ThreadX 1.0.0
2025-12-06 19:50:15,624 [INFO] ThirdParty:1030 - CMSIS Pack Vendor :SEGGER I-CUBE-embOS 1.3.1
2025-12-06 19:50:15,624 [INFO] ThirdParty:1030 - CMSIS Pack Vendor :STMicroelectronics X-CUBE-ALGOBUILD 1.4.0
2025-12-06 19:50:15,625 [INFO] ThirdParty:1030 - CMSIS Pack Vendor :STMicroelectronics X-CUBE-MEMS1 11.3.0
2025-12-06 19:50:15,625 [INFO] ThirdParty:1030 - CMSIS Pack Vendor :STMicroelectronics X-CUBE-AZRTOS-H7RS 1.0.0
2025-12-06 19:50:15,625 [INFO] ThirdParty:1030 - CMSIS Pack Vendor :STMicroelectronics FP-ATR-ASTRA1 2.0.0
2025-12-06 19:50:15,625 [INFO] ThirdParty:1030 - CMSIS Pack Vendor :STMicroelectronics X-CUBE-TOF1 3.4.2
2025-12-06 19:50:15,625 [INFO] ThirdParty:1030 - CMSIS Pack Vendor :STMicroelectronics X-CUBE-TOF1 3.4.1
2025-12-06 19:50:15,625 [INFO] ThirdParty:1030 - CMSIS Pack Vendor :STMicroelectronics X-CUBE-AZRTOS-H7 3.2.0
2025-12-06 19:50:15,625 [INFO] ThirdParty:1030 - CMSIS Pack Vendor :Infineon AIROC-Wi-Fi-Bluetooth-STM32 1.6.0
2025-12-06 19:50:15,625 [INFO] ThirdParty:1030 - CMSIS Pack Vendor :wolfSSL I-CUBE-wolfSSH 1.4.17
2025-12-06 19:50:15,625 [INFO] ThirdParty:841 - exiting critical section [change project]
2025-12-06 19:50:15,691 [INFO] PinOutPanel:1561 - setPackage(No Configuration,No Configuration)
2025-12-06 19:50:15,692 [INFO] PinOutPanel:1561 - setPackage(STM32F446RETx,LQFP64)
2025-12-06 19:50:15,862 [INFO] UtilMem:75 - Before build in PCC Used Memory: 875466496 Bytes (1073741824)
2025-12-06 19:50:15,972 [INFO] UtilMem:75 - After build in PCC Used Memory: 923700992 Bytes (1073741824)
2025-12-06 19:50:15,995 [INFO] IPUIPlugin:80 - create IPUIPlugin
2025-12-06 19:50:15,995 [INFO] IPUIPlugin:80 - create IPUIPlugin
2025-12-06 19:50:15,995 [INFO] IPUIPlugin:80 - create IPUIPlugin
2025-12-06 19:50:15,995 [INFO] IPUIPlugin:80 - create IPUIPlugin
2025-12-06 19:50:15,995 [INFO] IPUIPlugin:80 - create IPUIPlugin
2025-12-06 19:50:15,996 [INFO] IPUIPlugin:80 - create IPUIPlugin
2025-12-06 19:50:15,996 [INFO] IPUIPlugin:80 - create IPUIPlugin
2025-12-06 19:50:15,996 [INFO] IPUIPlugin:80 - create IPUIPlugin
2025-12-06 19:50:15,996 [INFO] IPUIPlugin:80 - create IPUIPlugin
2025-12-06 19:50:15,996 [INFO] IPUIPlugin:80 - create IPUIPlugin
2025-12-06 19:50:15,996 [INFO] IPUIPlugin:80 - create IPUIPlugin
2025-12-06 19:50:15,996 [INFO] IPUIPlugin:80 - create IPUIPlugin
2025-12-06 19:50:15,996 [INFO] IPUIPlugin:80 - create IPUIPlugin
2025-12-06 19:50:15,996 [INFO] IPUIPlugin:80 - create IPUIPlugin
2025-12-06 19:50:15,996 [INFO] IPUIPlugin:80 - create IPUIPlugin
2025-12-06 19:50:15,996 [INFO] IPUIPlugin:80 - create IPUIPlugin
2025-12-06 19:50:15,996 [INFO] IPUIPlugin:80 - create IPUIPlugin
2025-12-06 19:50:15,996 [INFO] IPUIPlugin:80 - create IPUIPlugin
2025-12-06 19:50:15,997 [INFO] IPUIPlugin:80 - create IPUIPlugin
2025-12-06 19:50:15,997 [INFO] IPUIPlugin:80 - create IPUIPlugin
2025-12-06 19:50:15,997 [INFO] IPUIPlugin:80 - create IPUIPlugin
2025-12-06 19:50:15,997 [INFO] IPUIPlugin:80 - create IPUIPlugin
2025-12-06 19:50:15,998 [INFO] IPUIPlugin:80 - create IPUIPlugin
2025-12-06 19:50:15,998 [INFO] IPUIPlugin:80 - create IPUIPlugin
2025-12-06 19:50:15,998 [INFO] IPUIPlugin:80 - create IPUIPlugin
2025-12-06 19:50:15,998 [INFO] IPUIPlugin:80 - create IPUIPlugin
2025-12-06 19:50:15,998 [INFO] IPUIPlugin:80 - create IPUIPlugin
2025-12-06 19:50:15,998 [INFO] IPUIPlugin:80 - create IPUIPlugin
2025-12-06 19:50:15,998 [INFO] IPUIPlugin:80 - create IPUIPlugin
2025-12-06 19:50:15,998 [INFO] IPUIPlugin:80 - create IPUIPlugin
2025-12-06 19:50:15,998 [INFO] IPUIPlugin:80 - create IPUIPlugin
2025-12-06 19:50:15,998 [INFO] IPUIPlugin:80 - create IPUIPlugin
2025-12-06 19:50:15,998 [INFO] IPUIPlugin:80 - create IPUIPlugin
2025-12-06 19:50:15,998 [INFO] IPUIPlugin:80 - create IPUIPlugin
2025-12-06 19:50:15,999 [INFO] IPUIPlugin:80 - create IPUIPlugin
2025-12-06 19:50:15,999 [INFO] IPUIPlugin:80 - create IPUIPlugin
2025-12-06 19:50:16,017 [INFO] IPUIPlugin:80 - create IPUIPlugin
2025-12-06 19:50:16,017 [INFO] IPUIPlugin:80 - create IPUIPlugin
2025-12-06 19:50:16,017 [INFO] IPUIPlugin:80 - create IPUIPlugin
2025-12-06 19:50:16,017 [INFO] IPUIPlugin:80 - create IPUIPlugin
2025-12-06 19:50:16,019 [INFO] IPUIPlugin:80 - create IPUIPlugin
2025-12-06 19:50:16,019 [INFO] IPUIPlugin:80 - create IPUIPlugin
2025-12-06 19:50:16,019 [INFO] IPUIPlugin:80 - create IPUIPlugin
2025-12-06 19:50:16,019 [INFO] IPUIPlugin:80 - create IPUIPlugin
2025-12-06 19:50:16,019 [INFO] IPUIPlugin:80 - create IPUIPlugin
2025-12-06 19:50:16,020 [INFO] IPUIPlugin:80 - create IPUIPlugin
2025-12-06 19:50:16,020 [INFO] IPUIPlugin:80 - create IPUIPlugin
2025-12-06 19:50:16,020 [INFO] IPUIPlugin:80 - create IPUIPlugin
2025-12-06 19:50:16,020 [INFO] IPUIPlugin:80 - create IPUIPlugin
2025-12-06 19:50:16,020 [INFO] IPUIPlugin:80 - create IPUIPlugin
2025-12-06 19:50:16,020 [INFO] IPUIPlugin:80 - create IPUIPlugin
2025-12-06 19:50:16,020 [INFO] IPUIPlugin:80 - create IPUIPlugin
2025-12-06 19:50:16,021 [INFO] IPUIPlugin:80 - create IPUIPlugin
2025-12-06 19:50:16,021 [INFO] IPUIPlugin:80 - create IPUIPlugin
2025-12-06 19:50:16,021 [INFO] IPUIPlugin:80 - create IPUIPlugin
2025-12-06 19:50:16,022 [INFO] IPUIPlugin:80 - create IPUIPlugin
2025-12-06 19:50:16,022 [INFO] IPUIPlugin:80 - create IPUIPlugin
2025-12-06 19:50:16,022 [INFO] IPUIPlugin:80 - create IPUIPlugin
2025-12-06 19:50:16,022 [INFO] IPUIPlugin:80 - create IPUIPlugin
2025-12-06 19:50:16,023 [INFO] IPUIPlugin:80 - create IPUIPlugin
2025-12-06 19:50:16,025 [INFO] ApiDbMcu:508 - Load IP Config File for PDM2PCM
2025-12-06 19:50:16,026 [INFO] Can:71 - Can Add PropertyChangeListener com.st.microxplorer.plugins.ip.can.Can@147193c1
2025-12-06 19:50:16,062 [INFO] CADModel:165 - CPN selected for project levelSTM32F446RET6
2025-12-06 19:50:16,062 [INFO] CADModel:114 - Register for checkConnection events
2025-12-06 19:50:16,121 [INFO] OpenFileManager:343 - Restore cursor
2025-12-06 19:50:21,060 [INFO] NvicIntPanel:101 - NVIC parent = com.st.microxplorer.plugins.ip.nvic.MultiNvicIntPanel[,0,0,0x0,invalid,layout=javax.swing.BoxLayout,alignmentX=0.0,alignmentY=0.0,border=,flags=9,maximumSize=,minimumSize=,preferredSize=]
2025-12-06 19:50:23,937 [INFO] NvicIntPanel:101 - NVIC parent = com.st.microxplorer.plugins.ip.nvic.MultiNvicIntPanel[,0,0,0x0,invalid,layout=javax.swing.BoxLayout,alignmentX=0.0,alignmentY=0.0,border=,flags=9,maximumSize=,minimumSize=,preferredSize=]
2025-12-06 19:50:43,354 [WARN] IP:2120 - I2C_Coeff_DF not found: check if there is a RefParameter without a condition.
2025-12-06 19:50:43,354 [WARN] IP:2120 - Analog_Filter not found: check if there is a RefParameter without a condition.
2025-12-06 19:50:43,381 [WARN] IP:2120 - I2C_Coeff_DF not found: check if there is a RefParameter without a condition.
2025-12-06 19:50:43,381 [WARN] IP:2120 - Analog_Filter not found: check if there is a RefParameter without a condition.
2025-12-06 19:50:43,382 [WARN] IP:2120 - I2C_Coeff_DF not found: check if there is a RefParameter without a condition.
2025-12-06 19:50:43,382 [WARN] IP:2120 - Analog_Filter not found: check if there is a RefParameter without a condition.
2025-12-06 19:50:43,408 [WARN] IP:2120 - I2C_Coeff_DF not found: check if there is a RefParameter without a condition.
2025-12-06 19:50:43,408 [WARN] IP:2120 - Analog_Filter not found: check if there is a RefParameter without a condition.
2025-12-06 19:50:43,408 [WARN] IP:2120 - I2C_Coeff_DF not found: check if there is a RefParameter without a condition.
2025-12-06 19:50:43,408 [WARN] IP:2120 - Analog_Filter not found: check if there is a RefParameter without a condition.
2025-12-06 19:50:48,285 [INFO] NvicIntPanel:101 - NVIC parent = com.st.microxplorer.plugins.ip.nvic.MultiNvicIntPanel[,0,0,450x123,layout=javax.swing.BoxLayout,alignmentX=0.0,alignmentY=0.0,border=,flags=9,maximumSize=,minimumSize=,preferredSize=]
2025-12-06 19:50:53,024 [WARN] IP:2120 - I2C_Coeff_DF not found: check if there is a RefParameter without a condition.
2025-12-06 19:50:53,024 [WARN] IP:2120 - Analog_Filter not found: check if there is a RefParameter without a condition.
2025-12-06 19:51:20,909 [WARN] IP:2120 - I2C_Coeff_DF not found: check if there is a RefParameter without a condition.
2025-12-06 19:51:20,909 [WARN] IP:2120 - Analog_Filter not found: check if there is a RefParameter without a condition.
2025-12-06 19:52:21,179 [WARN] IP:2120 - I2C_Coeff_DF not found: check if there is a RefParameter without a condition.
2025-12-06 19:52:21,179 [WARN] IP:2120 - Analog_Filter not found: check if there is a RefParameter without a condition.
2025-12-06 19:52:21,237 [WARN] IP:2120 - I2C_Coeff_DF not found: check if there is a RefParameter without a condition.
2025-12-06 19:52:21,237 [WARN] IP:2120 - Analog_Filter not found: check if there is a RefParameter without a condition.
2025-12-06 19:52:21,237 [WARN] IP:2120 - I2C_Coeff_DF not found: check if there is a RefParameter without a condition.
2025-12-06 19:52:21,237 [WARN] IP:2120 - Analog_Filter not found: check if there is a RefParameter without a condition.
2025-12-06 19:52:21,255 [WARN] IP:2120 - I2C_Coeff_DF not found: check if there is a RefParameter without a condition.
2025-12-06 19:52:21,255 [WARN] IP:2120 - Analog_Filter not found: check if there is a RefParameter without a condition.
2025-12-06 19:52:21,277 [WARN] IP:2120 - I2C_Coeff_DF not found: check if there is a RefParameter without a condition.
2025-12-06 19:52:21,277 [WARN] IP:2120 - Analog_Filter not found: check if there is a RefParameter without a condition.
2025-12-06 19:52:24,069 [WARN] IP:2120 - I2C_Coeff_DF not found: check if there is a RefParameter without a condition.
2025-12-06 19:52:24,069 [WARN] IP:2120 - Analog_Filter not found: check if there is a RefParameter without a condition.
2025-12-06 19:52:24,147 [WARN] IP:2120 - I2C_Coeff_DF not found: check if there is a RefParameter without a condition.
2025-12-06 19:52:24,147 [WARN] IP:2120 - Analog_Filter not found: check if there is a RefParameter without a condition.
2025-12-06 19:52:24,147 [WARN] IP:2120 - I2C_Coeff_DF not found: check if there is a RefParameter without a condition.
2025-12-06 19:52:24,147 [WARN] IP:2120 - Analog_Filter not found: check if there is a RefParameter without a condition.
2025-12-06 19:52:24,187 [WARN] IP:2120 - I2C_Coeff_DF not found: check if there is a RefParameter without a condition.
2025-12-06 19:52:24,187 [WARN] IP:2120 - Analog_Filter not found: check if there is a RefParameter without a condition.
2025-12-06 19:52:24,213 [WARN] IP:2120 - I2C_Coeff_DF not found: check if there is a RefParameter without a condition.
2025-12-06 19:52:24,213 [WARN] IP:2120 - Analog_Filter not found: check if there is a RefParameter without a condition.
2025-12-06 19:52:26,773 [WARN] IP:2120 - I2C_Coeff_DF not found: check if there is a RefParameter without a condition.
2025-12-06 19:52:26,773 [WARN] IP:2120 - Analog_Filter not found: check if there is a RefParameter without a condition.
2025-12-06 19:52:26,823 [WARN] IP:2120 - I2C_Coeff_DF not found: check if there is a RefParameter without a condition.
2025-12-06 19:52:26,823 [WARN] IP:2120 - Analog_Filter not found: check if there is a RefParameter without a condition.
2025-12-06 19:52:26,823 [WARN] IP:2120 - I2C_Coeff_DF not found: check if there is a RefParameter without a condition.
2025-12-06 19:52:26,824 [WARN] IP:2120 - Analog_Filter not found: check if there is a RefParameter without a condition.
2025-12-06 19:52:26,843 [WARN] IP:2120 - I2C_Coeff_DF not found: check if there is a RefParameter without a condition.
2025-12-06 19:52:26,844 [WARN] IP:2120 - Analog_Filter not found: check if there is a RefParameter without a condition.
2025-12-06 19:52:26,861 [WARN] IP:2120 - I2C_Coeff_DF not found: check if there is a RefParameter without a condition.
2025-12-06 19:52:26,861 [WARN] IP:2120 - Analog_Filter not found: check if there is a RefParameter without a condition.
2025-12-06 19:52:45,301 [WARN] IP:2120 - I2C_Coeff_DF not found: check if there is a RefParameter without a condition.
2025-12-06 19:52:45,301 [WARN] IP:2120 - Analog_Filter not found: check if there is a RefParameter without a condition.
2025-12-06 19:52:45,375 [WARN] IP:2120 - I2C_Coeff_DF not found: check if there is a RefParameter without a condition.
2025-12-06 19:52:45,375 [WARN] IP:2120 - Analog_Filter not found: check if there is a RefParameter without a condition.
2025-12-06 19:52:45,375 [WARN] IP:2120 - I2C_Coeff_DF not found: check if there is a RefParameter without a condition.
2025-12-06 19:52:45,375 [WARN] IP:2120 - Analog_Filter not found: check if there is a RefParameter without a condition.
2025-12-06 19:52:45,401 [WARN] IP:2120 - I2C_Coeff_DF not found: check if there is a RefParameter without a condition.
2025-12-06 19:52:45,401 [WARN] IP:2120 - Analog_Filter not found: check if there is a RefParameter without a condition.
2025-12-06 19:52:45,425 [WARN] IP:2120 - I2C_Coeff_DF not found: check if there is a RefParameter without a condition.
2025-12-06 19:52:45,425 [WARN] IP:2120 - Analog_Filter not found: check if there is a RefParameter without a condition.
2025-12-06 19:53:11,069 [INFO] UtilMem:75 - End SaveConfig() Used Memory: 950022960 Bytes (1073741824)
2025-12-06 19:53:13,045 [INFO] UtilMem:75 - End SaveConfig() Used Memory: 752596352 Bytes (1073741824)
2025-12-06 19:53:13,114 [INFO] BlockDiagram:2759 - set Specific Code input for plugin: CAN
2025-12-06 19:53:13,114 [INFO] BlockDiagram:2759 - set Specific Code input for plugin: SYS
2025-12-06 19:53:13,114 [INFO] BlockDiagram:2759 - set Specific Code input for plugin: RCC
2025-12-06 19:53:13,114 [INFO] BlockDiagram:2759 - set Specific Code input for plugin: I2C
2025-12-06 19:53:13,114 [INFO] BlockDiagram:2759 - set Specific Code input for plugin: NVIC
2025-12-06 19:53:13,114 [INFO] BlockDiagram:2759 - set Specific Code input for plugin: USART
2025-12-06 19:53:13,114 [INFO] BlockDiagram:2759 - set Specific Code input for plugin: GPIO
2025-12-06 19:53:13,115 [INFO] CodeGenerator:807 - code generatio: config db path: C:\ST\STM32CubeIDE_1.15.0\STM32CubeIDE\plugins\com.st.stm32cube.common.mx_6.11.0.202403141607\\db\
2025-12-06 19:53:13,117 [WARN] IP:2120 - I2C_Coeff_DF not found: check if there is a RefParameter without a condition.
2025-12-06 19:53:13,117 [WARN] IP:2120 - Analog_Filter not found: check if there is a RefParameter without a condition.
2025-12-06 19:53:13,188 [INFO] CodeEngine:255 - oldGeneratedFile, D:\WorkSpace\Instrument_Cluster_V0\MXTmpFiles\license.tmp_save
2025-12-06 19:53:13,282 [INFO] CodeEngine:279 - Generated code: D:\WorkSpace\Instrument_Cluster_V0\MXTmpFiles\license.tmp
2025-12-06 19:53:13,312 [INFO] CodeEngine:255 - oldGeneratedFile, D:\WorkSpace\Instrument_Cluster_V0\MXTmpFiles\gpio.tmp_save
2025-12-06 19:53:13,418 [INFO] CodeEngine:279 - Generated code: D:\WorkSpace\Instrument_Cluster_V0\MXTmpFiles\gpio.tmp
2025-12-06 19:53:13,496 [INFO] CodeEngine:255 - oldGeneratedFile, D:\WorkSpace\Instrument_Cluster_V0\Core\Src\stm32f4xx_it.c_save
2025-12-06 19:53:13,623 [INFO] CodeEngine:279 - Generated code: D:\WorkSpace\Instrument_Cluster_V0\Core\Src\stm32f4xx_it.c
2025-12-06 19:53:13,627 [INFO] CodeEngine:255 - oldGeneratedFile, D:\WorkSpace\Instrument_Cluster_V0\Core\Inc\stm32f4xx_it.h_save
2025-12-06 19:53:13,678 [INFO] CodeEngine:279 - Generated code: D:\WorkSpace\Instrument_Cluster_V0\Core\Inc\stm32f4xx_it.h
2025-12-06 19:53:13,695 [INFO] CodeEngine:255 - oldGeneratedFile, D:\WorkSpace\Instrument_Cluster_V0\Core\Src\stm32f4xx_hal_msp.c_save
2025-12-06 19:53:13,779 [INFO] CodeEngine:279 - Generated code: D:\WorkSpace\Instrument_Cluster_V0\Core\Src\stm32f4xx_hal_msp.c
2025-12-06 19:53:13,781 [INFO] CodeEngine:255 - oldGeneratedFile, D:\WorkSpace\Instrument_Cluster_V0\MXTmpFiles\system.tmp_save
2025-12-06 19:53:13,815 [INFO] CodeEngine:279 - Generated code: D:\WorkSpace\Instrument_Cluster_V0\MXTmpFiles\system.tmp
2025-12-06 19:53:13,828 [INFO] CodeEngine:311 - oldGeneratedFile, D:\WorkSpace\Instrument_Cluster_V0\Core\Inc\stm32f4xx_hal_conf.h_save
2025-12-06 19:53:13,896 [INFO] CodeEngine:335 - Generated code: D:\WorkSpace\Instrument_Cluster_V0\Core\Inc\stm32f4xx_hal_conf.h
2025-12-06 19:53:13,927 [WARN] IPConfigManager:2982 - Warning: the RefConfig PLL2P_FOR_MCO is not available in your config.xml file
2025-12-06 19:53:13,942 [INFO] CodeEngine:255 - oldGeneratedFile, D:\WorkSpace\Instrument_Cluster_V0\Core\Inc\main.h_save
2025-12-06 19:53:13,991 [INFO] CodeEngine:279 - Generated code: D:\WorkSpace\Instrument_Cluster_V0\Core\Inc\main.h
2025-12-06 19:53:14,002 [INFO] CodeEngine:255 - oldGeneratedFile, D:\WorkSpace\Instrument_Cluster_V0\Core\Src\main.c_save
2025-12-06 19:53:14,109 [INFO] CodeEngine:279 - Generated code: D:\WorkSpace\Instrument_Cluster_V0\Core\Src\main.c
2025-12-06 19:53:14,356 [INFO] ProjectBuilder:3163 - Time for Copy HAL[1] : 137mS.
2025-12-06 19:53:14,357 [INFO] ProjectBuilder:4736 - Project Generator version: 4.3.0-B58
2025-12-06 19:53:14,397 [INFO] ConfigFileManager:1503 - The Die is : DIE421
2025-12-06 19:53:14,399 [INFO] ApiDbMcu:508 - Load IP Config File for FATFS
2025-12-06 19:53:14,401 [INFO] ApiDbMcu:508 - Load IP Config File for FREERTOS
2025-12-06 19:53:14,402 [INFO] ApiDbMcu:508 - Load IP Config File for LIBJPEG
2025-12-06 19:53:14,405 [INFO] ApiDbMcu:508 - Load IP Config File for MBEDTLS
2025-12-06 19:53:14,409 [INFO] ApiDbMcu:508 - Load IP Config File for USB_DEVICE
2025-12-06 19:53:14,412 [INFO] ApiDbMcu:508 - Load IP Config File for USB_HOST
2025-12-06 19:53:14,942 [INFO] ProjectBuilder:5002 - Time for Generating toolchain IDE Files: 574mS.
2025-12-06 19:53:14,944 [INFO] ProjectBuilder:3034 - Time for Copy CMSIS : 1mS.
2025-12-06 19:53:14,945 [INFO] ProjectBuilder:3034 - Time for Copy CMSIS : 0mS.
