2025-11-16 09:50:33,680 [ERROR] LogOutputStream:75 - [STDERR_REDIRECT] 
2025-11-16 09:54:37,117 [INFO] Activator:176 - 


2025-11-16 09:54:37,122 [INFO] Activator:177 - !SESSION log4j initialized
2025-11-16 09:54:46,984 [INFO] LogOutputStream:77 - [STDOUT_REDIRECT] 
2025-11-16 09:54:48,626 [INFO] ApplicationProperties:184 - Using Application install path: C:\ST\STM32CubeIDE_1.15.0\STM32CubeIDE\plugins\com.st.stm32cube.common.mx_6.11.0.202403141607
2025-11-16 09:54:48,651 [INFO] DbMcusXml:78 - Set database path to: C:\ST\STM32CubeIDE_1.15.0\STM32CubeIDE\plugins\com.st.stm32cube.common.mx_6.11.0.202403141607\\db\/mcu/
2025-11-16 09:54:48,651 [INFO] ApiDb:274 - Set plugin database path to: C:\ST\STM32CubeIDE_1.15.0\STM32CubeIDE\plugins\com.st.stm32cube.common.mx_6.11.0.202403141607\\db\/plugins/boardmanager/
2025-11-16 09:54:48,652 [WARN] ApiDb:259 - Overriding images path with different value:  => C:\ST\STM32CubeIDE_1.15.0\STM32CubeIDE\plugins\com.st.stm32cube.common.mx_6.11.0.202403141607\\db\/plugins/mcufinder/images/
2025-11-16 09:54:48,662 [INFO] ApiDb:250 - Set database path to: C:\Users\Aditya\.stmcufinder\plugins\mcufinder//mcu/
2025-11-16 09:54:48,664 [INFO] DbMcusAds:125 - Set database path to: C:\Users\Aditya\.stmcufinder\plugins\mcufinder//mcu/
2025-11-16 09:54:48,666 [INFO] CrossReferenceDbSqlite:203 - Set database path to: C:\Users\Aditya\.stmcufinder\plugins\mcufinder//mcu/cs/
2025-11-16 09:54:48,826 [INFO] RulesReader:64 - Compatibility file has been processed (297 Rules)
2025-11-16 09:54:49,001 [INFO] DbMcusXml:78 - Set database path to: C:\ST\STM32CubeIDE_1.15.0\STM32CubeIDE\plugins\com.st.stm32cube.common.mx_6.11.0.202403141607\\db\/mcu/
2025-11-16 09:54:49,001 [INFO] ApiDb:274 - Set plugin database path to: C:\ST\STM32CubeIDE_1.15.0\STM32CubeIDE\plugins\com.st.stm32cube.common.mx_6.11.0.202403141607\\db\/plugins/boardmanager/
2025-11-16 09:54:49,001 [INFO] ApiDb:261 - Set plugin images path to: C:\ST\STM32CubeIDE_1.15.0\STM32CubeIDE\plugins\com.st.stm32cube.common.mx_6.11.0.202403141607\\db\/plugins/mcufinder/images/
2025-11-16 09:54:49,001 [WARN] DbFile:41 - Overriding database path with different value: C:\Users\Aditya\.stmcufinder\plugins\mcufinder/ => C:\Users\Aditya\.stmcufinder\plugins\mcufinder
2025-11-16 09:54:49,002 [INFO] ApiDb:250 - Set database path to: C:\Users\Aditya\.stmcufinder\plugins\mcufinder//mcu/
2025-11-16 09:54:49,002 [WARN] DbFile:41 - Overriding database path with different value: C:\Users\Aditya\.stmcufinder\plugins\mcufinder/ => C:\Users\Aditya\.stmcufinder\plugins\mcufinder
2025-11-16 09:54:49,002 [INFO] DbMcusAds:125 - Set database path to: C:\Users\Aditya\.stmcufinder\plugins\mcufinder//mcu/
2025-11-16 09:54:49,002 [WARN] DbFile:41 - Overriding database path with different value: C:\Users\Aditya\.stmcufinder\plugins\mcufinder/ => C:\Users\Aditya\.stmcufinder\plugins\mcufinder
2025-11-16 09:54:49,002 [WARN] DbFile:41 - Overriding database path with different value: C:\Users\Aditya\.stmcufinder\plugins\mcufinder/ => C:\Users\Aditya\.stmcufinder\plugins\mcufinder
2025-11-16 09:54:49,002 [INFO] CrossReferenceDbSqlite:203 - Set database path to: C:\Users\Aditya\.stmcufinder\plugins\mcufinder//mcu/cs/
2025-11-16 09:54:49,125 [INFO] MainPanel:264 - HeapMemory: 268435456
2025-11-16 09:54:49,246 [INFO] DbMcusXml:78 - Set database path to: C:\ST\STM32CubeIDE_1.15.0\STM32CubeIDE\plugins\com.st.stm32cube.common.mx_6.11.0.202403141607\\db\/mcu/
2025-11-16 09:54:49,246 [INFO] ApiDb:274 - Set plugin database path to: C:\ST\STM32CubeIDE_1.15.0\STM32CubeIDE\plugins\com.st.stm32cube.common.mx_6.11.0.202403141607\\db\/plugins/boardmanager/
2025-11-16 09:54:49,246 [INFO] ApiDb:261 - Set plugin images path to: C:\ST\STM32CubeIDE_1.15.0\STM32CubeIDE\plugins\com.st.stm32cube.common.mx_6.11.0.202403141607\\db\/plugins/mcufinder/images/
2025-11-16 09:54:49,247 [WARN] DbFile:41 - Overriding database path with different value: C:\Users\Aditya\.stmcufinder\plugins\mcufinder/ => C:\Users\Aditya\.stmcufinder\plugins\mcufinder
2025-11-16 09:54:49,247 [INFO] ApiDb:250 - Set database path to: C:\Users\Aditya\.stmcufinder\plugins\mcufinder//mcu/
2025-11-16 09:54:49,247 [WARN] DbFile:41 - Overriding database path with different value: C:\Users\Aditya\.stmcufinder\plugins\mcufinder/ => C:\Users\Aditya\.stmcufinder\plugins\mcufinder
2025-11-16 09:54:49,247 [INFO] DbMcusAds:125 - Set database path to: C:\Users\Aditya\.stmcufinder\plugins\mcufinder//mcu/
2025-11-16 09:54:49,248 [WARN] DbFile:41 - Overriding database path with different value: C:\Users\Aditya\.stmcufinder\plugins\mcufinder/ => C:\Users\Aditya\.stmcufinder\plugins\mcufinder
2025-11-16 09:54:49,248 [WARN] DbFile:41 - Overriding database path with different value: C:\Users\Aditya\.stmcufinder\plugins\mcufinder/ => C:\Users\Aditya\.stmcufinder\plugins\mcufinder
2025-11-16 09:54:49,248 [INFO] CrossReferenceDbSqlite:203 - Set database path to: C:\Users\Aditya\.stmcufinder\plugins\mcufinder//mcu/cs/
2025-11-16 09:54:49,292 [INFO] ApplicationProperties:184 - Using Application install path: C:\ST\STM32CubeIDE_1.15.0\STM32CubeIDE\plugins\com.st.stm32cube.common.mx_6.11.0.202403141607
2025-11-16 09:54:49,295 [INFO] PluginManage:196 - Search for loadable plugins [exclusion list=, ]
2025-11-16 09:54:49,297 [INFO] PluginManage:310 - Check plugin analytics
2025-11-16 09:54:49,725 [INFO] AnalyticsPlugin:253 - Accepted Software Licenses: 
2025-11-16 09:54:49,725 [INFO] AnalyticsPlugin:255 - Accepted CMSIS Pack Licenses: 
2025-11-16 09:54:49,726 [INFO] AnalyticsPlugin:257 - Accepted Firmware Licenses: 
2025-11-16 09:54:49,733 [INFO] PluginManage:359 - Loaded plugin analytics (category:tool,tabindex:-1)
2025-11-16 09:54:49,735 [INFO] PluginManage:310 - Check plugin cadmodel
2025-11-16 09:54:49,743 [INFO] CADModel:105 - Init CAD model plugin
2025-11-16 09:54:49,743 [INFO] PluginManage:359 - Loaded plugin cadmodel (category:power,tabindex:5)
2025-11-16 09:54:49,745 [INFO] PluginManage:310 - Check plugin clock
2025-11-16 09:54:49,813 [INFO] PluginManage:359 - Loaded plugin clock (category:base,tabindex:2)
2025-11-16 09:54:49,813 [INFO] PluginManage:310 - Check plugin ddr
2025-11-16 09:54:49,817 [INFO] PluginManage:359 - Loaded plugin ddr (category:tool,tabindex:6)
2025-11-16 09:54:49,817 [INFO] PluginManage:310 - Check plugin filemanager
2025-11-16 09:54:50,049 [INFO] PluginManage:359 - Loaded plugin filemanager (category:base,tabindex:10)
2025-11-16 09:54:50,050 [INFO] PluginManage:310 - Check plugin ipmanager
2025-11-16 09:54:50,061 [INFO] PluginManage:359 - Loaded plugin ipmanager (category:base,tabindex:5)
2025-11-16 09:54:50,061 [INFO] PluginManage:310 - Check plugin lpbam
2025-11-16 09:54:50,072 [INFO] PluginManage:359 - Loaded plugin lpbam (category:base,tabindex:0)
2025-11-16 09:54:50,072 [INFO] PluginManage:310 - Check plugin memorymap
2025-11-16 09:54:50,089 [INFO] PluginManage:359 - Loaded plugin memorymap (category:base,tabindex:4)
2025-11-16 09:54:50,089 [INFO] PluginManage:310 - Check plugin pinoutandconfiguration
2025-11-16 09:54:50,100 [INFO] PluginManage:359 - Loaded plugin pinoutandconfiguration (category:base,tabindex:1)
2025-11-16 09:54:50,100 [INFO] PluginManage:310 - Check plugin pinoutconfig
2025-11-16 09:54:50,222 [WARN] SupportedApi:132 - Cannot load RTOS API schema: s4s-elt-must-match.1: The content of 'definitions' must match (annotation?, (simpleType | complexType)?, (unique | key | keyref)*)). A problem was found starting at: attribute.
2025-11-16 09:54:50,396 [INFO] PluginManage:359 - Loaded plugin pinoutconfig (category:base,tabindex:0)
2025-11-16 09:54:50,396 [INFO] PluginManage:310 - Check plugin power
2025-11-16 09:54:50,407 [INFO] PluginManage:359 - Loaded plugin power (category:power,tabindex:4)
2025-11-16 09:54:50,408 [INFO] PluginManage:310 - Check plugin projectmanager
2025-11-16 09:54:50,432 [INFO] PluginManage:359 - Loaded plugin projectmanager (category:projectmanager,tabindex:3)
2025-11-16 09:54:50,433 [INFO] PluginManage:310 - Check plugin thirdparty
2025-11-16 09:54:50,630 [INFO] PluginManage:359 - Loaded plugin thirdparty (category:base,tabindex:-1)
2025-11-16 09:54:50,630 [WARN] IntegrityCheckThread:84 - waiting for thirdparty lock release [integrity check]
2025-11-16 09:54:50,630 [INFO] PluginManage:310 - Check plugin tools
2025-11-16 09:54:50,630 [INFO] IntegrityCheckThread:86 - entering critical section [integrity check]
2025-11-16 09:54:50,632 [INFO] ThirdPartyUpdaterWithRetryManager:70 - Updater plugin not ready yet. [1/15]
2025-11-16 09:54:50,638 [INFO] PluginManage:359 - Loaded plugin tools (category:base,tabindex:7)
2025-11-16 09:54:50,639 [INFO] PluginManage:310 - Check plugin tutovideos
2025-11-16 09:54:50,941 [INFO] PluginManage:359 - Loaded plugin tutovideos (category:base,tabindex:-1)
2025-11-16 09:54:50,942 [INFO] PluginManage:310 - Check plugin updater
2025-11-16 09:54:50,955 [INFO] PluginManage:359 - Loaded plugin updater (category:base,tabindex:12)
2025-11-16 09:54:50,955 [INFO] PluginManage:310 - Check plugin userauth
2025-11-16 09:54:50,961 [INFO] UserAuth:114 - Init User Auth plugin
2025-11-16 09:54:50,961 [INFO] PluginManage:359 - Loaded plugin userauth (category:base,tabindex:14)
2025-11-16 09:54:50,962 [INFO] PluginManage:283 - PluginManage : Loaded plugins [17]
2025-11-16 09:54:51,233 [INFO] PinOutPanel:1561 - setPackage(No Configuration,No Configuration)
2025-11-16 09:54:51,516 [INFO] CADModel:165 - CPN selected for project level
2025-11-16 09:54:51,517 [INFO] CADModel:114 - Register for checkConnection events
2025-11-16 09:54:51,548 [INFO] IPUIPlugin:80 - create IPUIPlugin
2025-11-16 09:54:51,548 [INFO] PluginManager:220 - loadIPPluginJar : add adc
2025-11-16 09:54:51,552 [INFO] IPUIPlugin:80 - create IPUIPlugin
2025-11-16 09:54:51,552 [INFO] PluginManager:220 - loadIPPluginJar : add aes
2025-11-16 09:54:51,556 [INFO] IPUIPlugin:80 - create IPUIPlugin
2025-11-16 09:54:51,556 [INFO] PluginManager:220 - loadIPPluginJar : add can
2025-11-16 09:54:51,559 [INFO] IPUIPlugin:80 - create IPUIPlugin
2025-11-16 09:54:51,559 [INFO] PluginManager:220 - loadIPPluginJar : add comp
2025-11-16 09:54:51,562 [INFO] IPUIPlugin:80 - create IPUIPlugin
2025-11-16 09:54:51,562 [INFO] PluginManager:220 - loadIPPluginJar : add cryp
2025-11-16 09:54:51,566 [INFO] IPUIPlugin:80 - create IPUIPlugin
2025-11-16 09:54:51,566 [INFO] PluginManager:220 - loadIPPluginJar : add dfsdm
2025-11-16 09:54:51,573 [INFO] IPUIPlugin:80 - create IPUIPlugin
2025-11-16 09:54:51,573 [INFO] PluginManager:220 - loadIPPluginJar : add dma
2025-11-16 09:54:51,578 [INFO] IPUIPlugin:80 - create IPUIPlugin
2025-11-16 09:54:51,579 [INFO] PluginManager:220 - loadIPPluginJar : add dma3
2025-11-16 09:54:51,582 [INFO] IPUIPlugin:80 - create IPUIPlugin
2025-11-16 09:54:51,582 [INFO] PluginManager:220 - loadIPPluginJar : add extmemmanager
2025-11-16 09:54:51,585 [INFO] IPUIPlugin:80 - create IPUIPlugin
2025-11-16 09:54:51,585 [INFO] PluginManager:220 - loadIPPluginJar : add fatfs
2025-11-16 09:54:51,591 [INFO] IPUIPlugin:80 - create IPUIPlugin
2025-11-16 09:54:51,591 [INFO] PluginManager:220 - loadIPPluginJar : add fmc
2025-11-16 09:54:51,598 [INFO] IPUIPlugin:80 - create IPUIPlugin
2025-11-16 09:54:51,599 [INFO] PluginManager:220 - loadIPPluginJar : add freertos
2025-11-16 09:54:51,601 [INFO] IPUIPlugin:80 - create IPUIPlugin
2025-11-16 09:54:51,601 [INFO] PluginManager:220 - loadIPPluginJar : add genericplugin
2025-11-16 09:54:51,606 [INFO] IPUIPlugin:80 - create IPUIPlugin
2025-11-16 09:54:51,606 [INFO] PluginManager:220 - loadIPPluginJar : add gfxmmu
2025-11-16 09:54:51,612 [INFO] IPUIPlugin:80 - create IPUIPlugin
2025-11-16 09:54:51,612 [INFO] PluginManager:220 - loadIPPluginJar : add gic
2025-11-16 09:54:51,618 [INFO] IPUIPlugin:80 - create IPUIPlugin
2025-11-16 09:54:51,619 [INFO] PluginManager:220 - loadIPPluginJar : add gpio
2025-11-16 09:54:51,622 [INFO] IPUIPlugin:80 - create IPUIPlugin
2025-11-16 09:54:51,622 [INFO] PluginManager:220 - loadIPPluginJar : add gtzc
2025-11-16 09:54:51,626 [INFO] IPUIPlugin:80 - create IPUIPlugin
2025-11-16 09:54:51,626 [INFO] PluginManager:220 - loadIPPluginJar : add hash
2025-11-16 09:54:51,630 [INFO] IPUIPlugin:80 - create IPUIPlugin
2025-11-16 09:54:51,630 [INFO] PluginManager:220 - loadIPPluginJar : add i2c
2025-11-16 09:54:51,633 [INFO] IPUIPlugin:80 - create IPUIPlugin
2025-11-16 09:54:51,633 [INFO] PluginManager:220 - loadIPPluginJar : add i2s
2025-11-16 09:54:51,636 [INFO] IPUIPlugin:80 - create IPUIPlugin
2025-11-16 09:54:51,637 [INFO] PluginManager:220 - loadIPPluginJar : add i3c
2025-11-16 09:54:51,641 [INFO] IPUIPlugin:80 - create IPUIPlugin
2025-11-16 09:54:51,641 [INFO] PluginManager:220 - loadIPPluginJar : add ipddr
2025-11-16 09:54:51,650 [INFO] IPUIPlugin:80 - create IPUIPlugin
2025-11-16 09:54:51,650 [INFO] PluginManager:220 - loadIPPluginJar : add linkedlist
2025-11-16 09:54:51,655 [INFO] IPUIPlugin:80 - create IPUIPlugin
2025-11-16 09:54:51,655 [INFO] PluginManager:220 - loadIPPluginJar : add lorawan
2025-11-16 09:54:51,657 [INFO] IPUIPlugin:80 - create IPUIPlugin
2025-11-16 09:54:51,658 [INFO] PluginManager:220 - loadIPPluginJar : add ltdc
2025-11-16 09:54:51,665 [INFO] IPUIPlugin:80 - create IPUIPlugin
2025-11-16 09:54:51,665 [INFO] PluginManager:220 - loadIPPluginJar : add mdma
2025-11-16 09:54:51,670 [INFO] IPUIPlugin:80 - create IPUIPlugin
2025-11-16 09:54:51,670 [INFO] PluginManager:220 - loadIPPluginJar : add nvic
2025-11-16 09:54:51,675 [INFO] IPUIPlugin:80 - create IPUIPlugin
2025-11-16 09:54:51,675 [INFO] PluginManager:220 - loadIPPluginJar : add opamp
2025-11-16 09:54:51,678 [INFO] IPUIPlugin:80 - create IPUIPlugin
2025-11-16 09:54:51,679 [INFO] PluginManager:220 - loadIPPluginJar : add openamp
2025-11-16 09:54:51,684 [INFO] IPUIPlugin:80 - create IPUIPlugin
2025-11-16 09:54:51,684 [INFO] PluginManager:220 - loadIPPluginJar : add pdm2pcm
2025-11-16 09:54:51,692 [INFO] IPUIPlugin:80 - create IPUIPlugin
2025-11-16 09:54:51,695 [INFO] PluginManager:220 - loadIPPluginJar : add plateformsettings
2025-11-16 09:54:51,697 [INFO] IPUIPlugin:80 - create IPUIPlugin
2025-11-16 09:54:51,698 [INFO] PluginManager:220 - loadIPPluginJar : add quadspi
2025-11-16 09:54:51,701 [INFO] IPUIPlugin:80 - create IPUIPlugin
2025-11-16 09:54:51,702 [INFO] PluginManager:220 - loadIPPluginJar : add resmgrutility
2025-11-16 09:54:51,706 [INFO] IPUIPlugin:80 - create IPUIPlugin
2025-11-16 09:54:51,706 [INFO] PluginManager:220 - loadIPPluginJar : add sai
2025-11-16 09:54:51,710 [INFO] IPUIPlugin:80 - create IPUIPlugin
2025-11-16 09:54:51,710 [INFO] PluginManager:220 - loadIPPluginJar : add spi
2025-11-16 09:54:51,717 [INFO] IPUIPlugin:80 - create IPUIPlugin
2025-11-16 09:54:51,718 [INFO] PluginManager:220 - loadIPPluginJar : add stm32_wpan
2025-11-16 09:54:51,721 [INFO] IPUIPlugin:80 - create IPUIPlugin
2025-11-16 09:54:51,721 [INFO] PluginManager:220 - loadIPPluginJar : add tim
2025-11-16 09:54:51,726 [INFO] IPUIPlugin:80 - create IPUIPlugin
2025-11-16 09:54:51,726 [INFO] PluginManager:220 - loadIPPluginJar : add touchsensing
2025-11-16 09:54:51,729 [INFO] IPUIPlugin:80 - create IPUIPlugin
2025-11-16 09:54:51,729 [INFO] PluginManager:220 - loadIPPluginJar : add tracer_emb
2025-11-16 09:54:51,731 [INFO] IPUIPlugin:80 - create IPUIPlugin
2025-11-16 09:54:51,732 [INFO] PluginManager:220 - loadIPPluginJar : add ts
2025-11-16 09:54:51,735 [INFO] IPUIPlugin:80 - create IPUIPlugin
2025-11-16 09:54:51,735 [INFO] PluginManager:220 - loadIPPluginJar : add tsc
2025-11-16 09:54:51,738 [INFO] IPUIPlugin:80 - create IPUIPlugin
2025-11-16 09:54:51,738 [INFO] PluginManager:220 - loadIPPluginJar : add ucpd
2025-11-16 09:54:51,741 [INFO] IPUIPlugin:80 - create IPUIPlugin
2025-11-16 09:54:51,742 [INFO] PluginManager:220 - loadIPPluginJar : add usart
2025-11-16 09:54:51,745 [INFO] IPUIPlugin:80 - create IPUIPlugin
2025-11-16 09:54:51,745 [INFO] PluginManager:220 - loadIPPluginJar : add usbx
2025-11-16 09:54:51,967 [INFO] CADModel:165 - CPN selected for project level
2025-11-16 09:54:51,967 [INFO] CADModel:114 - Register for checkConnection events
2025-11-16 09:54:51,967 [FATAL] Updater:308 - Updater called before beeing initialized
2025-11-16 09:54:51,967 [ERROR] CADModel:125 - Updater not yet initialized, retry later 
2025-11-16 09:54:52,164 [INFO] CADModel:165 - CPN selected for project level
2025-11-16 09:54:52,165 [INFO] CADModel:114 - Register for checkConnection events
2025-11-16 09:54:52,165 [FATAL] Updater:308 - Updater called before beeing initialized
2025-11-16 09:54:52,165 [ERROR] CADModel:125 - Updater not yet initialized, retry later 
2025-11-16 09:54:52,168 [FATAL] Updater:308 - Updater called before beeing initialized
2025-11-16 09:54:52,333 [FATAL] Updater:308 - Updater called before beeing initialized
2025-11-16 09:54:52,342 [INFO] DbMcusAds:53 - JSON generation date=Mon Nov 10 16:13:01 IST 2025 (1762771381096)
2025-11-16 09:54:52,342 [FATAL] Updater:308 - Updater called before beeing initialized
2025-11-16 09:54:52,424 [WARN] DetailPanel:346 - Failed to get advertising image, set to default
2025-11-16 09:54:52,608 [FATAL] Updater:308 - Updater called before beeing initialized
2025-11-16 09:54:52,610 [FATAL] Updater:308 - Updater called before beeing initialized
2025-11-16 09:54:52,610 [FATAL] Updater:308 - Updater called before beeing initialized
2025-11-16 09:54:52,610 [WARN] DetailPanel:346 - Failed to get advertising image, set to default
2025-11-16 09:54:52,611 [FATAL] Updater:308 - Updater called before beeing initialized
2025-11-16 09:54:52,768 [ERROR] Updater:1120 - MainUpdater not yet initialized. External WinMGr cannot be set.
2025-11-16 09:54:52,771 [INFO] Updater:1056 - Updater Version found : 6.11.0
2025-11-16 09:54:52,793 [INFO] ApplicationProperties:184 - Using Application install path: C:\ST\STM32CubeIDE_1.15.0\STM32CubeIDE\plugins\com.st.stm32cube.common.mx_6.11.0.202403141607
2025-11-16 09:54:53,643 [INFO] ThirdPartyUpdaterWithRetryManager:70 - Updater plugin not ready yet. [2/15]
2025-11-16 09:54:54,437 [ERROR] LogOutputStream:75 - [STDERR_REDIRECT] Nov 16, 2025 9:54:54 AM java.util.prefs.WindowsPreferences <init>
2025-11-16 09:54:54,450 [ERROR] LogOutputStream:75 - [STDERR_REDIRECT] WARNING: Could not open/create prefs root node Software\JavaSoft\Prefs at root 0xffffffff80000002. Windows RegCreateKeyEx(...) returned error code 5.
2025-11-16 09:54:54,450 [ERROR] LogOutputStream:75 - [STDERR_REDIRECT] 
2025-11-16 09:54:55,287 [INFO] MainUpdater:2873 - connection check result : 10
2025-11-16 09:54:55,288 [INFO] MainUpdater:290 - Updater Check For Update Now.
2025-11-16 09:54:55,289 [INFO] MicroXplorer:498 - Change Database Version : DB.6.0.110
2025-11-16 09:54:55,316 [INFO] McuFinderGlobals:63 - Set McuFinder mode to 2 (CubeIDE integrated)
2025-11-16 09:54:55,367 [INFO] UserAuth:415 - Internet connection configuration mode: 1
2025-11-16 09:54:55,467 [INFO] JxBrowserEngine:152 - Initiate JxBrowser Engine with user profile folder
2025-11-16 09:54:55,711 [INFO] CheckServerUpdateThread:120 - End of CheckServer Thread
2025-11-16 09:54:57,265 [INFO] WebApp:161 - Instantiating new browser for Auth
2025-11-16 09:54:57,507 [WARN] PackLoader:240 - Cannot read IP mode file for STMicroelectronics.FP-SNS-MOTENVWB1.1.4.0
2025-11-16 09:54:57,525 [WARN] PackLoader:240 - Cannot read IP mode file for STMicroelectronics.FP-ATR-ASTRA1.2.0.2
2025-11-16 09:54:57,561 [WARN] PackLoader:240 - Cannot read IP mode file for STMicroelectronics.X-CUBE-SMBUS.2.1.0
2025-11-16 09:54:57,567 [ERROR] Engine:466 - C:\Users\Aditya\.stm32cubemx\thirdparties\pdsc\STMicroelectronics.X-CUBE-ST60.1.0.0.pdsc: PDSC version is not supported
2025-11-16 09:54:57,576 [WARN] PackLoader:240 - Cannot read IP mode file for STMicroelectronics.X-CUBE-TOUCHGFX.4.23.2
2025-11-16 09:54:57,670 [WARN] PackLoader:240 - Cannot read IP mode file for STMicroelectronics.X-CUBE-AZRTOS-F7.1.1.0
2025-11-16 09:54:57,701 [ERROR] Engine:466 - C:\Users\Aditya\.stm32cubemx\thirdparties\pdsc\STMicroelectronics.FP-SNS-MOTENV1.5.1.0.pdsc: PDSC version is not supported
2025-11-16 09:54:57,711 [WARN] PackLoader:240 - Cannot read IP mode file for STMicroelectronics.FP-SNS-FLIGHT1.5.0.2
2025-11-16 09:54:57,782 [WARN] PackLoader:240 - Cannot read IP mode file for STMicroelectronics.X-CUBE-AZRTOS-H7.3.4.0
2025-11-16 09:54:57,830 [WARN] PackLoader:240 - Cannot read IP mode file for STMicroelectronics.X-CUBE-DISPLAY.3.0.0
2025-11-16 09:54:57,918 [WARN] PackLoader:240 - Cannot read IP mode file for STMicroelectronics.X-CUBE-BLE1.7.0.0
2025-11-16 09:54:57,930 [WARN] PackLoader:240 - Cannot read IP mode file for STMicroelectronics.X-CUBE-NFC10.1.0.0
2025-11-16 09:54:57,952 [WARN] PackLoader:240 - Cannot read IP mode file for STMicroelectronics.X-CUBE-BLEMGR.4.0.0
2025-11-16 09:54:57,961 [ERROR] Engine:466 - C:\Users\Aditya\.stm32cubemx\thirdparties\pdsc\STMicroelectronics.X-CUBE-ST60.1.1.0.pdsc: PDSC version is not supported
2025-11-16 09:54:57,975 [WARN] PackLoader:240 - Cannot read IP mode file for emotas.I-CUBE-CANOPEN.1.3.0
2025-11-16 09:54:57,987 [WARN] PackLoader:240 - Cannot read IP mode file for STMicroelectronics.X-CUBE-GNSS1.7.1.0
2025-11-16 09:54:57,999 [WARN] ConditionMgr:438 - getConditionDescription Invalid condition id : Cortex-A Device cause : null
2025-11-16 09:54:58,066 [WARN] ConditionMgr:1039 - genDependencies : Invalid condition id : Cortex-A Device cause : null
2025-11-16 09:54:58,066 [WARN] ConditionMgr:1039 - genDependencies : Invalid condition id : Cortex-A Device cause : null
2025-11-16 09:54:58,067 [WARN] ConditionMgr:1039 - genDependencies : Invalid condition id : Cortex-A Device cause : null
2025-11-16 09:54:58,081 [WARN] PackLoader:240 - Cannot read IP mode file for STMicroelectronics.X-CUBE-BLEMGR.3.1.0
2025-11-16 09:54:58,096 [WARN] PackLoader:240 - Cannot read IP mode file for STMicroelectronics.X-CUBE-AI.10.0.0
2025-11-16 09:54:58,121 [ERROR] Engine:466 - C:\Users\Aditya\.stm32cubemx\thirdparties\pdsc\STMicroelectronics.FP-SNS-STBOX1.2.1.0.pdsc: PDSC version is not supported
2025-11-16 09:54:58,129 [WARN] PackLoader:240 - Cannot read IP mode file for STMicroelectronics.FP-SNS-SMARTAG2.1.2.0
2025-11-16 09:54:58,152 [ERROR] Engine:466 - C:\Users\Aditya\.stm32cubemx\thirdparties\pdsc\STMicroelectronics.FP-SNS-FLIGHT1.5.1.0.pdsc: PDSC version is not supported
2025-11-16 09:54:58,217 [INFO] LogOutputStream:77 - [STDOUT_REDIRECT] 1 : Invalid condition id : UX_CORESTACK_Condition cause : null
2025-11-16 09:54:58,222 [INFO] LogOutputStream:77 - [STDOUT_REDIRECT] 1 : Invalid condition id : UX_CORESTACK_Condition cause : null
2025-11-16 09:54:58,226 [INFO] LogOutputStream:77 - [STDOUT_REDIRECT] 1 : Invalid condition id : UX_CORESTACK_Condition cause : null
2025-11-16 09:54:58,230 [INFO] LogOutputStream:77 - [STDOUT_REDIRECT] 1 : Invalid condition id : UX_CORESTACK_Condition cause : null
2025-11-16 09:54:58,235 [INFO] LogOutputStream:77 - [STDOUT_REDIRECT] 1 : Invalid condition id : UX_CORESTACK_Condition cause : null
2025-11-16 09:54:58,246 [WARN] PackLoader:240 - Cannot read IP mode file for STMicroelectronics.X-CUBE-AZRTOS-WL.2.0.0
2025-11-16 09:54:58,265 [WARN] PackLoader:240 - Cannot read IP mode file for STMicroelectronics.FP-SNS-MOTENV1.5.0.0
2025-11-16 09:54:58,287 [WARN] PackLoader:240 - Cannot read IP mode file for wolfSSL.I-CUBE-wolfMQTT.1.19.0
2025-11-16 09:54:58,370 [WARN] PackLoader:240 - Cannot read IP mode file for WES.I-CUBE-Cesium.1.3.0
2025-11-16 09:54:58,472 [WARN] PackLoader:240 - Cannot read IP mode file for STMicroelectronics.X-CUBE-BLE2.3.3.0
2025-11-16 09:54:58,496 [ERROR] Engine:466 - C:\Users\Aditya\.stm32cubemx\thirdparties\pdsc\Avnet-IOTCONNECT.X-CUBE-iotc-st67-sdk.1.0.0.pdsc: PDSC version is not supported
2025-11-16 09:54:58,659 [WARN] PackLoader:240 - Cannot read IP mode file for STMicroelectronics.X-CUBE-NFC9.1.0.0
2025-11-16 09:54:58,684 [WARN] PackLoader:240 - Cannot read IP mode file for STMicroelectronics.X-CUBE-BLE1.7.1.0
2025-11-16 09:54:58,701 [WARN] PackLoader:240 - Cannot read IP mode file for STMicroelectronics.X-CUBE-TCPP.4.1.0
2025-11-16 09:54:58,742 [WARN] PackLoader:240 - Cannot read IP mode file for STMicroelectronics.X-CUBE-EEPRMA1.5.2.0
2025-11-16 09:54:58,782 [ERROR] Engine:466 - C:\Users\Aditya\.stm32cubemx\thirdparties\pdsc\STMicroelectronics.X-CUBE-ST67W61.1.1.0.pdsc: PDSC version is not supported
2025-11-16 09:54:58,793 [WARN] PackLoader:240 - Cannot read IP mode file for STMicroelectronics.X-CUBE-AI.10.1.0
2025-11-16 09:54:58,822 [WARN] PackLoader:240 - Cannot read IP mode file for STMicroelectronics.X-CUBE-ALGOBUILD.1.3.0
2025-11-16 09:54:59,018 [WARN] PackLoader:240 - Cannot read IP mode file for STMicroelectronics.X-CUBE-MEMS1.11.2.0
2025-11-16 09:54:59,481 [WARN] PackLoader:240 - Cannot read IP mode file for STMicroelectronics.X-CUBE-AZRTOS-G0.1.1.0
2025-11-16 09:54:59,494 [WARN] PackLoader:240 - Cannot read IP mode file for STMicroelectronics.X-CUBE-SAFEA1.1.2.2
2025-11-16 09:54:59,505 [WARN] PackLoader:240 - Cannot read IP mode file for STMicroelectronics.X-CUBE-NFC4.3.0.0
2025-11-16 09:54:59,522 [WARN] PackLoader:240 - Cannot read IP mode file for EmbeddedOffice.I-CUBE-FS-RTOS.1.0.1
2025-11-16 09:54:59,523 [ERROR] ConditionMgr:805 - Attr not supported : Dmpu
2025-11-16 09:54:59,523 [ERROR] ConditionMgr:805 - Attr not supported : Dmpu
2025-11-16 09:54:59,523 [ERROR] ConditionMgr:805 - Attr not supported : Dmpu
2025-11-16 09:54:59,523 [ERROR] ConditionMgr:805 - Attr not supported : Dmpu
2025-11-16 09:54:59,525 [ERROR] ConditionMgr:805 - Attr not supported : Dmpu
2025-11-16 09:54:59,525 [ERROR] ConditionMgr:805 - Attr not supported : Dmpu
2025-11-16 09:54:59,525 [ERROR] ConditionMgr:805 - Attr not supported : Dmpu
2025-11-16 09:54:59,525 [ERROR] ConditionMgr:805 - Attr not supported : Dmpu
2025-11-16 09:54:59,525 [ERROR] ConditionMgr:805 - Attr not supported : Dmpu
2025-11-16 09:54:59,525 [ERROR] ConditionMgr:805 - Attr not supported : Dmpu
2025-11-16 09:54:59,526 [ERROR] ConditionMgr:805 - Attr not supported : Dmpu
2025-11-16 09:54:59,526 [ERROR] ConditionMgr:805 - Attr not supported : Dmpu
2025-11-16 09:54:59,526 [ERROR] ConditionMgr:805 - Attr not supported : Dmpu
2025-11-16 09:54:59,526 [ERROR] ConditionMgr:805 - Attr not supported : Dmpu
2025-11-16 09:54:59,526 [ERROR] ConditionMgr:805 - Attr not supported : Dmpu
2025-11-16 09:54:59,526 [ERROR] ConditionMgr:805 - Attr not supported : Dmpu
2025-11-16 09:54:59,527 [ERROR] ConditionMgr:805 - Attr not supported : Dmpu
2025-11-16 09:54:59,527 [ERROR] ConditionMgr:805 - Attr not supported : Dmpu
2025-11-16 09:54:59,527 [ERROR] ConditionMgr:805 - Attr not supported : Dmpu
2025-11-16 09:54:59,527 [ERROR] ConditionMgr:805 - Attr not supported : Dmpu
2025-11-16 09:54:59,528 [ERROR] ConditionMgr:805 - Attr not supported : Dmpu
2025-11-16 09:54:59,528 [ERROR] ConditionMgr:805 - Attr not supported : Dmpu
2025-11-16 09:54:59,528 [ERROR] ConditionMgr:805 - Attr not supported : Dmpu
2025-11-16 09:54:59,528 [ERROR] ConditionMgr:805 - Attr not supported : Dmpu
2025-11-16 09:54:59,528 [ERROR] ConditionMgr:805 - Attr not supported : Dmpu
2025-11-16 09:54:59,528 [ERROR] ConditionMgr:805 - Attr not supported : Dmpu
2025-11-16 09:54:59,528 [ERROR] ConditionMgr:805 - Attr not supported : Dmpu
2025-11-16 09:54:59,528 [ERROR] ConditionMgr:805 - Attr not supported : Dmpu
2025-11-16 09:54:59,529 [ERROR] ConditionMgr:805 - Attr not supported : Dmpu
2025-11-16 09:54:59,529 [ERROR] ConditionMgr:805 - Attr not supported : Dmpu
2025-11-16 09:54:59,529 [ERROR] ConditionMgr:805 - Attr not supported : Dmpu
2025-11-16 09:54:59,529 [ERROR] ConditionMgr:805 - Attr not supported : Dmpu
2025-11-16 09:54:59,529 [ERROR] ConditionMgr:805 - Attr not supported : Dmpu
2025-11-16 09:54:59,529 [ERROR] ConditionMgr:805 - Attr not supported : Dmpu
2025-11-16 09:54:59,529 [ERROR] ConditionMgr:805 - Attr not supported : Dmpu
2025-11-16 09:54:59,529 [ERROR] ConditionMgr:805 - Attr not supported : Dmpu
2025-11-16 09:54:59,530 [ERROR] ConditionMgr:805 - Attr not supported : Dmpu
2025-11-16 09:54:59,530 [ERROR] ConditionMgr:805 - Attr not supported : Dmpu
2025-11-16 09:54:59,530 [ERROR] ConditionMgr:805 - Attr not supported : Dmpu
2025-11-16 09:54:59,530 [ERROR] ConditionMgr:805 - Attr not supported : Dmpu
2025-11-16 09:54:59,530 [ERROR] ConditionMgr:805 - Attr not supported : Dmpu
2025-11-16 09:54:59,530 [ERROR] ConditionMgr:805 - Attr not supported : Dmpu
2025-11-16 09:54:59,530 [ERROR] ConditionMgr:805 - Attr not supported : Dmpu
2025-11-16 09:54:59,531 [ERROR] ConditionMgr:805 - Attr not supported : Dmpu
2025-11-16 09:54:59,531 [ERROR] ConditionMgr:805 - Attr not supported : Dmpu
2025-11-16 09:54:59,531 [ERROR] ConditionMgr:805 - Attr not supported : Dmpu
2025-11-16 09:54:59,531 [ERROR] ConditionMgr:805 - Attr not supported : Dmpu
2025-11-16 09:54:59,531 [ERROR] ConditionMgr:805 - Attr not supported : Dmpu
2025-11-16 09:54:59,531 [ERROR] ConditionMgr:805 - Attr not supported : Dmpu
2025-11-16 09:54:59,531 [ERROR] ConditionMgr:805 - Attr not supported : Dmpu
2025-11-16 09:54:59,532 [ERROR] ConditionMgr:805 - Attr not supported : Dmpu
2025-11-16 09:54:59,532 [ERROR] ConditionMgr:805 - Attr not supported : Dmpu
2025-11-16 09:54:59,532 [ERROR] ConditionMgr:805 - Attr not supported : Dmpu
2025-11-16 09:54:59,532 [ERROR] ConditionMgr:805 - Attr not supported : Dmpu
2025-11-16 09:54:59,532 [ERROR] ConditionMgr:805 - Attr not supported : Dmpu
2025-11-16 09:54:59,532 [ERROR] ConditionMgr:805 - Attr not supported : Dmpu
2025-11-16 09:54:59,532 [ERROR] ConditionMgr:805 - Attr not supported : Dmpu
2025-11-16 09:54:59,533 [ERROR] ConditionMgr:805 - Attr not supported : Dmpu
2025-11-16 09:54:59,533 [ERROR] ConditionMgr:805 - Attr not supported : Dmpu
2025-11-16 09:54:59,533 [ERROR] ConditionMgr:805 - Attr not supported : Dmpu
2025-11-16 09:54:59,533 [ERROR] ConditionMgr:805 - Attr not supported : Dmpu
2025-11-16 09:54:59,533 [ERROR] ConditionMgr:805 - Attr not supported : Dmpu
2025-11-16 09:54:59,533 [ERROR] ConditionMgr:805 - Attr not supported : Dmpu
2025-11-16 09:54:59,533 [ERROR] ConditionMgr:805 - Attr not supported : Dmpu
2025-11-16 09:54:59,543 [WARN] PackLoader:240 - Cannot read IP mode file for STMicroelectronics.X-CUBE-WB05N.2.0.0
2025-11-16 09:54:59,548 [ERROR] Engine:466 - C:\Users\Aditya\.stm32cubemx\thirdparties\pdsc\STMicroelectronics.X-CUBE-TCPP.4.2.0.pdsc: PDSC version is not supported
2025-11-16 09:54:59,557 [WARN] PackLoader:240 - Cannot read IP mode file for RealThread.X-CUBE-RT-Thread_Nano.4.1.1
2025-11-16 09:54:59,563 [WARN] PackLoader:240 - Cannot read IP mode file for wolfSSL.I-CUBE-wolfSSL.5.7.0
2025-11-16 09:54:59,572 [WARN] PackLoader:240 - Cannot read IP mode file for STMicroelectronics.FP-ATR-SIGFOX1.3.2.0
2025-11-16 09:54:59,583 [WARN] PackLoader:240 - Cannot read IP mode file for STMicroelectronics.X-CUBE-EEPRMA1.5.1.0
2025-11-16 09:54:59,612 [WARN] PackLoader:240 - Cannot read IP mode file for ITTIA_DB.I-CUBE-ITTIADB.8.9.0
2025-11-16 09:54:59,620 [ERROR] Engine:466 - C:\Users\Aditya\.stm32cubemx\thirdparties\pdsc\STMicroelectronics.X-CUBE-ST67W61.1.0.0.pdsc: PDSC version is not supported
2025-11-16 09:54:59,626 [WARN] PackLoader:240 - Cannot read IP mode file for STMicroelectronics.X-CUBE-AI.10.2.0
2025-11-16 09:54:59,754 [WARN] PackLoader:240 - Cannot read IP mode file for SEGGER.I-CUBE-embOS.1.3.1
2025-11-16 09:54:59,857 [WARN] PackLoader:240 - Cannot read IP mode file for STMicroelectronics.X-CUBE-ALGOBUILD.1.4.0
2025-11-16 09:54:59,941 [WARN] PackLoader:240 - Cannot read IP mode file for STMicroelectronics.X-CUBE-MEMS1.11.3.0
2025-11-16 09:55:00,247 [WARN] PackLoader:240 - Cannot read IP mode file for STMicroelectronics.X-CUBE-PM33A1.1.0.0
2025-11-16 09:55:00,254 [WARN] PackLoader:240 - Cannot read IP mode file for STMicroelectronics.X-CUBE-GNSS1.6.0.0
2025-11-16 09:55:00,272 [WARN] PackLoader:240 - Cannot read IP mode file for STMicroelectronics.X-CUBE-AZRTOS-F4.1.1.0
2025-11-16 09:55:00,279 [ERROR] Engine:466 - C:\Users\Aditya\.stm32cubemx\thirdparties\pdsc\Avnet-IotConnect.X-CUBE-IoTC-DA16k-PMOD.1.0.0.pdsc: PDSC version is not supported
2025-11-16 09:55:00,286 [WARN] PackLoader:240 - Cannot read IP mode file for STMicroelectronics.X-CUBE-ISPU.2.1.0
2025-11-16 09:55:00,292 [ERROR] Engine:466 - C:\Users\Aditya\.stm32cubemx\thirdparties\pdsc\STMicroelectronics.X-CUBE-IPS.3.2.0.pdsc: PDSC version is not supported
2025-11-16 09:55:00,305 [WARN] PackLoader:240 - Cannot read IP mode file for STMicroelectronics.X-CUBE-FREERTOS.1.2.0
2025-11-16 09:55:00,322 [WARN] PackLoader:240 - Cannot read IP mode file for STMicroelectronics.X-CUBE-NFC12.1.0.0
2025-11-16 09:55:00,345 [WARN] PackLoader:240 - Cannot read IP mode file for STMicroelectronics.X-CUBE-AZRTOS-L5.2.0.0
2025-11-16 09:55:00,378 [WARN] PackLoader:240 - Cannot read IP mode file for STMicroelectronics.X-CUBE-NFC6.3.1.0
2025-11-16 09:55:00,389 [WARN] PackLoader:240 - Cannot read IP mode file for STMicroelectronics.X-CUBE-DPower.1.2.0
2025-11-16 09:55:00,395 [WARN] PackLoader:240 - Cannot read IP mode file for STMicroelectronics.X-CUBE-AI.9.0.0
2025-11-16 09:55:00,403 [WARN] PackLoader:240 - Cannot read IP mode file for STMicroelectronics.X-CUBE-FREERTOS.1.3.1
2025-11-16 09:55:00,411 [WARN] PackLoader:240 - Cannot read IP mode file for STMicroelectronics.X-CUBE-NFC7.1.0.1
2025-11-16 09:55:00,419 [WARN] PackLoader:240 - Cannot read IP mode file for wolfSSL.I-CUBE-wolfTPM.3.2.0
2025-11-16 09:55:00,423 [WARN] PackLoader:240 - Cannot read IP mode file for STMicroelectronics.X-CUBE-TOUCHGFX.4.26.0
2025-11-16 09:55:00,427 [ERROR] Engine:466 - C:\Users\Aditya\.stm32cubemx\thirdparties\pdsc\STMicroelectronics.FP-SNS-STAIOTCFT.1.0.0.pdsc: PDSC version is not supported
2025-11-16 09:55:00,433 [WARN] PackLoader:240 - Cannot read IP mode file for STMicroelectronics.X-CUBE-DPower.1.3.0
2025-11-16 09:55:00,553 [WARN] ConditionMgr:438 - getConditionDescription Invalid condition id : LAN8742 Phy interface Condition cause : null
2025-11-16 09:55:00,577 [WARN] PackLoader:240 - Cannot read IP mode file for STMicroelectronics.X-CUBE-AZRTOS-L4.2.0.0
2025-11-16 09:55:00,593 [WARN] ConditionMgr:1039 - genDependencies : Invalid condition id : LAN8742 Phy interface Condition cause : null
2025-11-16 09:55:00,593 [WARN] ConditionMgr:1039 - genDependencies : Invalid condition id : LAN8742 Phy interface Condition cause : null
2025-11-16 09:55:00,597 [WARN] ConditionMgr:1039 - genDependencies : Invalid condition id : LAN8742 Phy interface Condition cause : null
2025-11-16 09:55:00,651 [WARN] PackLoader:240 - Cannot read IP mode file for STMicroelectronics.X-CUBE-SFXS2LP1.4.0.0
2025-11-16 09:55:00,784 [WARN] PackLoader:240 - Cannot read IP mode file for STMicroelectronics.X-CUBE-AZRTOS-H7.3.3.0
2025-11-16 09:55:00,797 [ERROR] Engine:466 - C:\Users\Aditya\.stm32cubemx\thirdparties\pdsc\STMicroelectronics.X-CUBE-BLEMGR.4.1.0.pdsc: PDSC version is not supported
2025-11-16 09:55:00,892 [WARN] ConditionMgr:438 - getConditionDescription Invalid condition id : UX DEVICE CLASS RTOS Condition cause : null
2025-11-16 09:55:00,897 [WARN] ConditionMgr:438 - getConditionDescription Invalid condition id : UX DEVICE CLASS RTOS Condition cause : null
2025-11-16 09:55:00,904 [WARN] PackLoader:240 - Cannot read IP mode file for STMicroelectronics.X-CUBE-AZRTOS-WB.2.0.0
2025-11-16 09:55:00,906 [WARN] ConditionMgr:1039 - genDependencies : Invalid condition id : UX DEVICE CLASS RTOS Condition cause : null
2025-11-16 09:55:00,906 [WARN] ConditionMgr:1039 - genDependencies : Invalid condition id : UX DEVICE CLASS RTOS Condition cause : null
2025-11-16 09:55:00,910 [WARN] ConditionMgr:1039 - genDependencies : Invalid condition id : UX DEVICE CLASS RTOS Condition cause : null
2025-11-16 09:55:00,912 [WARN] ConditionMgr:1039 - genDependencies : Invalid condition id : UX DEVICE CLASS RTOS Condition cause : null
2025-11-16 09:55:00,917 [WARN] ConditionMgr:1039 - genDependencies : Invalid condition id : UX DEVICE CLASS RTOS Condition cause : null
2025-11-16 09:55:00,930 [WARN] PackLoader:240 - Cannot read IP mode file for STMicroelectronics.X-CUBE-GNSS1.7.0.1
2025-11-16 09:55:00,938 [WARN] PackLoader:240 - Cannot read IP mode file for STMicroelectronics.X-CUBE-TOUCHGFX.4.25.0
2025-11-16 09:55:00,950 [WARN] PackLoader:240 - Cannot read IP mode file for STMicroelectronics.FP-SNS-STBOX1.2.0.0
2025-11-16 09:55:00,991 [WARN] PackLoader:240 - Cannot read IP mode file for STMicroelectronics.X-CUBE-SUBG2.5.0.0
2025-11-16 09:55:01,033 [WARN] PackLoader:240 - Cannot read IP mode file for STMicroelectronics.X-CUBE-AZRTOS-H7RS.1.1.0
2025-11-16 09:55:01,049 [WARN] PackLoader:240 - Cannot read IP mode file for Cesanta.I-CUBE-Mongoose.7.13.0
2025-11-16 09:55:01,075 [WARN] PackLoader:240 - Cannot read IP mode file for STMicroelectronics.X-CUBE-AZRTOS-G4.2.0.0
2025-11-16 09:55:01,086 [WARN] PackLoader:240 - Cannot read IP mode file for STMicroelectronics.X-CUBE-NFC7.2.0.0
2025-11-16 09:55:01,093 [WARN] PackLoader:240 - Cannot read IP mode file for STMicroelectronics.X-CUBE-ISPU.2.0.0
2025-11-16 09:55:01,135 [ERROR] Engine:466 - C:\Users\Aditya\.stm32cubemx\thirdparties\pdsc\STMicroelectronics.X-CUBE-IPS.3.1.0.pdsc: PDSC version is not supported
2025-11-16 09:55:01,205 [WARN] PackLoader:240 - Cannot read IP mode file for STMicroelectronics.X-CUBE-ALS.1.0.2
2025-11-16 09:55:01,373 [WARN] PackLoader:240 - Cannot read IP mode file for STMicroelectronics.X-CUBE-MEMS1.10.0.0
2025-11-16 09:55:01,486 [WARN] PackLoader:240 - Cannot read IP mode file for STMicroelectronics.X-CUBE-FREERTOS.1.1.0
2025-11-16 09:55:01,491 [WARN] PackLoader:240 - Cannot read IP mode file for STMicroelectronics.X-CUBE-TOUCHGFX.4.24.0
2025-11-16 09:55:01,501 [WARN] PackLoader:240 - Cannot read IP mode file for STMicroelectronics.X-CUBE-STSE01.1.0.0
2025-11-16 09:55:01,513 [WARN] PackLoader:240 - Cannot read IP mode file for portGmbH.I-Cube-SoM-uGOAL.1.1.0
2025-11-16 09:55:01,519 [WARN] PackLoader:240 - Cannot read IP mode file for STMicroelectronics.X-CUBE-ALS.1.0.1
2025-11-16 09:55:01,555 [WARN] PackLoader:240 - Cannot read IP mode file for STMicroelectronics.X-CUBE-AZRTOS-H7RS.1.0.0
2025-11-16 09:55:01,567 [WARN] PackLoader:240 - Cannot read IP mode file for STMicroelectronics.FP-ATR-ASTRA1.2.0.0
2025-11-16 09:55:01,581 [WARN] PackLoader:240 - Cannot read IP mode file for STMicroelectronics.X-CUBE-TOF1.3.4.2
2025-11-16 09:55:01,603 [ERROR] Engine:466 - C:\Users\Aditya\.stm32cubemx\thirdparties\pdsc\STMicroelectronics.X-CUBE-TOF1.3.4.3.pdsc: PDSC version is not supported
2025-11-16 09:55:01,616 [WARN] PackLoader:240 - Cannot read IP mode file for STMicroelectronics.X-CUBE-TOF1.3.4.1
2025-11-16 09:55:01,682 [WARN] PackLoader:240 - Cannot read IP mode file for STMicroelectronics.X-CUBE-AZRTOS-H7.3.2.0
2025-11-16 09:55:01,707 [WARN] PackLoader:240 - Cannot read IP mode file for Infineon.AIROC-Wi-Fi-Bluetooth-STM32.1.6.0
2025-11-16 09:55:01,718 [WARN] PackLoader:240 - Cannot read IP mode file for wolfSSL.I-CUBE-wolfSSH.1.4.17
2025-11-16 09:55:01,732 [INFO] ThirdParty:978 - Integrity check success = true
2025-11-16 09:55:01,733 [INFO] IntegrityCheckThread:100 - exiting critical section [integrity check]
2025-11-16 09:55:01,735 [INFO] IntegrityCheckThread:103 - End integrity checks thread
2025-11-16 09:55:02,487 [INFO] WebApp:779 - Register for checkConnection events
2025-11-16 09:55:02,487 [INFO] WebApp:414 - Apply proxy settings
2025-11-16 09:55:02,488 [INFO] WebApp:499 - Chromium requires no authentication
2025-11-16 09:55:02,498 [INFO] WebApp:442 - Direct internet connection detected
2025-11-16 09:55:02,822 [INFO] WebApp:192 - Starting web application
2025-11-16 09:55:02,822 [INFO] WebApp:544 - Web application path used C:\ST\STM32CubeIDE_1.15.0\STM32CubeIDE\plugins\com.st.stm32cube.common.mx_6.11.0.202403141607\db\plugins\mcufinder\reactClient1\index.html
2025-11-16 09:57:27,194 [INFO] McuFinderGlobals:63 - Set McuFinder mode to 2 (CubeIDE integrated)
2025-11-16 09:57:27,243 [INFO] MainUpdater:2873 - connection check result : 10
2025-11-16 09:57:27,252 [INFO] MainUpdater:2873 - connection check result : 10
2025-11-16 09:57:27,500 [INFO] MicroXplorer:468 - Change Database Path : 
2025-11-16 09:57:27,501 [INFO] MicroXplorer:498 - Change Database Version : DB.6.0.110
2025-11-16 09:57:27,507 [WARN] ThirdParty:871 - waiting for thirdparty lock release [close project]
2025-11-16 09:57:27,507 [INFO] ThirdParty:873 - entering critical section [close project]
2025-11-16 09:57:27,508 [INFO] ThirdParty:883 - exiting critical section [close project]
2025-11-16 09:57:27,509 [INFO] PinOutPanel:1561 - setPackage(No Configuration,No Configuration)
2025-11-16 09:57:27,511 [INFO] UtilMem:75 - Begin LoadConfig() Used Memory: 751027600 Bytes (1073741824)
2025-11-16 09:57:27,511 [INFO] MicroXplorer:468 - Change Database Path : 
2025-11-16 09:57:27,512 [INFO] MicroXplorer:498 - Change Database Version : DB.6.0.110
2025-11-16 09:57:27,512 [INFO] OpenFileManager:312 - Change cursor
2025-11-16 09:57:27,650 [INFO] Mcu:2021 - Initializing MCU STM32F446R(C-E)Tx STM32F446RETx STM32F446RET6
2025-11-16 09:57:30,208 [INFO] Context:663 - Trying to add GPIOservice into a context  which must be forbidden
2025-11-16 09:57:30,956 [INFO] RtosManager:555 - Registered RTOS mode: class=CMSIS, group=RTOS, mode=CMSIS_V1, owner=FREERTOS
2025-11-16 09:57:30,956 [INFO] RtosManager:555 - Registered RTOS mode: class=CMSIS, group=RTOS2, mode=CMSIS_V2, owner=FREERTOS
2025-11-16 09:57:30,956 [INFO] RtosManager:555 - Registered RTOS mode: class=RTOS, group=Core, mode=CMSIS_V1, owner=FREERTOS
2025-11-16 09:57:30,956 [INFO] RtosManager:555 - Registered RTOS mode: class=RTOS, group=Core, mode=CMSIS_V2, owner=FREERTOS
2025-11-16 09:57:30,957 [WARN] ModelIntegratedComponent:184 - Missing modes for component STMicroelectronics:FreeRTOS:0.0.1:STMicroelectronics:RTOS:FreeRTOS:Core:::10.2.0:
2025-11-16 09:57:30,971 [WARN] ModelIntegratedComponent:63 - No mode defined for component null
2025-11-16 09:57:30,972 [WARN] ModelIntegratedComponent:63 - No mode defined for component null
2025-11-16 09:57:30,972 [WARN] ModelIntegratedComponent:63 - No mode defined for component null
2025-11-16 09:57:30,972 [WARN] ModelIntegratedComponent:63 - No mode defined for component null
2025-11-16 09:57:30,972 [WARN] ModelIntegratedComponent:63 - No mode defined for component null
2025-11-16 09:57:30,972 [WARN] ModelIntegratedComponent:63 - No mode defined for component null
2025-11-16 09:57:30,972 [WARN] ModelIntegratedComponent:63 - No mode defined for component null
2025-11-16 09:57:30,972 [WARN] ModelIntegratedComponent:63 - No mode defined for component null
2025-11-16 09:57:30,972 [WARN] ModelIntegratedComponent:63 - No mode defined for component null
2025-11-16 09:57:30,972 [WARN] ModelIntegratedComponent:63 - No mode defined for component null
2025-11-16 09:57:30,972 [WARN] ModelIntegratedComponent:63 - No mode defined for component null
2025-11-16 09:57:30,972 [WARN] ModelIntegratedComponent:63 - No mode defined for component null
2025-11-16 09:57:30,973 [WARN] ModelIntegratedComponent:63 - No mode defined for component null
2025-11-16 09:57:30,973 [WARN] ModelIntegratedComponent:63 - No mode defined for component null
2025-11-16 09:57:30,973 [WARN] ModelIntegratedComponent:63 - No mode defined for component null
2025-11-16 09:57:30,973 [WARN] ModelIntegratedComponent:63 - No mode defined for component null
2025-11-16 09:57:30,973 [WARN] ModelIntegratedComponent:63 - No mode defined for component null
2025-11-16 09:57:30,973 [WARN] ModelIntegratedComponent:63 - No mode defined for component null
2025-11-16 09:57:30,973 [WARN] ModelIntegratedComponent:63 - No mode defined for component null
2025-11-16 09:57:30,973 [WARN] ModelIntegratedComponent:63 - No mode defined for component null
2025-11-16 09:57:30,973 [WARN] ModelIntegratedComponent:63 - No mode defined for component null
2025-11-16 09:57:30,973 [WARN] ModelIntegratedComponent:63 - No mode defined for component null
2025-11-16 09:57:30,973 [WARN] ModelIntegratedComponent:63 - No mode defined for component null
2025-11-16 09:57:30,973 [WARN] ModelIntegratedComponent:63 - No mode defined for component null
2025-11-16 09:57:30,973 [WARN] ModelIntegratedComponent:63 - No mode defined for component null
2025-11-16 09:57:30,973 [WARN] ModelIntegratedComponent:63 - No mode defined for component null
2025-11-16 09:57:30,973 [WARN] ModelIntegratedComponent:63 - No mode defined for component null
2025-11-16 09:57:30,973 [WARN] ModelIntegratedComponent:63 - No mode defined for component null
2025-11-16 09:57:30,973 [WARN] ModelIntegratedComponent:63 - No mode defined for component null
2025-11-16 09:57:30,973 [WARN] ModelIntegratedComponent:63 - No mode defined for component null
2025-11-16 09:57:30,973 [WARN] ModelIntegratedComponent:63 - No mode defined for component null
2025-11-16 09:57:30,973 [WARN] ModelIntegratedComponent:63 - No mode defined for component null
2025-11-16 09:57:30,973 [WARN] ModelIntegratedComponent:63 - No mode defined for component null
2025-11-16 09:57:30,974 [WARN] ModelIntegratedComponent:63 - No mode defined for component null
2025-11-16 09:57:31,253 [INFO] ThirdPartyModel:298 - Start build external matchings
2025-11-16 09:57:32,016 [INFO] ThirdPartyModel:316 - End build external matchings
2025-11-16 09:57:32,041 [INFO] ImportTextPane:194 - (OptionalMessage_ERROR) IP (RCC) : Invalid parameter (48MHZClocksFreq_Value)
2025-11-16 09:57:32,041 [INFO] ImportTextPane:194 - (OptionalMessage_ERROR) IP (RCC) : Invalid parameter (EthernetFreq_Value)
2025-11-16 09:57:32,043 [INFO] ImportTextPane:194 - (OptionalMessage_ERROR) IP (RCC) : Parameter (FLatency) has Id (AdvancedSettings) currently not set
2025-11-16 09:57:32,043 [INFO] ImportTextPane:194 - (OptionalMessage_ERROR) IP (RCC) : Invalid parameter (FamilyName)
2025-11-16 09:57:32,043 [INFO] ImportTextPane:194 - (OptionalMessage_ERROR) IP (RCC) : Invalid parameter (I2SClocksFreq_Value)
2025-11-16 09:57:32,043 [INFO] ImportTextPane:194 - (OptionalMessage_ERROR) IP (RCC) : Parameter (SDIOFreq_Value) has invalid value (168000000)
2025-11-16 09:57:32,044 [INFO] ImportTextPane:194 - (OptionalMessage_ERROR) IP (RCC) : Parameter (USBFreq_Value) has invalid value (168000000)
2025-11-16 09:57:32,044 [INFO] ImportTextPane:194 - (OptionalMessage_ERROR) IP (RCC) : Invalid parameter (VCOInputMFreq_Value)
2025-11-16 09:57:32,044 [INFO] ImportTextPane:194 - (OptionalMessage_ERROR) IP (RCC) : Invalid parameter (VcooutputI2S)
2025-11-16 09:57:32,879 [INFO] ApiDb:581 - Connected to CubeFinder SQLite database (C:\Users\Aditya\.stmcufinder\plugins\mcufinder\mcu\cube-finder-db.db)
2025-11-16 09:57:32,978 [INFO] ApiDb:668 - CubeFinder database Data Model version=2.1
2025-11-16 09:57:32,978 [INFO] ApiDb:669 - CubeFinder database Configuration version=3.0.39
2025-11-16 09:57:32,979 [INFO] ApiDb:670 - CubeFinder database generation date=2025-11-05 (1762334721)
2025-11-16 09:57:32,979 [INFO] ApiDb:671 - CubeFinder database FW Pack versions=[FP-ATR-ASTRA1_V2.0.0, FP-SNS-FLIGHT1_V5.1.0, FP-SNS-MOTENV1_V5.1.0, FP-SNS-MOTENVWB1_V1.4.0, FP-SNS-SMARTAG2_V1.2.0, FP-SNS-STBOX1_V2.1.0, STM32Cube_FW_C0_V1.4.0, STM32Cube_FW_F4_V1.28.3, STM32Cube_FW_F7_V1.17.4, STM32Cube_FW_G0_V1.6.2, STM32Cube_FW_G4_V1.6.1, STM32Cube_FW_H5_V1.5.1, STM32Cube_FW_H7RS_V1.3.0, STM32Cube_FW_H7_V1.12.1, STM32Cube_FW_L0_V1.12.2, STM32Cube_FW_L4_V1.18.1, STM32Cube_FW_L5_V1.6.0, STM32Cube_FW_N6_V1.3.0, STM32Cube_FW_U0_V1.3.0, STM32Cube_FW_U3_V1.2.1, STM32Cube_FW_U5_V1.8.0, STM32Cube_FW_WB0_V1.4.0, STM32Cube_FW_WBA_V1.8.0, STM32Cube_FW_WB_V1.24.0, STM32Cube_FW_WL3_V1.3.0, STM32Cube_FW_WL_V1.4.0, X-CUBE-ALGOBUILD_V1.4.0, X-CUBE-ALS_V1.0.2, X-CUBE-AZRTOS-F4_V1.1.0, X-CUBE-AZRTOS-F7_V1.1.0, X-CUBE-AZRTOS-G0_V1.1.0, X-CUBE-AZRTOS-G4_V2.0.0, X-CUBE-AZRTOS-H7RS_V1.1.0, X-CUBE-AZRTOS-H7_V3.4.0, X-CUBE-AZRTOS-L4_V2.0.0, X-CUBE-AZRTOS-L5_V2.0.0, X-CUBE-AZRTOS-WB_V2.0.0, X-CUBE-AZRTOS-WL_V2.0.0, X-CUBE-BLE1_V7.1.0, X-CUBE-BLE2_V3.3.0, X-CUBE-BLEMGR_V4.1.0, X-CUBE-EEPRMA1_V5.2.0, X-CUBE-FREERTOS_V1.3.1, X-CUBE-GNSS1_V6.0.0, X-CUBE-MEMS1_V11.3.0, X-CUBE-NFC4_V3.0.0, X-CUBE-NFC7_V2.0.0, X-CUBE-SFXS2LP1_V4.0.0, X-CUBE-ST67W61_V1.1.0, X-CUBE-SUBG2_V5.0.0, X-CUBE-TOF1_V3.4.3]
2025-11-16 09:57:33,083 [INFO] DbBoardsSqlite:226 - include board P-NUCLEO-WB55-NUCLEO as a kit item of type 'Nucleo-64'
2025-11-16 09:57:33,083 [INFO] DbBoardsSqlite:226 - include board P-NUCLEO-WB55-USBDONGLE as a kit item of type 'Nucleo USB Dongle'
2025-11-16 09:57:33,084 [INFO] DbBoardsSqlite:226 - include board STEVAL-IDP005V1 as a kit item of type 'Evaluation Board'
2025-11-16 09:57:33,084 [INFO] DbBoardsSqlite:226 - include board STEVAL-IDP005V2 as a kit item of type 'Evaluation Board'
2025-11-16 09:57:33,468 [INFO] ApiDb:240 - Found 483 in-development CPN: [B-G473E-ZEST1S, B-WB1M-WPAN1, B-WL5M-SUBG1, NUCLEO-C031C6, NUCLEO-H503RB, NUCLEO-H533RE, NUCLEO-H563ZI, NUCLEO-H7S3L8, NUCLEO-U031R8, NUCLEO-U083RC, NUCLEO-U545RE-Q, NUCLEO-U5A5ZJ-Q, NUCLEO-WBA52CG, NUCLEO-WBA55CG, STEVAL-PROTEUS1, STEVAL-SMARTAG2, STEVAL-STWINBX1, STM320518-EVAL, STM32C0116-DK, STM32C011D6Y3TR, STM32C011D6Y6TR, STM32C011F4P3, STM32C011F4P6, STM32C011F4U3, STM32C011F4U6TR, STM32C011F6P3, STM32C011F6P6, STM32C011F6U3, STM32C011F6U6TR, STM32C011J4M3, STM32C011J4M6, STM32C011J6M3, STM32C011J6M6, STM32C0316-DK, STM32C031C4T3, STM32C031C4T6, STM32C031C4U3, STM32C031C4U6, STM32C031C6T3, STM32C031C6T6, STM32C031C6U3, STM32C031C6U6, STM32C031F4P3, STM32C031F4P6, STM32C031F6P3, STM32C031F6P6, STM32C031G4U3, STM32C031G4U6, STM32C031G6U3, STM32C031G6U6, STM32C031K4T3, STM32C031K4T6, STM32C031K4U3, STM32C031K4U6, STM32C031K6T3, STM32C031K6T6, STM32C031K6U3, STM32C031K6U6, STM32G071K8TXN, STM32G071K8UXN, STM32G081GBU6N, STM32G081KBT6N, STM32G081KBUXN, STM32G0B1CCT6N, STM32G0B1KCT6, STM32G0B1NEY6TR, STM32G0B1RCT6N, STM32G0C1CCT6, STM32G0C1CCT6N, STM32G0C1CCU6N, STM32G0C1CET6N, STM32G0C1CEU6N, STM32G0C1KCT6, STM32G0C1NEY6TR, STM32G0C1RCI6N, STM32G0C1RCT6N, STM32G0C1REI6N, STM32G0C1RET6N, STM32G0C1VCI6, STM32G0C1VEI6, STM32G471CCT6, STM32G471CCU6, STM32G471CET3, STM32G471CET6, STM32G471CEU3, STM32G471CEU6, STM32G471MCT6, STM32G471MET3, STM32G471MET6, STM32G471MEY6TR, STM32G471QCT6, STM32G471QET3, STM32G471RCT6, STM32G471RET3, STM32G471RET6, STM32G471VCH6, STM32G471VCI6, STM32G471VCT6, STM32G471VEH3, STM32G471VEH6, STM32G471VEI3, STM32G471VEI6, STM32G471VET3, STM32G471VET6, STM32G474CCT6, STM32H503CBT6, STM32H503CBU6, STM32H503EBY6TR, STM32H503KBU6, STM32H503RBT6, STM32H523CCT6, STM32H523CCU6, STM32H523CET6, STM32H523CEU6, STM32H523HEY6TR, STM32H523RCT6, STM32H523RET6, STM32H523VCI6, STM32H523VCT6, STM32H523VEI6, STM32H523VET6, STM32H523ZCJ6, STM32H523ZCT6, STM32H523ZEJ6, STM32H523ZET6, STM32H533CET6, STM32H533CEU6, STM32H533HEY6TR, STM32H533RET6, STM32H533VEI6, STM32H533VET6, STM32H533ZEJ6, STM32H533ZET6, STM32H562AGI6, STM32H562AII6, STM32H562IGK6, STM32H562IGT6, STM32H562IIK6, STM32H562IIT6, STM32H562RGT6, STM32H562RGV6, STM32H562RIT6, STM32H562RIV6, STM32H562VGT6, STM32H562VIT6, STM32H562ZGT6, STM32H562ZIT6, STM32H563AGI6, STM32H563AII3Q, STM32H563AII6, STM32H563IGK6, STM32H563IGT6, STM32H563IIK3Q, STM32H563IIK6, STM32H563IIT3Q, STM32H563IIT6, STM32H563MIY3QTR, STM32H563RGT6, STM32H563RGV6, STM32H563RIT6, STM32H563RIV6, STM32H563VGT6, STM32H563VIT3Q, STM32H563VIT6, STM32H563ZGT6, STM32H563ZIT3Q, STM32H563ZIT6, STM32H573AII3Q, STM32H573AII6, STM32H573I-DK, STM32H573IIK3Q, STM32H573IIK6, STM32H573IIT3Q, STM32H573IIT6, STM32H573MIY3QTR, STM32H573RIT6, STM32H573RIV6, STM32H573VIT3Q, STM32H573VIT6, STM32H573ZIT3Q, STM32H573ZIT6, STM32H7R3A8I6, STM32H7R3I8K6, STM32H7R3I8T6, STM32H7R3L8H6, STM32H7R3L8H6H, STM32H7R3R8V6, STM32H7R3V8H6, STM32H7R3V8T6, STM32H7R3V8Y6, STM32H7R3Z8J6, STM32H7R3Z8T6, STM32H7R7A8I6, STM32H7R7I8K6, STM32H7R7I8T6, STM32H7R7L8H6, STM32H7R7L8H6H, STM32H7R7Z8J6, STM32H7S3A8I6, STM32H7S3I8K6, STM32H7S3I8T6, STM32H7S3L8H6, STM32H7S3L8H6H, STM32H7S3R8V6, STM32H7S3V8H6, STM32H7S3V8T6, STM32H7S3V8Y6, STM32H7S3Z8J6, STM32H7S3Z8T6, STM32H7S78-DK, STM32H7S7A8I6, STM32H7S7I8K6, STM32H7S7I8T6, STM32H7S7L8H6, STM32H7S7L8H6H, STM32H7S7Z8J6, STM32L4R5QGI6STR, STM32MP131AAE3, STM32MP131AAF3, STM32MP131AAG3, STM32MP131CAE3, STM32MP131CAF3, STM32MP131CAG3, STM32MP131DAE7, STM32MP131DAF7, STM32MP131DAG7, STM32MP131FAE7, STM32MP131FAF7, STM32MP131FAG7, STM32MP133AAE3, STM32MP133AAF3, STM32MP133AAG3, STM32MP133CAE3, STM32MP133CAF3, STM32MP133CAG3, STM32MP133DAE7, STM32MP133DAF7, STM32MP133DAG7, STM32MP133FAE7, STM32MP133FAF7, STM32MP133FAG7, STM32MP135AAE3, STM32MP135AAF3, STM32MP135AAG3, STM32MP135CAE3, STM32MP135CAF3, STM32MP135CAG3, STM32MP135DAE7, STM32MP135DAF7, STM32MP135DAG7, STM32MP135F-DK, STM32MP135FAE7, STM32MP135FAF7, STM32MP135FAF7T, STM32MP135FAF7U, STM32MP135FAG7, STM32U031C6T6, STM32U031C6U6, STM32U031C8T6, STM32U031C8U6, STM32U031F4P6, STM32U031F6P6, STM32U031F8P6, STM32U031G6Y6TR, STM32U031G8Y6TR, STM32U031K4U6, STM32U031K6U6, STM32U031K8U6, STM32U031R6I6, STM32U031R6T6, STM32U031R8I6, STM32U031R8T6, STM32U073C8T6, STM32U073C8U6, STM32U073CBT6, STM32U073CBU6, STM32U073CCT6, STM32U073CCU6, STM32U073H8Y6TR, STM32U073HBY6TR, STM32U073HCY6TR, STM32U073K8U6, STM32U073KBU6, STM32U073KCU6, STM32U073M8I6, STM32U073M8T6, STM32U073MBI6, STM32U073MBT6, STM32U073MCI6, STM32U073MCT6, STM32U073R8I6, STM32U073R8T6, STM32U073RBI6, STM32U073RBT6, STM32U073RCI6, STM32U073RCT6, STM32U083C-DK, STM32U083CCT6, STM32U083CCU6, STM32U083HCY6TR, STM32U083KCU6, STM32U083MCI6, STM32U083MCT6, STM32U083RCI6, STM32U083RCT6, STM32U535CBT6, STM32U535CBT6Q, STM32U535CBU6, STM32U535CBU6Q, STM32U535CCT6, STM32U535CCT6Q, STM32U535CCU6, STM32U535CCU6Q, STM32U535CET6, STM32U535CET6Q, STM32U535CEU6, STM32U535CEU6Q, STM32U535JEY6QTR, STM32U535NCY6QTR, STM32U535NEY6QTR, STM32U535RBI6, STM32U535RBI6Q, STM32U535RBT6, STM32U535RBT6Q, STM32U535RCI6, STM32U535RCI6Q, STM32U535RCT6, STM32U535RCT6Q, STM32U535REI6, STM32U535REI6Q, STM32U535RET6, STM32U535RET6Q, STM32U535VCI6, STM32U535VCI6Q, STM32U535VCT6, STM32U535VCT6Q, STM32U535VEI6, STM32U535VEI6Q, STM32U535VET6, STM32U535VET6Q, STM32U545CET6, STM32U545CET6Q, STM32U545CEU6, STM32U545CEU6Q, STM32U545JEY6QTR, STM32U545NEY6QTR, STM32U545REI6, STM32U545REI6Q, STM32U545RET6, STM32U545RET6Q, STM32U545VEI6, STM32U545VEI6Q, STM32U545VET6, STM32U545VET6Q, STM32U595AIH6, STM32U595AIH6Q, STM32U595AJH6, STM32U595AJH6Q, STM32U595QII6, STM32U595QII6Q, STM32U595QJI6, STM32U595QJI6Q, STM32U595RIT6, STM32U595RIT6Q, STM32U595RJT6, STM32U595RJT6Q, STM32U595VIT6, STM32U595VIT6Q, STM32U595VJT6, STM32U595VJT6Q, STM32U595ZIT6, STM32U595ZIT6Q, STM32U595ZIY6QTR, STM32U595ZJT6, STM32U595ZJT6Q, STM32U595ZJY6QTR, STM32U599BJY6QTR, STM32U599NIH6Q, STM32U599NJH6Q, STM32U599VIT6Q, STM32U599VJT6, STM32U599VJT6Q, STM32U599ZIT6Q, STM32U599ZIY6QTR, STM32U599ZJT6Q, STM32U599ZJY6QTR, STM32U5A5AJH6, STM32U5A5AJH6Q, STM32U5A5QII3Q , STM32U5A5QJI6, STM32U5A5QJI6Q, STM32U5A5RJT6, STM32U5A5RJT6Q, STM32U5A5VJT6, STM32U5A5VJT6Q, STM32U5A5ZJT6, STM32U5A5ZJT6Q, STM32U5A5ZJY6QTR, STM32U5A9BJY6QTR, STM32U5A9J-DK, STM32U5A9NJH6Q, STM32U5A9VJT6Q, STM32U5A9ZJT6Q, STM32U5A9ZJY6QTR, STM32U5F7VIT6, STM32U5F7VIT6Q, STM32U5F7VJT6, STM32U5F7VJT6Q, STM32U5F9BJY6QTR, STM32U5F9NJH6Q, STM32U5F9VIT6Q, STM32U5F9VJT6Q, STM32U5F9ZIJ6QTR, STM32U5F9ZIT6Q, STM32U5F9ZJJ6QTR, STM32U5F9ZJT6Q, STM32U5G7VJT6, STM32U5G7VJT6Q, STM32U5G9BJY6QTR, STM32U5G9J-DK1, STM32U5G9J-DK2, STM32U5G9NJH6Q, STM32U5G9VJT6Q, STM32U5G9ZJJ6QTR, STM32U5G9ZJT6Q, STM32WB1MMCH6, STM32WBA50KEU6, STM32WBA50KEU6TR, STM32WBA50KGU6, STM32WBA50KGU6TR, STM32WBA52CEU6, STM32WBA52CEU6TR, STM32WBA52CEU7, STM32WBA52CEU7TR, STM32WBA52CGU6, STM32WBA52CGU6TR, STM32WBA52CGU6U, STM32WBA52CGU7, STM32WBA52CGU7TR, STM32WBA52KEU6, STM32WBA52KEU6TR, STM32WBA52KGU6, STM32WBA52KGU6TR, STM32WBA54CEU6, STM32WBA54CEU6TR, STM32WBA54CEU7, STM32WBA54CEU7TR, STM32WBA54CGU6, STM32WBA54CGU6TR, STM32WBA54CGU7, STM32WBA54CGU7TR, STM32WBA54KEU6, STM32WBA54KEU6TR, STM32WBA54KEU7, STM32WBA54KEU7TR, STM32WBA54KGU6, STM32WBA54KGU6TR, STM32WBA54KGU7, STM32WBA54KGU7TR, STM32WBA55CEU6, STM32WBA55CEU6TR, STM32WBA55CEU7, STM32WBA55CEU7TR, STM32WBA55CGU6, STM32WBA55CGU6TR, STM32WBA55CGU6U, STM32WBA55CGU7, STM32WBA55CGU7TR, STM32WBA55G-DK1, STM32WBA55HEF6, STM32WBA55HEF7, STM32WBA55HGF6, STM32WBA55HGF7, STM32WBA55UEI6, STM32WBA55UEI6TR, STM32WBA55UEI7, STM32WBA55UEI7TR, STM32WBA55UGI6, STM32WBA55UGI6TR, STM32WBA55UGI7, STM32WBA55UGI7TR, STM32WL5MOCH6, STM32WL5MOCH6TR]
2025-11-16 09:57:33,471 [INFO] ApiDb:668 - CubeFinder database Data Model version=2.1
2025-11-16 09:57:33,471 [INFO] ApiDb:669 - CubeFinder database Configuration version=3.0.39
2025-11-16 09:57:33,471 [INFO] ApiDb:670 - CubeFinder database generation date=2025-11-05 (1762334721)
2025-11-16 09:57:33,471 [INFO] ApiDb:671 - CubeFinder database FW Pack versions=[FP-ATR-ASTRA1_V2.0.0, FP-SNS-FLIGHT1_V5.1.0, FP-SNS-MOTENV1_V5.1.0, FP-SNS-MOTENVWB1_V1.4.0, FP-SNS-SMARTAG2_V1.2.0, FP-SNS-STBOX1_V2.1.0, STM32Cube_FW_C0_V1.4.0, STM32Cube_FW_F4_V1.28.3, STM32Cube_FW_F7_V1.17.4, STM32Cube_FW_G0_V1.6.2, STM32Cube_FW_G4_V1.6.1, STM32Cube_FW_H5_V1.5.1, STM32Cube_FW_H7RS_V1.3.0, STM32Cube_FW_H7_V1.12.1, STM32Cube_FW_L0_V1.12.2, STM32Cube_FW_L4_V1.18.1, STM32Cube_FW_L5_V1.6.0, STM32Cube_FW_N6_V1.3.0, STM32Cube_FW_U0_V1.3.0, STM32Cube_FW_U3_V1.2.1, STM32Cube_FW_U5_V1.8.0, STM32Cube_FW_WB0_V1.4.0, STM32Cube_FW_WBA_V1.8.0, STM32Cube_FW_WB_V1.24.0, STM32Cube_FW_WL3_V1.3.0, STM32Cube_FW_WL_V1.4.0, X-CUBE-ALGOBUILD_V1.4.0, X-CUBE-ALS_V1.0.2, X-CUBE-AZRTOS-F4_V1.1.0, X-CUBE-AZRTOS-F7_V1.1.0, X-CUBE-AZRTOS-G0_V1.1.0, X-CUBE-AZRTOS-G4_V2.0.0, X-CUBE-AZRTOS-H7RS_V1.1.0, X-CUBE-AZRTOS-H7_V3.4.0, X-CUBE-AZRTOS-L4_V2.0.0, X-CUBE-AZRTOS-L5_V2.0.0, X-CUBE-AZRTOS-WB_V2.0.0, X-CUBE-AZRTOS-WL_V2.0.0, X-CUBE-BLE1_V7.1.0, X-CUBE-BLE2_V3.3.0, X-CUBE-BLEMGR_V4.1.0, X-CUBE-EEPRMA1_V5.2.0, X-CUBE-FREERTOS_V1.3.1, X-CUBE-GNSS1_V6.0.0, X-CUBE-MEMS1_V11.3.0, X-CUBE-NFC4_V3.0.0, X-CUBE-NFC7_V2.0.0, X-CUBE-SFXS2LP1_V4.0.0, X-CUBE-ST67W61_V1.1.0, X-CUBE-SUBG2_V5.0.0, X-CUBE-TOF1_V3.4.3]
2025-11-16 09:57:35,411 [INFO] ApiDb:240 - Found 483 in-development CPN: [B-G473E-ZEST1S, B-WB1M-WPAN1, B-WL5M-SUBG1, NUCLEO-C031C6, NUCLEO-H503RB, NUCLEO-H533RE, NUCLEO-H563ZI, NUCLEO-H7S3L8, NUCLEO-U031R8, NUCLEO-U083RC, NUCLEO-U545RE-Q, NUCLEO-U5A5ZJ-Q, NUCLEO-WBA52CG, NUCLEO-WBA55CG, STEVAL-PROTEUS1, STEVAL-SMARTAG2, STEVAL-STWINBX1, STM320518-EVAL, STM32C0116-DK, STM32C011D6Y3TR, STM32C011D6Y6TR, STM32C011F4P3, STM32C011F4P6, STM32C011F4U3, STM32C011F4U6TR, STM32C011F6P3, STM32C011F6P6, STM32C011F6U3, STM32C011F6U6TR, STM32C011J4M3, STM32C011J4M6, STM32C011J6M3, STM32C011J6M6, STM32C0316-DK, STM32C031C4T3, STM32C031C4T6, STM32C031C4U3, STM32C031C4U6, STM32C031C6T3, STM32C031C6T6, STM32C031C6U3, STM32C031C6U6, STM32C031F4P3, STM32C031F4P6, STM32C031F6P3, STM32C031F6P6, STM32C031G4U3, STM32C031G4U6, STM32C031G6U3, STM32C031G6U6, STM32C031K4T3, STM32C031K4T6, STM32C031K4U3, STM32C031K4U6, STM32C031K6T3, STM32C031K6T6, STM32C031K6U3, STM32C031K6U6, STM32G071K8TXN, STM32G071K8UXN, STM32G081GBU6N, STM32G081KBT6N, STM32G081KBUXN, STM32G0B1CCT6N, STM32G0B1KCT6, STM32G0B1NEY6TR, STM32G0B1RCT6N, STM32G0C1CCT6, STM32G0C1CCT6N, STM32G0C1CCU6N, STM32G0C1CET6N, STM32G0C1CEU6N, STM32G0C1KCT6, STM32G0C1NEY6TR, STM32G0C1RCI6N, STM32G0C1RCT6N, STM32G0C1REI6N, STM32G0C1RET6N, STM32G0C1VCI6, STM32G0C1VEI6, STM32G471CCT6, STM32G471CCU6, STM32G471CET3, STM32G471CET6, STM32G471CEU3, STM32G471CEU6, STM32G471MCT6, STM32G471MET3, STM32G471MET6, STM32G471MEY6TR, STM32G471QCT6, STM32G471QET3, STM32G471RCT6, STM32G471RET3, STM32G471RET6, STM32G471VCH6, STM32G471VCI6, STM32G471VCT6, STM32G471VEH3, STM32G471VEH6, STM32G471VEI3, STM32G471VEI6, STM32G471VET3, STM32G471VET6, STM32G474CCT6, STM32H503CBT6, STM32H503CBU6, STM32H503EBY6TR, STM32H503KBU6, STM32H503RBT6, STM32H523CCT6, STM32H523CCU6, STM32H523CET6, STM32H523CEU6, STM32H523HEY6TR, STM32H523RCT6, STM32H523RET6, STM32H523VCI6, STM32H523VCT6, STM32H523VEI6, STM32H523VET6, STM32H523ZCJ6, STM32H523ZCT6, STM32H523ZEJ6, STM32H523ZET6, STM32H533CET6, STM32H533CEU6, STM32H533HEY6TR, STM32H533RET6, STM32H533VEI6, STM32H533VET6, STM32H533ZEJ6, STM32H533ZET6, STM32H562AGI6, STM32H562AII6, STM32H562IGK6, STM32H562IGT6, STM32H562IIK6, STM32H562IIT6, STM32H562RGT6, STM32H562RGV6, STM32H562RIT6, STM32H562RIV6, STM32H562VGT6, STM32H562VIT6, STM32H562ZGT6, STM32H562ZIT6, STM32H563AGI6, STM32H563AII3Q, STM32H563AII6, STM32H563IGK6, STM32H563IGT6, STM32H563IIK3Q, STM32H563IIK6, STM32H563IIT3Q, STM32H563IIT6, STM32H563MIY3QTR, STM32H563RGT6, STM32H563RGV6, STM32H563RIT6, STM32H563RIV6, STM32H563VGT6, STM32H563VIT3Q, STM32H563VIT6, STM32H563ZGT6, STM32H563ZIT3Q, STM32H563ZIT6, STM32H573AII3Q, STM32H573AII6, STM32H573I-DK, STM32H573IIK3Q, STM32H573IIK6, STM32H573IIT3Q, STM32H573IIT6, STM32H573MIY3QTR, STM32H573RIT6, STM32H573RIV6, STM32H573VIT3Q, STM32H573VIT6, STM32H573ZIT3Q, STM32H573ZIT6, STM32H7R3A8I6, STM32H7R3I8K6, STM32H7R3I8T6, STM32H7R3L8H6, STM32H7R3L8H6H, STM32H7R3R8V6, STM32H7R3V8H6, STM32H7R3V8T6, STM32H7R3V8Y6, STM32H7R3Z8J6, STM32H7R3Z8T6, STM32H7R7A8I6, STM32H7R7I8K6, STM32H7R7I8T6, STM32H7R7L8H6, STM32H7R7L8H6H, STM32H7R7Z8J6, STM32H7S3A8I6, STM32H7S3I8K6, STM32H7S3I8T6, STM32H7S3L8H6, STM32H7S3L8H6H, STM32H7S3R8V6, STM32H7S3V8H6, STM32H7S3V8T6, STM32H7S3V8Y6, STM32H7S3Z8J6, STM32H7S3Z8T6, STM32H7S78-DK, STM32H7S7A8I6, STM32H7S7I8K6, STM32H7S7I8T6, STM32H7S7L8H6, STM32H7S7L8H6H, STM32H7S7Z8J6, STM32L4R5QGI6STR, STM32MP131AAE3, STM32MP131AAF3, STM32MP131AAG3, STM32MP131CAE3, STM32MP131CAF3, STM32MP131CAG3, STM32MP131DAE7, STM32MP131DAF7, STM32MP131DAG7, STM32MP131FAE7, STM32MP131FAF7, STM32MP131FAG7, STM32MP133AAE3, STM32MP133AAF3, STM32MP133AAG3, STM32MP133CAE3, STM32MP133CAF3, STM32MP133CAG3, STM32MP133DAE7, STM32MP133DAF7, STM32MP133DAG7, STM32MP133FAE7, STM32MP133FAF7, STM32MP133FAG7, STM32MP135AAE3, STM32MP135AAF3, STM32MP135AAG3, STM32MP135CAE3, STM32MP135CAF3, STM32MP135CAG3, STM32MP135DAE7, STM32MP135DAF7, STM32MP135DAG7, STM32MP135F-DK, STM32MP135FAE7, STM32MP135FAF7, STM32MP135FAF7T, STM32MP135FAF7U, STM32MP135FAG7, STM32U031C6T6, STM32U031C6U6, STM32U031C8T6, STM32U031C8U6, STM32U031F4P6, STM32U031F6P6, STM32U031F8P6, STM32U031G6Y6TR, STM32U031G8Y6TR, STM32U031K4U6, STM32U031K6U6, STM32U031K8U6, STM32U031R6I6, STM32U031R6T6, STM32U031R8I6, STM32U031R8T6, STM32U073C8T6, STM32U073C8U6, STM32U073CBT6, STM32U073CBU6, STM32U073CCT6, STM32U073CCU6, STM32U073H8Y6TR, STM32U073HBY6TR, STM32U073HCY6TR, STM32U073K8U6, STM32U073KBU6, STM32U073KCU6, STM32U073M8I6, STM32U073M8T6, STM32U073MBI6, STM32U073MBT6, STM32U073MCI6, STM32U073MCT6, STM32U073R8I6, STM32U073R8T6, STM32U073RBI6, STM32U073RBT6, STM32U073RCI6, STM32U073RCT6, STM32U083C-DK, STM32U083CCT6, STM32U083CCU6, STM32U083HCY6TR, STM32U083KCU6, STM32U083MCI6, STM32U083MCT6, STM32U083RCI6, STM32U083RCT6, STM32U535CBT6, STM32U535CBT6Q, STM32U535CBU6, STM32U535CBU6Q, STM32U535CCT6, STM32U535CCT6Q, STM32U535CCU6, STM32U535CCU6Q, STM32U535CET6, STM32U535CET6Q, STM32U535CEU6, STM32U535CEU6Q, STM32U535JEY6QTR, STM32U535NCY6QTR, STM32U535NEY6QTR, STM32U535RBI6, STM32U535RBI6Q, STM32U535RBT6, STM32U535RBT6Q, STM32U535RCI6, STM32U535RCI6Q, STM32U535RCT6, STM32U535RCT6Q, STM32U535REI6, STM32U535REI6Q, STM32U535RET6, STM32U535RET6Q, STM32U535VCI6, STM32U535VCI6Q, STM32U535VCT6, STM32U535VCT6Q, STM32U535VEI6, STM32U535VEI6Q, STM32U535VET6, STM32U535VET6Q, STM32U545CET6, STM32U545CET6Q, STM32U545CEU6, STM32U545CEU6Q, STM32U545JEY6QTR, STM32U545NEY6QTR, STM32U545REI6, STM32U545REI6Q, STM32U545RET6, STM32U545RET6Q, STM32U545VEI6, STM32U545VEI6Q, STM32U545VET6, STM32U545VET6Q, STM32U595AIH6, STM32U595AIH6Q, STM32U595AJH6, STM32U595AJH6Q, STM32U595QII6, STM32U595QII6Q, STM32U595QJI6, STM32U595QJI6Q, STM32U595RIT6, STM32U595RIT6Q, STM32U595RJT6, STM32U595RJT6Q, STM32U595VIT6, STM32U595VIT6Q, STM32U595VJT6, STM32U595VJT6Q, STM32U595ZIT6, STM32U595ZIT6Q, STM32U595ZIY6QTR, STM32U595ZJT6, STM32U595ZJT6Q, STM32U595ZJY6QTR, STM32U599BJY6QTR, STM32U599NIH6Q, STM32U599NJH6Q, STM32U599VIT6Q, STM32U599VJT6, STM32U599VJT6Q, STM32U599ZIT6Q, STM32U599ZIY6QTR, STM32U599ZJT6Q, STM32U599ZJY6QTR, STM32U5A5AJH6, STM32U5A5AJH6Q, STM32U5A5QII3Q , STM32U5A5QJI6, STM32U5A5QJI6Q, STM32U5A5RJT6, STM32U5A5RJT6Q, STM32U5A5VJT6, STM32U5A5VJT6Q, STM32U5A5ZJT6, STM32U5A5ZJT6Q, STM32U5A5ZJY6QTR, STM32U5A9BJY6QTR, STM32U5A9J-DK, STM32U5A9NJH6Q, STM32U5A9VJT6Q, STM32U5A9ZJT6Q, STM32U5A9ZJY6QTR, STM32U5F7VIT6, STM32U5F7VIT6Q, STM32U5F7VJT6, STM32U5F7VJT6Q, STM32U5F9BJY6QTR, STM32U5F9NJH6Q, STM32U5F9VIT6Q, STM32U5F9VJT6Q, STM32U5F9ZIJ6QTR, STM32U5F9ZIT6Q, STM32U5F9ZJJ6QTR, STM32U5F9ZJT6Q, STM32U5G7VJT6, STM32U5G7VJT6Q, STM32U5G9BJY6QTR, STM32U5G9J-DK1, STM32U5G9J-DK2, STM32U5G9NJH6Q, STM32U5G9VJT6Q, STM32U5G9ZJJ6QTR, STM32U5G9ZJT6Q, STM32WB1MMCH6, STM32WBA50KEU6, STM32WBA50KEU6TR, STM32WBA50KGU6, STM32WBA50KGU6TR, STM32WBA52CEU6, STM32WBA52CEU6TR, STM32WBA52CEU7, STM32WBA52CEU7TR, STM32WBA52CGU6, STM32WBA52CGU6TR, STM32WBA52CGU6U, STM32WBA52CGU7, STM32WBA52CGU7TR, STM32WBA52KEU6, STM32WBA52KEU6TR, STM32WBA52KGU6, STM32WBA52KGU6TR, STM32WBA54CEU6, STM32WBA54CEU6TR, STM32WBA54CEU7, STM32WBA54CEU7TR, STM32WBA54CGU6, STM32WBA54CGU6TR, STM32WBA54CGU7, STM32WBA54CGU7TR, STM32WBA54KEU6, STM32WBA54KEU6TR, STM32WBA54KEU7, STM32WBA54KEU7TR, STM32WBA54KGU6, STM32WBA54KGU6TR, STM32WBA54KGU7, STM32WBA54KGU7TR, STM32WBA55CEU6, STM32WBA55CEU6TR, STM32WBA55CEU7, STM32WBA55CEU7TR, STM32WBA55CGU6, STM32WBA55CGU6TR, STM32WBA55CGU6U, STM32WBA55CGU7, STM32WBA55CGU7TR, STM32WBA55G-DK1, STM32WBA55HEF6, STM32WBA55HEF7, STM32WBA55HGF6, STM32WBA55HGF7, STM32WBA55UEI6, STM32WBA55UEI6TR, STM32WBA55UEI7, STM32WBA55UEI7TR, STM32WBA55UGI6, STM32WBA55UGI6TR, STM32WBA55UGI7, STM32WBA55UGI7TR, STM32WL5MOCH6, STM32WL5MOCH6TR]
2025-11-16 09:57:35,430 [INFO] DbMcus:218 - Found 4816 MCUs, 4816 are supported
2025-11-16 09:57:35,433 [INFO] ApiDb:423 - Load user favorites file C:\Users\Aditya/.stm32cubeide/favorites.mcus.txt: 0 item(s)
2025-11-16 09:57:35,433 [INFO] ApiDb:427 - User favorites MCUs=[]
2025-11-16 09:57:35,433 [INFO] DbMcus:224 - Set 0 / 0 favorites MCUs
2025-11-16 09:57:35,943 [INFO] BoardInfo:889 - No configuration file found for board B-WBA5M-WPAN
2025-11-16 09:57:35,944 [INFO] DbBoards:161 - Board is not supported: B-WBA5M-WPAN
2025-11-16 09:57:35,949 [INFO] BoardInfo:889 - No configuration file found for board NUCLEO-C051C8
2025-11-16 09:57:35,949 [INFO] DbBoards:161 - Board is not supported: NUCLEO-C051C8
2025-11-16 09:57:35,950 [INFO] BoardInfo:889 - No configuration file found for board NUCLEO-C071RB
2025-11-16 09:57:35,950 [INFO] DbBoards:161 - Board is not supported: NUCLEO-C071RB
2025-11-16 09:57:35,951 [INFO] BoardInfo:889 - No configuration file found for board NUCLEO-C092RC
2025-11-16 09:57:35,952 [INFO] DbBoards:161 - Board is not supported: NUCLEO-C092RC
2025-11-16 09:57:36,124 [INFO] BoardInfo:889 - No configuration file found for board NUCLEO-N657X0-Q
2025-11-16 09:57:36,124 [INFO] DbBoards:161 - Board is not supported: NUCLEO-N657X0-Q
2025-11-16 09:57:36,127 [INFO] BoardInfo:889 - No configuration file found for board NUCLEO-U385RG-Q
2025-11-16 09:57:36,127 [INFO] DbBoards:161 - Board is not supported: NUCLEO-U385RG-Q
2025-11-16 09:57:36,132 [INFO] BoardInfo:889 - No configuration file found for board NUCLEO-WB05KZ
2025-11-16 09:57:36,132 [INFO] DbBoards:161 - Board is not supported: NUCLEO-WB05KZ
2025-11-16 09:57:36,133 [INFO] BoardInfo:889 - No configuration file found for board NUCLEO-WB07CC
2025-11-16 09:57:36,133 [INFO] DbBoards:161 - Board is not supported: NUCLEO-WB07CC
2025-11-16 09:57:36,134 [INFO] BoardInfo:889 - No configuration file found for board NUCLEO-WB09KE
2025-11-16 09:57:36,134 [INFO] DbBoards:161 - Board is not supported: NUCLEO-WB09KE
2025-11-16 09:57:36,140 [INFO] BoardInfo:889 - No configuration file found for board NUCLEO-WBA65RI
2025-11-16 09:57:36,140 [INFO] DbBoards:161 - Board is not supported: NUCLEO-WBA65RI
2025-11-16 09:57:36,141 [INFO] BoardInfo:889 - No configuration file found for board NUCLEO-WL33CC1
2025-11-16 09:57:36,141 [INFO] DbBoards:161 - Board is not supported: NUCLEO-WL33CC1
2025-11-16 09:57:36,142 [INFO] BoardInfo:889 - No configuration file found for board NUCLEO-WL33CC2
2025-11-16 09:57:36,142 [INFO] DbBoards:161 - Board is not supported: NUCLEO-WL33CC2
2025-11-16 09:57:36,147 [INFO] BoardInfo:889 - No configuration file found for board P-NUCLEO-WB55
2025-11-16 09:57:36,148 [INFO] DbBoards:161 - Kit is not supported: P-NUCLEO-WB55
2025-11-16 09:57:36,152 [INFO] BoardInfo:889 - No configuration file found for board STEVAL-BFA001V1B
2025-11-16 09:57:36,152 [INFO] DbBoards:161 - Kit is not supported: STEVAL-BFA001V1B
2025-11-16 09:57:36,153 [INFO] BoardInfo:889 - No configuration file found for board STEVAL-BFA001V2B
2025-11-16 09:57:36,153 [INFO] DbBoards:161 - Kit is not supported: STEVAL-BFA001V2B
2025-11-16 09:57:36,269 [INFO] BoardInfo:889 - No configuration file found for board STM32MP257F-DK
2025-11-16 09:57:36,269 [INFO] DbBoards:161 - Board is not supported: STM32MP257F-DK
2025-11-16 09:57:36,271 [INFO] BoardInfo:889 - No configuration file found for board STM32MP257F-EV1
2025-11-16 09:57:36,271 [INFO] DbBoards:161 - Board is not supported: STM32MP257F-EV1
2025-11-16 09:57:36,273 [INFO] BoardInfo:889 - No configuration file found for board STM32N6570-DK
2025-11-16 09:57:36,273 [INFO] DbBoards:161 - Board is not supported: STM32N6570-DK
2025-11-16 09:57:36,282 [INFO] BoardInfo:889 - No configuration file found for board STM32WBA65I-DK1
2025-11-16 09:57:36,283 [INFO] DbBoards:161 - Board is not supported: STM32WBA65I-DK1
2025-11-16 09:57:36,283 [INFO] DbBoards:168 - Found 211 boards, 192 are supported
2025-11-16 09:57:36,283 [INFO] DbBoards:169 - Found 211 boards, 8 of them is supported for  Bsp
2025-11-16 09:57:36,285 [INFO] ApiDb:423 - Load user favorites file C:\Users\Aditya/.stm32cubeide/favorites.boards.txt: 0 item(s)
2025-11-16 09:57:36,286 [INFO] ApiDb:427 - User favorites Boards=[]
2025-11-16 09:57:36,286 [INFO] DbBoards:198 - Set 0 / 0 favorites Boards
2025-11-16 09:57:36,344 [INFO] UtilMem:75 - End LoadConfig() Used Memory: 765053392 Bytes (1073741824)
2025-11-16 09:57:36,474 [WARN] ThirdParty:833 - waiting for thirdparty lock release [change project]
2025-11-16 09:57:36,475 [INFO] ThirdParty:835 - entering critical section [change project]
2025-11-16 09:57:36,475 [INFO] ThirdParty:1030 - CMSIS Pack Vendor :STMicroelectronics X-CUBE-PM33A1 1.0.0
2025-11-16 09:57:36,475 [INFO] ThirdParty:1030 - CMSIS Pack Vendor :STMicroelectronics USBPD 4.1
2025-11-16 09:57:36,475 [INFO] ThirdParty:1030 - CMSIS Pack Vendor :STMicroelectronics X-CUBE-GNSS1 6.0.0
2025-11-16 09:57:36,475 [INFO] ThirdParty:1030 - CMSIS Pack Vendor :STMicroelectronics USB_HOST 2.0.0
2025-11-16 09:57:36,475 [INFO] ThirdParty:1030 - CMSIS Pack Vendor :STMicroelectronics FP-SNS-MOTENVWB1 1.4.0
2025-11-16 09:57:36,475 [INFO] ThirdParty:1030 - CMSIS Pack Vendor :STMicroelectronics X-CUBE-AZRTOS-F4 1.1.0
2025-11-16 09:57:36,475 [INFO] ThirdParty:1030 - CMSIS Pack Vendor :STMicroelectronics LIBJPEG 8.0.0
2025-11-16 09:57:36,475 [INFO] ThirdParty:1030 - CMSIS Pack Vendor :STMicroelectronics FP-ATR-ASTRA1 2.0.2
2025-11-16 09:57:36,475 [INFO] ThirdParty:1030 - CMSIS Pack Vendor :STMicroelectronics X-CUBE-SMBUS 2.1.0
2025-11-16 09:57:36,475 [INFO] ThirdParty:1030 - CMSIS Pack Vendor :STMicroelectronics X-CUBE-ISPU 2.1.0
2025-11-16 09:57:36,475 [INFO] ThirdParty:1030 - CMSIS Pack Vendor :STMicroelectronics X-CUBE-FREERTOS 1.2.0
2025-11-16 09:57:36,475 [INFO] ThirdParty:1030 - CMSIS Pack Vendor :STMicroelectronics X-CUBE-NFC12 1.0.0
2025-11-16 09:57:36,475 [INFO] ThirdParty:1030 - CMSIS Pack Vendor :STMicroelectronics X-CUBE-TOUCHGFX 4.23.2
2025-11-16 09:57:36,475 [INFO] ThirdParty:1030 - CMSIS Pack Vendor :STMicroelectronics X-CUBE-AZRTOS-F7 1.1.0
2025-11-16 09:57:36,475 [INFO] ThirdParty:1030 - CMSIS Pack Vendor :STMicroelectronics X-CUBE-AZRTOS-L5 2.0.0
2025-11-16 09:57:36,475 [INFO] ThirdParty:1030 - CMSIS Pack Vendor :STMicroelectronics USB_DEVICE 2.0.0
2025-11-16 09:57:36,475 [INFO] ThirdParty:1030 - CMSIS Pack Vendor :STMicroelectronics X-CUBE-NFC6 3.1.0
2025-11-16 09:57:36,475 [INFO] ThirdParty:1030 - CMSIS Pack Vendor :STMicroelectronics FreeRTOS 0.0.1
2025-11-16 09:57:36,475 [INFO] ThirdParty:1030 - CMSIS Pack Vendor :STMicroelectronics X-CUBE-DPower 1.2.0
2025-11-16 09:57:36,475 [INFO] ThirdParty:1030 - CMSIS Pack Vendor :STMicroelectronics FP-SNS-FLIGHT1 5.0.2
2025-11-16 09:57:36,475 [INFO] ThirdParty:1030 - CMSIS Pack Vendor :STMicroelectronics X-CUBE-AI 9.0.0
2025-11-16 09:57:36,475 [INFO] ThirdParty:1030 - CMSIS Pack Vendor :STMicroelectronics PDM2PCM 3.3.0
2025-11-16 09:57:36,475 [INFO] ThirdParty:1030 - CMSIS Pack Vendor :STMicroelectronics X-CUBE-AZRTOS-H7 3.4.0
2025-11-16 09:57:36,475 [INFO] ThirdParty:1030 - CMSIS Pack Vendor :STMicroelectronics X-CUBE-DISPLAY 3.0.0
2025-11-16 09:57:36,475 [INFO] ThirdParty:1030 - CMSIS Pack Vendor :STMicroelectronics X-CUBE-BLE1 7.0.0
2025-11-16 09:57:36,476 [INFO] ThirdParty:1030 - CMSIS Pack Vendor :STMicroelectronics X-CUBE-NFC10 1.0.0
2025-11-16 09:57:36,476 [INFO] ThirdParty:1030 - CMSIS Pack Vendor :STMicroelectronics X-CUBE-BLEMGR 4.0.0
2025-11-16 09:57:36,476 [INFO] ThirdParty:1030 - CMSIS Pack Vendor :STMicroelectronics X-CUBE-FREERTOS 1.3.1
2025-11-16 09:57:36,476 [INFO] ThirdParty:1030 - CMSIS Pack Vendor :STMicroelectronics HAL Drivers 0.0.0
2025-11-16 09:57:36,476 [INFO] ThirdParty:1030 - CMSIS Pack Vendor :emotas I-CUBE-CANOPEN 1.3.0
2025-11-16 09:57:36,476 [INFO] ThirdParty:1030 - CMSIS Pack Vendor :STMicroelectronics X-CUBE-NFC7 1.0.1
2025-11-16 09:57:36,476 [INFO] ThirdParty:1030 - CMSIS Pack Vendor :STMicroelectronics MBEDTLS 2.14.1
2025-11-16 09:57:36,476 [INFO] ThirdParty:1030 - CMSIS Pack Vendor :STMicroelectronics X-CUBE-GNSS1 7.1.0
2025-11-16 09:57:36,476 [INFO] ThirdParty:1030 - CMSIS Pack Vendor :wolfSSL I-CUBE-wolfTPM 3.2.0
2025-11-16 09:57:36,476 [INFO] ThirdParty:1030 - CMSIS Pack Vendor :STMicroelectronics X-CUBE-TOUCHGFX 4.26.0
2025-11-16 09:57:36,476 [INFO] ThirdParty:1030 - CMSIS Pack Vendor :quantropi X-CUBE-qispace-sdk-base 2.0.0
2025-11-16 09:57:36,476 [INFO] ThirdParty:1030 - CMSIS Pack Vendor :STMicroelectronics X-CUBE-BLEMGR 3.1.0
2025-11-16 09:57:36,476 [INFO] ThirdParty:1030 - CMSIS Pack Vendor :STMicroelectronics X-CUBE-AI 10.0.0
2025-11-16 09:57:36,476 [INFO] ThirdParty:1030 - CMSIS Pack Vendor :STMicroelectronics FP-SNS-SMARTAG2 1.2.0
2025-11-16 09:57:36,476 [INFO] ThirdParty:1030 - CMSIS Pack Vendor :STMicroelectronics X-CUBE-AZRTOS-WL 2.0.0
2025-11-16 09:57:36,476 [INFO] ThirdParty:1030 - CMSIS Pack Vendor :STMicroelectronics X-CUBE-DPower 1.3.0
2025-11-16 09:57:36,476 [INFO] ThirdParty:1030 - CMSIS Pack Vendor :STMicroelectronics FP-SNS-MOTENV1 5.0.0
2025-11-16 09:57:36,476 [INFO] ThirdParty:1030 - CMSIS Pack Vendor :STMicroelectronics USB_DEVICE 1.0.0
2025-11-16 09:57:36,476 [INFO] ThirdParty:1030 - CMSIS Pack Vendor :wolfSSL I-CUBE-wolfMQTT 1.19.0
2025-11-16 09:57:36,476 [INFO] ThirdParty:1030 - CMSIS Pack Vendor :STMicroelectronics X-CUBE-AZRTOS-L4 2.0.0
2025-11-16 09:57:36,476 [INFO] ThirdParty:1030 - CMSIS Pack Vendor :STMicroelectronics ThreadX 0.0.2
2025-11-16 09:57:36,476 [INFO] ThirdParty:1030 - CMSIS Pack Vendor :WES I-CUBE-Cesium 1.3.0
2025-11-16 09:57:36,476 [INFO] ThirdParty:1030 - CMSIS Pack Vendor :STMicroelectronics lwIP 2.1.2
2025-11-16 09:57:36,476 [INFO] ThirdParty:1030 - CMSIS Pack Vendor :STMicroelectronics X-CUBE-SFXS2LP1 4.0.0
2025-11-16 09:57:36,476 [INFO] ThirdParty:1030 - CMSIS Pack Vendor :STMicroelectronics X-CUBE-BLE2 3.3.0
2025-11-16 09:57:36,477 [INFO] ThirdParty:1030 - CMSIS Pack Vendor :STMicroelectronics PDM2PCM 3.2.0
2025-11-16 09:57:36,477 [INFO] ThirdParty:1030 - CMSIS Pack Vendor :STMicroelectronics X-CUBE-AZRTOS-H7 3.3.0
2025-11-16 09:57:36,477 [INFO] ThirdParty:1030 - CMSIS Pack Vendor :STMicroelectronics X-CUBE-NFC9 1.0.0
2025-11-16 09:57:36,477 [INFO] ThirdParty:1030 - CMSIS Pack Vendor :STMicroelectronics X-CUBE-BLE1 7.1.0
2025-11-16 09:57:36,477 [INFO] ThirdParty:1030 - CMSIS Pack Vendor :STMicroelectronics USB_DEVICE 3.0.0
2025-11-16 09:57:36,477 [INFO] ThirdParty:1030 - CMSIS Pack Vendor :STMicroelectronics X-CUBE-TCPP 4.1.0
2025-11-16 09:57:36,477 [INFO] ThirdParty:1030 - CMSIS Pack Vendor :STMicroelectronics X-CUBE-EEPRMA1 5.2.0
2025-11-16 09:57:36,477 [INFO] ThirdParty:1030 - CMSIS Pack Vendor :STMicroelectronics X-CUBE-AZRTOS-WB 2.0.0
2025-11-16 09:57:36,477 [INFO] ThirdParty:1030 - CMSIS Pack Vendor :STMicroelectronics X-CUBE-GNSS1 7.0.1
2025-11-16 09:57:36,477 [INFO] ThirdParty:1030 - CMSIS Pack Vendor :STMicroelectronics X-CUBE-TOUCHGFX 4.25.0
2025-11-16 09:57:36,477 [INFO] ThirdParty:1030 - CMSIS Pack Vendor :STMicroelectronics X-CUBE-AI 10.1.0
2025-11-16 09:57:36,477 [INFO] ThirdParty:1030 - CMSIS Pack Vendor :STMicroelectronics FP-SNS-STBOX1 2.0.0
2025-11-16 09:57:36,477 [INFO] ThirdParty:1030 - CMSIS Pack Vendor :STMicroelectronics X-CUBE-ALGOBUILD 1.3.0
2025-11-16 09:57:36,477 [INFO] ThirdParty:1030 - CMSIS Pack Vendor :STMicroelectronics X-CUBE-MEMS1 11.2.0
2025-11-16 09:57:36,477 [INFO] ThirdParty:1030 - CMSIS Pack Vendor :STMicroelectronics X-CUBE-AZRTOS-G0 1.1.0
2025-11-16 09:57:36,477 [INFO] ThirdParty:1030 - CMSIS Pack Vendor :STMicroelectronics X-CUBE-SAFEA1 1.2.2
2025-11-16 09:57:36,477 [INFO] ThirdParty:1030 - CMSIS Pack Vendor :STMicroelectronics X-CUBE-NFC4 3.0.0
2025-11-16 09:57:36,477 [INFO] ThirdParty:1030 - CMSIS Pack Vendor :STMicroelectronics X-CUBE-SUBG2 5.0.0
2025-11-16 09:57:36,477 [INFO] ThirdParty:1030 - CMSIS Pack Vendor :STMicroelectronics X-CUBE-AZRTOS-H7RS 1.1.0
2025-11-16 09:57:36,477 [INFO] ThirdParty:1030 - CMSIS Pack Vendor :STMicroelectronics STM32_WPAN 1.0.0
2025-11-16 09:57:36,477 [INFO] ThirdParty:1030 - CMSIS Pack Vendor :EmbeddedOffice I-CUBE-FS-RTOS 1.0.1
2025-11-16 09:57:36,477 [INFO] ThirdParty:1030 - CMSIS Pack Vendor :STMicroelectronics lwIP 2.0.3
2025-11-16 09:57:36,477 [INFO] ThirdParty:1030 - CMSIS Pack Vendor :Cesanta I-CUBE-Mongoose 7.13.0
2025-11-16 09:57:36,477 [INFO] ThirdParty:1030 - CMSIS Pack Vendor :STMicroelectronics USB_HOST 1.0.0
2025-11-16 09:57:36,477 [INFO] ThirdParty:1030 - CMSIS Pack Vendor :STMicroelectronics X-CUBE-AZRTOS-G4 2.0.0
2025-11-16 09:57:36,477 [INFO] ThirdParty:1030 - CMSIS Pack Vendor :STMicroelectronics X-CUBE-WB05N 2.0.0
2025-11-16 09:57:36,477 [INFO] ThirdParty:1030 - CMSIS Pack Vendor :STMicroelectronics PDM2PCM 3.1.0
2025-11-16 09:57:36,477 [INFO] ThirdParty:1030 - CMSIS Pack Vendor :STMicroelectronics X-CUBE-NFC7 2.0.0
2025-11-16 09:57:36,477 [INFO] ThirdParty:1030 - CMSIS Pack Vendor :RealThread X-CUBE-RT-Thread_Nano 4.1.1
2025-11-16 09:57:36,477 [INFO] ThirdParty:1030 - CMSIS Pack Vendor :wolfSSL I-CUBE-wolfSSL 5.7.0
2025-11-16 09:57:36,477 [INFO] ThirdParty:1030 - CMSIS Pack Vendor :STMicroelectronics FP-ATR-SIGFOX1 3.2.0
2025-11-16 09:57:36,477 [INFO] ThirdParty:1030 - CMSIS Pack Vendor :STMicroelectronics X-CUBE-ISPU 2.0.0
2025-11-16 09:57:36,477 [INFO] ThirdParty:1030 - CMSIS Pack Vendor :STMicroelectronics X-CUBE-EEPRMA1 5.1.0
2025-11-16 09:57:36,477 [INFO] ThirdParty:1030 - CMSIS Pack Vendor :STMicroelectronics MBEDTLS 2.16.2
2025-11-16 09:57:36,477 [INFO] ThirdParty:1030 - CMSIS Pack Vendor :STMicroelectronics X-CUBE-ALS 1.0.2
2025-11-16 09:57:36,477 [INFO] ThirdParty:1030 - CMSIS Pack Vendor :STMicroelectronics X-CUBE-MEMS1 10.0.0
2025-11-16 09:57:36,477 [INFO] ThirdParty:1030 - CMSIS Pack Vendor :STMicroelectronics X-CUBE-FREERTOS 1.1.0
2025-11-16 09:57:36,477 [INFO] ThirdParty:1030 - CMSIS Pack Vendor :STMicroelectronics X-CUBE-TOUCHGFX 4.24.0
2025-11-16 09:57:36,477 [INFO] ThirdParty:1030 - CMSIS Pack Vendor :ITTIA_DB I-CUBE-ITTIADB 8.9.0
2025-11-16 09:57:36,477 [INFO] ThirdParty:1030 - CMSIS Pack Vendor :STMicroelectronics X-CUBE-STSE01 1.0.0
2025-11-16 09:57:36,477 [INFO] ThirdParty:1030 - CMSIS Pack Vendor :portGmbH I-Cube-SoM-uGOAL 1.1.0
2025-11-16 09:57:36,477 [INFO] ThirdParty:1030 - CMSIS Pack Vendor :STMicroelectronics X-CUBE-ALS 1.0.1
2025-11-16 09:57:36,477 [INFO] ThirdParty:1030 - CMSIS Pack Vendor :STMicroelectronics X-CUBE-AI 10.2.0
2025-11-16 09:57:36,477 [INFO] ThirdParty:1030 - CMSIS Pack Vendor :STMicroelectronics ThreadX 1.0.0
2025-11-16 09:57:36,477 [INFO] ThirdParty:1030 - CMSIS Pack Vendor :SEGGER I-CUBE-embOS 1.3.1
2025-11-16 09:57:36,477 [INFO] ThirdParty:1030 - CMSIS Pack Vendor :STMicroelectronics X-CUBE-ALGOBUILD 1.4.0
2025-11-16 09:57:36,477 [INFO] ThirdParty:1030 - CMSIS Pack Vendor :STMicroelectronics X-CUBE-MEMS1 11.3.0
2025-11-16 09:57:36,478 [INFO] ThirdParty:1030 - CMSIS Pack Vendor :STMicroelectronics X-CUBE-AZRTOS-H7RS 1.0.0
2025-11-16 09:57:36,478 [INFO] ThirdParty:1030 - CMSIS Pack Vendor :STMicroelectronics FP-ATR-ASTRA1 2.0.0
2025-11-16 09:57:36,478 [INFO] ThirdParty:1030 - CMSIS Pack Vendor :STMicroelectronics X-CUBE-TOF1 3.4.2
2025-11-16 09:57:36,478 [INFO] ThirdParty:1030 - CMSIS Pack Vendor :STMicroelectronics X-CUBE-TOF1 3.4.1
2025-11-16 09:57:36,478 [INFO] ThirdParty:1030 - CMSIS Pack Vendor :STMicroelectronics X-CUBE-AZRTOS-H7 3.2.0
2025-11-16 09:57:36,478 [INFO] ThirdParty:1030 - CMSIS Pack Vendor :Infineon AIROC-Wi-Fi-Bluetooth-STM32 1.6.0
2025-11-16 09:57:36,478 [INFO] ThirdParty:1030 - CMSIS Pack Vendor :wolfSSL I-CUBE-wolfSSH 1.4.17
2025-11-16 09:57:36,478 [INFO] ThirdParty:841 - exiting critical section [change project]
2025-11-16 09:57:36,998 [INFO] PinOutPanel:1561 - setPackage(No Configuration,No Configuration)
2025-11-16 09:57:37,000 [INFO] PinOutPanel:1561 - setPackage(STM32F446RETx,LQFP64)
2025-11-16 09:57:37,932 [INFO] UtilMem:75 - Before build in PCC Used Memory: 705978248 Bytes (1073741824)
2025-11-16 09:57:39,759 [INFO] UtilMem:75 - After build in PCC Used Memory: 769970496 Bytes (1073741824)
2025-11-16 09:57:39,802 [INFO] IPUIPlugin:80 - create IPUIPlugin
2025-11-16 09:57:39,802 [INFO] IPUIPlugin:80 - create IPUIPlugin
2025-11-16 09:57:39,802 [INFO] IPUIPlugin:80 - create IPUIPlugin
2025-11-16 09:57:39,802 [INFO] IPUIPlugin:80 - create IPUIPlugin
2025-11-16 09:57:39,802 [INFO] IPUIPlugin:80 - create IPUIPlugin
2025-11-16 09:57:39,802 [INFO] IPUIPlugin:80 - create IPUIPlugin
2025-11-16 09:57:39,803 [INFO] IPUIPlugin:80 - create IPUIPlugin
2025-11-16 09:57:39,803 [INFO] IPUIPlugin:80 - create IPUIPlugin
2025-11-16 09:57:39,803 [INFO] IPUIPlugin:80 - create IPUIPlugin
2025-11-16 09:57:39,803 [INFO] IPUIPlugin:80 - create IPUIPlugin
2025-11-16 09:57:39,803 [INFO] IPUIPlugin:80 - create IPUIPlugin
2025-11-16 09:57:39,803 [INFO] IPUIPlugin:80 - create IPUIPlugin
2025-11-16 09:57:39,803 [INFO] IPUIPlugin:80 - create IPUIPlugin
2025-11-16 09:57:39,803 [INFO] IPUIPlugin:80 - create IPUIPlugin
2025-11-16 09:57:39,803 [INFO] IPUIPlugin:80 - create IPUIPlugin
2025-11-16 09:57:39,803 [INFO] IPUIPlugin:80 - create IPUIPlugin
2025-11-16 09:57:39,803 [INFO] IPUIPlugin:80 - create IPUIPlugin
2025-11-16 09:57:39,804 [INFO] IPUIPlugin:80 - create IPUIPlugin
2025-11-16 09:57:39,804 [INFO] IPUIPlugin:80 - create IPUIPlugin
2025-11-16 09:57:39,804 [INFO] IPUIPlugin:80 - create IPUIPlugin
2025-11-16 09:57:39,804 [INFO] IPUIPlugin:80 - create IPUIPlugin
2025-11-16 09:57:39,804 [INFO] IPUIPlugin:80 - create IPUIPlugin
2025-11-16 09:57:39,805 [INFO] IPUIPlugin:80 - create IPUIPlugin
2025-11-16 09:57:39,805 [INFO] IPUIPlugin:80 - create IPUIPlugin
2025-11-16 09:57:39,805 [INFO] IPUIPlugin:80 - create IPUIPlugin
2025-11-16 09:57:39,805 [INFO] IPUIPlugin:80 - create IPUIPlugin
2025-11-16 09:57:39,805 [INFO] IPUIPlugin:80 - create IPUIPlugin
2025-11-16 09:57:39,805 [INFO] IPUIPlugin:80 - create IPUIPlugin
2025-11-16 09:57:39,805 [INFO] IPUIPlugin:80 - create IPUIPlugin
2025-11-16 09:57:39,805 [INFO] IPUIPlugin:80 - create IPUIPlugin
2025-11-16 09:57:39,806 [INFO] IPUIPlugin:80 - create IPUIPlugin
2025-11-16 09:57:39,806 [INFO] IPUIPlugin:80 - create IPUIPlugin
2025-11-16 09:57:39,806 [INFO] IPUIPlugin:80 - create IPUIPlugin
2025-11-16 09:57:39,806 [INFO] IPUIPlugin:80 - create IPUIPlugin
2025-11-16 09:57:39,806 [INFO] IPUIPlugin:80 - create IPUIPlugin
2025-11-16 09:57:39,806 [INFO] IPUIPlugin:80 - create IPUIPlugin
2025-11-16 09:57:39,806 [INFO] IPUIPlugin:80 - create IPUIPlugin
2025-11-16 09:57:39,806 [INFO] IPUIPlugin:80 - create IPUIPlugin
2025-11-16 09:57:39,807 [INFO] IPUIPlugin:80 - create IPUIPlugin
2025-11-16 09:57:39,807 [INFO] IPUIPlugin:80 - create IPUIPlugin
2025-11-16 09:57:39,807 [INFO] IPUIPlugin:80 - create IPUIPlugin
2025-11-16 09:57:39,807 [INFO] IPUIPlugin:80 - create IPUIPlugin
2025-11-16 09:57:39,807 [INFO] IPUIPlugin:80 - create IPUIPlugin
2025-11-16 09:57:39,807 [INFO] IPUIPlugin:80 - create IPUIPlugin
2025-11-16 09:57:39,807 [INFO] IPUIPlugin:80 - create IPUIPlugin
2025-11-16 09:57:39,807 [INFO] IPUIPlugin:80 - create IPUIPlugin
2025-11-16 09:57:39,808 [INFO] IPUIPlugin:80 - create IPUIPlugin
2025-11-16 09:57:39,808 [INFO] IPUIPlugin:80 - create IPUIPlugin
2025-11-16 09:57:39,808 [INFO] IPUIPlugin:80 - create IPUIPlugin
2025-11-16 09:57:39,808 [INFO] IPUIPlugin:80 - create IPUIPlugin
2025-11-16 09:57:39,808 [INFO] IPUIPlugin:80 - create IPUIPlugin
2025-11-16 09:57:39,808 [INFO] IPUIPlugin:80 - create IPUIPlugin
2025-11-16 09:57:39,809 [INFO] IPUIPlugin:80 - create IPUIPlugin
2025-11-16 09:57:39,809 [INFO] IPUIPlugin:80 - create IPUIPlugin
2025-11-16 09:57:39,809 [INFO] IPUIPlugin:80 - create IPUIPlugin
2025-11-16 09:57:39,809 [INFO] IPUIPlugin:80 - create IPUIPlugin
2025-11-16 09:57:39,809 [INFO] IPUIPlugin:80 - create IPUIPlugin
2025-11-16 09:57:39,810 [INFO] IPUIPlugin:80 - create IPUIPlugin
2025-11-16 09:57:39,811 [INFO] IPUIPlugin:80 - create IPUIPlugin
2025-11-16 09:57:39,811 [INFO] IPUIPlugin:80 - create IPUIPlugin
2025-11-16 09:57:40,141 [INFO] ApiDbMcu:508 - Load IP Config File for PDM2PCM
2025-11-16 09:57:40,168 [INFO] Can:71 - Can Add PropertyChangeListener com.st.microxplorer.plugins.ip.can.Can@7c8d5b27
2025-11-16 09:57:40,526 [INFO] CADModel:165 - CPN selected for project levelSTM32F446RET6
2025-11-16 09:57:40,526 [INFO] CADModel:114 - Register for checkConnection events
2025-11-16 09:57:40,601 [INFO] OpenFileManager:343 - Restore cursor
2025-11-16 09:58:08,291 [INFO] NvicIntPanel:101 - NVIC parent = com.st.microxplorer.plugins.ip.nvic.MultiNvicIntPanel[,0,0,0x0,invalid,layout=javax.swing.BoxLayout,alignmentX=0.0,alignmentY=0.0,border=,flags=9,maximumSize=,minimumSize=,preferredSize=]
2025-11-16 09:58:08,534 [INFO] NvicIntPanel:101 - NVIC parent = com.st.microxplorer.plugins.ip.nvic.MultiNvicIntPanel[,0,0,0x0,invalid,layout=javax.swing.BoxLayout,alignmentX=0.0,alignmentY=0.0,border=,flags=9,maximumSize=,minimumSize=,preferredSize=]
2025-11-16 09:58:12,239 [INFO] NvicIntPanel:101 - NVIC parent = com.st.microxplorer.plugins.ip.nvic.MultiNvicIntPanel[,0,0,0x0,invalid,layout=javax.swing.BoxLayout,alignmentX=0.0,alignmentY=0.0,border=,flags=9,maximumSize=,minimumSize=,preferredSize=]
2025-11-16 09:58:12,472 [INFO] NvicIntPanel:101 - NVIC parent = com.st.microxplorer.plugins.ip.nvic.MultiNvicIntPanel[,0,0,0x0,invalid,layout=javax.swing.BoxLayout,alignmentX=0.0,alignmentY=0.0,border=,flags=9,maximumSize=,minimumSize=,preferredSize=]
2025-11-16 09:58:16,036 [INFO] NvicIntPanel:101 - NVIC parent = com.st.microxplorer.plugins.ip.nvic.MultiNvicIntPanel[,0,0,0x0,invalid,layout=javax.swing.BoxLayout,alignmentX=0.0,alignmentY=0.0,border=,flags=9,maximumSize=,minimumSize=,preferredSize=]
2025-11-16 09:58:16,264 [INFO] NvicIntPanel:101 - NVIC parent = com.st.microxplorer.plugins.ip.nvic.MultiNvicIntPanel[,0,0,0x0,invalid,layout=javax.swing.BoxLayout,alignmentX=0.0,alignmentY=0.0,border=,flags=9,maximumSize=,minimumSize=,preferredSize=]
2025-11-16 09:58:31,667 [INFO] NvicIntPanel:101 - NVIC parent = com.st.microxplorer.plugins.ip.nvic.MultiNvicIntPanel[,0,0,0x0,invalid,layout=javax.swing.BoxLayout,alignmentX=0.0,alignmentY=0.0,border=,flags=9,maximumSize=,minimumSize=,preferredSize=]
2025-11-16 09:58:31,793 [INFO] NvicIntPanel:101 - NVIC parent = com.st.microxplorer.plugins.ip.nvic.MultiNvicIntPanel[,0,0,0x0,invalid,layout=javax.swing.BoxLayout,alignmentX=0.0,alignmentY=0.0,border=,flags=9,maximumSize=,minimumSize=,preferredSize=]
2025-11-16 09:58:36,864 [INFO] NvicIntPanel:101 - NVIC parent = com.st.microxplorer.plugins.ip.nvic.MultiNvicIntPanel[,0,0,0x0,invalid,layout=javax.swing.BoxLayout,alignmentX=0.0,alignmentY=0.0,border=,flags=9,maximumSize=,minimumSize=,preferredSize=]
2025-11-16 09:58:37,029 [INFO] NvicIntPanel:101 - NVIC parent = com.st.microxplorer.plugins.ip.nvic.MultiNvicIntPanel[,0,0,0x0,invalid,layout=javax.swing.BoxLayout,alignmentX=0.0,alignmentY=0.0,border=,flags=9,maximumSize=,minimumSize=,preferredSize=]
2025-11-16 09:58:40,532 [INFO] NvicIntPanel:101 - NVIC parent = com.st.microxplorer.plugins.ip.nvic.MultiNvicIntPanel[,0,0,0x0,invalid,layout=javax.swing.BoxLayout,alignmentX=0.0,alignmentY=0.0,border=,flags=9,maximumSize=,minimumSize=,preferredSize=]
2025-11-16 09:58:40,703 [INFO] NvicIntPanel:101 - NVIC parent = com.st.microxplorer.plugins.ip.nvic.MultiNvicIntPanel[,0,0,0x0,invalid,layout=javax.swing.BoxLayout,alignmentX=0.0,alignmentY=0.0,border=,flags=9,maximumSize=,minimumSize=,preferredSize=]
2025-11-16 10:13:13,596 [INFO] UtilMem:75 - End SaveConfig() Used Memory: 952073816 Bytes (1073741824)
2025-11-16 10:13:18,878 [INFO] UtilMem:75 - End SaveConfig() Used Memory: 964257808 Bytes (1073741824)
2025-11-16 10:13:19,901 [INFO] BlockDiagram:2759 - set Specific Code input for plugin: CAN
2025-11-16 10:13:19,902 [INFO] BlockDiagram:2759 - set Specific Code input for plugin: SYS
2025-11-16 10:13:19,902 [INFO] BlockDiagram:2759 - set Specific Code input for plugin: RCC
2025-11-16 10:13:19,902 [INFO] BlockDiagram:2759 - set Specific Code input for plugin: NVIC
2025-11-16 10:13:19,903 [INFO] BlockDiagram:2759 - set Specific Code input for plugin: USART
2025-11-16 10:13:19,903 [INFO] BlockDiagram:2759 - set Specific Code input for plugin: GPIO
2025-11-16 10:13:19,906 [INFO] CodeGenerator:807 - code generatio: config db path: C:\ST\STM32CubeIDE_1.15.0\STM32CubeIDE\plugins\com.st.stm32cube.common.mx_6.11.0.202403141607\\db\
2025-11-16 10:13:20,372 [INFO] CodeEngine:255 - oldGeneratedFile, D:\WorkSpace\CAN_Module_V0\MXTmpFiles\license.tmp_save
2025-11-16 10:13:20,864 [INFO] CodeEngine:279 - Generated code: D:\WorkSpace\CAN_Module_V0\MXTmpFiles\license.tmp
2025-11-16 10:13:21,013 [INFO] CodeEngine:255 - oldGeneratedFile, D:\WorkSpace\CAN_Module_V0\MXTmpFiles\gpio.tmp_save
2025-11-16 10:13:21,272 [INFO] CodeEngine:279 - Generated code: D:\WorkSpace\CAN_Module_V0\MXTmpFiles\gpio.tmp
2025-11-16 10:13:21,589 [INFO] CodeEngine:255 - oldGeneratedFile, D:\WorkSpace\CAN_Module_V0\Core\Src\stm32f4xx_it.c_save
2025-11-16 10:13:21,844 [INFO] CodeEngine:279 - Generated code: D:\WorkSpace\CAN_Module_V0\Core\Src\stm32f4xx_it.c
2025-11-16 10:13:21,886 [INFO] CodeEngine:255 - oldGeneratedFile, D:\WorkSpace\CAN_Module_V0\Core\Inc\stm32f4xx_it.h_save
2025-11-16 10:13:22,029 [INFO] CodeEngine:279 - Generated code: D:\WorkSpace\CAN_Module_V0\Core\Inc\stm32f4xx_it.h
2025-11-16 10:13:22,080 [INFO] CodeEngine:255 - oldGeneratedFile, D:\WorkSpace\CAN_Module_V0\Core\Src\stm32f4xx_hal_msp.c_save
2025-11-16 10:13:22,335 [INFO] CodeEngine:279 - Generated code: D:\WorkSpace\CAN_Module_V0\Core\Src\stm32f4xx_hal_msp.c
2025-11-16 10:13:22,353 [INFO] CodeEngine:255 - oldGeneratedFile, D:\WorkSpace\CAN_Module_V0\MXTmpFiles\system.tmp_save
2025-11-16 10:13:22,456 [INFO] CodeEngine:279 - Generated code: D:\WorkSpace\CAN_Module_V0\MXTmpFiles\system.tmp
2025-11-16 10:13:22,497 [INFO] CodeEngine:311 - oldGeneratedFile, D:\WorkSpace\CAN_Module_V0\Core\Inc\stm32f4xx_hal_conf.h_save
2025-11-16 10:13:22,681 [INFO] CodeEngine:335 - Generated code: D:\WorkSpace\CAN_Module_V0\Core\Inc\stm32f4xx_hal_conf.h
2025-11-16 10:13:22,759 [WARN] IPConfigManager:2982 - Warning: the RefConfig PLL2P_FOR_MCO is not available in your config.xml file
2025-11-16 10:13:22,811 [INFO] CodeEngine:255 - oldGeneratedFile, D:\WorkSpace\CAN_Module_V0\Core\Inc\main.h_save
2025-11-16 10:13:23,025 [INFO] CodeEngine:279 - Generated code: D:\WorkSpace\CAN_Module_V0\Core\Inc\main.h
2025-11-16 10:13:23,064 [INFO] CodeEngine:255 - oldGeneratedFile, D:\WorkSpace\CAN_Module_V0\Core\Src\main.c_save
2025-11-16 10:13:23,335 [INFO] CodeEngine:279 - Generated code: D:\WorkSpace\CAN_Module_V0\Core\Src\main.c
2025-11-16 10:13:24,202 [INFO] ProjectBuilder:3163 - Time for Copy HAL[1] : 437mS.
2025-11-16 10:13:24,208 [INFO] ProjectBuilder:4736 - Project Generator version: 4.3.0-B58
2025-11-16 10:13:24,344 [INFO] ConfigFileManager:1503 - The Die is : DIE421
2025-11-16 10:13:24,422 [INFO] ApiDbMcu:508 - Load IP Config File for FATFS
2025-11-16 10:13:24,446 [INFO] ApiDbMcu:508 - Load IP Config File for FREERTOS
2025-11-16 10:13:24,466 [INFO] ApiDbMcu:508 - Load IP Config File for LIBJPEG
2025-11-16 10:13:24,498 [INFO] ApiDbMcu:508 - Load IP Config File for MBEDTLS
2025-11-16 10:13:24,523 [INFO] ApiDbMcu:508 - Load IP Config File for USB_DEVICE
2025-11-16 10:13:24,543 [INFO] ApiDbMcu:508 - Load IP Config File for USB_HOST
2025-11-16 10:13:25,478 [INFO] LogOutputStream:77 - [STDOUT_REDIRECT] 
2025-11-16 10:13:33,024 [INFO] ProjectBuilder:5002 - Time for Generating toolchain IDE Files: 8812mS.
2025-11-16 10:13:33,025 [INFO] ProjectBuilder:3034 - Time for Copy CMSIS : 1mS.
2025-11-16 10:13:33,027 [INFO] ProjectBuilder:3034 - Time for Copy CMSIS : 0mS.
2025-11-16 10:14:43,060 [INFO] NvicIntPanel:101 - NVIC parent = com.st.microxplorer.plugins.ip.nvic.MultiNvicIntPanel[,0,0,0x0,invalid,layout=javax.swing.BoxLayout,alignmentX=0.0,alignmentY=0.0,border=,flags=9,maximumSize=,minimumSize=,preferredSize=]
2025-11-16 10:14:43,311 [INFO] NvicIntPanel:101 - NVIC parent = com.st.microxplorer.plugins.ip.nvic.MultiNvicIntPanel[,0,0,0x0,invalid,layout=javax.swing.BoxLayout,alignmentX=0.0,alignmentY=0.0,border=,flags=9,maximumSize=,minimumSize=,preferredSize=]
2025-11-16 10:14:46,960 [INFO] NvicIntPanel:101 - NVIC parent = com.st.microxplorer.plugins.ip.nvic.MultiNvicIntPanel[,0,0,0x0,invalid,layout=javax.swing.BoxLayout,alignmentX=0.0,alignmentY=0.0,border=,flags=9,maximumSize=,minimumSize=,preferredSize=]
2025-11-16 10:14:47,518 [INFO] NvicIntPanel:101 - NVIC parent = com.st.microxplorer.plugins.ip.nvic.MultiNvicIntPanel[,0,0,0x0,invalid,layout=javax.swing.BoxLayout,alignmentX=0.0,alignmentY=0.0,border=,flags=9,maximumSize=,minimumSize=,preferredSize=]
2025-11-16 10:14:49,820 [INFO] NvicIntPanel:101 - NVIC parent = com.st.microxplorer.plugins.ip.nvic.MultiNvicIntPanel[,0,0,0x0,invalid,layout=javax.swing.BoxLayout,alignmentX=0.0,alignmentY=0.0,border=,flags=9,maximumSize=,minimumSize=,preferredSize=]
2025-11-16 10:14:50,034 [INFO] NvicIntPanel:101 - NVIC parent = com.st.microxplorer.plugins.ip.nvic.MultiNvicIntPanel[,0,0,0x0,invalid,layout=javax.swing.BoxLayout,alignmentX=0.0,alignmentY=0.0,border=,flags=9,maximumSize=,minimumSize=,preferredSize=]
2025-11-16 10:15:20,895 [INFO] UtilMem:75 - End SaveConfig() Used Memory: 697286080 Bytes (1073741824)
2025-11-16 10:15:23,761 [INFO] UtilMem:75 - End SaveConfig() Used Memory: 721332392 Bytes (1073741824)
2025-11-16 10:15:27,428 [INFO] UtilMem:75 - End SaveConfig() Used Memory: 804692136 Bytes (1073741824)
2025-11-16 10:15:27,962 [INFO] BlockDiagram:2759 - set Specific Code input for plugin: CAN
2025-11-16 10:15:27,962 [INFO] BlockDiagram:2759 - set Specific Code input for plugin: SYS
2025-11-16 10:15:27,962 [INFO] BlockDiagram:2759 - set Specific Code input for plugin: RCC
2025-11-16 10:15:27,962 [INFO] BlockDiagram:2759 - set Specific Code input for plugin: NVIC
2025-11-16 10:15:27,962 [INFO] BlockDiagram:2759 - set Specific Code input for plugin: USART
2025-11-16 10:15:27,962 [INFO] BlockDiagram:2759 - set Specific Code input for plugin: GPIO
2025-11-16 10:15:27,964 [INFO] CodeGenerator:807 - code generatio: config db path: C:\ST\STM32CubeIDE_1.15.0\STM32CubeIDE\plugins\com.st.stm32cube.common.mx_6.11.0.202403141607\\db\
2025-11-16 10:15:28,123 [INFO] CodeEngine:255 - oldGeneratedFile, D:\WorkSpace\CAN_Module_V0\MXTmpFiles\license.tmp_save
2025-11-16 10:15:28,248 [INFO] CodeEngine:279 - Generated code: D:\WorkSpace\CAN_Module_V0\MXTmpFiles\license.tmp
2025-11-16 10:15:28,264 [INFO] CodeEngine:255 - oldGeneratedFile, D:\WorkSpace\CAN_Module_V0\MXTmpFiles\gpio.tmp_save
2025-11-16 10:15:28,351 [INFO] CodeEngine:279 - Generated code: D:\WorkSpace\CAN_Module_V0\MXTmpFiles\gpio.tmp
2025-11-16 10:15:28,425 [INFO] CodeEngine:255 - oldGeneratedFile, D:\WorkSpace\CAN_Module_V0\Core\Src\stm32f4xx_it.c_save
2025-11-16 10:15:28,509 [INFO] CodeEngine:279 - Generated code: D:\WorkSpace\CAN_Module_V0\Core\Src\stm32f4xx_it.c
2025-11-16 10:15:28,514 [INFO] CodeEngine:255 - oldGeneratedFile, D:\WorkSpace\CAN_Module_V0\Core\Inc\stm32f4xx_it.h_save
2025-11-16 10:15:28,564 [INFO] CodeEngine:279 - Generated code: D:\WorkSpace\CAN_Module_V0\Core\Inc\stm32f4xx_it.h
2025-11-16 10:15:28,582 [INFO] CodeEngine:255 - oldGeneratedFile, D:\WorkSpace\CAN_Module_V0\Core\Src\stm32f4xx_hal_msp.c_save
2025-11-16 10:15:28,659 [INFO] CodeEngine:279 - Generated code: D:\WorkSpace\CAN_Module_V0\Core\Src\stm32f4xx_hal_msp.c
2025-11-16 10:15:28,663 [INFO] CodeEngine:255 - oldGeneratedFile, D:\WorkSpace\CAN_Module_V0\MXTmpFiles\system.tmp_save
2025-11-16 10:15:28,717 [INFO] CodeEngine:279 - Generated code: D:\WorkSpace\CAN_Module_V0\MXTmpFiles\system.tmp
2025-11-16 10:15:28,741 [INFO] CodeEngine:311 - oldGeneratedFile, D:\WorkSpace\CAN_Module_V0\Core\Inc\stm32f4xx_hal_conf.h_save
2025-11-16 10:15:28,842 [INFO] CodeEngine:335 - Generated code: D:\WorkSpace\CAN_Module_V0\Core\Inc\stm32f4xx_hal_conf.h
2025-11-16 10:15:28,866 [WARN] IPConfigManager:2982 - Warning: the RefConfig PLL2P_FOR_MCO is not available in your config.xml file
2025-11-16 10:15:28,884 [INFO] CodeEngine:255 - oldGeneratedFile, D:\WorkSpace\CAN_Module_V0\Core\Inc\main.h_save
2025-11-16 10:15:28,946 [INFO] CodeEngine:279 - Generated code: D:\WorkSpace\CAN_Module_V0\Core\Inc\main.h
2025-11-16 10:15:28,962 [INFO] CodeEngine:255 - oldGeneratedFile, D:\WorkSpace\CAN_Module_V0\Core\Src\main.c_save
2025-11-16 10:15:29,093 [INFO] CodeEngine:279 - Generated code: D:\WorkSpace\CAN_Module_V0\Core\Src\main.c
2025-11-16 10:15:29,296 [INFO] ProjectBuilder:3163 - Time for Copy HAL[1] : 113mS.
2025-11-16 10:15:29,298 [INFO] ProjectBuilder:4736 - Project Generator version: 4.3.0-B58
2025-11-16 10:15:29,350 [INFO] ConfigFileManager:1503 - The Die is : DIE421
2025-11-16 10:15:30,595 [INFO] ProjectBuilder:5002 - Time for Generating toolchain IDE Files: 1296mS.
2025-11-16 10:15:30,596 [INFO] ProjectBuilder:3034 - Time for Copy CMSIS : 1mS.
2025-11-16 10:15:30,598 [INFO] ProjectBuilder:3034 - Time for Copy CMSIS : 0mS.
2025-11-16 10:24:14,260 [INFO] MainUpdater:2873 - connection check result : 10
2025-11-16 10:24:14,260 [INFO] MainUpdater:2873 - connection check result : 10
2025-11-16 10:24:14,290 [INFO] MicroXplorer:468 - Change Database Path : 
2025-11-16 10:24:14,290 [INFO] MicroXplorer:498 - Change Database Version : DB.6.0.110
2025-11-16 10:24:14,306 [ERROR] ProjectManagerView:394 - 
java.lang.NullPointerException: Cannot invoke "javax.swing.JTextField.getText()" because the return value of "java.util.List.get(int)" is null
	at com.st.microxplorer.plugins.projectmanager.gui.ProjectChoiceTab$10.caretUpdate(ProjectChoiceTab.java:2504) ~[filemanager.jar:?]
	at javax.swing.text.JTextComponent.fireCaretUpdate(JTextComponent.java:412) ~[?:?]
	at javax.swing.text.JTextComponent$MutableCaretEvent.fire(JTextComponent.java:4491) ~[?:?]
	at javax.swing.text.JTextComponent$MutableCaretEvent.stateChanged(JTextComponent.java:4513) ~[?:?]
	at javax.swing.text.DefaultCaret.fireStateChanged(DefaultCaret.java:842) ~[?:?]
	at javax.swing.text.DefaultCaret.changeCaretPosition(DefaultCaret.java:1313) ~[?:?]
	at javax.swing.text.DefaultCaret.handleSetDot(DefaultCaret.java:1212) ~[?:?]
	at javax.swing.text.DefaultCaret.setDot(DefaultCaret.java:1193) ~[?:?]
	at javax.swing.text.DefaultCaret$Handler.insertUpdate(DefaultCaret.java:1789) ~[?:?]
	at javax.swing.text.AbstractDocument.fireInsertUpdate(AbstractDocument.java:226) ~[?:?]
	at javax.swing.text.AbstractDocument.handleInsertString(AbstractDocument.java:780) ~[?:?]
	at javax.swing.text.AbstractDocument.insertString(AbstractDocument.java:739) ~[?:?]
	at javax.swing.text.PlainDocument.insertString(PlainDocument.java:131) ~[?:?]
	at javax.swing.text.AbstractDocument.replace(AbstractDocument.java:698) ~[?:?]
	at javax.swing.text.JTextComponent.setText(JTextComponent.java:1729) ~[?:?]
	at com.st.microxplorer.plugins.projectmanager.gui.ProjectChoiceTab.createHeapStackFields(ProjectChoiceTab.java:944) ~[filemanager.jar:?]
	at com.st.microxplorer.plugins.projectmanager.gui.ProjectChoiceTab.buildLinkSettingsPanel(ProjectChoiceTab.java:3475) ~[filemanager.jar:?]
	at com.st.microxplorer.plugins.projectmanager.gui.ProjectChoiceTab.defineWindowsFields(ProjectChoiceTab.java:1816) ~[filemanager.jar:?]
	at com.st.microxplorer.plugins.projectmanager.gui.ProjectChoiceTab.updateSettings(ProjectChoiceTab.java:544) ~[filemanager.jar:?]
	at com.st.microxplorer.plugins.projectmanager.gui.ProjectSettingsPanel.UpdateDialog(ProjectSettingsPanel.java:245) ~[filemanager.jar:?]
	at com.st.microxplorer.plugins.projectmanager.ProjectManagerView.propertyChange(ProjectManagerView.java:391) ~[filemanager.jar:?]
	at java.beans.PropertyChangeSupport.fire(PropertyChangeSupport.java:343) ~[?:?]
	at java.beans.PropertyChangeSupport.firePropertyChange(PropertyChangeSupport.java:335) ~[?:?]
	at java.beans.PropertyChangeSupport.firePropertyChange(PropertyChangeSupport.java:268) ~[?:?]
	at com.st.microxplorer.util.MXPropertyChangeSupport.firePropertyChange(MXPropertyChangeSupport.java:54) ~[STM32CubeMX.jar:?]
	at com.st.microxplorer.mxsystem.MxSystem.closeConfig(MxSystem.java:900) ~[STM32CubeMX.jar:?]
	at com.st.microxplorer.maingui.MainPanel.closeConfig(MainPanel.java:776) ~[STM32CubeMX.jar:?]
	at com.st.microxplorer.plugins.filemanager.engine.OpenFileManager.loadConfigurationFile(OpenFileManager.java:245) ~[filemanager.jar:?]
	at com.st.microxplorer.plugins.filemanager.engine.MainFileManager.userLoadConfig(MainFileManager.java:315) ~[filemanager.jar:?]
	at com.st.microxplorer.plugins.filemanager.engine.MainFileManager.userLoadConfig(MainFileManager.java:293) ~[filemanager.jar:?]
	at com.st.microxplorer.plugins.filemanager.FileManagerView.getSpecificTask(FileManagerView.java:247) ~[filemanager.jar:?]
	at com.st.stm32cube.common.mx.editor.CubeMxEditor.getMxTabbedPaneInstance(CubeMxEditor.java:1198) ~[com.st.stm32cube.common.mx_6.11.0.202403141607/:?]
	at com.st.stm32cube.common.mx.editor.CubeMxEditor$12$1.createSwingComponent(CubeMxEditor.java:1068) ~[com.st.stm32cube.common.mx_6.11.0.202403141607/:?]
	at com.st.stm32cube.common.mx.oss.core.awtswtbridge.EmbeddedSwingComposite.doComponentCreation(EmbeddedSwingComposite.java:492) ~[com.st.stm32cube.common.mx.oss_6.11.0.202403141607/:?]
	at com.st.stm32cube.common.mx.oss.core.awtswtbridge.EmbeddedSwingComposite$4.run(EmbeddedSwingComposite.java:291) ~[com.st.stm32cube.common.mx.oss_6.11.0.202403141607/:?]
	at com.st.stm32cube.common.mx.oss.core.awtswtbridge.AwtEnvironment$2.run(AwtEnvironment.java:166) ~[com.st.stm32cube.common.mx.oss_6.11.0.202403141607/:?]
	at java.awt.event.InvocationEvent.dispatch(InvocationEvent.java:318) ~[?:?]
	at java.awt.EventQueue.dispatchEventImpl(EventQueue.java:773) ~[?:?]
	at java.awt.EventQueue$4.run(EventQueue.java:720) ~[?:?]
	at java.awt.EventQueue$4.run(EventQueue.java:714) ~[?:?]
	at java.security.AccessController.doPrivileged(AccessController.java:399) ~[?:?]
	at java.security.ProtectionDomain$JavaSecurityAccessImpl.doIntersectionPrivilege(ProtectionDomain.java:86) ~[?:?]
	at java.awt.EventQueue.dispatchEvent(EventQueue.java:742) ~[?:?]
	at java.awt.EventDispatchThread.pumpOneEventForFilters(EventDispatchThread.java:203) ~[?:?]
	at java.awt.EventDispatchThread.pumpEventsForFilter(EventDispatchThread.java:124) ~[?:?]
	at java.awt.EventDispatchThread.pumpEventsForHierarchy(EventDispatchThread.java:113) ~[?:?]
	at java.awt.EventDispatchThread.pumpEvents(EventDispatchThread.java:109) ~[?:?]
	at java.awt.EventDispatchThread.pumpEvents(EventDispatchThread.java:101) ~[?:?]
	at java.awt.EventDispatchThread.run(EventDispatchThread.java:90) ~[?:?]
2025-11-16 10:24:14,315 [WARN] ThirdParty:871 - waiting for thirdparty lock release [close project]
2025-11-16 10:24:14,315 [INFO] ThirdParty:873 - entering critical section [close project]
2025-11-16 10:24:14,315 [INFO] ThirdParty:883 - exiting critical section [close project]
2025-11-16 10:24:14,316 [INFO] PinOutPanel:1561 - setPackage(No Configuration,No Configuration)
2025-11-16 10:24:14,322 [WARN] IpParametersView:151 - Warning: This peripheral hasn't parameters
2025-11-16 10:24:14,327 [WARN] MainPanel:272 - <html><b><center>Warning: This peripheral has no parameters to be configured<br></b></html>
2025-11-16 10:24:14,333 [INFO] UtilMem:75 - Begin LoadConfig() Used Memory: 837683656 Bytes (1073741824)
2025-11-16 10:24:14,333 [INFO] MicroXplorer:468 - Change Database Path : 
2025-11-16 10:24:14,334 [INFO] MicroXplorer:498 - Change Database Version : DB.6.0.110
2025-11-16 10:24:14,334 [INFO] OpenFileManager:312 - Change cursor
2025-11-16 10:24:14,355 [INFO] RulesReader:64 - Compatibility file has been processed (297 Rules)
2025-11-16 10:24:14,369 [INFO] Mcu:2021 - Initializing MCU STM32F446R(C-E)Tx STM32F446RETx STM32F446RET6
2025-11-16 10:24:15,752 [INFO] Context:663 - Trying to add GPIOservice into a context  which must be forbidden
2025-11-16 10:24:15,967 [INFO] RtosManager:555 - Registered RTOS mode: class=CMSIS, group=RTOS, mode=CMSIS_V1, owner=FREERTOS
2025-11-16 10:24:15,967 [INFO] RtosManager:555 - Registered RTOS mode: class=CMSIS, group=RTOS2, mode=CMSIS_V2, owner=FREERTOS
2025-11-16 10:24:15,967 [INFO] RtosManager:555 - Registered RTOS mode: class=RTOS, group=Core, mode=CMSIS_V1, owner=FREERTOS
2025-11-16 10:24:15,967 [INFO] RtosManager:555 - Registered RTOS mode: class=RTOS, group=Core, mode=CMSIS_V2, owner=FREERTOS
2025-11-16 10:24:15,967 [WARN] ModelIntegratedComponent:184 - Missing modes for component STMicroelectronics:FreeRTOS:0.0.1:STMicroelectronics:RTOS:FreeRTOS:Core:::10.2.0:
2025-11-16 10:24:15,969 [WARN] ModelIntegratedComponent:63 - No mode defined for component null
2025-11-16 10:24:15,969 [WARN] ModelIntegratedComponent:63 - No mode defined for component null
2025-11-16 10:24:15,969 [WARN] ModelIntegratedComponent:63 - No mode defined for component null
2025-11-16 10:24:15,969 [WARN] ModelIntegratedComponent:63 - No mode defined for component null
2025-11-16 10:24:15,969 [WARN] ModelIntegratedComponent:63 - No mode defined for component null
2025-11-16 10:24:15,969 [WARN] ModelIntegratedComponent:63 - No mode defined for component null
2025-11-16 10:24:15,969 [WARN] ModelIntegratedComponent:63 - No mode defined for component null
2025-11-16 10:24:15,969 [WARN] ModelIntegratedComponent:63 - No mode defined for component null
2025-11-16 10:24:15,969 [WARN] ModelIntegratedComponent:63 - No mode defined for component null
2025-11-16 10:24:15,969 [WARN] ModelIntegratedComponent:63 - No mode defined for component null
2025-11-16 10:24:15,969 [WARN] ModelIntegratedComponent:63 - No mode defined for component null
2025-11-16 10:24:15,969 [WARN] ModelIntegratedComponent:63 - No mode defined for component null
2025-11-16 10:24:15,969 [WARN] ModelIntegratedComponent:63 - No mode defined for component null
2025-11-16 10:24:15,970 [WARN] ModelIntegratedComponent:63 - No mode defined for component null
2025-11-16 10:24:15,970 [WARN] ModelIntegratedComponent:63 - No mode defined for component null
2025-11-16 10:24:15,970 [WARN] ModelIntegratedComponent:63 - No mode defined for component null
2025-11-16 10:24:15,970 [WARN] ModelIntegratedComponent:63 - No mode defined for component null
2025-11-16 10:24:15,970 [WARN] ModelIntegratedComponent:63 - No mode defined for component null
2025-11-16 10:24:15,970 [WARN] ModelIntegratedComponent:63 - No mode defined for component null
2025-11-16 10:24:15,970 [WARN] ModelIntegratedComponent:63 - No mode defined for component null
2025-11-16 10:24:15,970 [WARN] ModelIntegratedComponent:63 - No mode defined for component null
2025-11-16 10:24:15,970 [WARN] ModelIntegratedComponent:63 - No mode defined for component null
2025-11-16 10:24:15,970 [WARN] ModelIntegratedComponent:63 - No mode defined for component null
2025-11-16 10:24:15,970 [WARN] ModelIntegratedComponent:63 - No mode defined for component null
2025-11-16 10:24:15,970 [WARN] ModelIntegratedComponent:63 - No mode defined for component null
2025-11-16 10:24:15,970 [WARN] ModelIntegratedComponent:63 - No mode defined for component null
2025-11-16 10:24:15,970 [WARN] ModelIntegratedComponent:63 - No mode defined for component null
2025-11-16 10:24:15,970 [WARN] ModelIntegratedComponent:63 - No mode defined for component null
2025-11-16 10:24:15,970 [WARN] ModelIntegratedComponent:63 - No mode defined for component null
2025-11-16 10:24:15,970 [WARN] ModelIntegratedComponent:63 - No mode defined for component null
2025-11-16 10:24:15,970 [WARN] ModelIntegratedComponent:63 - No mode defined for component null
2025-11-16 10:24:15,970 [WARN] ModelIntegratedComponent:63 - No mode defined for component null
2025-11-16 10:24:15,970 [WARN] ModelIntegratedComponent:63 - No mode defined for component null
2025-11-16 10:24:15,970 [WARN] ModelIntegratedComponent:63 - No mode defined for component null
2025-11-16 10:24:16,092 [INFO] ThirdPartyModel:298 - Start build external matchings
2025-11-16 10:24:16,666 [INFO] ThirdPartyModel:316 - End build external matchings
2025-11-16 10:24:16,678 [INFO] ImportTextPane:194 - (OptionalMessage_ERROR) IP (RCC) : Invalid parameter (48MHZClocksFreq_Value)
2025-11-16 10:24:16,678 [INFO] ImportTextPane:194 - (OptionalMessage_ERROR) IP (RCC) : Invalid parameter (EthernetFreq_Value)
2025-11-16 10:24:16,679 [INFO] ImportTextPane:194 - (OptionalMessage_ERROR) IP (RCC) : Parameter (FLatency) has Id (AdvancedSettings) currently not set
2025-11-16 10:24:16,679 [INFO] ImportTextPane:194 - (OptionalMessage_ERROR) IP (RCC) : Invalid parameter (FamilyName)
2025-11-16 10:24:16,679 [INFO] ImportTextPane:194 - (OptionalMessage_ERROR) IP (RCC) : Invalid parameter (I2SClocksFreq_Value)
2025-11-16 10:24:16,679 [INFO] ImportTextPane:194 - (OptionalMessage_ERROR) IP (RCC) : Parameter (MCO2PinFreq_Value) has invalid value (180000000)
2025-11-16 10:24:16,679 [INFO] ImportTextPane:194 - (OptionalMessage_ERROR) IP (RCC) : Parameter (SDIOFreq_Value) has invalid value (180000000)
2025-11-16 10:24:16,679 [INFO] ImportTextPane:194 - (OptionalMessage_ERROR) IP (RCC) : Parameter (USBFreq_Value) has invalid value (180000000)
2025-11-16 10:24:16,679 [INFO] ImportTextPane:194 - (OptionalMessage_ERROR) IP (RCC) : Invalid parameter (VCOInputMFreq_Value)
2025-11-16 10:24:16,679 [INFO] ImportTextPane:194 - (OptionalMessage_ERROR) IP (RCC) : Invalid parameter (VcooutputI2S)
2025-11-16 10:24:16,990 [INFO] UtilMem:75 - End LoadConfig() Used Memory: 743171296 Bytes (1073741824)
2025-11-16 10:24:17,035 [WARN] ThirdParty:833 - waiting for thirdparty lock release [change project]
2025-11-16 10:24:17,035 [INFO] ThirdParty:835 - entering critical section [change project]
2025-11-16 10:24:17,035 [INFO] ThirdParty:1030 - CMSIS Pack Vendor :STMicroelectronics X-CUBE-PM33A1 1.0.0
2025-11-16 10:24:17,035 [INFO] ThirdParty:1030 - CMSIS Pack Vendor :STMicroelectronics USBPD 4.1
2025-11-16 10:24:17,035 [INFO] ThirdParty:1030 - CMSIS Pack Vendor :STMicroelectronics X-CUBE-GNSS1 6.0.0
2025-11-16 10:24:17,035 [INFO] ThirdParty:1030 - CMSIS Pack Vendor :STMicroelectronics USB_HOST 2.0.0
2025-11-16 10:24:17,035 [INFO] ThirdParty:1030 - CMSIS Pack Vendor :STMicroelectronics FP-SNS-MOTENVWB1 1.4.0
2025-11-16 10:24:17,035 [INFO] ThirdParty:1030 - CMSIS Pack Vendor :STMicroelectronics X-CUBE-AZRTOS-F4 1.1.0
2025-11-16 10:24:17,035 [INFO] ThirdParty:1030 - CMSIS Pack Vendor :STMicroelectronics LIBJPEG 8.0.0
2025-11-16 10:24:17,035 [INFO] ThirdParty:1030 - CMSIS Pack Vendor :STMicroelectronics FP-ATR-ASTRA1 2.0.2
2025-11-16 10:24:17,035 [INFO] ThirdParty:1030 - CMSIS Pack Vendor :STMicroelectronics X-CUBE-SMBUS 2.1.0
2025-11-16 10:24:17,035 [INFO] ThirdParty:1030 - CMSIS Pack Vendor :STMicroelectronics X-CUBE-ISPU 2.1.0
2025-11-16 10:24:17,035 [INFO] ThirdParty:1030 - CMSIS Pack Vendor :STMicroelectronics X-CUBE-FREERTOS 1.2.0
2025-11-16 10:24:17,035 [INFO] ThirdParty:1030 - CMSIS Pack Vendor :STMicroelectronics X-CUBE-NFC12 1.0.0
2025-11-16 10:24:17,035 [INFO] ThirdParty:1030 - CMSIS Pack Vendor :STMicroelectronics X-CUBE-TOUCHGFX 4.23.2
2025-11-16 10:24:17,035 [INFO] ThirdParty:1030 - CMSIS Pack Vendor :STMicroelectronics X-CUBE-AZRTOS-F7 1.1.0
2025-11-16 10:24:17,035 [INFO] ThirdParty:1030 - CMSIS Pack Vendor :STMicroelectronics X-CUBE-AZRTOS-L5 2.0.0
2025-11-16 10:24:17,035 [INFO] ThirdParty:1030 - CMSIS Pack Vendor :STMicroelectronics USB_DEVICE 2.0.0
2025-11-16 10:24:17,035 [INFO] ThirdParty:1030 - CMSIS Pack Vendor :STMicroelectronics X-CUBE-NFC6 3.1.0
2025-11-16 10:24:17,035 [INFO] ThirdParty:1030 - CMSIS Pack Vendor :STMicroelectronics FreeRTOS 0.0.1
2025-11-16 10:24:17,035 [INFO] ThirdParty:1030 - CMSIS Pack Vendor :STMicroelectronics X-CUBE-DPower 1.2.0
2025-11-16 10:24:17,035 [INFO] ThirdParty:1030 - CMSIS Pack Vendor :STMicroelectronics FP-SNS-FLIGHT1 5.0.2
2025-11-16 10:24:17,035 [INFO] ThirdParty:1030 - CMSIS Pack Vendor :STMicroelectronics X-CUBE-AI 9.0.0
2025-11-16 10:24:17,035 [INFO] ThirdParty:1030 - CMSIS Pack Vendor :STMicroelectronics PDM2PCM 3.3.0
2025-11-16 10:24:17,035 [INFO] ThirdParty:1030 - CMSIS Pack Vendor :STMicroelectronics X-CUBE-AZRTOS-H7 3.4.0
2025-11-16 10:24:17,035 [INFO] ThirdParty:1030 - CMSIS Pack Vendor :STMicroelectronics X-CUBE-DISPLAY 3.0.0
2025-11-16 10:24:17,035 [INFO] ThirdParty:1030 - CMSIS Pack Vendor :STMicroelectronics X-CUBE-BLE1 7.0.0
2025-11-16 10:24:17,035 [INFO] ThirdParty:1030 - CMSIS Pack Vendor :STMicroelectronics X-CUBE-NFC10 1.0.0
2025-11-16 10:24:17,036 [INFO] ThirdParty:1030 - CMSIS Pack Vendor :STMicroelectronics X-CUBE-BLEMGR 4.0.0
2025-11-16 10:24:17,036 [INFO] ThirdParty:1030 - CMSIS Pack Vendor :STMicroelectronics X-CUBE-FREERTOS 1.3.1
2025-11-16 10:24:17,036 [INFO] ThirdParty:1030 - CMSIS Pack Vendor :STMicroelectronics HAL Drivers 0.0.0
2025-11-16 10:24:17,036 [INFO] ThirdParty:1030 - CMSIS Pack Vendor :emotas I-CUBE-CANOPEN 1.3.0
2025-11-16 10:24:17,036 [INFO] ThirdParty:1030 - CMSIS Pack Vendor :STMicroelectronics X-CUBE-NFC7 1.0.1
2025-11-16 10:24:17,036 [INFO] ThirdParty:1030 - CMSIS Pack Vendor :STMicroelectronics MBEDTLS 2.14.1
2025-11-16 10:24:17,036 [INFO] ThirdParty:1030 - CMSIS Pack Vendor :STMicroelectronics X-CUBE-GNSS1 7.1.0
2025-11-16 10:24:17,036 [INFO] ThirdParty:1030 - CMSIS Pack Vendor :wolfSSL I-CUBE-wolfTPM 3.2.0
2025-11-16 10:24:17,036 [INFO] ThirdParty:1030 - CMSIS Pack Vendor :STMicroelectronics X-CUBE-TOUCHGFX 4.26.0
2025-11-16 10:24:17,036 [INFO] ThirdParty:1030 - CMSIS Pack Vendor :quantropi X-CUBE-qispace-sdk-base 2.0.0
2025-11-16 10:24:17,036 [INFO] ThirdParty:1030 - CMSIS Pack Vendor :STMicroelectronics X-CUBE-BLEMGR 3.1.0
2025-11-16 10:24:17,036 [INFO] ThirdParty:1030 - CMSIS Pack Vendor :STMicroelectronics X-CUBE-AI 10.0.0
2025-11-16 10:24:17,036 [INFO] ThirdParty:1030 - CMSIS Pack Vendor :STMicroelectronics FP-SNS-SMARTAG2 1.2.0
2025-11-16 10:24:17,036 [INFO] ThirdParty:1030 - CMSIS Pack Vendor :STMicroelectronics X-CUBE-AZRTOS-WL 2.0.0
2025-11-16 10:24:17,036 [INFO] ThirdParty:1030 - CMSIS Pack Vendor :STMicroelectronics X-CUBE-DPower 1.3.0
2025-11-16 10:24:17,036 [INFO] ThirdParty:1030 - CMSIS Pack Vendor :STMicroelectronics FP-SNS-MOTENV1 5.0.0
2025-11-16 10:24:17,036 [INFO] ThirdParty:1030 - CMSIS Pack Vendor :STMicroelectronics USB_DEVICE 1.0.0
2025-11-16 10:24:17,036 [INFO] ThirdParty:1030 - CMSIS Pack Vendor :wolfSSL I-CUBE-wolfMQTT 1.19.0
2025-11-16 10:24:17,036 [INFO] ThirdParty:1030 - CMSIS Pack Vendor :STMicroelectronics X-CUBE-AZRTOS-L4 2.0.0
2025-11-16 10:24:17,036 [INFO] ThirdParty:1030 - CMSIS Pack Vendor :STMicroelectronics ThreadX 0.0.2
2025-11-16 10:24:17,036 [INFO] ThirdParty:1030 - CMSIS Pack Vendor :WES I-CUBE-Cesium 1.3.0
2025-11-16 10:24:17,036 [INFO] ThirdParty:1030 - CMSIS Pack Vendor :STMicroelectronics lwIP 2.1.2
2025-11-16 10:24:17,036 [INFO] ThirdParty:1030 - CMSIS Pack Vendor :STMicroelectronics X-CUBE-SFXS2LP1 4.0.0
2025-11-16 10:24:17,036 [INFO] ThirdParty:1030 - CMSIS Pack Vendor :STMicroelectronics X-CUBE-BLE2 3.3.0
2025-11-16 10:24:17,036 [INFO] ThirdParty:1030 - CMSIS Pack Vendor :STMicroelectronics PDM2PCM 3.2.0
2025-11-16 10:24:17,036 [INFO] ThirdParty:1030 - CMSIS Pack Vendor :STMicroelectronics X-CUBE-AZRTOS-H7 3.3.0
2025-11-16 10:24:17,036 [INFO] ThirdParty:1030 - CMSIS Pack Vendor :STMicroelectronics X-CUBE-NFC9 1.0.0
2025-11-16 10:24:17,036 [INFO] ThirdParty:1030 - CMSIS Pack Vendor :STMicroelectronics X-CUBE-BLE1 7.1.0
2025-11-16 10:24:17,036 [INFO] ThirdParty:1030 - CMSIS Pack Vendor :STMicroelectronics USB_DEVICE 3.0.0
2025-11-16 10:24:17,036 [INFO] ThirdParty:1030 - CMSIS Pack Vendor :STMicroelectronics X-CUBE-TCPP 4.1.0
2025-11-16 10:24:17,036 [INFO] ThirdParty:1030 - CMSIS Pack Vendor :STMicroelectronics X-CUBE-EEPRMA1 5.2.0
2025-11-16 10:24:17,036 [INFO] ThirdParty:1030 - CMSIS Pack Vendor :STMicroelectronics X-CUBE-AZRTOS-WB 2.0.0
2025-11-16 10:24:17,036 [INFO] ThirdParty:1030 - CMSIS Pack Vendor :STMicroelectronics X-CUBE-GNSS1 7.0.1
2025-11-16 10:24:17,036 [INFO] ThirdParty:1030 - CMSIS Pack Vendor :STMicroelectronics X-CUBE-TOUCHGFX 4.25.0
2025-11-16 10:24:17,036 [INFO] ThirdParty:1030 - CMSIS Pack Vendor :STMicroelectronics X-CUBE-AI 10.1.0
2025-11-16 10:24:17,036 [INFO] ThirdParty:1030 - CMSIS Pack Vendor :STMicroelectronics FP-SNS-STBOX1 2.0.0
2025-11-16 10:24:17,036 [INFO] ThirdParty:1030 - CMSIS Pack Vendor :STMicroelectronics X-CUBE-ALGOBUILD 1.3.0
2025-11-16 10:24:17,036 [INFO] ThirdParty:1030 - CMSIS Pack Vendor :STMicroelectronics X-CUBE-MEMS1 11.2.0
2025-11-16 10:24:17,036 [INFO] ThirdParty:1030 - CMSIS Pack Vendor :STMicroelectronics X-CUBE-AZRTOS-G0 1.1.0
2025-11-16 10:24:17,036 [INFO] ThirdParty:1030 - CMSIS Pack Vendor :STMicroelectronics X-CUBE-SAFEA1 1.2.2
2025-11-16 10:24:17,036 [INFO] ThirdParty:1030 - CMSIS Pack Vendor :STMicroelectronics X-CUBE-NFC4 3.0.0
2025-11-16 10:24:17,036 [INFO] ThirdParty:1030 - CMSIS Pack Vendor :STMicroelectronics X-CUBE-SUBG2 5.0.0
2025-11-16 10:24:17,036 [INFO] ThirdParty:1030 - CMSIS Pack Vendor :STMicroelectronics X-CUBE-AZRTOS-H7RS 1.1.0
2025-11-16 10:24:17,036 [INFO] ThirdParty:1030 - CMSIS Pack Vendor :STMicroelectronics STM32_WPAN 1.0.0
2025-11-16 10:24:17,036 [INFO] ThirdParty:1030 - CMSIS Pack Vendor :EmbeddedOffice I-CUBE-FS-RTOS 1.0.1
2025-11-16 10:24:17,036 [INFO] ThirdParty:1030 - CMSIS Pack Vendor :STMicroelectronics lwIP 2.0.3
2025-11-16 10:24:17,036 [INFO] ThirdParty:1030 - CMSIS Pack Vendor :Cesanta I-CUBE-Mongoose 7.13.0
2025-11-16 10:24:17,036 [INFO] ThirdParty:1030 - CMSIS Pack Vendor :STMicroelectronics USB_HOST 1.0.0
2025-11-16 10:24:17,036 [INFO] ThirdParty:1030 - CMSIS Pack Vendor :STMicroelectronics X-CUBE-AZRTOS-G4 2.0.0
2025-11-16 10:24:17,036 [INFO] ThirdParty:1030 - CMSIS Pack Vendor :STMicroelectronics X-CUBE-WB05N 2.0.0
2025-11-16 10:24:17,036 [INFO] ThirdParty:1030 - CMSIS Pack Vendor :STMicroelectronics PDM2PCM 3.1.0
2025-11-16 10:24:17,036 [INFO] ThirdParty:1030 - CMSIS Pack Vendor :STMicroelectronics X-CUBE-NFC7 2.0.0
2025-11-16 10:24:17,036 [INFO] ThirdParty:1030 - CMSIS Pack Vendor :RealThread X-CUBE-RT-Thread_Nano 4.1.1
2025-11-16 10:24:17,036 [INFO] ThirdParty:1030 - CMSIS Pack Vendor :wolfSSL I-CUBE-wolfSSL 5.7.0
2025-11-16 10:24:17,036 [INFO] ThirdParty:1030 - CMSIS Pack Vendor :STMicroelectronics FP-ATR-SIGFOX1 3.2.0
2025-11-16 10:24:17,036 [INFO] ThirdParty:1030 - CMSIS Pack Vendor :STMicroelectronics X-CUBE-ISPU 2.0.0
2025-11-16 10:24:17,036 [INFO] ThirdParty:1030 - CMSIS Pack Vendor :STMicroelectronics X-CUBE-EEPRMA1 5.1.0
2025-11-16 10:24:17,036 [INFO] ThirdParty:1030 - CMSIS Pack Vendor :STMicroelectronics MBEDTLS 2.16.2
2025-11-16 10:24:17,036 [INFO] ThirdParty:1030 - CMSIS Pack Vendor :STMicroelectronics X-CUBE-ALS 1.0.2
2025-11-16 10:24:17,036 [INFO] ThirdParty:1030 - CMSIS Pack Vendor :STMicroelectronics X-CUBE-MEMS1 10.0.0
2025-11-16 10:24:17,036 [INFO] ThirdParty:1030 - CMSIS Pack Vendor :STMicroelectronics X-CUBE-FREERTOS 1.1.0
2025-11-16 10:24:17,036 [INFO] ThirdParty:1030 - CMSIS Pack Vendor :STMicroelectronics X-CUBE-TOUCHGFX 4.24.0
2025-11-16 10:24:17,036 [INFO] ThirdParty:1030 - CMSIS Pack Vendor :ITTIA_DB I-CUBE-ITTIADB 8.9.0
2025-11-16 10:24:17,036 [INFO] ThirdParty:1030 - CMSIS Pack Vendor :STMicroelectronics X-CUBE-STSE01 1.0.0
2025-11-16 10:24:17,036 [INFO] ThirdParty:1030 - CMSIS Pack Vendor :portGmbH I-Cube-SoM-uGOAL 1.1.0
2025-11-16 10:24:17,036 [INFO] ThirdParty:1030 - CMSIS Pack Vendor :STMicroelectronics X-CUBE-ALS 1.0.1
2025-11-16 10:24:17,036 [INFO] ThirdParty:1030 - CMSIS Pack Vendor :STMicroelectronics X-CUBE-AI 10.2.0
2025-11-16 10:24:17,036 [INFO] ThirdParty:1030 - CMSIS Pack Vendor :STMicroelectronics ThreadX 1.0.0
2025-11-16 10:24:17,036 [INFO] ThirdParty:1030 - CMSIS Pack Vendor :SEGGER I-CUBE-embOS 1.3.1
2025-11-16 10:24:17,036 [INFO] ThirdParty:1030 - CMSIS Pack Vendor :STMicroelectronics X-CUBE-ALGOBUILD 1.4.0
2025-11-16 10:24:17,036 [INFO] ThirdParty:1030 - CMSIS Pack Vendor :STMicroelectronics X-CUBE-MEMS1 11.3.0
2025-11-16 10:24:17,036 [INFO] ThirdParty:1030 - CMSIS Pack Vendor :STMicroelectronics X-CUBE-AZRTOS-H7RS 1.0.0
2025-11-16 10:24:17,036 [INFO] ThirdParty:1030 - CMSIS Pack Vendor :STMicroelectronics FP-ATR-ASTRA1 2.0.0
2025-11-16 10:24:17,036 [INFO] ThirdParty:1030 - CMSIS Pack Vendor :STMicroelectronics X-CUBE-TOF1 3.4.2
2025-11-16 10:24:17,036 [INFO] ThirdParty:1030 - CMSIS Pack Vendor :STMicroelectronics X-CUBE-TOF1 3.4.1
2025-11-16 10:24:17,036 [INFO] ThirdParty:1030 - CMSIS Pack Vendor :STMicroelectronics X-CUBE-AZRTOS-H7 3.2.0
2025-11-16 10:24:17,036 [INFO] ThirdParty:1030 - CMSIS Pack Vendor :Infineon AIROC-Wi-Fi-Bluetooth-STM32 1.6.0
2025-11-16 10:24:17,036 [INFO] ThirdParty:1030 - CMSIS Pack Vendor :wolfSSL I-CUBE-wolfSSH 1.4.17
2025-11-16 10:24:17,036 [INFO] ThirdParty:841 - exiting critical section [change project]
2025-11-16 10:24:17,127 [INFO] PinOutPanel:1561 - setPackage(No Configuration,No Configuration)
2025-11-16 10:24:17,127 [INFO] PinOutPanel:1561 - setPackage(STM32F446RETx,LQFP64)
2025-11-16 10:24:17,322 [INFO] UtilMem:75 - Before build in PCC Used Memory: 750968192 Bytes (1073741824)
2025-11-16 10:24:17,490 [INFO] UtilMem:75 - After build in PCC Used Memory: 800289456 Bytes (1073741824)
2025-11-16 10:24:17,503 [INFO] IPUIPlugin:80 - create IPUIPlugin
2025-11-16 10:24:17,503 [INFO] IPUIPlugin:80 - create IPUIPlugin
2025-11-16 10:24:17,503 [INFO] IPUIPlugin:80 - create IPUIPlugin
2025-11-16 10:24:17,503 [INFO] IPUIPlugin:80 - create IPUIPlugin
2025-11-16 10:24:17,503 [INFO] IPUIPlugin:80 - create IPUIPlugin
2025-11-16 10:24:17,503 [INFO] IPUIPlugin:80 - create IPUIPlugin
2025-11-16 10:24:17,503 [INFO] IPUIPlugin:80 - create IPUIPlugin
2025-11-16 10:24:17,503 [INFO] IPUIPlugin:80 - create IPUIPlugin
2025-11-16 10:24:17,503 [INFO] IPUIPlugin:80 - create IPUIPlugin
2025-11-16 10:24:17,503 [INFO] IPUIPlugin:80 - create IPUIPlugin
2025-11-16 10:24:17,503 [INFO] IPUIPlugin:80 - create IPUIPlugin
2025-11-16 10:24:17,503 [INFO] IPUIPlugin:80 - create IPUIPlugin
2025-11-16 10:24:17,503 [INFO] IPUIPlugin:80 - create IPUIPlugin
2025-11-16 10:24:17,503 [INFO] IPUIPlugin:80 - create IPUIPlugin
2025-11-16 10:24:17,503 [INFO] IPUIPlugin:80 - create IPUIPlugin
2025-11-16 10:24:17,503 [INFO] IPUIPlugin:80 - create IPUIPlugin
2025-11-16 10:24:17,503 [INFO] IPUIPlugin:80 - create IPUIPlugin
2025-11-16 10:24:17,503 [INFO] IPUIPlugin:80 - create IPUIPlugin
2025-11-16 10:24:17,503 [INFO] IPUIPlugin:80 - create IPUIPlugin
2025-11-16 10:24:17,503 [INFO] IPUIPlugin:80 - create IPUIPlugin
2025-11-16 10:24:17,503 [INFO] IPUIPlugin:80 - create IPUIPlugin
2025-11-16 10:24:17,504 [INFO] IPUIPlugin:80 - create IPUIPlugin
2025-11-16 10:24:17,504 [INFO] IPUIPlugin:80 - create IPUIPlugin
2025-11-16 10:24:17,504 [INFO] IPUIPlugin:80 - create IPUIPlugin
2025-11-16 10:24:17,504 [INFO] IPUIPlugin:80 - create IPUIPlugin
2025-11-16 10:24:17,504 [INFO] IPUIPlugin:80 - create IPUIPlugin
2025-11-16 10:24:17,504 [INFO] IPUIPlugin:80 - create IPUIPlugin
2025-11-16 10:24:17,504 [INFO] IPUIPlugin:80 - create IPUIPlugin
2025-11-16 10:24:17,504 [INFO] IPUIPlugin:80 - create IPUIPlugin
2025-11-16 10:24:17,504 [INFO] IPUIPlugin:80 - create IPUIPlugin
2025-11-16 10:24:17,504 [INFO] IPUIPlugin:80 - create IPUIPlugin
2025-11-16 10:24:17,504 [INFO] IPUIPlugin:80 - create IPUIPlugin
2025-11-16 10:24:17,504 [INFO] IPUIPlugin:80 - create IPUIPlugin
2025-11-16 10:24:17,504 [INFO] IPUIPlugin:80 - create IPUIPlugin
2025-11-16 10:24:17,505 [INFO] IPUIPlugin:80 - create IPUIPlugin
2025-11-16 10:24:17,505 [INFO] IPUIPlugin:80 - create IPUIPlugin
2025-11-16 10:24:17,505 [INFO] IPUIPlugin:80 - create IPUIPlugin
2025-11-16 10:24:17,505 [INFO] IPUIPlugin:80 - create IPUIPlugin
2025-11-16 10:24:17,505 [INFO] IPUIPlugin:80 - create IPUIPlugin
2025-11-16 10:24:17,505 [INFO] IPUIPlugin:80 - create IPUIPlugin
2025-11-16 10:24:17,505 [INFO] IPUIPlugin:80 - create IPUIPlugin
2025-11-16 10:24:17,505 [INFO] IPUIPlugin:80 - create IPUIPlugin
2025-11-16 10:24:17,505 [INFO] IPUIPlugin:80 - create IPUIPlugin
2025-11-16 10:24:17,505 [INFO] IPUIPlugin:80 - create IPUIPlugin
2025-11-16 10:24:17,505 [INFO] IPUIPlugin:80 - create IPUIPlugin
2025-11-16 10:24:17,506 [INFO] IPUIPlugin:80 - create IPUIPlugin
2025-11-16 10:24:17,506 [INFO] IPUIPlugin:80 - create IPUIPlugin
2025-11-16 10:24:17,506 [INFO] IPUIPlugin:80 - create IPUIPlugin
2025-11-16 10:24:17,506 [INFO] IPUIPlugin:80 - create IPUIPlugin
2025-11-16 10:24:17,506 [INFO] IPUIPlugin:80 - create IPUIPlugin
2025-11-16 10:24:17,506 [INFO] IPUIPlugin:80 - create IPUIPlugin
2025-11-16 10:24:17,506 [INFO] IPUIPlugin:80 - create IPUIPlugin
2025-11-16 10:24:17,506 [INFO] IPUIPlugin:80 - create IPUIPlugin
2025-11-16 10:24:17,507 [INFO] IPUIPlugin:80 - create IPUIPlugin
2025-11-16 10:24:17,507 [INFO] IPUIPlugin:80 - create IPUIPlugin
2025-11-16 10:24:17,507 [INFO] IPUIPlugin:80 - create IPUIPlugin
2025-11-16 10:24:17,507 [INFO] IPUIPlugin:80 - create IPUIPlugin
2025-11-16 10:24:17,507 [INFO] IPUIPlugin:80 - create IPUIPlugin
2025-11-16 10:24:17,508 [INFO] IPUIPlugin:80 - create IPUIPlugin
2025-11-16 10:24:17,508 [INFO] IPUIPlugin:80 - create IPUIPlugin
2025-11-16 10:24:17,528 [INFO] ApiDbMcu:508 - Load IP Config File for PDM2PCM
2025-11-16 10:24:17,529 [INFO] Can:71 - Can Add PropertyChangeListener com.st.microxplorer.plugins.ip.can.Can@60ce6872
2025-11-16 10:24:17,561 [INFO] CADModel:165 - CPN selected for project levelSTM32F446RET6
2025-11-16 10:24:17,562 [INFO] CADModel:114 - Register for checkConnection events
2025-11-16 10:24:17,617 [INFO] OpenFileManager:343 - Restore cursor
2025-11-16 10:24:26,086 [INFO] NvicIntPanel:101 - NVIC parent = com.st.microxplorer.plugins.ip.nvic.MultiNvicIntPanel[,0,0,453x169,layout=javax.swing.BoxLayout,alignmentX=0.0,alignmentY=0.0,border=,flags=9,maximumSize=,minimumSize=,preferredSize=]
2025-11-16 10:24:53,162 [INFO] NvicIntPanel:101 - NVIC parent = com.st.microxplorer.plugins.ip.nvic.MultiNvicIntPanel[,0,0,0x0,invalid,layout=javax.swing.BoxLayout,alignmentX=0.0,alignmentY=0.0,border=,flags=9,maximumSize=,minimumSize=,preferredSize=]
2025-11-16 10:24:54,216 [INFO] NvicIntPanel:101 - NVIC parent = com.st.microxplorer.plugins.ip.nvic.MultiNvicIntPanel[,0,0,0x0,invalid,layout=javax.swing.BoxLayout,alignmentX=0.0,alignmentY=0.0,border=,flags=9,maximumSize=,minimumSize=,preferredSize=]
2025-11-16 10:25:06,404 [INFO] UtilMem:75 - End SaveConfig() Used Memory: 924434008 Bytes (1073741824)
2025-11-16 10:25:07,479 [INFO] UtilMem:75 - End SaveConfig() Used Memory: 949077592 Bytes (1073741824)
2025-11-16 10:25:09,057 [INFO] UtilMem:75 - End SaveConfig() Used Memory: 742158304 Bytes (1073741824)
2025-11-16 10:25:09,146 [INFO] BlockDiagram:2759 - set Specific Code input for plugin: CAN
2025-11-16 10:25:09,146 [INFO] BlockDiagram:2759 - set Specific Code input for plugin: SYS
2025-11-16 10:25:09,146 [INFO] BlockDiagram:2759 - set Specific Code input for plugin: RCC
2025-11-16 10:25:09,146 [INFO] BlockDiagram:2759 - set Specific Code input for plugin: NVIC
2025-11-16 10:25:09,146 [INFO] BlockDiagram:2759 - set Specific Code input for plugin: USART
2025-11-16 10:25:09,146 [INFO] BlockDiagram:2759 - set Specific Code input for plugin: GPIO
2025-11-16 10:25:09,147 [INFO] CodeGenerator:807 - code generatio: config db path: C:\ST\STM32CubeIDE_1.15.0\STM32CubeIDE\plugins\com.st.stm32cube.common.mx_6.11.0.202403141607\\db\
2025-11-16 10:25:09,229 [INFO] CodeEngine:255 - oldGeneratedFile, D:\WorkSpace\CAN_Module_V0\MXTmpFiles\license.tmp_save
2025-11-16 10:25:09,330 [INFO] CodeEngine:279 - Generated code: D:\WorkSpace\CAN_Module_V0\MXTmpFiles\license.tmp
2025-11-16 10:25:09,379 [INFO] CodeEngine:255 - oldGeneratedFile, D:\WorkSpace\CAN_Module_V0\MXTmpFiles\gpio.tmp_save
2025-11-16 10:25:09,453 [INFO] CodeEngine:279 - Generated code: D:\WorkSpace\CAN_Module_V0\MXTmpFiles\gpio.tmp
2025-11-16 10:25:09,514 [INFO] CodeEngine:255 - oldGeneratedFile, D:\WorkSpace\CAN_Module_V0\Core\Src\stm32f4xx_it.c_save
2025-11-16 10:25:09,699 [INFO] CodeEngine:279 - Generated code: D:\WorkSpace\CAN_Module_V0\Core\Src\stm32f4xx_it.c
2025-11-16 10:25:09,705 [INFO] CodeEngine:255 - oldGeneratedFile, D:\WorkSpace\CAN_Module_V0\Core\Inc\stm32f4xx_it.h_save
2025-11-16 10:25:09,765 [INFO] CodeEngine:279 - Generated code: D:\WorkSpace\CAN_Module_V0\Core\Inc\stm32f4xx_it.h
2025-11-16 10:25:09,783 [INFO] CodeEngine:255 - oldGeneratedFile, D:\WorkSpace\CAN_Module_V0\Core\Src\stm32f4xx_hal_msp.c_save
2025-11-16 10:25:09,890 [INFO] CodeEngine:279 - Generated code: D:\WorkSpace\CAN_Module_V0\Core\Src\stm32f4xx_hal_msp.c
2025-11-16 10:25:09,894 [INFO] CodeEngine:255 - oldGeneratedFile, D:\WorkSpace\CAN_Module_V0\MXTmpFiles\system.tmp_save
2025-11-16 10:25:09,933 [INFO] CodeEngine:279 - Generated code: D:\WorkSpace\CAN_Module_V0\MXTmpFiles\system.tmp
2025-11-16 10:25:09,950 [INFO] CodeEngine:311 - oldGeneratedFile, D:\WorkSpace\CAN_Module_V0\Core\Inc\stm32f4xx_hal_conf.h_save
2025-11-16 10:25:10,027 [INFO] CodeEngine:335 - Generated code: D:\WorkSpace\CAN_Module_V0\Core\Inc\stm32f4xx_hal_conf.h
2025-11-16 10:25:10,047 [WARN] IPConfigManager:2982 - Warning: the RefConfig PLL2P_FOR_MCO is not available in your config.xml file
2025-11-16 10:25:10,065 [INFO] CodeEngine:255 - oldGeneratedFile, D:\WorkSpace\CAN_Module_V0\Core\Inc\main.h_save
2025-11-16 10:25:10,115 [INFO] CodeEngine:279 - Generated code: D:\WorkSpace\CAN_Module_V0\Core\Inc\main.h
2025-11-16 10:25:10,128 [INFO] CodeEngine:255 - oldGeneratedFile, D:\WorkSpace\CAN_Module_V0\Core\Src\main.c_save
2025-11-16 10:25:10,206 [INFO] CodeEngine:279 - Generated code: D:\WorkSpace\CAN_Module_V0\Core\Src\main.c
2025-11-16 10:25:10,480 [INFO] ProjectBuilder:3163 - Time for Copy HAL[1] : 181mS.
2025-11-16 10:25:10,482 [INFO] ProjectBuilder:4736 - Project Generator version: 4.3.0-B58
2025-11-16 10:25:10,524 [INFO] ConfigFileManager:1503 - The Die is : DIE421
2025-11-16 10:25:10,527 [INFO] ApiDbMcu:508 - Load IP Config File for FATFS
2025-11-16 10:25:10,530 [INFO] ApiDbMcu:508 - Load IP Config File for FREERTOS
2025-11-16 10:25:10,532 [INFO] ApiDbMcu:508 - Load IP Config File for LIBJPEG
2025-11-16 10:25:10,536 [INFO] ApiDbMcu:508 - Load IP Config File for MBEDTLS
2025-11-16 10:25:10,544 [INFO] ApiDbMcu:508 - Load IP Config File for USB_DEVICE
2025-11-16 10:25:10,548 [INFO] ApiDbMcu:508 - Load IP Config File for USB_HOST
2025-11-16 10:25:11,231 [INFO] ProjectBuilder:5002 - Time for Generating toolchain IDE Files: 749mS.
2025-11-16 10:25:11,232 [INFO] ProjectBuilder:3034 - Time for Copy CMSIS : 1mS.
2025-11-16 10:25:11,234 [INFO] ProjectBuilder:3034 - Time for Copy CMSIS : 0mS.
2025-11-16 17:17:18,910 [INFO] Activator:176 - 


2025-11-16 17:17:18,913 [INFO] Activator:177 - !SESSION log4j initialized
2025-11-16 17:17:36,722 [INFO] LogOutputStream:77 - [STDOUT_REDIRECT] 
2025-11-16 17:17:40,054 [INFO] ApplicationProperties:184 - Using Application install path: C:\ST\STM32CubeIDE_1.15.0\STM32CubeIDE\plugins\com.st.stm32cube.common.mx_6.11.0.202403141607
2025-11-16 17:17:40,208 [INFO] DbMcusXml:78 - Set database path to: C:\ST\STM32CubeIDE_1.15.0\STM32CubeIDE\plugins\com.st.stm32cube.common.mx_6.11.0.202403141607\\db\/mcu/
2025-11-16 17:17:40,211 [INFO] ApiDb:274 - Set plugin database path to: C:\ST\STM32CubeIDE_1.15.0\STM32CubeIDE\plugins\com.st.stm32cube.common.mx_6.11.0.202403141607\\db\/plugins/boardmanager/
2025-11-16 17:17:40,211 [WARN] ApiDb:259 - Overriding images path with different value:  => C:\ST\STM32CubeIDE_1.15.0\STM32CubeIDE\plugins\com.st.stm32cube.common.mx_6.11.0.202403141607\\db\/plugins/mcufinder/images/
2025-11-16 17:17:40,276 [INFO] ApiDb:250 - Set database path to: C:\Users\Aditya\.stmcufinder\plugins\mcufinder//mcu/
2025-11-16 17:17:40,282 [INFO] DbMcusAds:125 - Set database path to: C:\Users\Aditya\.stmcufinder\plugins\mcufinder//mcu/
2025-11-16 17:17:40,294 [INFO] CrossReferenceDbSqlite:203 - Set database path to: C:\Users\Aditya\.stmcufinder\plugins\mcufinder//mcu/cs/
2025-11-16 17:17:40,498 [INFO] RulesReader:64 - Compatibility file has been processed (297 Rules)
2025-11-16 17:17:40,651 [INFO] DbMcusXml:78 - Set database path to: C:\ST\STM32CubeIDE_1.15.0\STM32CubeIDE\plugins\com.st.stm32cube.common.mx_6.11.0.202403141607\\db\/mcu/
2025-11-16 17:17:40,651 [INFO] ApiDb:274 - Set plugin database path to: C:\ST\STM32CubeIDE_1.15.0\STM32CubeIDE\plugins\com.st.stm32cube.common.mx_6.11.0.202403141607\\db\/plugins/boardmanager/
2025-11-16 17:17:40,651 [INFO] ApiDb:261 - Set plugin images path to: C:\ST\STM32CubeIDE_1.15.0\STM32CubeIDE\plugins\com.st.stm32cube.common.mx_6.11.0.202403141607\\db\/plugins/mcufinder/images/
2025-11-16 17:17:40,652 [WARN] DbFile:41 - Overriding database path with different value: C:\Users\Aditya\.stmcufinder\plugins\mcufinder/ => C:\Users\Aditya\.stmcufinder\plugins\mcufinder
2025-11-16 17:17:40,652 [INFO] ApiDb:250 - Set database path to: C:\Users\Aditya\.stmcufinder\plugins\mcufinder//mcu/
2025-11-16 17:17:40,652 [WARN] DbFile:41 - Overriding database path with different value: C:\Users\Aditya\.stmcufinder\plugins\mcufinder/ => C:\Users\Aditya\.stmcufinder\plugins\mcufinder
2025-11-16 17:17:40,652 [INFO] DbMcusAds:125 - Set database path to: C:\Users\Aditya\.stmcufinder\plugins\mcufinder//mcu/
2025-11-16 17:17:40,652 [WARN] DbFile:41 - Overriding database path with different value: C:\Users\Aditya\.stmcufinder\plugins\mcufinder/ => C:\Users\Aditya\.stmcufinder\plugins\mcufinder
2025-11-16 17:17:40,653 [WARN] DbFile:41 - Overriding database path with different value: C:\Users\Aditya\.stmcufinder\plugins\mcufinder/ => C:\Users\Aditya\.stmcufinder\plugins\mcufinder
2025-11-16 17:17:40,653 [INFO] CrossReferenceDbSqlite:203 - Set database path to: C:\Users\Aditya\.stmcufinder\plugins\mcufinder//mcu/cs/
2025-11-16 17:17:40,735 [INFO] MainPanel:264 - HeapMemory: 268435456
2025-11-16 17:17:40,826 [INFO] DbMcusXml:78 - Set database path to: C:\ST\STM32CubeIDE_1.15.0\STM32CubeIDE\plugins\com.st.stm32cube.common.mx_6.11.0.202403141607\\db\/mcu/
2025-11-16 17:17:40,826 [INFO] ApiDb:274 - Set plugin database path to: C:\ST\STM32CubeIDE_1.15.0\STM32CubeIDE\plugins\com.st.stm32cube.common.mx_6.11.0.202403141607\\db\/plugins/boardmanager/
2025-11-16 17:17:40,826 [INFO] ApiDb:261 - Set plugin images path to: C:\ST\STM32CubeIDE_1.15.0\STM32CubeIDE\plugins\com.st.stm32cube.common.mx_6.11.0.202403141607\\db\/plugins/mcufinder/images/
2025-11-16 17:17:40,827 [WARN] DbFile:41 - Overriding database path with different value: C:\Users\Aditya\.stmcufinder\plugins\mcufinder/ => C:\Users\Aditya\.stmcufinder\plugins\mcufinder
2025-11-16 17:17:40,827 [INFO] ApiDb:250 - Set database path to: C:\Users\Aditya\.stmcufinder\plugins\mcufinder//mcu/
2025-11-16 17:17:40,827 [WARN] DbFile:41 - Overriding database path with different value: C:\Users\Aditya\.stmcufinder\plugins\mcufinder/ => C:\Users\Aditya\.stmcufinder\plugins\mcufinder
2025-11-16 17:17:40,827 [INFO] DbMcusAds:125 - Set database path to: C:\Users\Aditya\.stmcufinder\plugins\mcufinder//mcu/
2025-11-16 17:17:40,827 [WARN] DbFile:41 - Overriding database path with different value: C:\Users\Aditya\.stmcufinder\plugins\mcufinder/ => C:\Users\Aditya\.stmcufinder\plugins\mcufinder
2025-11-16 17:17:40,827 [WARN] DbFile:41 - Overriding database path with different value: C:\Users\Aditya\.stmcufinder\plugins\mcufinder/ => C:\Users\Aditya\.stmcufinder\plugins\mcufinder
2025-11-16 17:17:40,828 [INFO] CrossReferenceDbSqlite:203 - Set database path to: C:\Users\Aditya\.stmcufinder\plugins\mcufinder//mcu/cs/
2025-11-16 17:17:40,852 [INFO] ApplicationProperties:184 - Using Application install path: C:\ST\STM32CubeIDE_1.15.0\STM32CubeIDE\plugins\com.st.stm32cube.common.mx_6.11.0.202403141607
2025-11-16 17:17:40,853 [INFO] PluginManage:196 - Search for loadable plugins [exclusion list=, ]
2025-11-16 17:17:40,855 [INFO] PluginManage:310 - Check plugin analytics
2025-11-16 17:17:41,134 [INFO] AnalyticsPlugin:253 - Accepted Software Licenses: 
2025-11-16 17:17:41,134 [INFO] AnalyticsPlugin:255 - Accepted CMSIS Pack Licenses: 
2025-11-16 17:17:41,134 [INFO] AnalyticsPlugin:257 - Accepted Firmware Licenses: 
2025-11-16 17:17:41,141 [INFO] PluginManage:359 - Loaded plugin analytics (category:tool,tabindex:-1)
2025-11-16 17:17:41,141 [INFO] PluginManage:310 - Check plugin cadmodel
2025-11-16 17:17:41,162 [INFO] CADModel:105 - Init CAD model plugin
2025-11-16 17:17:41,162 [INFO] PluginManage:359 - Loaded plugin cadmodel (category:power,tabindex:5)
2025-11-16 17:17:41,162 [INFO] PluginManage:310 - Check plugin clock
2025-11-16 17:17:41,191 [INFO] PluginManage:359 - Loaded plugin clock (category:base,tabindex:2)
2025-11-16 17:17:41,191 [INFO] PluginManage:310 - Check plugin ddr
2025-11-16 17:17:41,194 [INFO] PluginManage:359 - Loaded plugin ddr (category:tool,tabindex:6)
2025-11-16 17:17:41,194 [INFO] PluginManage:310 - Check plugin filemanager
2025-11-16 17:17:41,343 [INFO] PluginManage:359 - Loaded plugin filemanager (category:base,tabindex:10)
2025-11-16 17:17:41,343 [INFO] PluginManage:310 - Check plugin ipmanager
2025-11-16 17:17:41,350 [INFO] PluginManage:359 - Loaded plugin ipmanager (category:base,tabindex:5)
2025-11-16 17:17:41,351 [INFO] PluginManage:310 - Check plugin lpbam
2025-11-16 17:17:41,370 [INFO] PluginManage:359 - Loaded plugin lpbam (category:base,tabindex:0)
2025-11-16 17:17:41,370 [INFO] PluginManage:310 - Check plugin memorymap
2025-11-16 17:17:41,395 [INFO] PluginManage:359 - Loaded plugin memorymap (category:base,tabindex:4)
2025-11-16 17:17:41,395 [INFO] PluginManage:310 - Check plugin pinoutandconfiguration
2025-11-16 17:17:41,415 [INFO] PluginManage:359 - Loaded plugin pinoutandconfiguration (category:base,tabindex:1)
2025-11-16 17:17:41,415 [INFO] PluginManage:310 - Check plugin pinoutconfig
2025-11-16 17:17:41,528 [WARN] SupportedApi:132 - Cannot load RTOS API schema: s4s-elt-must-match.1: The content of 'definitions' must match (annotation?, (simpleType | complexType)?, (unique | key | keyref)*)). A problem was found starting at: attribute.
2025-11-16 17:17:41,691 [INFO] PluginManage:359 - Loaded plugin pinoutconfig (category:base,tabindex:0)
2025-11-16 17:17:41,692 [INFO] PluginManage:310 - Check plugin power
2025-11-16 17:17:41,728 [INFO] PluginManage:359 - Loaded plugin power (category:power,tabindex:4)
2025-11-16 17:17:41,729 [INFO] PluginManage:310 - Check plugin projectmanager
2025-11-16 17:17:41,756 [INFO] PluginManage:359 - Loaded plugin projectmanager (category:projectmanager,tabindex:3)
2025-11-16 17:17:41,756 [INFO] PluginManage:310 - Check plugin thirdparty
2025-11-16 17:17:42,206 [WARN] IntegrityCheckThread:84 - waiting for thirdparty lock release [integrity check]
2025-11-16 17:17:42,207 [INFO] PluginManage:359 - Loaded plugin thirdparty (category:base,tabindex:-1)
2025-11-16 17:17:42,207 [INFO] PluginManage:310 - Check plugin tools
2025-11-16 17:17:42,207 [INFO] IntegrityCheckThread:86 - entering critical section [integrity check]
2025-11-16 17:17:42,209 [INFO] ThirdPartyUpdaterWithRetryManager:70 - Updater plugin not ready yet. [1/15]
2025-11-16 17:17:42,259 [INFO] PluginManage:359 - Loaded plugin tools (category:base,tabindex:7)
2025-11-16 17:17:42,259 [INFO] PluginManage:310 - Check plugin tutovideos
2025-11-16 17:17:42,472 [INFO] PluginManage:359 - Loaded plugin tutovideos (category:base,tabindex:-1)
2025-11-16 17:17:42,473 [INFO] PluginManage:310 - Check plugin updater
2025-11-16 17:17:42,488 [INFO] PluginManage:359 - Loaded plugin updater (category:base,tabindex:12)
2025-11-16 17:17:42,488 [INFO] PluginManage:310 - Check plugin userauth
2025-11-16 17:17:42,494 [INFO] UserAuth:114 - Init User Auth plugin
2025-11-16 17:17:42,494 [INFO] PluginManage:359 - Loaded plugin userauth (category:base,tabindex:14)
2025-11-16 17:17:42,494 [INFO] PluginManage:283 - PluginManage : Loaded plugins [17]
2025-11-16 17:17:42,774 [INFO] PinOutPanel:1561 - setPackage(No Configuration,No Configuration)
2025-11-16 17:17:42,853 [INFO] CADModel:165 - CPN selected for project level
2025-11-16 17:17:42,853 [INFO] CADModel:114 - Register for checkConnection events
2025-11-16 17:17:42,887 [INFO] IPUIPlugin:80 - create IPUIPlugin
2025-11-16 17:17:42,887 [INFO] PluginManager:220 - loadIPPluginJar : add adc
2025-11-16 17:17:42,988 [INFO] IPUIPlugin:80 - create IPUIPlugin
2025-11-16 17:17:42,988 [INFO] PluginManager:220 - loadIPPluginJar : add aes
2025-11-16 17:17:43,041 [INFO] IPUIPlugin:80 - create IPUIPlugin
2025-11-16 17:17:43,041 [INFO] PluginManager:220 - loadIPPluginJar : add can
2025-11-16 17:17:43,077 [INFO] IPUIPlugin:80 - create IPUIPlugin
2025-11-16 17:17:43,078 [INFO] PluginManager:220 - loadIPPluginJar : add comp
2025-11-16 17:17:43,128 [INFO] IPUIPlugin:80 - create IPUIPlugin
2025-11-16 17:17:43,129 [INFO] PluginManager:220 - loadIPPluginJar : add cryp
2025-11-16 17:17:43,182 [INFO] IPUIPlugin:80 - create IPUIPlugin
2025-11-16 17:17:43,182 [INFO] PluginManager:220 - loadIPPluginJar : add dfsdm
2025-11-16 17:17:43,199 [INFO] IPUIPlugin:80 - create IPUIPlugin
2025-11-16 17:17:43,200 [INFO] PluginManager:220 - loadIPPluginJar : add dma
2025-11-16 17:17:43,262 [INFO] IPUIPlugin:80 - create IPUIPlugin
2025-11-16 17:17:43,262 [INFO] PluginManager:220 - loadIPPluginJar : add dma3
2025-11-16 17:17:43,322 [INFO] IPUIPlugin:80 - create IPUIPlugin
2025-11-16 17:17:43,322 [INFO] PluginManager:220 - loadIPPluginJar : add extmemmanager
2025-11-16 17:17:43,351 [INFO] IPUIPlugin:80 - create IPUIPlugin
2025-11-16 17:17:43,352 [INFO] PluginManager:220 - loadIPPluginJar : add fatfs
2025-11-16 17:17:43,412 [INFO] IPUIPlugin:80 - create IPUIPlugin
2025-11-16 17:17:43,414 [INFO] PluginManager:220 - loadIPPluginJar : add fmc
2025-11-16 17:17:43,434 [INFO] IPUIPlugin:80 - create IPUIPlugin
2025-11-16 17:17:43,434 [INFO] PluginManager:220 - loadIPPluginJar : add freertos
2025-11-16 17:17:43,472 [INFO] IPUIPlugin:80 - create IPUIPlugin
2025-11-16 17:17:43,472 [INFO] PluginManager:220 - loadIPPluginJar : add genericplugin
2025-11-16 17:17:43,611 [INFO] IPUIPlugin:80 - create IPUIPlugin
2025-11-16 17:17:43,611 [INFO] PluginManager:220 - loadIPPluginJar : add gfxmmu
2025-11-16 17:17:43,774 [INFO] IPUIPlugin:80 - create IPUIPlugin
2025-11-16 17:17:43,774 [INFO] PluginManager:220 - loadIPPluginJar : add gic
2025-11-16 17:17:43,792 [INFO] IPUIPlugin:80 - create IPUIPlugin
2025-11-16 17:17:43,792 [INFO] PluginManager:220 - loadIPPluginJar : add gpio
2025-11-16 17:17:43,900 [INFO] IPUIPlugin:80 - create IPUIPlugin
2025-11-16 17:17:43,900 [INFO] PluginManager:220 - loadIPPluginJar : add gtzc
2025-11-16 17:17:43,940 [INFO] IPUIPlugin:80 - create IPUIPlugin
2025-11-16 17:17:43,940 [INFO] PluginManager:220 - loadIPPluginJar : add hash
2025-11-16 17:17:44,021 [INFO] IPUIPlugin:80 - create IPUIPlugin
2025-11-16 17:17:44,021 [INFO] PluginManager:220 - loadIPPluginJar : add i2c
2025-11-16 17:17:44,193 [INFO] IPUIPlugin:80 - create IPUIPlugin
2025-11-16 17:17:44,193 [INFO] PluginManager:220 - loadIPPluginJar : add i2s
2025-11-16 17:17:44,363 [INFO] IPUIPlugin:80 - create IPUIPlugin
2025-11-16 17:17:44,363 [INFO] PluginManager:220 - loadIPPluginJar : add i3c
2025-11-16 17:17:44,777 [INFO] IPUIPlugin:80 - create IPUIPlugin
2025-11-16 17:17:44,778 [INFO] PluginManager:220 - loadIPPluginJar : add ipddr
2025-11-16 17:17:45,162 [INFO] IPUIPlugin:80 - create IPUIPlugin
2025-11-16 17:17:45,163 [INFO] PluginManager:220 - loadIPPluginJar : add linkedlist
2025-11-16 17:17:45,210 [INFO] ThirdPartyUpdaterWithRetryManager:70 - Updater plugin not ready yet. [2/15]
2025-11-16 17:17:45,260 [INFO] IPUIPlugin:80 - create IPUIPlugin
2025-11-16 17:17:45,261 [INFO] PluginManager:220 - loadIPPluginJar : add lorawan
2025-11-16 17:17:45,413 [INFO] IPUIPlugin:80 - create IPUIPlugin
2025-11-16 17:17:45,416 [INFO] PluginManager:220 - loadIPPluginJar : add ltdc
2025-11-16 17:17:45,459 [INFO] IPUIPlugin:80 - create IPUIPlugin
2025-11-16 17:17:45,460 [INFO] PluginManager:220 - loadIPPluginJar : add mdma
2025-11-16 17:17:45,503 [INFO] IPUIPlugin:80 - create IPUIPlugin
2025-11-16 17:17:45,504 [INFO] PluginManager:220 - loadIPPluginJar : add nvic
2025-11-16 17:17:45,675 [INFO] IPUIPlugin:80 - create IPUIPlugin
2025-11-16 17:17:45,675 [INFO] PluginManager:220 - loadIPPluginJar : add opamp
2025-11-16 17:17:45,952 [INFO] IPUIPlugin:80 - create IPUIPlugin
2025-11-16 17:17:45,953 [INFO] PluginManager:220 - loadIPPluginJar : add openamp
2025-11-16 17:17:46,143 [INFO] IPUIPlugin:80 - create IPUIPlugin
2025-11-16 17:17:46,143 [INFO] PluginManager:220 - loadIPPluginJar : add pdm2pcm
2025-11-16 17:17:46,199 [INFO] IPUIPlugin:80 - create IPUIPlugin
2025-11-16 17:17:46,210 [INFO] PluginManager:220 - loadIPPluginJar : add plateformsettings
2025-11-16 17:17:46,314 [INFO] IPUIPlugin:80 - create IPUIPlugin
2025-11-16 17:17:46,314 [INFO] PluginManager:220 - loadIPPluginJar : add quadspi
2025-11-16 17:17:46,363 [INFO] IPUIPlugin:80 - create IPUIPlugin
2025-11-16 17:17:46,364 [INFO] PluginManager:220 - loadIPPluginJar : add resmgrutility
2025-11-16 17:17:46,557 [INFO] IPUIPlugin:80 - create IPUIPlugin
2025-11-16 17:17:46,558 [INFO] PluginManager:220 - loadIPPluginJar : add sai
2025-11-16 17:17:46,723 [INFO] IPUIPlugin:80 - create IPUIPlugin
2025-11-16 17:17:46,723 [INFO] PluginManager:220 - loadIPPluginJar : add spi
2025-11-16 17:17:47,009 [INFO] IPUIPlugin:80 - create IPUIPlugin
2025-11-16 17:17:47,010 [INFO] PluginManager:220 - loadIPPluginJar : add stm32_wpan
2025-11-16 17:17:47,116 [INFO] IPUIPlugin:80 - create IPUIPlugin
2025-11-16 17:17:47,116 [INFO] PluginManager:220 - loadIPPluginJar : add tim
2025-11-16 17:17:47,380 [INFO] IPUIPlugin:80 - create IPUIPlugin
2025-11-16 17:17:47,381 [INFO] PluginManager:220 - loadIPPluginJar : add touchsensing
2025-11-16 17:17:47,459 [INFO] IPUIPlugin:80 - create IPUIPlugin
2025-11-16 17:17:47,460 [INFO] PluginManager:220 - loadIPPluginJar : add tracer_emb
2025-11-16 17:17:47,528 [INFO] IPUIPlugin:80 - create IPUIPlugin
2025-11-16 17:17:47,528 [INFO] PluginManager:220 - loadIPPluginJar : add ts
2025-11-16 17:17:47,591 [INFO] IPUIPlugin:80 - create IPUIPlugin
2025-11-16 17:17:47,591 [INFO] PluginManager:220 - loadIPPluginJar : add tsc
2025-11-16 17:17:47,672 [INFO] IPUIPlugin:80 - create IPUIPlugin
2025-11-16 17:17:47,673 [INFO] PluginManager:220 - loadIPPluginJar : add ucpd
2025-11-16 17:17:47,778 [INFO] IPUIPlugin:80 - create IPUIPlugin
2025-11-16 17:17:47,778 [INFO] PluginManager:220 - loadIPPluginJar : add usart
2025-11-16 17:17:47,898 [INFO] IPUIPlugin:80 - create IPUIPlugin
2025-11-16 17:17:47,898 [INFO] PluginManager:220 - loadIPPluginJar : add usbx
2025-11-16 17:17:48,185 [INFO] CADModel:165 - CPN selected for project level
2025-11-16 17:17:48,185 [INFO] CADModel:114 - Register for checkConnection events
2025-11-16 17:17:48,186 [FATAL] Updater:308 - Updater called before beeing initialized
2025-11-16 17:17:48,186 [ERROR] CADModel:125 - Updater not yet initialized, retry later 
2025-11-16 17:17:48,225 [INFO] ThirdPartyUpdaterWithRetryManager:70 - Updater plugin not ready yet. [3/15]
2025-11-16 17:17:48,716 [INFO] CADModel:165 - CPN selected for project level
2025-11-16 17:17:48,717 [INFO] CADModel:114 - Register for checkConnection events
2025-11-16 17:17:48,717 [FATAL] Updater:308 - Updater called before beeing initialized
2025-11-16 17:17:48,717 [ERROR] CADModel:125 - Updater not yet initialized, retry later 
2025-11-16 17:17:48,728 [FATAL] Updater:308 - Updater called before beeing initialized
2025-11-16 17:17:49,141 [FATAL] Updater:308 - Updater called before beeing initialized
2025-11-16 17:17:49,184 [INFO] DbMcusAds:53 - JSON generation date=Mon Nov 10 16:13:01 IST 2025 (1762771381096)
2025-11-16 17:17:49,185 [FATAL] Updater:308 - Updater called before beeing initialized
2025-11-16 17:17:49,330 [WARN] DetailPanel:346 - Failed to get advertising image, set to default
2025-11-16 17:17:49,695 [FATAL] Updater:308 - Updater called before beeing initialized
2025-11-16 17:17:49,701 [FATAL] Updater:308 - Updater called before beeing initialized
2025-11-16 17:17:49,701 [FATAL] Updater:308 - Updater called before beeing initialized
2025-11-16 17:17:49,701 [WARN] DetailPanel:346 - Failed to get advertising image, set to default
2025-11-16 17:17:49,704 [FATAL] Updater:308 - Updater called before beeing initialized
2025-11-16 17:17:49,981 [ERROR] Updater:1120 - MainUpdater not yet initialized. External WinMGr cannot be set.
2025-11-16 17:17:50,025 [INFO] Updater:1056 - Updater Version found : 6.11.0
2025-11-16 17:17:50,088 [INFO] ApplicationProperties:184 - Using Application install path: C:\ST\STM32CubeIDE_1.15.0\STM32CubeIDE\plugins\com.st.stm32cube.common.mx_6.11.0.202403141607
2025-11-16 17:17:51,232 [FATAL] Updater:308 - Updater called before beeing initialized
2025-11-16 17:17:51,234 [ERROR] IntegrityCheckThread:130 - Cannot retrieve database content from updater: error 21
2025-11-16 17:17:51,238 [INFO] ThirdParty:978 - Integrity check success = false
2025-11-16 17:17:51,239 [INFO] IntegrityCheckThread:100 - exiting critical section [integrity check]
2025-11-16 17:17:51,239 [INFO] IntegrityCheckThread:103 - End integrity checks thread
2025-11-16 17:17:51,817 [ERROR] LogOutputStream:75 - [STDERR_REDIRECT] Nov 16, 2025 5:17:51 PM java.util.prefs.WindowsPreferences <init>
2025-11-16 17:17:51,829 [ERROR] LogOutputStream:75 - [STDERR_REDIRECT] WARNING: Could not open/create prefs root node Software\JavaSoft\Prefs at root 0xffffffff80000002. Windows RegCreateKeyEx(...) returned error code 5.
2025-11-16 17:17:51,830 [ERROR] LogOutputStream:75 - [STDERR_REDIRECT] 
2025-11-16 17:17:53,657 [INFO] MainUpdater:2873 - connection check result : 10
2025-11-16 17:17:53,660 [INFO] MainUpdater:290 - Updater Check For Update Now.
2025-11-16 17:17:53,660 [INFO] MicroXplorer:498 - Change Database Version : DB.6.0.110
2025-11-16 17:17:53,766 [INFO] McuFinderGlobals:63 - Set McuFinder mode to 2 (CubeIDE integrated)
2025-11-16 17:17:53,845 [INFO] UserAuth:415 - Internet connection configuration mode: 1
2025-11-16 17:17:54,013 [INFO] JxBrowserEngine:152 - Initiate JxBrowser Engine with user profile folder
2025-11-16 17:17:54,379 [INFO] CheckServerUpdateThread:120 - End of CheckServer Thread
2025-11-16 17:18:06,569 [INFO] WebApp:161 - Instantiating new browser for Auth
2025-11-16 17:18:08,755 [INFO] WebApp:779 - Register for checkConnection events
2025-11-16 17:18:08,755 [INFO] WebApp:414 - Apply proxy settings
2025-11-16 17:18:08,757 [INFO] WebApp:499 - Chromium requires no authentication
2025-11-16 17:18:08,789 [INFO] WebApp:442 - Direct internet connection detected
2025-11-16 17:18:09,479 [INFO] WebApp:192 - Starting web application
2025-11-16 17:18:09,480 [INFO] WebApp:544 - Web application path used C:\ST\STM32CubeIDE_1.15.0\STM32CubeIDE\plugins\com.st.stm32cube.common.mx_6.11.0.202403141607\db\plugins\mcufinder\reactClient1\index.html
2025-11-16 18:18:20,332 [INFO] McuFinderGlobals:63 - Set McuFinder mode to 2 (CubeIDE integrated)
2025-11-16 18:18:20,366 [INFO] MainUpdater:2873 - connection check result : 10
2025-11-16 18:18:20,375 [INFO] MainUpdater:2873 - connection check result : 10
2025-11-16 18:18:20,629 [INFO] MicroXplorer:468 - Change Database Path : 
2025-11-16 18:18:20,629 [INFO] MicroXplorer:498 - Change Database Version : DB.6.0.110
2025-11-16 18:18:20,634 [WARN] ThirdParty:871 - waiting for thirdparty lock release [close project]
2025-11-16 18:18:20,634 [INFO] ThirdParty:873 - entering critical section [close project]
2025-11-16 18:18:20,662 [INFO] ThirdParty:883 - exiting critical section [close project]
2025-11-16 18:18:20,663 [INFO] PinOutPanel:1561 - setPackage(No Configuration,No Configuration)
2025-11-16 18:18:20,668 [INFO] UtilMem:75 - Begin LoadConfig() Used Memory: 677279600 Bytes (1073741824)
2025-11-16 18:18:20,669 [INFO] MicroXplorer:468 - Change Database Path : 
2025-11-16 18:18:20,669 [INFO] MicroXplorer:498 - Change Database Version : DB.6.0.110
2025-11-16 18:18:20,670 [INFO] OpenFileManager:312 - Change cursor
2025-11-16 18:18:20,701 [WARN] IntegrityCheckThread:84 - waiting for thirdparty lock release [integrity check]
2025-11-16 18:18:20,701 [INFO] IntegrityCheckThread:86 - entering critical section [integrity check]
2025-11-16 18:18:21,008 [WARN] PackLoader:240 - Cannot read IP mode file for STMicroelectronics.FP-SNS-MOTENVWB1.1.4.0
2025-11-16 18:18:21,025 [WARN] PackLoader:240 - Cannot read IP mode file for STMicroelectronics.FP-ATR-ASTRA1.2.0.2
2025-11-16 18:18:21,044 [WARN] PackLoader:240 - Cannot read IP mode file for STMicroelectronics.X-CUBE-SMBUS.2.1.0
2025-11-16 18:18:21,057 [ERROR] Engine:466 - C:\Users\Aditya\.stm32cubemx\thirdparties\pdsc\STMicroelectronics.X-CUBE-ST60.1.0.0.pdsc: PDSC version is not supported
2025-11-16 18:18:21,072 [WARN] PackLoader:240 - Cannot read IP mode file for STMicroelectronics.X-CUBE-TOUCHGFX.4.23.2
2025-11-16 18:18:21,114 [WARN] PackLoader:240 - Cannot read IP mode file for STMicroelectronics.X-CUBE-AZRTOS-F7.1.1.0
2025-11-16 18:18:21,135 [ERROR] Engine:466 - C:\Users\Aditya\.stm32cubemx\thirdparties\pdsc\STMicroelectronics.FP-SNS-MOTENV1.5.1.0.pdsc: PDSC version is not supported
2025-11-16 18:18:21,150 [WARN] PackLoader:240 - Cannot read IP mode file for STMicroelectronics.FP-SNS-FLIGHT1.5.0.2
2025-11-16 18:18:21,182 [WARN] PackLoader:240 - Cannot read IP mode file for STMicroelectronics.X-CUBE-AZRTOS-H7.3.4.0
2025-11-16 18:18:21,201 [WARN] PackLoader:240 - Cannot read IP mode file for STMicroelectronics.X-CUBE-DISPLAY.3.0.0
2025-11-16 18:18:21,222 [WARN] PackLoader:240 - Cannot read IP mode file for STMicroelectronics.X-CUBE-BLE1.7.0.0
2025-11-16 18:18:21,237 [WARN] PackLoader:240 - Cannot read IP mode file for STMicroelectronics.X-CUBE-NFC10.1.0.0
2025-11-16 18:18:21,257 [WARN] PackLoader:240 - Cannot read IP mode file for STMicroelectronics.X-CUBE-BLEMGR.4.0.0
2025-11-16 18:18:21,271 [ERROR] Engine:466 - C:\Users\Aditya\.stm32cubemx\thirdparties\pdsc\STMicroelectronics.X-CUBE-ST60.1.1.0.pdsc: PDSC version is not supported
2025-11-16 18:18:21,286 [WARN] PackLoader:240 - Cannot read IP mode file for emotas.I-CUBE-CANOPEN.1.3.0
2025-11-16 18:18:21,301 [WARN] PackLoader:240 - Cannot read IP mode file for STMicroelectronics.X-CUBE-GNSS1.7.1.0
2025-11-16 18:18:21,315 [WARN] ConditionMgr:438 - getConditionDescription Invalid condition id : Cortex-A Device cause : null
2025-11-16 18:18:21,336 [WARN] ConditionMgr:1039 - genDependencies : Invalid condition id : Cortex-A Device cause : null
2025-11-16 18:18:21,338 [WARN] ConditionMgr:1039 - genDependencies : Invalid condition id : Cortex-A Device cause : null
2025-11-16 18:18:21,338 [WARN] ConditionMgr:1039 - genDependencies : Invalid condition id : Cortex-A Device cause : null
2025-11-16 18:18:21,353 [WARN] PackLoader:240 - Cannot read IP mode file for STMicroelectronics.X-CUBE-BLEMGR.3.1.0
2025-11-16 18:18:21,367 [WARN] PackLoader:240 - Cannot read IP mode file for STMicroelectronics.X-CUBE-AI.10.0.0
2025-11-16 18:18:21,381 [ERROR] Engine:466 - C:\Users\Aditya\.stm32cubemx\thirdparties\pdsc\STMicroelectronics.FP-SNS-STBOX1.2.1.0.pdsc: PDSC version is not supported
2025-11-16 18:18:21,395 [WARN] PackLoader:240 - Cannot read IP mode file for STMicroelectronics.FP-SNS-SMARTAG2.1.2.0
2025-11-16 18:18:21,407 [ERROR] Engine:466 - C:\Users\Aditya\.stm32cubemx\thirdparties\pdsc\STMicroelectronics.FP-SNS-FLIGHT1.5.1.0.pdsc: PDSC version is not supported
2025-11-16 18:18:21,425 [INFO] LogOutputStream:77 - [STDOUT_REDIRECT] 1 : Invalid condition id : UX_CORESTACK_Condition cause : null
2025-11-16 18:18:21,426 [INFO] LogOutputStream:77 - [STDOUT_REDIRECT] 1 : Invalid condition id : UX_CORESTACK_Condition cause : null
2025-11-16 18:18:21,427 [INFO] LogOutputStream:77 - [STDOUT_REDIRECT] 1 : Invalid condition id : UX_CORESTACK_Condition cause : null
2025-11-16 18:18:21,428 [INFO] LogOutputStream:77 - [STDOUT_REDIRECT] 1 : Invalid condition id : UX_CORESTACK_Condition cause : null
2025-11-16 18:18:21,429 [INFO] LogOutputStream:77 - [STDOUT_REDIRECT] 1 : Invalid condition id : UX_CORESTACK_Condition cause : null
2025-11-16 18:18:21,430 [WARN] PackLoader:240 - Cannot read IP mode file for STMicroelectronics.X-CUBE-AZRTOS-WL.2.0.0
2025-11-16 18:18:21,446 [WARN] PackLoader:240 - Cannot read IP mode file for STMicroelectronics.FP-SNS-MOTENV1.5.0.0
2025-11-16 18:18:21,459 [WARN] PackLoader:240 - Cannot read IP mode file for wolfSSL.I-CUBE-wolfMQTT.1.19.0
2025-11-16 18:18:21,477 [WARN] PackLoader:240 - Cannot read IP mode file for WES.I-CUBE-Cesium.1.3.0
2025-11-16 18:18:21,491 [WARN] PackLoader:240 - Cannot read IP mode file for STMicroelectronics.X-CUBE-BLE2.3.3.0
2025-11-16 18:18:21,503 [ERROR] Engine:466 - C:\Users\Aditya\.stm32cubemx\thirdparties\pdsc\Avnet-IOTCONNECT.X-CUBE-iotc-st67-sdk.1.0.0.pdsc: PDSC version is not supported
2025-11-16 18:18:21,517 [WARN] PackLoader:240 - Cannot read IP mode file for STMicroelectronics.X-CUBE-NFC9.1.0.0
2025-11-16 18:18:21,531 [WARN] PackLoader:240 - Cannot read IP mode file for STMicroelectronics.X-CUBE-BLE1.7.1.0
2025-11-16 18:18:21,546 [WARN] PackLoader:240 - Cannot read IP mode file for STMicroelectronics.X-CUBE-TCPP.4.1.0
2025-11-16 18:18:21,566 [WARN] PackLoader:240 - Cannot read IP mode file for STMicroelectronics.X-CUBE-EEPRMA1.5.2.0
2025-11-16 18:18:21,582 [ERROR] Engine:466 - C:\Users\Aditya\.stm32cubemx\thirdparties\pdsc\STMicroelectronics.X-CUBE-ST67W61.1.1.0.pdsc: PDSC version is not supported
2025-11-16 18:18:21,596 [WARN] PackLoader:240 - Cannot read IP mode file for STMicroelectronics.X-CUBE-AI.10.1.0
2025-11-16 18:18:21,612 [WARN] PackLoader:240 - Cannot read IP mode file for STMicroelectronics.X-CUBE-ALGOBUILD.1.3.0
2025-11-16 18:18:21,656 [WARN] PackLoader:240 - Cannot read IP mode file for STMicroelectronics.X-CUBE-MEMS1.11.2.0
2025-11-16 18:18:21,784 [WARN] PackLoader:240 - Cannot read IP mode file for STMicroelectronics.X-CUBE-AZRTOS-G0.1.1.0
2025-11-16 18:18:21,804 [WARN] PackLoader:240 - Cannot read IP mode file for STMicroelectronics.X-CUBE-SAFEA1.1.2.2
2025-11-16 18:18:21,821 [WARN] PackLoader:240 - Cannot read IP mode file for STMicroelectronics.X-CUBE-NFC4.3.0.0
2025-11-16 18:18:21,840 [WARN] PackLoader:240 - Cannot read IP mode file for EmbeddedOffice.I-CUBE-FS-RTOS.1.0.1
2025-11-16 18:18:21,840 [ERROR] ConditionMgr:805 - Attr not supported : Dmpu
2025-11-16 18:18:21,840 [ERROR] ConditionMgr:805 - Attr not supported : Dmpu
2025-11-16 18:18:21,840 [ERROR] ConditionMgr:805 - Attr not supported : Dmpu
2025-11-16 18:18:21,840 [ERROR] ConditionMgr:805 - Attr not supported : Dmpu
2025-11-16 18:18:21,840 [ERROR] ConditionMgr:805 - Attr not supported : Dmpu
2025-11-16 18:18:21,840 [ERROR] ConditionMgr:805 - Attr not supported : Dmpu
2025-11-16 18:18:21,841 [ERROR] ConditionMgr:805 - Attr not supported : Dmpu
2025-11-16 18:18:21,841 [ERROR] ConditionMgr:805 - Attr not supported : Dmpu
2025-11-16 18:18:21,841 [ERROR] ConditionMgr:805 - Attr not supported : Dmpu
2025-11-16 18:18:21,841 [ERROR] ConditionMgr:805 - Attr not supported : Dmpu
2025-11-16 18:18:21,841 [ERROR] ConditionMgr:805 - Attr not supported : Dmpu
2025-11-16 18:18:21,841 [ERROR] ConditionMgr:805 - Attr not supported : Dmpu
2025-11-16 18:18:21,841 [ERROR] ConditionMgr:805 - Attr not supported : Dmpu
2025-11-16 18:18:21,841 [ERROR] ConditionMgr:805 - Attr not supported : Dmpu
2025-11-16 18:18:21,841 [ERROR] ConditionMgr:805 - Attr not supported : Dmpu
2025-11-16 18:18:21,841 [ERROR] ConditionMgr:805 - Attr not supported : Dmpu
2025-11-16 18:18:21,841 [ERROR] ConditionMgr:805 - Attr not supported : Dmpu
2025-11-16 18:18:21,841 [ERROR] ConditionMgr:805 - Attr not supported : Dmpu
2025-11-16 18:18:21,841 [ERROR] ConditionMgr:805 - Attr not supported : Dmpu
2025-11-16 18:18:21,841 [ERROR] ConditionMgr:805 - Attr not supported : Dmpu
2025-11-16 18:18:21,841 [ERROR] ConditionMgr:805 - Attr not supported : Dmpu
2025-11-16 18:18:21,841 [ERROR] ConditionMgr:805 - Attr not supported : Dmpu
2025-11-16 18:18:21,841 [ERROR] ConditionMgr:805 - Attr not supported : Dmpu
2025-11-16 18:18:21,841 [ERROR] ConditionMgr:805 - Attr not supported : Dmpu
2025-11-16 18:18:21,841 [ERROR] ConditionMgr:805 - Attr not supported : Dmpu
2025-11-16 18:18:21,841 [ERROR] ConditionMgr:805 - Attr not supported : Dmpu
2025-11-16 18:18:21,841 [ERROR] ConditionMgr:805 - Attr not supported : Dmpu
2025-11-16 18:18:21,841 [ERROR] ConditionMgr:805 - Attr not supported : Dmpu
2025-11-16 18:18:21,841 [ERROR] ConditionMgr:805 - Attr not supported : Dmpu
2025-11-16 18:18:21,841 [ERROR] ConditionMgr:805 - Attr not supported : Dmpu
2025-11-16 18:18:21,841 [ERROR] ConditionMgr:805 - Attr not supported : Dmpu
2025-11-16 18:18:21,841 [ERROR] ConditionMgr:805 - Attr not supported : Dmpu
2025-11-16 18:18:21,841 [ERROR] ConditionMgr:805 - Attr not supported : Dmpu
2025-11-16 18:18:21,841 [ERROR] ConditionMgr:805 - Attr not supported : Dmpu
2025-11-16 18:18:21,841 [ERROR] ConditionMgr:805 - Attr not supported : Dmpu
2025-11-16 18:18:21,841 [ERROR] ConditionMgr:805 - Attr not supported : Dmpu
2025-11-16 18:18:21,841 [ERROR] ConditionMgr:805 - Attr not supported : Dmpu
2025-11-16 18:18:21,841 [ERROR] ConditionMgr:805 - Attr not supported : Dmpu
2025-11-16 18:18:21,841 [ERROR] ConditionMgr:805 - Attr not supported : Dmpu
2025-11-16 18:18:21,841 [ERROR] ConditionMgr:805 - Attr not supported : Dmpu
2025-11-16 18:18:21,841 [ERROR] ConditionMgr:805 - Attr not supported : Dmpu
2025-11-16 18:18:21,841 [ERROR] ConditionMgr:805 - Attr not supported : Dmpu
2025-11-16 18:18:21,841 [ERROR] ConditionMgr:805 - Attr not supported : Dmpu
2025-11-16 18:18:21,841 [ERROR] ConditionMgr:805 - Attr not supported : Dmpu
2025-11-16 18:18:21,841 [ERROR] ConditionMgr:805 - Attr not supported : Dmpu
2025-11-16 18:18:21,841 [ERROR] ConditionMgr:805 - Attr not supported : Dmpu
2025-11-16 18:18:21,841 [ERROR] ConditionMgr:805 - Attr not supported : Dmpu
2025-11-16 18:18:21,841 [ERROR] ConditionMgr:805 - Attr not supported : Dmpu
2025-11-16 18:18:21,841 [ERROR] ConditionMgr:805 - Attr not supported : Dmpu
2025-11-16 18:18:21,841 [ERROR] ConditionMgr:805 - Attr not supported : Dmpu
2025-11-16 18:18:21,841 [ERROR] ConditionMgr:805 - Attr not supported : Dmpu
2025-11-16 18:18:21,841 [ERROR] ConditionMgr:805 - Attr not supported : Dmpu
2025-11-16 18:18:21,841 [ERROR] ConditionMgr:805 - Attr not supported : Dmpu
2025-11-16 18:18:21,841 [ERROR] ConditionMgr:805 - Attr not supported : Dmpu
2025-11-16 18:18:21,841 [ERROR] ConditionMgr:805 - Attr not supported : Dmpu
2025-11-16 18:18:21,841 [ERROR] ConditionMgr:805 - Attr not supported : Dmpu
2025-11-16 18:18:21,841 [ERROR] ConditionMgr:805 - Attr not supported : Dmpu
2025-11-16 18:18:21,841 [ERROR] ConditionMgr:805 - Attr not supported : Dmpu
2025-11-16 18:18:21,841 [ERROR] ConditionMgr:805 - Attr not supported : Dmpu
2025-11-16 18:18:21,841 [ERROR] ConditionMgr:805 - Attr not supported : Dmpu
2025-11-16 18:18:21,842 [ERROR] ConditionMgr:805 - Attr not supported : Dmpu
2025-11-16 18:18:21,842 [ERROR] ConditionMgr:805 - Attr not supported : Dmpu
2025-11-16 18:18:21,842 [ERROR] ConditionMgr:805 - Attr not supported : Dmpu
2025-11-16 18:18:21,842 [ERROR] ConditionMgr:805 - Attr not supported : Dmpu
2025-11-16 18:18:21,858 [WARN] PackLoader:240 - Cannot read IP mode file for STMicroelectronics.X-CUBE-WB05N.2.0.0
2025-11-16 18:18:21,873 [ERROR] Engine:466 - C:\Users\Aditya\.stm32cubemx\thirdparties\pdsc\STMicroelectronics.X-CUBE-TCPP.4.2.0.pdsc: PDSC version is not supported
2025-11-16 18:18:21,890 [WARN] PackLoader:240 - Cannot read IP mode file for RealThread.X-CUBE-RT-Thread_Nano.4.1.1
2025-11-16 18:18:21,905 [WARN] PackLoader:240 - Cannot read IP mode file for wolfSSL.I-CUBE-wolfSSL.5.7.0
2025-11-16 18:18:21,924 [WARN] PackLoader:240 - Cannot read IP mode file for STMicroelectronics.FP-ATR-SIGFOX1.3.2.0
2025-11-16 18:18:21,942 [WARN] PackLoader:240 - Cannot read IP mode file for STMicroelectronics.X-CUBE-EEPRMA1.5.1.0
2025-11-16 18:18:21,962 [WARN] PackLoader:240 - Cannot read IP mode file for ITTIA_DB.I-CUBE-ITTIADB.8.9.0
2025-11-16 18:18:21,977 [ERROR] Engine:466 - C:\Users\Aditya\.stm32cubemx\thirdparties\pdsc\STMicroelectronics.X-CUBE-ST67W61.1.0.0.pdsc: PDSC version is not supported
2025-11-16 18:18:22,008 [WARN] PackLoader:240 - Cannot read IP mode file for STMicroelectronics.X-CUBE-AI.10.2.0
2025-11-16 18:18:22,040 [WARN] PackLoader:240 - Cannot read IP mode file for SEGGER.I-CUBE-embOS.1.3.1
2025-11-16 18:18:22,078 [WARN] PackLoader:240 - Cannot read IP mode file for STMicroelectronics.X-CUBE-ALGOBUILD.1.4.0
2025-11-16 18:18:22,176 [WARN] PackLoader:240 - Cannot read IP mode file for STMicroelectronics.X-CUBE-MEMS1.11.3.0
2025-11-16 18:18:22,322 [WARN] PackLoader:240 - Cannot read IP mode file for STMicroelectronics.X-CUBE-PM33A1.1.0.0
2025-11-16 18:18:22,338 [WARN] PackLoader:240 - Cannot read IP mode file for STMicroelectronics.X-CUBE-GNSS1.6.0.0
2025-11-16 18:18:22,362 [WARN] PackLoader:240 - Cannot read IP mode file for STMicroelectronics.X-CUBE-AZRTOS-F4.1.1.0
2025-11-16 18:18:22,377 [ERROR] Engine:466 - C:\Users\Aditya\.stm32cubemx\thirdparties\pdsc\Avnet-IotConnect.X-CUBE-IoTC-DA16k-PMOD.1.0.0.pdsc: PDSC version is not supported
2025-11-16 18:18:22,390 [WARN] PackLoader:240 - Cannot read IP mode file for STMicroelectronics.X-CUBE-ISPU.2.1.0
2025-11-16 18:18:22,421 [ERROR] Engine:466 - C:\Users\Aditya\.stm32cubemx\thirdparties\pdsc\STMicroelectronics.X-CUBE-IPS.3.2.0.pdsc: PDSC version is not supported
2025-11-16 18:18:22,436 [WARN] PackLoader:240 - Cannot read IP mode file for STMicroelectronics.X-CUBE-FREERTOS.1.2.0
2025-11-16 18:18:22,450 [WARN] PackLoader:240 - Cannot read IP mode file for STMicroelectronics.X-CUBE-NFC12.1.0.0
2025-11-16 18:18:22,474 [WARN] PackLoader:240 - Cannot read IP mode file for STMicroelectronics.X-CUBE-AZRTOS-L5.2.0.0
2025-11-16 18:18:22,490 [WARN] PackLoader:240 - Cannot read IP mode file for STMicroelectronics.X-CUBE-NFC6.3.1.0
2025-11-16 18:18:22,505 [WARN] PackLoader:240 - Cannot read IP mode file for STMicroelectronics.X-CUBE-DPower.1.2.0
2025-11-16 18:18:22,519 [WARN] PackLoader:240 - Cannot read IP mode file for STMicroelectronics.X-CUBE-AI.9.0.0
2025-11-16 18:18:22,532 [WARN] PackLoader:240 - Cannot read IP mode file for STMicroelectronics.X-CUBE-FREERTOS.1.3.1
2025-11-16 18:18:22,563 [WARN] PackLoader:240 - Cannot read IP mode file for STMicroelectronics.X-CUBE-NFC7.1.0.1
2025-11-16 18:18:22,595 [WARN] PackLoader:240 - Cannot read IP mode file for wolfSSL.I-CUBE-wolfTPM.3.2.0
2025-11-16 18:18:22,626 [WARN] PackLoader:240 - Cannot read IP mode file for STMicroelectronics.X-CUBE-TOUCHGFX.4.26.0
2025-11-16 18:18:22,640 [ERROR] Engine:466 - C:\Users\Aditya\.stm32cubemx\thirdparties\pdsc\STMicroelectronics.FP-SNS-STAIOTCFT.1.0.0.pdsc: PDSC version is not supported
2025-11-16 18:18:22,653 [WARN] PackLoader:240 - Cannot read IP mode file for STMicroelectronics.X-CUBE-DPower.1.3.0
2025-11-16 18:18:22,681 [WARN] ConditionMgr:438 - getConditionDescription Invalid condition id : LAN8742 Phy interface Condition cause : null
2025-11-16 18:18:22,681 [WARN] PackLoader:240 - Cannot read IP mode file for STMicroelectronics.X-CUBE-AZRTOS-L4.2.0.0
2025-11-16 18:18:22,682 [WARN] ConditionMgr:1039 - genDependencies : Invalid condition id : LAN8742 Phy interface Condition cause : null
2025-11-16 18:18:22,682 [WARN] ConditionMgr:1039 - genDependencies : Invalid condition id : LAN8742 Phy interface Condition cause : null
2025-11-16 18:18:22,683 [WARN] ConditionMgr:1039 - genDependencies : Invalid condition id : LAN8742 Phy interface Condition cause : null
2025-11-16 18:18:22,699 [WARN] PackLoader:240 - Cannot read IP mode file for STMicroelectronics.X-CUBE-SFXS2LP1.4.0.0
2025-11-16 18:18:22,729 [WARN] PackLoader:240 - Cannot read IP mode file for STMicroelectronics.X-CUBE-AZRTOS-H7.3.3.0
2025-11-16 18:18:22,749 [ERROR] Engine:466 - C:\Users\Aditya\.stm32cubemx\thirdparties\pdsc\STMicroelectronics.X-CUBE-BLEMGR.4.1.0.pdsc: PDSC version is not supported
2025-11-16 18:18:22,772 [WARN] ConditionMgr:438 - getConditionDescription Invalid condition id : UX DEVICE CLASS RTOS Condition cause : null
2025-11-16 18:18:22,772 [WARN] ConditionMgr:438 - getConditionDescription Invalid condition id : UX DEVICE CLASS RTOS Condition cause : null
2025-11-16 18:18:22,773 [WARN] PackLoader:240 - Cannot read IP mode file for STMicroelectronics.X-CUBE-AZRTOS-WB.2.0.0
2025-11-16 18:18:22,773 [WARN] ConditionMgr:1039 - genDependencies : Invalid condition id : UX DEVICE CLASS RTOS Condition cause : null
2025-11-16 18:18:22,774 [WARN] ConditionMgr:1039 - genDependencies : Invalid condition id : UX DEVICE CLASS RTOS Condition cause : null
2025-11-16 18:18:22,774 [WARN] ConditionMgr:1039 - genDependencies : Invalid condition id : UX DEVICE CLASS RTOS Condition cause : null
2025-11-16 18:18:22,774 [WARN] ConditionMgr:1039 - genDependencies : Invalid condition id : UX DEVICE CLASS RTOS Condition cause : null
2025-11-16 18:18:22,774 [WARN] ConditionMgr:1039 - genDependencies : Invalid condition id : UX DEVICE CLASS RTOS Condition cause : null
2025-11-16 18:18:22,792 [WARN] PackLoader:240 - Cannot read IP mode file for STMicroelectronics.X-CUBE-GNSS1.7.0.1
2025-11-16 18:18:22,810 [WARN] PackLoader:240 - Cannot read IP mode file for STMicroelectronics.X-CUBE-TOUCHGFX.4.25.0
2025-11-16 18:18:22,830 [WARN] PackLoader:240 - Cannot read IP mode file for STMicroelectronics.FP-SNS-STBOX1.2.0.0
2025-11-16 18:18:22,851 [WARN] PackLoader:240 - Cannot read IP mode file for STMicroelectronics.X-CUBE-SUBG2.5.0.0
2025-11-16 18:18:22,883 [WARN] PackLoader:240 - Cannot read IP mode file for STMicroelectronics.X-CUBE-AZRTOS-H7RS.1.1.0
2025-11-16 18:18:22,901 [WARN] PackLoader:240 - Cannot read IP mode file for Cesanta.I-CUBE-Mongoose.7.13.0
2025-11-16 18:18:22,931 [WARN] PackLoader:240 - Cannot read IP mode file for STMicroelectronics.X-CUBE-AZRTOS-G4.2.0.0
2025-11-16 18:18:22,953 [WARN] PackLoader:240 - Cannot read IP mode file for STMicroelectronics.X-CUBE-NFC7.2.0.0
2025-11-16 18:18:22,968 [WARN] PackLoader:240 - Cannot read IP mode file for STMicroelectronics.X-CUBE-ISPU.2.0.0
2025-11-16 18:18:22,985 [ERROR] Engine:466 - C:\Users\Aditya\.stm32cubemx\thirdparties\pdsc\STMicroelectronics.X-CUBE-IPS.3.1.0.pdsc: PDSC version is not supported
2025-11-16 18:18:23,000 [WARN] PackLoader:240 - Cannot read IP mode file for STMicroelectronics.X-CUBE-ALS.1.0.2
2025-11-16 18:18:23,040 [WARN] PackLoader:240 - Cannot read IP mode file for STMicroelectronics.X-CUBE-MEMS1.10.0.0
2025-11-16 18:18:23,124 [WARN] PackLoader:240 - Cannot read IP mode file for STMicroelectronics.X-CUBE-FREERTOS.1.1.0
2025-11-16 18:18:23,140 [WARN] PackLoader:240 - Cannot read IP mode file for STMicroelectronics.X-CUBE-TOUCHGFX.4.24.0
2025-11-16 18:18:23,158 [WARN] PackLoader:240 - Cannot read IP mode file for STMicroelectronics.X-CUBE-STSE01.1.0.0
2025-11-16 18:18:23,175 [WARN] PackLoader:240 - Cannot read IP mode file for portGmbH.I-Cube-SoM-uGOAL.1.1.0
2025-11-16 18:18:23,190 [WARN] PackLoader:240 - Cannot read IP mode file for STMicroelectronics.X-CUBE-ALS.1.0.1
2025-11-16 18:18:23,217 [WARN] PackLoader:240 - Cannot read IP mode file for STMicroelectronics.X-CUBE-AZRTOS-H7RS.1.0.0
2025-11-16 18:18:23,234 [WARN] PackLoader:240 - Cannot read IP mode file for STMicroelectronics.FP-ATR-ASTRA1.2.0.0
2025-11-16 18:18:23,256 [WARN] PackLoader:240 - Cannot read IP mode file for STMicroelectronics.X-CUBE-TOF1.3.4.2
2025-11-16 18:18:23,279 [ERROR] Engine:466 - C:\Users\Aditya\.stm32cubemx\thirdparties\pdsc\STMicroelectronics.X-CUBE-TOF1.3.4.3.pdsc: PDSC version is not supported
2025-11-16 18:18:23,299 [WARN] PackLoader:240 - Cannot read IP mode file for STMicroelectronics.X-CUBE-TOF1.3.4.1
2025-11-16 18:18:23,334 [WARN] PackLoader:240 - Cannot read IP mode file for STMicroelectronics.X-CUBE-AZRTOS-H7.3.2.0
2025-11-16 18:18:23,362 [WARN] PackLoader:240 - Cannot read IP mode file for Infineon.AIROC-Wi-Fi-Bluetooth-STM32.1.6.0
2025-11-16 18:18:23,379 [WARN] PackLoader:240 - Cannot read IP mode file for wolfSSL.I-CUBE-wolfSSH.1.4.17
2025-11-16 18:18:23,379 [INFO] ThirdParty:978 - Integrity check success = true
2025-11-16 18:18:23,379 [INFO] IntegrityCheckThread:100 - exiting critical section [integrity check]
2025-11-16 18:18:23,379 [INFO] IntegrityCheckThread:103 - End integrity checks thread
2025-11-16 18:18:23,436 [INFO] Mcu:2021 - Initializing MCU STM32F446R(C-E)Tx STM32F446RETx STM32F446RET6
2025-11-16 18:18:27,500 [INFO] Context:663 - Trying to add GPIOservice into a context  which must be forbidden
2025-11-16 18:18:28,740 [INFO] RtosManager:555 - Registered RTOS mode: class=CMSIS, group=RTOS, mode=CMSIS_V1, owner=FREERTOS
2025-11-16 18:18:28,740 [INFO] RtosManager:555 - Registered RTOS mode: class=CMSIS, group=RTOS2, mode=CMSIS_V2, owner=FREERTOS
2025-11-16 18:18:28,740 [INFO] RtosManager:555 - Registered RTOS mode: class=RTOS, group=Core, mode=CMSIS_V1, owner=FREERTOS
2025-11-16 18:18:28,740 [INFO] RtosManager:555 - Registered RTOS mode: class=RTOS, group=Core, mode=CMSIS_V2, owner=FREERTOS
2025-11-16 18:18:28,741 [WARN] ModelIntegratedComponent:184 - Missing modes for component STMicroelectronics:FreeRTOS:0.0.1:STMicroelectronics:RTOS:FreeRTOS:Core:::10.2.0:
2025-11-16 18:18:28,756 [WARN] ModelIntegratedComponent:63 - No mode defined for component null
2025-11-16 18:18:28,756 [WARN] ModelIntegratedComponent:63 - No mode defined for component null
2025-11-16 18:18:28,756 [WARN] ModelIntegratedComponent:63 - No mode defined for component null
2025-11-16 18:18:28,756 [WARN] ModelIntegratedComponent:63 - No mode defined for component null
2025-11-16 18:18:28,756 [WARN] ModelIntegratedComponent:63 - No mode defined for component null
2025-11-16 18:18:28,756 [WARN] ModelIntegratedComponent:63 - No mode defined for component null
2025-11-16 18:18:28,756 [WARN] ModelIntegratedComponent:63 - No mode defined for component null
2025-11-16 18:18:28,756 [WARN] ModelIntegratedComponent:63 - No mode defined for component null
2025-11-16 18:18:28,756 [WARN] ModelIntegratedComponent:63 - No mode defined for component null
2025-11-16 18:18:28,756 [WARN] ModelIntegratedComponent:63 - No mode defined for component null
2025-11-16 18:18:28,756 [WARN] ModelIntegratedComponent:63 - No mode defined for component null
2025-11-16 18:18:28,756 [WARN] ModelIntegratedComponent:63 - No mode defined for component null
2025-11-16 18:18:28,756 [WARN] ModelIntegratedComponent:63 - No mode defined for component null
2025-11-16 18:18:28,756 [WARN] ModelIntegratedComponent:63 - No mode defined for component null
2025-11-16 18:18:28,756 [WARN] ModelIntegratedComponent:63 - No mode defined for component null
2025-11-16 18:18:28,756 [WARN] ModelIntegratedComponent:63 - No mode defined for component null
2025-11-16 18:18:28,756 [WARN] ModelIntegratedComponent:63 - No mode defined for component null
2025-11-16 18:18:28,756 [WARN] ModelIntegratedComponent:63 - No mode defined for component null
2025-11-16 18:18:28,757 [WARN] ModelIntegratedComponent:63 - No mode defined for component null
2025-11-16 18:18:28,757 [WARN] ModelIntegratedComponent:63 - No mode defined for component null
2025-11-16 18:18:28,757 [WARN] ModelIntegratedComponent:63 - No mode defined for component null
2025-11-16 18:18:28,757 [WARN] ModelIntegratedComponent:63 - No mode defined for component null
2025-11-16 18:18:28,757 [WARN] ModelIntegratedComponent:63 - No mode defined for component null
2025-11-16 18:18:28,757 [WARN] ModelIntegratedComponent:63 - No mode defined for component null
2025-11-16 18:18:28,757 [WARN] ModelIntegratedComponent:63 - No mode defined for component null
2025-11-16 18:18:28,757 [WARN] ModelIntegratedComponent:63 - No mode defined for component null
2025-11-16 18:18:28,757 [WARN] ModelIntegratedComponent:63 - No mode defined for component null
2025-11-16 18:18:28,757 [WARN] ModelIntegratedComponent:63 - No mode defined for component null
2025-11-16 18:18:28,757 [WARN] ModelIntegratedComponent:63 - No mode defined for component null
2025-11-16 18:18:28,757 [WARN] ModelIntegratedComponent:63 - No mode defined for component null
2025-11-16 18:18:28,757 [WARN] ModelIntegratedComponent:63 - No mode defined for component null
2025-11-16 18:18:28,757 [WARN] ModelIntegratedComponent:63 - No mode defined for component null
2025-11-16 18:18:28,757 [WARN] ModelIntegratedComponent:63 - No mode defined for component null
2025-11-16 18:18:28,757 [WARN] ModelIntegratedComponent:63 - No mode defined for component null
2025-11-16 18:18:29,003 [INFO] ThirdPartyModel:298 - Start build external matchings
2025-11-16 18:18:29,799 [INFO] ThirdPartyModel:316 - End build external matchings
2025-11-16 18:18:29,821 [INFO] ImportTextPane:194 - (OptionalMessage_ERROR) IP (RCC) : Invalid parameter (48MHZClocksFreq_Value)
2025-11-16 18:18:29,821 [INFO] ImportTextPane:194 - (OptionalMessage_ERROR) IP (RCC) : Invalid parameter (EthernetFreq_Value)
2025-11-16 18:18:29,823 [INFO] ImportTextPane:194 - (OptionalMessage_ERROR) IP (RCC) : Parameter (FLatency) has Id (AdvancedSettings) currently not set
2025-11-16 18:18:29,823 [INFO] ImportTextPane:194 - (OptionalMessage_ERROR) IP (RCC) : Invalid parameter (FamilyName)
2025-11-16 18:18:29,823 [INFO] ImportTextPane:194 - (OptionalMessage_ERROR) IP (RCC) : Invalid parameter (I2SClocksFreq_Value)
2025-11-16 18:18:29,823 [INFO] ImportTextPane:194 - (OptionalMessage_ERROR) IP (RCC) : Parameter (MCO2PinFreq_Value) has invalid value (180000000)
2025-11-16 18:18:29,824 [INFO] ImportTextPane:194 - (OptionalMessage_ERROR) IP (RCC) : Parameter (SDIOFreq_Value) has invalid value (180000000)
2025-11-16 18:18:29,824 [INFO] ImportTextPane:194 - (OptionalMessage_ERROR) IP (RCC) : Parameter (USBFreq_Value) has invalid value (180000000)
2025-11-16 18:18:29,824 [INFO] ImportTextPane:194 - (OptionalMessage_ERROR) IP (RCC) : Invalid parameter (VCOInputMFreq_Value)
2025-11-16 18:18:29,824 [INFO] ImportTextPane:194 - (OptionalMessage_ERROR) IP (RCC) : Invalid parameter (VcooutputI2S)
2025-11-16 18:18:31,266 [INFO] ApiDb:581 - Connected to CubeFinder SQLite database (C:\Users\Aditya\.stmcufinder\plugins\mcufinder\mcu\cube-finder-db.db)
2025-11-16 18:18:31,338 [INFO] ApiDb:668 - CubeFinder database Data Model version=2.1
2025-11-16 18:18:31,338 [INFO] ApiDb:669 - CubeFinder database Configuration version=3.0.39
2025-11-16 18:18:31,340 [INFO] ApiDb:670 - CubeFinder database generation date=2025-11-05 (1762334721)
2025-11-16 18:18:31,340 [INFO] ApiDb:671 - CubeFinder database FW Pack versions=[FP-ATR-ASTRA1_V2.0.0, FP-SNS-FLIGHT1_V5.1.0, FP-SNS-MOTENV1_V5.1.0, FP-SNS-MOTENVWB1_V1.4.0, FP-SNS-SMARTAG2_V1.2.0, FP-SNS-STBOX1_V2.1.0, STM32Cube_FW_C0_V1.4.0, STM32Cube_FW_F4_V1.28.3, STM32Cube_FW_F7_V1.17.4, STM32Cube_FW_G0_V1.6.2, STM32Cube_FW_G4_V1.6.1, STM32Cube_FW_H5_V1.5.1, STM32Cube_FW_H7RS_V1.3.0, STM32Cube_FW_H7_V1.12.1, STM32Cube_FW_L0_V1.12.2, STM32Cube_FW_L4_V1.18.1, STM32Cube_FW_L5_V1.6.0, STM32Cube_FW_N6_V1.3.0, STM32Cube_FW_U0_V1.3.0, STM32Cube_FW_U3_V1.2.1, STM32Cube_FW_U5_V1.8.0, STM32Cube_FW_WB0_V1.4.0, STM32Cube_FW_WBA_V1.8.0, STM32Cube_FW_WB_V1.24.0, STM32Cube_FW_WL3_V1.3.0, STM32Cube_FW_WL_V1.4.0, X-CUBE-ALGOBUILD_V1.4.0, X-CUBE-ALS_V1.0.2, X-CUBE-AZRTOS-F4_V1.1.0, X-CUBE-AZRTOS-F7_V1.1.0, X-CUBE-AZRTOS-G0_V1.1.0, X-CUBE-AZRTOS-G4_V2.0.0, X-CUBE-AZRTOS-H7RS_V1.1.0, X-CUBE-AZRTOS-H7_V3.4.0, X-CUBE-AZRTOS-L4_V2.0.0, X-CUBE-AZRTOS-L5_V2.0.0, X-CUBE-AZRTOS-WB_V2.0.0, X-CUBE-AZRTOS-WL_V2.0.0, X-CUBE-BLE1_V7.1.0, X-CUBE-BLE2_V3.3.0, X-CUBE-BLEMGR_V4.1.0, X-CUBE-EEPRMA1_V5.2.0, X-CUBE-FREERTOS_V1.3.1, X-CUBE-GNSS1_V6.0.0, X-CUBE-MEMS1_V11.3.0, X-CUBE-NFC4_V3.0.0, X-CUBE-NFC7_V2.0.0, X-CUBE-SFXS2LP1_V4.0.0, X-CUBE-ST67W61_V1.1.0, X-CUBE-SUBG2_V5.0.0, X-CUBE-TOF1_V3.4.3]
2025-11-16 18:18:31,475 [INFO] DbBoardsSqlite:226 - include board P-NUCLEO-WB55-NUCLEO as a kit item of type 'Nucleo-64'
2025-11-16 18:18:31,476 [INFO] DbBoardsSqlite:226 - include board P-NUCLEO-WB55-USBDONGLE as a kit item of type 'Nucleo USB Dongle'
2025-11-16 18:18:31,477 [INFO] DbBoardsSqlite:226 - include board STEVAL-IDP005V1 as a kit item of type 'Evaluation Board'
2025-11-16 18:18:31,477 [INFO] DbBoardsSqlite:226 - include board STEVAL-IDP005V2 as a kit item of type 'Evaluation Board'
2025-11-16 18:18:31,874 [INFO] ApiDb:240 - Found 483 in-development CPN: [B-G473E-ZEST1S, B-WB1M-WPAN1, B-WL5M-SUBG1, NUCLEO-C031C6, NUCLEO-H503RB, NUCLEO-H533RE, NUCLEO-H563ZI, NUCLEO-H7S3L8, NUCLEO-U031R8, NUCLEO-U083RC, NUCLEO-U545RE-Q, NUCLEO-U5A5ZJ-Q, NUCLEO-WBA52CG, NUCLEO-WBA55CG, STEVAL-PROTEUS1, STEVAL-SMARTAG2, STEVAL-STWINBX1, STM320518-EVAL, STM32C0116-DK, STM32C011D6Y3TR, STM32C011D6Y6TR, STM32C011F4P3, STM32C011F4P6, STM32C011F4U3, STM32C011F4U6TR, STM32C011F6P3, STM32C011F6P6, STM32C011F6U3, STM32C011F6U6TR, STM32C011J4M3, STM32C011J4M6, STM32C011J6M3, STM32C011J6M6, STM32C0316-DK, STM32C031C4T3, STM32C031C4T6, STM32C031C4U3, STM32C031C4U6, STM32C031C6T3, STM32C031C6T6, STM32C031C6U3, STM32C031C6U6, STM32C031F4P3, STM32C031F4P6, STM32C031F6P3, STM32C031F6P6, STM32C031G4U3, STM32C031G4U6, STM32C031G6U3, STM32C031G6U6, STM32C031K4T3, STM32C031K4T6, STM32C031K4U3, STM32C031K4U6, STM32C031K6T3, STM32C031K6T6, STM32C031K6U3, STM32C031K6U6, STM32G071K8TXN, STM32G071K8UXN, STM32G081GBU6N, STM32G081KBT6N, STM32G081KBUXN, STM32G0B1CCT6N, STM32G0B1KCT6, STM32G0B1NEY6TR, STM32G0B1RCT6N, STM32G0C1CCT6, STM32G0C1CCT6N, STM32G0C1CCU6N, STM32G0C1CET6N, STM32G0C1CEU6N, STM32G0C1KCT6, STM32G0C1NEY6TR, STM32G0C1RCI6N, STM32G0C1RCT6N, STM32G0C1REI6N, STM32G0C1RET6N, STM32G0C1VCI6, STM32G0C1VEI6, STM32G471CCT6, STM32G471CCU6, STM32G471CET3, STM32G471CET6, STM32G471CEU3, STM32G471CEU6, STM32G471MCT6, STM32G471MET3, STM32G471MET6, STM32G471MEY6TR, STM32G471QCT6, STM32G471QET3, STM32G471RCT6, STM32G471RET3, STM32G471RET6, STM32G471VCH6, STM32G471VCI6, STM32G471VCT6, STM32G471VEH3, STM32G471VEH6, STM32G471VEI3, STM32G471VEI6, STM32G471VET3, STM32G471VET6, STM32G474CCT6, STM32H503CBT6, STM32H503CBU6, STM32H503EBY6TR, STM32H503KBU6, STM32H503RBT6, STM32H523CCT6, STM32H523CCU6, STM32H523CET6, STM32H523CEU6, STM32H523HEY6TR, STM32H523RCT6, STM32H523RET6, STM32H523VCI6, STM32H523VCT6, STM32H523VEI6, STM32H523VET6, STM32H523ZCJ6, STM32H523ZCT6, STM32H523ZEJ6, STM32H523ZET6, STM32H533CET6, STM32H533CEU6, STM32H533HEY6TR, STM32H533RET6, STM32H533VEI6, STM32H533VET6, STM32H533ZEJ6, STM32H533ZET6, STM32H562AGI6, STM32H562AII6, STM32H562IGK6, STM32H562IGT6, STM32H562IIK6, STM32H562IIT6, STM32H562RGT6, STM32H562RGV6, STM32H562RIT6, STM32H562RIV6, STM32H562VGT6, STM32H562VIT6, STM32H562ZGT6, STM32H562ZIT6, STM32H563AGI6, STM32H563AII3Q, STM32H563AII6, STM32H563IGK6, STM32H563IGT6, STM32H563IIK3Q, STM32H563IIK6, STM32H563IIT3Q, STM32H563IIT6, STM32H563MIY3QTR, STM32H563RGT6, STM32H563RGV6, STM32H563RIT6, STM32H563RIV6, STM32H563VGT6, STM32H563VIT3Q, STM32H563VIT6, STM32H563ZGT6, STM32H563ZIT3Q, STM32H563ZIT6, STM32H573AII3Q, STM32H573AII6, STM32H573I-DK, STM32H573IIK3Q, STM32H573IIK6, STM32H573IIT3Q, STM32H573IIT6, STM32H573MIY3QTR, STM32H573RIT6, STM32H573RIV6, STM32H573VIT3Q, STM32H573VIT6, STM32H573ZIT3Q, STM32H573ZIT6, STM32H7R3A8I6, STM32H7R3I8K6, STM32H7R3I8T6, STM32H7R3L8H6, STM32H7R3L8H6H, STM32H7R3R8V6, STM32H7R3V8H6, STM32H7R3V8T6, STM32H7R3V8Y6, STM32H7R3Z8J6, STM32H7R3Z8T6, STM32H7R7A8I6, STM32H7R7I8K6, STM32H7R7I8T6, STM32H7R7L8H6, STM32H7R7L8H6H, STM32H7R7Z8J6, STM32H7S3A8I6, STM32H7S3I8K6, STM32H7S3I8T6, STM32H7S3L8H6, STM32H7S3L8H6H, STM32H7S3R8V6, STM32H7S3V8H6, STM32H7S3V8T6, STM32H7S3V8Y6, STM32H7S3Z8J6, STM32H7S3Z8T6, STM32H7S78-DK, STM32H7S7A8I6, STM32H7S7I8K6, STM32H7S7I8T6, STM32H7S7L8H6, STM32H7S7L8H6H, STM32H7S7Z8J6, STM32L4R5QGI6STR, STM32MP131AAE3, STM32MP131AAF3, STM32MP131AAG3, STM32MP131CAE3, STM32MP131CAF3, STM32MP131CAG3, STM32MP131DAE7, STM32MP131DAF7, STM32MP131DAG7, STM32MP131FAE7, STM32MP131FAF7, STM32MP131FAG7, STM32MP133AAE3, STM32MP133AAF3, STM32MP133AAG3, STM32MP133CAE3, STM32MP133CAF3, STM32MP133CAG3, STM32MP133DAE7, STM32MP133DAF7, STM32MP133DAG7, STM32MP133FAE7, STM32MP133FAF7, STM32MP133FAG7, STM32MP135AAE3, STM32MP135AAF3, STM32MP135AAG3, STM32MP135CAE3, STM32MP135CAF3, STM32MP135CAG3, STM32MP135DAE7, STM32MP135DAF7, STM32MP135DAG7, STM32MP135F-DK, STM32MP135FAE7, STM32MP135FAF7, STM32MP135FAF7T, STM32MP135FAF7U, STM32MP135FAG7, STM32U031C6T6, STM32U031C6U6, STM32U031C8T6, STM32U031C8U6, STM32U031F4P6, STM32U031F6P6, STM32U031F8P6, STM32U031G6Y6TR, STM32U031G8Y6TR, STM32U031K4U6, STM32U031K6U6, STM32U031K8U6, STM32U031R6I6, STM32U031R6T6, STM32U031R8I6, STM32U031R8T6, STM32U073C8T6, STM32U073C8U6, STM32U073CBT6, STM32U073CBU6, STM32U073CCT6, STM32U073CCU6, STM32U073H8Y6TR, STM32U073HBY6TR, STM32U073HCY6TR, STM32U073K8U6, STM32U073KBU6, STM32U073KCU6, STM32U073M8I6, STM32U073M8T6, STM32U073MBI6, STM32U073MBT6, STM32U073MCI6, STM32U073MCT6, STM32U073R8I6, STM32U073R8T6, STM32U073RBI6, STM32U073RBT6, STM32U073RCI6, STM32U073RCT6, STM32U083C-DK, STM32U083CCT6, STM32U083CCU6, STM32U083HCY6TR, STM32U083KCU6, STM32U083MCI6, STM32U083MCT6, STM32U083RCI6, STM32U083RCT6, STM32U535CBT6, STM32U535CBT6Q, STM32U535CBU6, STM32U535CBU6Q, STM32U535CCT6, STM32U535CCT6Q, STM32U535CCU6, STM32U535CCU6Q, STM32U535CET6, STM32U535CET6Q, STM32U535CEU6, STM32U535CEU6Q, STM32U535JEY6QTR, STM32U535NCY6QTR, STM32U535NEY6QTR, STM32U535RBI6, STM32U535RBI6Q, STM32U535RBT6, STM32U535RBT6Q, STM32U535RCI6, STM32U535RCI6Q, STM32U535RCT6, STM32U535RCT6Q, STM32U535REI6, STM32U535REI6Q, STM32U535RET6, STM32U535RET6Q, STM32U535VCI6, STM32U535VCI6Q, STM32U535VCT6, STM32U535VCT6Q, STM32U535VEI6, STM32U535VEI6Q, STM32U535VET6, STM32U535VET6Q, STM32U545CET6, STM32U545CET6Q, STM32U545CEU6, STM32U545CEU6Q, STM32U545JEY6QTR, STM32U545NEY6QTR, STM32U545REI6, STM32U545REI6Q, STM32U545RET6, STM32U545RET6Q, STM32U545VEI6, STM32U545VEI6Q, STM32U545VET6, STM32U545VET6Q, STM32U595AIH6, STM32U595AIH6Q, STM32U595AJH6, STM32U595AJH6Q, STM32U595QII6, STM32U595QII6Q, STM32U595QJI6, STM32U595QJI6Q, STM32U595RIT6, STM32U595RIT6Q, STM32U595RJT6, STM32U595RJT6Q, STM32U595VIT6, STM32U595VIT6Q, STM32U595VJT6, STM32U595VJT6Q, STM32U595ZIT6, STM32U595ZIT6Q, STM32U595ZIY6QTR, STM32U595ZJT6, STM32U595ZJT6Q, STM32U595ZJY6QTR, STM32U599BJY6QTR, STM32U599NIH6Q, STM32U599NJH6Q, STM32U599VIT6Q, STM32U599VJT6, STM32U599VJT6Q, STM32U599ZIT6Q, STM32U599ZIY6QTR, STM32U599ZJT6Q, STM32U599ZJY6QTR, STM32U5A5AJH6, STM32U5A5AJH6Q, STM32U5A5QII3Q , STM32U5A5QJI6, STM32U5A5QJI6Q, STM32U5A5RJT6, STM32U5A5RJT6Q, STM32U5A5VJT6, STM32U5A5VJT6Q, STM32U5A5ZJT6, STM32U5A5ZJT6Q, STM32U5A5ZJY6QTR, STM32U5A9BJY6QTR, STM32U5A9J-DK, STM32U5A9NJH6Q, STM32U5A9VJT6Q, STM32U5A9ZJT6Q, STM32U5A9ZJY6QTR, STM32U5F7VIT6, STM32U5F7VIT6Q, STM32U5F7VJT6, STM32U5F7VJT6Q, STM32U5F9BJY6QTR, STM32U5F9NJH6Q, STM32U5F9VIT6Q, STM32U5F9VJT6Q, STM32U5F9ZIJ6QTR, STM32U5F9ZIT6Q, STM32U5F9ZJJ6QTR, STM32U5F9ZJT6Q, STM32U5G7VJT6, STM32U5G7VJT6Q, STM32U5G9BJY6QTR, STM32U5G9J-DK1, STM32U5G9J-DK2, STM32U5G9NJH6Q, STM32U5G9VJT6Q, STM32U5G9ZJJ6QTR, STM32U5G9ZJT6Q, STM32WB1MMCH6, STM32WBA50KEU6, STM32WBA50KEU6TR, STM32WBA50KGU6, STM32WBA50KGU6TR, STM32WBA52CEU6, STM32WBA52CEU6TR, STM32WBA52CEU7, STM32WBA52CEU7TR, STM32WBA52CGU6, STM32WBA52CGU6TR, STM32WBA52CGU6U, STM32WBA52CGU7, STM32WBA52CGU7TR, STM32WBA52KEU6, STM32WBA52KEU6TR, STM32WBA52KGU6, STM32WBA52KGU6TR, STM32WBA54CEU6, STM32WBA54CEU6TR, STM32WBA54CEU7, STM32WBA54CEU7TR, STM32WBA54CGU6, STM32WBA54CGU6TR, STM32WBA54CGU7, STM32WBA54CGU7TR, STM32WBA54KEU6, STM32WBA54KEU6TR, STM32WBA54KEU7, STM32WBA54KEU7TR, STM32WBA54KGU6, STM32WBA54KGU6TR, STM32WBA54KGU7, STM32WBA54KGU7TR, STM32WBA55CEU6, STM32WBA55CEU6TR, STM32WBA55CEU7, STM32WBA55CEU7TR, STM32WBA55CGU6, STM32WBA55CGU6TR, STM32WBA55CGU6U, STM32WBA55CGU7, STM32WBA55CGU7TR, STM32WBA55G-DK1, STM32WBA55HEF6, STM32WBA55HEF7, STM32WBA55HGF6, STM32WBA55HGF7, STM32WBA55UEI6, STM32WBA55UEI6TR, STM32WBA55UEI7, STM32WBA55UEI7TR, STM32WBA55UGI6, STM32WBA55UGI6TR, STM32WBA55UGI7, STM32WBA55UGI7TR, STM32WL5MOCH6, STM32WL5MOCH6TR]
2025-11-16 18:18:31,878 [INFO] ApiDb:668 - CubeFinder database Data Model version=2.1
2025-11-16 18:18:31,878 [INFO] ApiDb:669 - CubeFinder database Configuration version=3.0.39
2025-11-16 18:18:31,878 [INFO] ApiDb:670 - CubeFinder database generation date=2025-11-05 (1762334721)
2025-11-16 18:18:31,879 [INFO] ApiDb:671 - CubeFinder database FW Pack versions=[FP-ATR-ASTRA1_V2.0.0, FP-SNS-FLIGHT1_V5.1.0, FP-SNS-MOTENV1_V5.1.0, FP-SNS-MOTENVWB1_V1.4.0, FP-SNS-SMARTAG2_V1.2.0, FP-SNS-STBOX1_V2.1.0, STM32Cube_FW_C0_V1.4.0, STM32Cube_FW_F4_V1.28.3, STM32Cube_FW_F7_V1.17.4, STM32Cube_FW_G0_V1.6.2, STM32Cube_FW_G4_V1.6.1, STM32Cube_FW_H5_V1.5.1, STM32Cube_FW_H7RS_V1.3.0, STM32Cube_FW_H7_V1.12.1, STM32Cube_FW_L0_V1.12.2, STM32Cube_FW_L4_V1.18.1, STM32Cube_FW_L5_V1.6.0, STM32Cube_FW_N6_V1.3.0, STM32Cube_FW_U0_V1.3.0, STM32Cube_FW_U3_V1.2.1, STM32Cube_FW_U5_V1.8.0, STM32Cube_FW_WB0_V1.4.0, STM32Cube_FW_WBA_V1.8.0, STM32Cube_FW_WB_V1.24.0, STM32Cube_FW_WL3_V1.3.0, STM32Cube_FW_WL_V1.4.0, X-CUBE-ALGOBUILD_V1.4.0, X-CUBE-ALS_V1.0.2, X-CUBE-AZRTOS-F4_V1.1.0, X-CUBE-AZRTOS-F7_V1.1.0, X-CUBE-AZRTOS-G0_V1.1.0, X-CUBE-AZRTOS-G4_V2.0.0, X-CUBE-AZRTOS-H7RS_V1.1.0, X-CUBE-AZRTOS-H7_V3.4.0, X-CUBE-AZRTOS-L4_V2.0.0, X-CUBE-AZRTOS-L5_V2.0.0, X-CUBE-AZRTOS-WB_V2.0.0, X-CUBE-AZRTOS-WL_V2.0.0, X-CUBE-BLE1_V7.1.0, X-CUBE-BLE2_V3.3.0, X-CUBE-BLEMGR_V4.1.0, X-CUBE-EEPRMA1_V5.2.0, X-CUBE-FREERTOS_V1.3.1, X-CUBE-GNSS1_V6.0.0, X-CUBE-MEMS1_V11.3.0, X-CUBE-NFC4_V3.0.0, X-CUBE-NFC7_V2.0.0, X-CUBE-SFXS2LP1_V4.0.0, X-CUBE-ST67W61_V1.1.0, X-CUBE-SUBG2_V5.0.0, X-CUBE-TOF1_V3.4.3]
2025-11-16 18:18:33,815 [INFO] ApiDb:240 - Found 483 in-development CPN: [B-G473E-ZEST1S, B-WB1M-WPAN1, B-WL5M-SUBG1, NUCLEO-C031C6, NUCLEO-H503RB, NUCLEO-H533RE, NUCLEO-H563ZI, NUCLEO-H7S3L8, NUCLEO-U031R8, NUCLEO-U083RC, NUCLEO-U545RE-Q, NUCLEO-U5A5ZJ-Q, NUCLEO-WBA52CG, NUCLEO-WBA55CG, STEVAL-PROTEUS1, STEVAL-SMARTAG2, STEVAL-STWINBX1, STM320518-EVAL, STM32C0116-DK, STM32C011D6Y3TR, STM32C011D6Y6TR, STM32C011F4P3, STM32C011F4P6, STM32C011F4U3, STM32C011F4U6TR, STM32C011F6P3, STM32C011F6P6, STM32C011F6U3, STM32C011F6U6TR, STM32C011J4M3, STM32C011J4M6, STM32C011J6M3, STM32C011J6M6, STM32C0316-DK, STM32C031C4T3, STM32C031C4T6, STM32C031C4U3, STM32C031C4U6, STM32C031C6T3, STM32C031C6T6, STM32C031C6U3, STM32C031C6U6, STM32C031F4P3, STM32C031F4P6, STM32C031F6P3, STM32C031F6P6, STM32C031G4U3, STM32C031G4U6, STM32C031G6U3, STM32C031G6U6, STM32C031K4T3, STM32C031K4T6, STM32C031K4U3, STM32C031K4U6, STM32C031K6T3, STM32C031K6T6, STM32C031K6U3, STM32C031K6U6, STM32G071K8TXN, STM32G071K8UXN, STM32G081GBU6N, STM32G081KBT6N, STM32G081KBUXN, STM32G0B1CCT6N, STM32G0B1KCT6, STM32G0B1NEY6TR, STM32G0B1RCT6N, STM32G0C1CCT6, STM32G0C1CCT6N, STM32G0C1CCU6N, STM32G0C1CET6N, STM32G0C1CEU6N, STM32G0C1KCT6, STM32G0C1NEY6TR, STM32G0C1RCI6N, STM32G0C1RCT6N, STM32G0C1REI6N, STM32G0C1RET6N, STM32G0C1VCI6, STM32G0C1VEI6, STM32G471CCT6, STM32G471CCU6, STM32G471CET3, STM32G471CET6, STM32G471CEU3, STM32G471CEU6, STM32G471MCT6, STM32G471MET3, STM32G471MET6, STM32G471MEY6TR, STM32G471QCT6, STM32G471QET3, STM32G471RCT6, STM32G471RET3, STM32G471RET6, STM32G471VCH6, STM32G471VCI6, STM32G471VCT6, STM32G471VEH3, STM32G471VEH6, STM32G471VEI3, STM32G471VEI6, STM32G471VET3, STM32G471VET6, STM32G474CCT6, STM32H503CBT6, STM32H503CBU6, STM32H503EBY6TR, STM32H503KBU6, STM32H503RBT6, STM32H523CCT6, STM32H523CCU6, STM32H523CET6, STM32H523CEU6, STM32H523HEY6TR, STM32H523RCT6, STM32H523RET6, STM32H523VCI6, STM32H523VCT6, STM32H523VEI6, STM32H523VET6, STM32H523ZCJ6, STM32H523ZCT6, STM32H523ZEJ6, STM32H523ZET6, STM32H533CET6, STM32H533CEU6, STM32H533HEY6TR, STM32H533RET6, STM32H533VEI6, STM32H533VET6, STM32H533ZEJ6, STM32H533ZET6, STM32H562AGI6, STM32H562AII6, STM32H562IGK6, STM32H562IGT6, STM32H562IIK6, STM32H562IIT6, STM32H562RGT6, STM32H562RGV6, STM32H562RIT6, STM32H562RIV6, STM32H562VGT6, STM32H562VIT6, STM32H562ZGT6, STM32H562ZIT6, STM32H563AGI6, STM32H563AII3Q, STM32H563AII6, STM32H563IGK6, STM32H563IGT6, STM32H563IIK3Q, STM32H563IIK6, STM32H563IIT3Q, STM32H563IIT6, STM32H563MIY3QTR, STM32H563RGT6, STM32H563RGV6, STM32H563RIT6, STM32H563RIV6, STM32H563VGT6, STM32H563VIT3Q, STM32H563VIT6, STM32H563ZGT6, STM32H563ZIT3Q, STM32H563ZIT6, STM32H573AII3Q, STM32H573AII6, STM32H573I-DK, STM32H573IIK3Q, STM32H573IIK6, STM32H573IIT3Q, STM32H573IIT6, STM32H573MIY3QTR, STM32H573RIT6, STM32H573RIV6, STM32H573VIT3Q, STM32H573VIT6, STM32H573ZIT3Q, STM32H573ZIT6, STM32H7R3A8I6, STM32H7R3I8K6, STM32H7R3I8T6, STM32H7R3L8H6, STM32H7R3L8H6H, STM32H7R3R8V6, STM32H7R3V8H6, STM32H7R3V8T6, STM32H7R3V8Y6, STM32H7R3Z8J6, STM32H7R3Z8T6, STM32H7R7A8I6, STM32H7R7I8K6, STM32H7R7I8T6, STM32H7R7L8H6, STM32H7R7L8H6H, STM32H7R7Z8J6, STM32H7S3A8I6, STM32H7S3I8K6, STM32H7S3I8T6, STM32H7S3L8H6, STM32H7S3L8H6H, STM32H7S3R8V6, STM32H7S3V8H6, STM32H7S3V8T6, STM32H7S3V8Y6, STM32H7S3Z8J6, STM32H7S3Z8T6, STM32H7S78-DK, STM32H7S7A8I6, STM32H7S7I8K6, STM32H7S7I8T6, STM32H7S7L8H6, STM32H7S7L8H6H, STM32H7S7Z8J6, STM32L4R5QGI6STR, STM32MP131AAE3, STM32MP131AAF3, STM32MP131AAG3, STM32MP131CAE3, STM32MP131CAF3, STM32MP131CAG3, STM32MP131DAE7, STM32MP131DAF7, STM32MP131DAG7, STM32MP131FAE7, STM32MP131FAF7, STM32MP131FAG7, STM32MP133AAE3, STM32MP133AAF3, STM32MP133AAG3, STM32MP133CAE3, STM32MP133CAF3, STM32MP133CAG3, STM32MP133DAE7, STM32MP133DAF7, STM32MP133DAG7, STM32MP133FAE7, STM32MP133FAF7, STM32MP133FAG7, STM32MP135AAE3, STM32MP135AAF3, STM32MP135AAG3, STM32MP135CAE3, STM32MP135CAF3, STM32MP135CAG3, STM32MP135DAE7, STM32MP135DAF7, STM32MP135DAG7, STM32MP135F-DK, STM32MP135FAE7, STM32MP135FAF7, STM32MP135FAF7T, STM32MP135FAF7U, STM32MP135FAG7, STM32U031C6T6, STM32U031C6U6, STM32U031C8T6, STM32U031C8U6, STM32U031F4P6, STM32U031F6P6, STM32U031F8P6, STM32U031G6Y6TR, STM32U031G8Y6TR, STM32U031K4U6, STM32U031K6U6, STM32U031K8U6, STM32U031R6I6, STM32U031R6T6, STM32U031R8I6, STM32U031R8T6, STM32U073C8T6, STM32U073C8U6, STM32U073CBT6, STM32U073CBU6, STM32U073CCT6, STM32U073CCU6, STM32U073H8Y6TR, STM32U073HBY6TR, STM32U073HCY6TR, STM32U073K8U6, STM32U073KBU6, STM32U073KCU6, STM32U073M8I6, STM32U073M8T6, STM32U073MBI6, STM32U073MBT6, STM32U073MCI6, STM32U073MCT6, STM32U073R8I6, STM32U073R8T6, STM32U073RBI6, STM32U073RBT6, STM32U073RCI6, STM32U073RCT6, STM32U083C-DK, STM32U083CCT6, STM32U083CCU6, STM32U083HCY6TR, STM32U083KCU6, STM32U083MCI6, STM32U083MCT6, STM32U083RCI6, STM32U083RCT6, STM32U535CBT6, STM32U535CBT6Q, STM32U535CBU6, STM32U535CBU6Q, STM32U535CCT6, STM32U535CCT6Q, STM32U535CCU6, STM32U535CCU6Q, STM32U535CET6, STM32U535CET6Q, STM32U535CEU6, STM32U535CEU6Q, STM32U535JEY6QTR, STM32U535NCY6QTR, STM32U535NEY6QTR, STM32U535RBI6, STM32U535RBI6Q, STM32U535RBT6, STM32U535RBT6Q, STM32U535RCI6, STM32U535RCI6Q, STM32U535RCT6, STM32U535RCT6Q, STM32U535REI6, STM32U535REI6Q, STM32U535RET6, STM32U535RET6Q, STM32U535VCI6, STM32U535VCI6Q, STM32U535VCT6, STM32U535VCT6Q, STM32U535VEI6, STM32U535VEI6Q, STM32U535VET6, STM32U535VET6Q, STM32U545CET6, STM32U545CET6Q, STM32U545CEU6, STM32U545CEU6Q, STM32U545JEY6QTR, STM32U545NEY6QTR, STM32U545REI6, STM32U545REI6Q, STM32U545RET6, STM32U545RET6Q, STM32U545VEI6, STM32U545VEI6Q, STM32U545VET6, STM32U545VET6Q, STM32U595AIH6, STM32U595AIH6Q, STM32U595AJH6, STM32U595AJH6Q, STM32U595QII6, STM32U595QII6Q, STM32U595QJI6, STM32U595QJI6Q, STM32U595RIT6, STM32U595RIT6Q, STM32U595RJT6, STM32U595RJT6Q, STM32U595VIT6, STM32U595VIT6Q, STM32U595VJT6, STM32U595VJT6Q, STM32U595ZIT6, STM32U595ZIT6Q, STM32U595ZIY6QTR, STM32U595ZJT6, STM32U595ZJT6Q, STM32U595ZJY6QTR, STM32U599BJY6QTR, STM32U599NIH6Q, STM32U599NJH6Q, STM32U599VIT6Q, STM32U599VJT6, STM32U599VJT6Q, STM32U599ZIT6Q, STM32U599ZIY6QTR, STM32U599ZJT6Q, STM32U599ZJY6QTR, STM32U5A5AJH6, STM32U5A5AJH6Q, STM32U5A5QII3Q , STM32U5A5QJI6, STM32U5A5QJI6Q, STM32U5A5RJT6, STM32U5A5RJT6Q, STM32U5A5VJT6, STM32U5A5VJT6Q, STM32U5A5ZJT6, STM32U5A5ZJT6Q, STM32U5A5ZJY6QTR, STM32U5A9BJY6QTR, STM32U5A9J-DK, STM32U5A9NJH6Q, STM32U5A9VJT6Q, STM32U5A9ZJT6Q, STM32U5A9ZJY6QTR, STM32U5F7VIT6, STM32U5F7VIT6Q, STM32U5F7VJT6, STM32U5F7VJT6Q, STM32U5F9BJY6QTR, STM32U5F9NJH6Q, STM32U5F9VIT6Q, STM32U5F9VJT6Q, STM32U5F9ZIJ6QTR, STM32U5F9ZIT6Q, STM32U5F9ZJJ6QTR, STM32U5F9ZJT6Q, STM32U5G7VJT6, STM32U5G7VJT6Q, STM32U5G9BJY6QTR, STM32U5G9J-DK1, STM32U5G9J-DK2, STM32U5G9NJH6Q, STM32U5G9VJT6Q, STM32U5G9ZJJ6QTR, STM32U5G9ZJT6Q, STM32WB1MMCH6, STM32WBA50KEU6, STM32WBA50KEU6TR, STM32WBA50KGU6, STM32WBA50KGU6TR, STM32WBA52CEU6, STM32WBA52CEU6TR, STM32WBA52CEU7, STM32WBA52CEU7TR, STM32WBA52CGU6, STM32WBA52CGU6TR, STM32WBA52CGU6U, STM32WBA52CGU7, STM32WBA52CGU7TR, STM32WBA52KEU6, STM32WBA52KEU6TR, STM32WBA52KGU6, STM32WBA52KGU6TR, STM32WBA54CEU6, STM32WBA54CEU6TR, STM32WBA54CEU7, STM32WBA54CEU7TR, STM32WBA54CGU6, STM32WBA54CGU6TR, STM32WBA54CGU7, STM32WBA54CGU7TR, STM32WBA54KEU6, STM32WBA54KEU6TR, STM32WBA54KEU7, STM32WBA54KEU7TR, STM32WBA54KGU6, STM32WBA54KGU6TR, STM32WBA54KGU7, STM32WBA54KGU7TR, STM32WBA55CEU6, STM32WBA55CEU6TR, STM32WBA55CEU7, STM32WBA55CEU7TR, STM32WBA55CGU6, STM32WBA55CGU6TR, STM32WBA55CGU6U, STM32WBA55CGU7, STM32WBA55CGU7TR, STM32WBA55G-DK1, STM32WBA55HEF6, STM32WBA55HEF7, STM32WBA55HGF6, STM32WBA55HGF7, STM32WBA55UEI6, STM32WBA55UEI6TR, STM32WBA55UEI7, STM32WBA55UEI7TR, STM32WBA55UGI6, STM32WBA55UGI6TR, STM32WBA55UGI7, STM32WBA55UGI7TR, STM32WL5MOCH6, STM32WL5MOCH6TR]
2025-11-16 18:18:33,819 [INFO] DbMcus:218 - Found 4816 MCUs, 4816 are supported
2025-11-16 18:18:33,820 [INFO] ApiDb:423 - Load user favorites file C:\Users\Aditya/.stm32cubeide/favorites.mcus.txt: 0 item(s)
2025-11-16 18:18:33,820 [INFO] ApiDb:427 - User favorites MCUs=[]
2025-11-16 18:18:33,821 [INFO] DbMcus:224 - Set 0 / 0 favorites MCUs
2025-11-16 18:18:34,297 [INFO] BoardInfo:889 - No configuration file found for board B-WBA5M-WPAN
2025-11-16 18:18:34,297 [INFO] DbBoards:161 - Board is not supported: B-WBA5M-WPAN
2025-11-16 18:18:34,302 [INFO] BoardInfo:889 - No configuration file found for board NUCLEO-C051C8
2025-11-16 18:18:34,303 [INFO] DbBoards:161 - Board is not supported: NUCLEO-C051C8
2025-11-16 18:18:34,304 [INFO] BoardInfo:889 - No configuration file found for board NUCLEO-C071RB
2025-11-16 18:18:34,305 [INFO] DbBoards:161 - Board is not supported: NUCLEO-C071RB
2025-11-16 18:18:34,306 [INFO] BoardInfo:889 - No configuration file found for board NUCLEO-C092RC
2025-11-16 18:18:34,306 [INFO] DbBoards:161 - Board is not supported: NUCLEO-C092RC
2025-11-16 18:18:34,384 [INFO] BoardInfo:889 - No configuration file found for board NUCLEO-N657X0-Q
2025-11-16 18:18:34,384 [INFO] DbBoards:161 - Board is not supported: NUCLEO-N657X0-Q
2025-11-16 18:18:34,388 [INFO] BoardInfo:889 - No configuration file found for board NUCLEO-U385RG-Q
2025-11-16 18:18:34,389 [INFO] DbBoards:161 - Board is not supported: NUCLEO-U385RG-Q
2025-11-16 18:18:34,392 [INFO] BoardInfo:889 - No configuration file found for board NUCLEO-WB05KZ
2025-11-16 18:18:34,392 [INFO] DbBoards:161 - Board is not supported: NUCLEO-WB05KZ
2025-11-16 18:18:34,393 [INFO] BoardInfo:889 - No configuration file found for board NUCLEO-WB07CC
2025-11-16 18:18:34,393 [INFO] DbBoards:161 - Board is not supported: NUCLEO-WB07CC
2025-11-16 18:18:34,395 [INFO] BoardInfo:889 - No configuration file found for board NUCLEO-WB09KE
2025-11-16 18:18:34,395 [INFO] DbBoards:161 - Board is not supported: NUCLEO-WB09KE
2025-11-16 18:18:34,400 [INFO] BoardInfo:889 - No configuration file found for board NUCLEO-WBA65RI
2025-11-16 18:18:34,400 [INFO] DbBoards:161 - Board is not supported: NUCLEO-WBA65RI
2025-11-16 18:18:34,401 [INFO] BoardInfo:889 - No configuration file found for board NUCLEO-WL33CC1
2025-11-16 18:18:34,401 [INFO] DbBoards:161 - Board is not supported: NUCLEO-WL33CC1
2025-11-16 18:18:34,403 [INFO] BoardInfo:889 - No configuration file found for board NUCLEO-WL33CC2
2025-11-16 18:18:34,403 [INFO] DbBoards:161 - Board is not supported: NUCLEO-WL33CC2
2025-11-16 18:18:34,408 [INFO] BoardInfo:889 - No configuration file found for board P-NUCLEO-WB55
2025-11-16 18:18:34,408 [INFO] DbBoards:161 - Kit is not supported: P-NUCLEO-WB55
2025-11-16 18:18:34,413 [INFO] BoardInfo:889 - No configuration file found for board STEVAL-BFA001V1B
2025-11-16 18:18:34,413 [INFO] DbBoards:161 - Kit is not supported: STEVAL-BFA001V1B
2025-11-16 18:18:34,414 [INFO] BoardInfo:889 - No configuration file found for board STEVAL-BFA001V2B
2025-11-16 18:18:34,414 [INFO] DbBoards:161 - Kit is not supported: STEVAL-BFA001V2B
2025-11-16 18:18:34,522 [INFO] BoardInfo:889 - No configuration file found for board STM32MP257F-DK
2025-11-16 18:18:34,522 [INFO] DbBoards:161 - Board is not supported: STM32MP257F-DK
2025-11-16 18:18:34,524 [INFO] BoardInfo:889 - No configuration file found for board STM32MP257F-EV1
2025-11-16 18:18:34,524 [INFO] DbBoards:161 - Board is not supported: STM32MP257F-EV1
2025-11-16 18:18:34,525 [INFO] BoardInfo:889 - No configuration file found for board STM32N6570-DK
2025-11-16 18:18:34,525 [INFO] DbBoards:161 - Board is not supported: STM32N6570-DK
2025-11-16 18:18:34,536 [INFO] BoardInfo:889 - No configuration file found for board STM32WBA65I-DK1
2025-11-16 18:18:34,537 [INFO] DbBoards:161 - Board is not supported: STM32WBA65I-DK1
2025-11-16 18:18:34,537 [INFO] DbBoards:168 - Found 211 boards, 192 are supported
2025-11-16 18:18:34,537 [INFO] DbBoards:169 - Found 211 boards, 8 of them is supported for  Bsp
2025-11-16 18:18:34,539 [INFO] ApiDb:423 - Load user favorites file C:\Users\Aditya/.stm32cubeide/favorites.boards.txt: 0 item(s)
2025-11-16 18:18:34,539 [INFO] ApiDb:427 - User favorites Boards=[]
2025-11-16 18:18:34,539 [INFO] DbBoards:198 - Set 0 / 0 favorites Boards
2025-11-16 18:18:34,664 [INFO] UtilMem:75 - End LoadConfig() Used Memory: 834231808 Bytes (1073741824)
2025-11-16 18:18:34,808 [WARN] ThirdParty:833 - waiting for thirdparty lock release [change project]
2025-11-16 18:18:34,809 [INFO] ThirdParty:835 - entering critical section [change project]
2025-11-16 18:18:34,809 [INFO] ThirdParty:1030 - CMSIS Pack Vendor :STMicroelectronics X-CUBE-PM33A1 1.0.0
2025-11-16 18:18:34,809 [INFO] ThirdParty:1030 - CMSIS Pack Vendor :STMicroelectronics USBPD 4.1
2025-11-16 18:18:34,809 [INFO] ThirdParty:1030 - CMSIS Pack Vendor :STMicroelectronics X-CUBE-GNSS1 6.0.0
2025-11-16 18:18:34,809 [INFO] ThirdParty:1030 - CMSIS Pack Vendor :STMicroelectronics USB_HOST 2.0.0
2025-11-16 18:18:34,809 [INFO] ThirdParty:1030 - CMSIS Pack Vendor :STMicroelectronics FP-SNS-MOTENVWB1 1.4.0
2025-11-16 18:18:34,809 [INFO] ThirdParty:1030 - CMSIS Pack Vendor :STMicroelectronics X-CUBE-AZRTOS-F4 1.1.0
2025-11-16 18:18:34,809 [INFO] ThirdParty:1030 - CMSIS Pack Vendor :STMicroelectronics LIBJPEG 8.0.0
2025-11-16 18:18:34,809 [INFO] ThirdParty:1030 - CMSIS Pack Vendor :STMicroelectronics FP-ATR-ASTRA1 2.0.2
2025-11-16 18:18:34,809 [INFO] ThirdParty:1030 - CMSIS Pack Vendor :STMicroelectronics X-CUBE-SMBUS 2.1.0
2025-11-16 18:18:34,809 [INFO] ThirdParty:1030 - CMSIS Pack Vendor :STMicroelectronics X-CUBE-ISPU 2.1.0
2025-11-16 18:18:34,809 [INFO] ThirdParty:1030 - CMSIS Pack Vendor :STMicroelectronics X-CUBE-FREERTOS 1.2.0
2025-11-16 18:18:34,809 [INFO] ThirdParty:1030 - CMSIS Pack Vendor :STMicroelectronics X-CUBE-NFC12 1.0.0
2025-11-16 18:18:34,809 [INFO] ThirdParty:1030 - CMSIS Pack Vendor :STMicroelectronics X-CUBE-TOUCHGFX 4.23.2
2025-11-16 18:18:34,809 [INFO] ThirdParty:1030 - CMSIS Pack Vendor :STMicroelectronics X-CUBE-AZRTOS-F7 1.1.0
2025-11-16 18:18:34,809 [INFO] ThirdParty:1030 - CMSIS Pack Vendor :STMicroelectronics X-CUBE-AZRTOS-L5 2.0.0
2025-11-16 18:18:34,809 [INFO] ThirdParty:1030 - CMSIS Pack Vendor :STMicroelectronics USB_DEVICE 2.0.0
2025-11-16 18:18:34,809 [INFO] ThirdParty:1030 - CMSIS Pack Vendor :STMicroelectronics X-CUBE-NFC6 3.1.0
2025-11-16 18:18:34,809 [INFO] ThirdParty:1030 - CMSIS Pack Vendor :STMicroelectronics FreeRTOS 0.0.1
2025-11-16 18:18:34,809 [INFO] ThirdParty:1030 - CMSIS Pack Vendor :STMicroelectronics X-CUBE-DPower 1.2.0
2025-11-16 18:18:34,809 [INFO] ThirdParty:1030 - CMSIS Pack Vendor :STMicroelectronics FP-SNS-FLIGHT1 5.0.2
2025-11-16 18:18:34,809 [INFO] ThirdParty:1030 - CMSIS Pack Vendor :STMicroelectronics X-CUBE-AI 9.0.0
2025-11-16 18:18:34,810 [INFO] ThirdParty:1030 - CMSIS Pack Vendor :STMicroelectronics PDM2PCM 3.3.0
2025-11-16 18:18:34,810 [INFO] ThirdParty:1030 - CMSIS Pack Vendor :STMicroelectronics X-CUBE-AZRTOS-H7 3.4.0
2025-11-16 18:18:34,810 [INFO] ThirdParty:1030 - CMSIS Pack Vendor :STMicroelectronics X-CUBE-DISPLAY 3.0.0
2025-11-16 18:18:34,810 [INFO] ThirdParty:1030 - CMSIS Pack Vendor :STMicroelectronics X-CUBE-BLE1 7.0.0
2025-11-16 18:18:34,810 [INFO] ThirdParty:1030 - CMSIS Pack Vendor :STMicroelectronics X-CUBE-NFC10 1.0.0
2025-11-16 18:18:34,810 [INFO] ThirdParty:1030 - CMSIS Pack Vendor :STMicroelectronics X-CUBE-BLEMGR 4.0.0
2025-11-16 18:18:34,810 [INFO] ThirdParty:1030 - CMSIS Pack Vendor :STMicroelectronics X-CUBE-FREERTOS 1.3.1
2025-11-16 18:18:34,810 [INFO] ThirdParty:1030 - CMSIS Pack Vendor :STMicroelectronics HAL Drivers 0.0.0
2025-11-16 18:18:34,810 [INFO] ThirdParty:1030 - CMSIS Pack Vendor :emotas I-CUBE-CANOPEN 1.3.0
2025-11-16 18:18:34,810 [INFO] ThirdParty:1030 - CMSIS Pack Vendor :STMicroelectronics X-CUBE-NFC7 1.0.1
2025-11-16 18:18:34,810 [INFO] ThirdParty:1030 - CMSIS Pack Vendor :STMicroelectronics MBEDTLS 2.14.1
2025-11-16 18:18:34,810 [INFO] ThirdParty:1030 - CMSIS Pack Vendor :STMicroelectronics X-CUBE-GNSS1 7.1.0
2025-11-16 18:18:34,810 [INFO] ThirdParty:1030 - CMSIS Pack Vendor :wolfSSL I-CUBE-wolfTPM 3.2.0
2025-11-16 18:18:34,810 [INFO] ThirdParty:1030 - CMSIS Pack Vendor :STMicroelectronics X-CUBE-TOUCHGFX 4.26.0
2025-11-16 18:18:34,810 [INFO] ThirdParty:1030 - CMSIS Pack Vendor :quantropi X-CUBE-qispace-sdk-base 2.0.0
2025-11-16 18:18:34,810 [INFO] ThirdParty:1030 - CMSIS Pack Vendor :STMicroelectronics X-CUBE-BLEMGR 3.1.0
2025-11-16 18:18:34,810 [INFO] ThirdParty:1030 - CMSIS Pack Vendor :STMicroelectronics X-CUBE-AI 10.0.0
2025-11-16 18:18:34,810 [INFO] ThirdParty:1030 - CMSIS Pack Vendor :STMicroelectronics FP-SNS-SMARTAG2 1.2.0
2025-11-16 18:18:34,810 [INFO] ThirdParty:1030 - CMSIS Pack Vendor :STMicroelectronics X-CUBE-AZRTOS-WL 2.0.0
2025-11-16 18:18:34,810 [INFO] ThirdParty:1030 - CMSIS Pack Vendor :STMicroelectronics X-CUBE-DPower 1.3.0
2025-11-16 18:18:34,810 [INFO] ThirdParty:1030 - CMSIS Pack Vendor :STMicroelectronics FP-SNS-MOTENV1 5.0.0
2025-11-16 18:18:34,810 [INFO] ThirdParty:1030 - CMSIS Pack Vendor :STMicroelectronics USB_DEVICE 1.0.0
2025-11-16 18:18:34,810 [INFO] ThirdParty:1030 - CMSIS Pack Vendor :wolfSSL I-CUBE-wolfMQTT 1.19.0
2025-11-16 18:18:34,810 [INFO] ThirdParty:1030 - CMSIS Pack Vendor :STMicroelectronics X-CUBE-AZRTOS-L4 2.0.0
2025-11-16 18:18:34,810 [INFO] ThirdParty:1030 - CMSIS Pack Vendor :STMicroelectronics ThreadX 0.0.2
2025-11-16 18:18:34,810 [INFO] ThirdParty:1030 - CMSIS Pack Vendor :WES I-CUBE-Cesium 1.3.0
2025-11-16 18:18:34,810 [INFO] ThirdParty:1030 - CMSIS Pack Vendor :STMicroelectronics lwIP 2.1.2
2025-11-16 18:18:34,810 [INFO] ThirdParty:1030 - CMSIS Pack Vendor :STMicroelectronics X-CUBE-SFXS2LP1 4.0.0
2025-11-16 18:18:34,810 [INFO] ThirdParty:1030 - CMSIS Pack Vendor :STMicroelectronics X-CUBE-BLE2 3.3.0
2025-11-16 18:18:34,810 [INFO] ThirdParty:1030 - CMSIS Pack Vendor :STMicroelectronics PDM2PCM 3.2.0
2025-11-16 18:18:34,810 [INFO] ThirdParty:1030 - CMSIS Pack Vendor :STMicroelectronics X-CUBE-AZRTOS-H7 3.3.0
2025-11-16 18:18:34,810 [INFO] ThirdParty:1030 - CMSIS Pack Vendor :STMicroelectronics X-CUBE-NFC9 1.0.0
2025-11-16 18:18:34,810 [INFO] ThirdParty:1030 - CMSIS Pack Vendor :STMicroelectronics X-CUBE-BLE1 7.1.0
2025-11-16 18:18:34,810 [INFO] ThirdParty:1030 - CMSIS Pack Vendor :STMicroelectronics USB_DEVICE 3.0.0
2025-11-16 18:18:34,810 [INFO] ThirdParty:1030 - CMSIS Pack Vendor :STMicroelectronics X-CUBE-TCPP 4.1.0
2025-11-16 18:18:34,810 [INFO] ThirdParty:1030 - CMSIS Pack Vendor :STMicroelectronics X-CUBE-EEPRMA1 5.2.0
2025-11-16 18:18:34,810 [INFO] ThirdParty:1030 - CMSIS Pack Vendor :STMicroelectronics X-CUBE-AZRTOS-WB 2.0.0
2025-11-16 18:18:34,810 [INFO] ThirdParty:1030 - CMSIS Pack Vendor :STMicroelectronics X-CUBE-GNSS1 7.0.1
2025-11-16 18:18:34,810 [INFO] ThirdParty:1030 - CMSIS Pack Vendor :STMicroelectronics X-CUBE-TOUCHGFX 4.25.0
2025-11-16 18:18:34,810 [INFO] ThirdParty:1030 - CMSIS Pack Vendor :STMicroelectronics X-CUBE-AI 10.1.0
2025-11-16 18:18:34,810 [INFO] ThirdParty:1030 - CMSIS Pack Vendor :STMicroelectronics FP-SNS-STBOX1 2.0.0
2025-11-16 18:18:34,810 [INFO] ThirdParty:1030 - CMSIS Pack Vendor :STMicroelectronics X-CUBE-ALGOBUILD 1.3.0
2025-11-16 18:18:34,810 [INFO] ThirdParty:1030 - CMSIS Pack Vendor :STMicroelectronics X-CUBE-MEMS1 11.2.0
2025-11-16 18:18:34,810 [INFO] ThirdParty:1030 - CMSIS Pack Vendor :STMicroelectronics X-CUBE-AZRTOS-G0 1.1.0
2025-11-16 18:18:34,810 [INFO] ThirdParty:1030 - CMSIS Pack Vendor :STMicroelectronics X-CUBE-SAFEA1 1.2.2
2025-11-16 18:18:34,810 [INFO] ThirdParty:1030 - CMSIS Pack Vendor :STMicroelectronics X-CUBE-NFC4 3.0.0
2025-11-16 18:18:34,810 [INFO] ThirdParty:1030 - CMSIS Pack Vendor :STMicroelectronics X-CUBE-SUBG2 5.0.0
2025-11-16 18:18:34,810 [INFO] ThirdParty:1030 - CMSIS Pack Vendor :STMicroelectronics X-CUBE-AZRTOS-H7RS 1.1.0
2025-11-16 18:18:34,810 [INFO] ThirdParty:1030 - CMSIS Pack Vendor :STMicroelectronics STM32_WPAN 1.0.0
2025-11-16 18:18:34,810 [INFO] ThirdParty:1030 - CMSIS Pack Vendor :EmbeddedOffice I-CUBE-FS-RTOS 1.0.1
2025-11-16 18:18:34,810 [INFO] ThirdParty:1030 - CMSIS Pack Vendor :STMicroelectronics lwIP 2.0.3
2025-11-16 18:18:34,810 [INFO] ThirdParty:1030 - CMSIS Pack Vendor :Cesanta I-CUBE-Mongoose 7.13.0
2025-11-16 18:18:34,810 [INFO] ThirdParty:1030 - CMSIS Pack Vendor :STMicroelectronics USB_HOST 1.0.0
2025-11-16 18:18:34,811 [INFO] ThirdParty:1030 - CMSIS Pack Vendor :STMicroelectronics X-CUBE-AZRTOS-G4 2.0.0
2025-11-16 18:18:34,811 [INFO] ThirdParty:1030 - CMSIS Pack Vendor :STMicroelectronics X-CUBE-WB05N 2.0.0
2025-11-16 18:18:34,811 [INFO] ThirdParty:1030 - CMSIS Pack Vendor :STMicroelectronics PDM2PCM 3.1.0
2025-11-16 18:18:34,811 [INFO] ThirdParty:1030 - CMSIS Pack Vendor :STMicroelectronics X-CUBE-NFC7 2.0.0
2025-11-16 18:18:34,811 [INFO] ThirdParty:1030 - CMSIS Pack Vendor :RealThread X-CUBE-RT-Thread_Nano 4.1.1
2025-11-16 18:18:34,811 [INFO] ThirdParty:1030 - CMSIS Pack Vendor :wolfSSL I-CUBE-wolfSSL 5.7.0
2025-11-16 18:18:34,811 [INFO] ThirdParty:1030 - CMSIS Pack Vendor :STMicroelectronics FP-ATR-SIGFOX1 3.2.0
2025-11-16 18:18:34,811 [INFO] ThirdParty:1030 - CMSIS Pack Vendor :STMicroelectronics X-CUBE-ISPU 2.0.0
2025-11-16 18:18:34,811 [INFO] ThirdParty:1030 - CMSIS Pack Vendor :STMicroelectronics X-CUBE-EEPRMA1 5.1.0
2025-11-16 18:18:34,811 [INFO] ThirdParty:1030 - CMSIS Pack Vendor :STMicroelectronics MBEDTLS 2.16.2
2025-11-16 18:18:34,811 [INFO] ThirdParty:1030 - CMSIS Pack Vendor :STMicroelectronics X-CUBE-ALS 1.0.2
2025-11-16 18:18:34,811 [INFO] ThirdParty:1030 - CMSIS Pack Vendor :STMicroelectronics X-CUBE-MEMS1 10.0.0
2025-11-16 18:18:34,811 [INFO] ThirdParty:1030 - CMSIS Pack Vendor :STMicroelectronics X-CUBE-FREERTOS 1.1.0
2025-11-16 18:18:34,811 [INFO] ThirdParty:1030 - CMSIS Pack Vendor :STMicroelectronics X-CUBE-TOUCHGFX 4.24.0
2025-11-16 18:18:34,811 [INFO] ThirdParty:1030 - CMSIS Pack Vendor :ITTIA_DB I-CUBE-ITTIADB 8.9.0
2025-11-16 18:18:34,811 [INFO] ThirdParty:1030 - CMSIS Pack Vendor :STMicroelectronics X-CUBE-STSE01 1.0.0
2025-11-16 18:18:34,811 [INFO] ThirdParty:1030 - CMSIS Pack Vendor :portGmbH I-Cube-SoM-uGOAL 1.1.0
2025-11-16 18:18:34,811 [INFO] ThirdParty:1030 - CMSIS Pack Vendor :STMicroelectronics X-CUBE-ALS 1.0.1
2025-11-16 18:18:34,811 [INFO] ThirdParty:1030 - CMSIS Pack Vendor :STMicroelectronics X-CUBE-AI 10.2.0
2025-11-16 18:18:34,811 [INFO] ThirdParty:1030 - CMSIS Pack Vendor :STMicroelectronics ThreadX 1.0.0
2025-11-16 18:18:34,811 [INFO] ThirdParty:1030 - CMSIS Pack Vendor :SEGGER I-CUBE-embOS 1.3.1
2025-11-16 18:18:34,811 [INFO] ThirdParty:1030 - CMSIS Pack Vendor :STMicroelectronics X-CUBE-ALGOBUILD 1.4.0
2025-11-16 18:18:34,811 [INFO] ThirdParty:1030 - CMSIS Pack Vendor :STMicroelectronics X-CUBE-MEMS1 11.3.0
2025-11-16 18:18:34,811 [INFO] ThirdParty:1030 - CMSIS Pack Vendor :STMicroelectronics X-CUBE-AZRTOS-H7RS 1.0.0
2025-11-16 18:18:34,811 [INFO] ThirdParty:1030 - CMSIS Pack Vendor :STMicroelectronics FP-ATR-ASTRA1 2.0.0
2025-11-16 18:18:34,811 [INFO] ThirdParty:1030 - CMSIS Pack Vendor :STMicroelectronics X-CUBE-TOF1 3.4.2
2025-11-16 18:18:34,811 [INFO] ThirdParty:1030 - CMSIS Pack Vendor :STMicroelectronics X-CUBE-TOF1 3.4.1
2025-11-16 18:18:34,811 [INFO] ThirdParty:1030 - CMSIS Pack Vendor :STMicroelectronics X-CUBE-AZRTOS-H7 3.2.0
2025-11-16 18:18:34,811 [INFO] ThirdParty:1030 - CMSIS Pack Vendor :Infineon AIROC-Wi-Fi-Bluetooth-STM32 1.6.0
2025-11-16 18:18:34,811 [INFO] ThirdParty:1030 - CMSIS Pack Vendor :wolfSSL I-CUBE-wolfSSH 1.4.17
2025-11-16 18:18:34,811 [INFO] ThirdParty:841 - exiting critical section [change project]
2025-11-16 18:18:35,253 [INFO] PinOutPanel:1561 - setPackage(No Configuration,No Configuration)
2025-11-16 18:18:35,257 [INFO] PinOutPanel:1561 - setPackage(STM32F446RETx,LQFP64)
2025-11-16 18:18:36,732 [INFO] UtilMem:75 - Before build in PCC Used Memory: 858799168 Bytes (1073741824)
2025-11-16 18:18:38,857 [INFO] UtilMem:75 - After build in PCC Used Memory: 923288640 Bytes (1073741824)
2025-11-16 18:18:38,927 [INFO] IPUIPlugin:80 - create IPUIPlugin
2025-11-16 18:18:38,927 [INFO] IPUIPlugin:80 - create IPUIPlugin
2025-11-16 18:18:38,927 [INFO] IPUIPlugin:80 - create IPUIPlugin
2025-11-16 18:18:38,927 [INFO] IPUIPlugin:80 - create IPUIPlugin
2025-11-16 18:18:38,928 [INFO] IPUIPlugin:80 - create IPUIPlugin
2025-11-16 18:18:38,928 [INFO] IPUIPlugin:80 - create IPUIPlugin
2025-11-16 18:18:38,928 [INFO] IPUIPlugin:80 - create IPUIPlugin
2025-11-16 18:18:38,928 [INFO] IPUIPlugin:80 - create IPUIPlugin
2025-11-16 18:18:38,928 [INFO] IPUIPlugin:80 - create IPUIPlugin
2025-11-16 18:18:38,928 [INFO] IPUIPlugin:80 - create IPUIPlugin
2025-11-16 18:18:38,928 [INFO] IPUIPlugin:80 - create IPUIPlugin
2025-11-16 18:18:38,928 [INFO] IPUIPlugin:80 - create IPUIPlugin
2025-11-16 18:18:38,928 [INFO] IPUIPlugin:80 - create IPUIPlugin
2025-11-16 18:18:38,928 [INFO] IPUIPlugin:80 - create IPUIPlugin
2025-11-16 18:18:38,928 [INFO] IPUIPlugin:80 - create IPUIPlugin
2025-11-16 18:18:38,928 [INFO] IPUIPlugin:80 - create IPUIPlugin
2025-11-16 18:18:38,928 [INFO] IPUIPlugin:80 - create IPUIPlugin
2025-11-16 18:18:38,928 [INFO] IPUIPlugin:80 - create IPUIPlugin
2025-11-16 18:18:38,928 [INFO] IPUIPlugin:80 - create IPUIPlugin
2025-11-16 18:18:38,929 [INFO] IPUIPlugin:80 - create IPUIPlugin
2025-11-16 18:18:38,929 [INFO] IPUIPlugin:80 - create IPUIPlugin
2025-11-16 18:18:38,929 [INFO] IPUIPlugin:80 - create IPUIPlugin
2025-11-16 18:18:38,929 [INFO] IPUIPlugin:80 - create IPUIPlugin
2025-11-16 18:18:38,929 [INFO] IPUIPlugin:80 - create IPUIPlugin
2025-11-16 18:18:38,929 [INFO] IPUIPlugin:80 - create IPUIPlugin
2025-11-16 18:18:38,929 [INFO] IPUIPlugin:80 - create IPUIPlugin
2025-11-16 18:18:38,929 [INFO] IPUIPlugin:80 - create IPUIPlugin
2025-11-16 18:18:38,929 [INFO] IPUIPlugin:80 - create IPUIPlugin
2025-11-16 18:18:38,929 [INFO] IPUIPlugin:80 - create IPUIPlugin
2025-11-16 18:18:38,930 [INFO] IPUIPlugin:80 - create IPUIPlugin
2025-11-16 18:18:38,930 [INFO] IPUIPlugin:80 - create IPUIPlugin
2025-11-16 18:18:38,930 [INFO] IPUIPlugin:80 - create IPUIPlugin
2025-11-16 18:18:38,930 [INFO] IPUIPlugin:80 - create IPUIPlugin
2025-11-16 18:18:38,930 [INFO] IPUIPlugin:80 - create IPUIPlugin
2025-11-16 18:18:38,930 [INFO] IPUIPlugin:80 - create IPUIPlugin
2025-11-16 18:18:38,930 [INFO] IPUIPlugin:80 - create IPUIPlugin
2025-11-16 18:18:38,930 [INFO] IPUIPlugin:80 - create IPUIPlugin
2025-11-16 18:18:38,930 [INFO] IPUIPlugin:80 - create IPUIPlugin
2025-11-16 18:18:38,931 [INFO] IPUIPlugin:80 - create IPUIPlugin
2025-11-16 18:18:38,931 [INFO] IPUIPlugin:80 - create IPUIPlugin
2025-11-16 18:18:38,931 [INFO] IPUIPlugin:80 - create IPUIPlugin
2025-11-16 18:18:38,931 [INFO] IPUIPlugin:80 - create IPUIPlugin
2025-11-16 18:18:38,931 [INFO] IPUIPlugin:80 - create IPUIPlugin
2025-11-16 18:18:38,931 [INFO] IPUIPlugin:80 - create IPUIPlugin
2025-11-16 18:18:38,931 [INFO] IPUIPlugin:80 - create IPUIPlugin
2025-11-16 18:18:38,931 [INFO] IPUIPlugin:80 - create IPUIPlugin
2025-11-16 18:18:38,931 [INFO] IPUIPlugin:80 - create IPUIPlugin
2025-11-16 18:18:38,932 [INFO] IPUIPlugin:80 - create IPUIPlugin
2025-11-16 18:18:38,932 [INFO] IPUIPlugin:80 - create IPUIPlugin
2025-11-16 18:18:38,932 [INFO] IPUIPlugin:80 - create IPUIPlugin
2025-11-16 18:18:38,932 [INFO] IPUIPlugin:80 - create IPUIPlugin
2025-11-16 18:18:38,932 [INFO] IPUIPlugin:80 - create IPUIPlugin
2025-11-16 18:18:38,932 [INFO] IPUIPlugin:80 - create IPUIPlugin
2025-11-16 18:18:38,933 [INFO] IPUIPlugin:80 - create IPUIPlugin
2025-11-16 18:18:38,933 [INFO] IPUIPlugin:80 - create IPUIPlugin
2025-11-16 18:18:38,933 [INFO] IPUIPlugin:80 - create IPUIPlugin
2025-11-16 18:18:38,933 [INFO] IPUIPlugin:80 - create IPUIPlugin
2025-11-16 18:18:38,933 [INFO] IPUIPlugin:80 - create IPUIPlugin
2025-11-16 18:18:38,935 [INFO] IPUIPlugin:80 - create IPUIPlugin
2025-11-16 18:18:38,935 [INFO] IPUIPlugin:80 - create IPUIPlugin
2025-11-16 18:18:39,162 [INFO] ApiDbMcu:508 - Load IP Config File for PDM2PCM
2025-11-16 18:18:39,177 [INFO] Can:71 - Can Add PropertyChangeListener com.st.microxplorer.plugins.ip.can.Can@5a660709
2025-11-16 18:18:39,738 [INFO] CADModel:165 - CPN selected for project levelSTM32F446RET6
2025-11-16 18:18:39,738 [INFO] CADModel:114 - Register for checkConnection events
2025-11-16 18:18:39,800 [INFO] OpenFileManager:343 - Restore cursor
2025-11-16 18:18:54,085 [INFO] NvicIntPanel:101 - NVIC parent = com.st.microxplorer.plugins.ip.nvic.MultiNvicIntPanel[,0,0,450x161,layout=javax.swing.BoxLayout,alignmentX=0.0,alignmentY=0.0,border=,flags=9,maximumSize=,minimumSize=,preferredSize=]
2025-11-16 18:18:56,191 [INFO] NvicIntPanel:101 - NVIC parent = com.st.microxplorer.plugins.ip.nvic.MultiNvicIntPanel[,0,0,0x0,invalid,layout=javax.swing.BoxLayout,alignmentX=0.0,alignmentY=0.0,border=,flags=9,maximumSize=,minimumSize=,preferredSize=]
2025-11-16 18:19:32,743 [INFO] NvicIntPanel:101 - NVIC parent = com.st.microxplorer.plugins.ip.nvic.MultiNvicIntPanel[,0,0,0x0,invalid,layout=javax.swing.BoxLayout,alignmentX=0.0,alignmentY=0.0,border=,flags=9,maximumSize=,minimumSize=,preferredSize=]
2025-11-16 18:40:33,614 [INFO] MainUpdater:2873 - connection check result : 10
2025-11-16 18:40:33,614 [INFO] MainUpdater:2873 - connection check result : 10
2025-11-16 18:40:33,626 [INFO] MicroXplorer:468 - Change Database Path : 
2025-11-16 18:40:33,626 [INFO] MicroXplorer:498 - Change Database Version : DB.6.0.110
2025-11-16 18:40:33,634 [ERROR] ProjectManagerView:394 - 
java.lang.NullPointerException: Cannot invoke "javax.swing.JTextField.getText()" because the return value of "java.util.List.get(int)" is null
	at com.st.microxplorer.plugins.projectmanager.gui.ProjectChoiceTab$10.caretUpdate(ProjectChoiceTab.java:2504) ~[filemanager.jar:?]
	at javax.swing.text.JTextComponent.fireCaretUpdate(JTextComponent.java:412) ~[?:?]
	at javax.swing.text.JTextComponent$MutableCaretEvent.fire(JTextComponent.java:4491) ~[?:?]
	at javax.swing.text.JTextComponent$MutableCaretEvent.stateChanged(JTextComponent.java:4513) ~[?:?]
	at javax.swing.text.DefaultCaret.fireStateChanged(DefaultCaret.java:842) ~[?:?]
	at javax.swing.text.DefaultCaret.changeCaretPosition(DefaultCaret.java:1313) ~[?:?]
	at javax.swing.text.DefaultCaret.handleSetDot(DefaultCaret.java:1212) ~[?:?]
	at javax.swing.text.DefaultCaret.setDot(DefaultCaret.java:1193) ~[?:?]
	at javax.swing.text.DefaultCaret$Handler.insertUpdate(DefaultCaret.java:1789) ~[?:?]
	at javax.swing.text.AbstractDocument.fireInsertUpdate(AbstractDocument.java:226) ~[?:?]
	at javax.swing.text.AbstractDocument.handleInsertString(AbstractDocument.java:780) ~[?:?]
	at javax.swing.text.AbstractDocument.insertString(AbstractDocument.java:739) ~[?:?]
	at javax.swing.text.PlainDocument.insertString(PlainDocument.java:131) ~[?:?]
	at javax.swing.text.AbstractDocument.replace(AbstractDocument.java:698) ~[?:?]
	at javax.swing.text.JTextComponent.setText(JTextComponent.java:1729) ~[?:?]
	at com.st.microxplorer.plugins.projectmanager.gui.ProjectChoiceTab.createHeapStackFields(ProjectChoiceTab.java:944) ~[filemanager.jar:?]
	at com.st.microxplorer.plugins.projectmanager.gui.ProjectChoiceTab.buildLinkSettingsPanel(ProjectChoiceTab.java:3475) ~[filemanager.jar:?]
	at com.st.microxplorer.plugins.projectmanager.gui.ProjectChoiceTab.defineWindowsFields(ProjectChoiceTab.java:1816) ~[filemanager.jar:?]
	at com.st.microxplorer.plugins.projectmanager.gui.ProjectChoiceTab.updateSettings(ProjectChoiceTab.java:544) ~[filemanager.jar:?]
	at com.st.microxplorer.plugins.projectmanager.gui.ProjectSettingsPanel.UpdateDialog(ProjectSettingsPanel.java:245) ~[filemanager.jar:?]
	at com.st.microxplorer.plugins.projectmanager.ProjectManagerView.propertyChange(ProjectManagerView.java:391) ~[filemanager.jar:?]
	at java.beans.PropertyChangeSupport.fire(PropertyChangeSupport.java:343) ~[?:?]
	at java.beans.PropertyChangeSupport.firePropertyChange(PropertyChangeSupport.java:335) ~[?:?]
	at java.beans.PropertyChangeSupport.firePropertyChange(PropertyChangeSupport.java:268) ~[?:?]
	at com.st.microxplorer.util.MXPropertyChangeSupport.firePropertyChange(MXPropertyChangeSupport.java:54) ~[STM32CubeMX.jar:?]
	at com.st.microxplorer.mxsystem.MxSystem.closeConfig(MxSystem.java:900) ~[STM32CubeMX.jar:?]
	at com.st.microxplorer.maingui.MainPanel.closeConfig(MainPanel.java:776) ~[STM32CubeMX.jar:?]
	at com.st.microxplorer.plugins.filemanager.engine.OpenFileManager.loadConfigurationFile(OpenFileManager.java:245) ~[filemanager.jar:?]
	at com.st.microxplorer.plugins.filemanager.engine.MainFileManager.userLoadConfig(MainFileManager.java:315) ~[filemanager.jar:?]
	at com.st.microxplorer.plugins.filemanager.engine.MainFileManager.userLoadConfig(MainFileManager.java:293) ~[filemanager.jar:?]
	at com.st.microxplorer.plugins.filemanager.FileManagerView.getSpecificTask(FileManagerView.java:247) ~[filemanager.jar:?]
	at com.st.stm32cube.common.mx.editor.CubeMxEditor.getMxTabbedPaneInstance(CubeMxEditor.java:1198) ~[com.st.stm32cube.common.mx_6.11.0.202403141607/:?]
	at com.st.stm32cube.common.mx.editor.CubeMxEditor$12$1.createSwingComponent(CubeMxEditor.java:1068) ~[com.st.stm32cube.common.mx_6.11.0.202403141607/:?]
	at com.st.stm32cube.common.mx.oss.core.awtswtbridge.EmbeddedSwingComposite.doComponentCreation(EmbeddedSwingComposite.java:492) ~[com.st.stm32cube.common.mx.oss_6.11.0.202403141607/:?]
	at com.st.stm32cube.common.mx.oss.core.awtswtbridge.EmbeddedSwingComposite$4.run(EmbeddedSwingComposite.java:291) ~[com.st.stm32cube.common.mx.oss_6.11.0.202403141607/:?]
	at com.st.stm32cube.common.mx.oss.core.awtswtbridge.AwtEnvironment$2.run(AwtEnvironment.java:166) ~[com.st.stm32cube.common.mx.oss_6.11.0.202403141607/:?]
	at java.awt.event.InvocationEvent.dispatch(InvocationEvent.java:318) ~[?:?]
	at java.awt.EventQueue.dispatchEventImpl(EventQueue.java:773) ~[?:?]
	at java.awt.EventQueue$4.run(EventQueue.java:720) ~[?:?]
	at java.awt.EventQueue$4.run(EventQueue.java:714) ~[?:?]
	at java.security.AccessController.doPrivileged(AccessController.java:399) ~[?:?]
	at java.security.ProtectionDomain$JavaSecurityAccessImpl.doIntersectionPrivilege(ProtectionDomain.java:86) ~[?:?]
	at java.awt.EventQueue.dispatchEvent(EventQueue.java:742) ~[?:?]
	at java.awt.EventDispatchThread.pumpOneEventForFilters(EventDispatchThread.java:203) ~[?:?]
	at java.awt.EventDispatchThread.pumpEventsForFilter(EventDispatchThread.java:124) ~[?:?]
	at java.awt.EventDispatchThread.pumpEventsForHierarchy(EventDispatchThread.java:113) ~[?:?]
	at java.awt.EventDispatchThread.pumpEvents(EventDispatchThread.java:109) ~[?:?]
	at java.awt.EventDispatchThread.pumpEvents(EventDispatchThread.java:101) ~[?:?]
	at java.awt.EventDispatchThread.run(EventDispatchThread.java:90) ~[?:?]
2025-11-16 18:40:33,643 [WARN] ThirdParty:871 - waiting for thirdparty lock release [close project]
2025-11-16 18:40:33,643 [INFO] ThirdParty:873 - entering critical section [close project]
2025-11-16 18:40:33,644 [INFO] ThirdParty:883 - exiting critical section [close project]
2025-11-16 18:40:33,645 [INFO] PinOutPanel:1561 - setPackage(No Configuration,No Configuration)
2025-11-16 18:40:33,649 [WARN] IpParametersView:151 - Warning: This peripheral hasn't parameters
2025-11-16 18:40:33,653 [WARN] MainPanel:272 - <html><b><center>Warning: This peripheral has no parameters to be configured<br></b></html>
2025-11-16 18:40:33,659 [INFO] UtilMem:75 - Begin LoadConfig() Used Memory: 748459008 Bytes (1073741824)
2025-11-16 18:40:33,659 [INFO] MicroXplorer:468 - Change Database Path : 
2025-11-16 18:40:33,659 [INFO] MicroXplorer:498 - Change Database Version : DB.6.0.110
2025-11-16 18:40:33,659 [INFO] OpenFileManager:312 - Change cursor
2025-11-16 18:40:33,665 [INFO] Mcu:2021 - Initializing MCU STM32F446R(C-E)Tx STM32F446RETx STM32F446RET6
2025-11-16 18:40:34,591 [INFO] Context:663 - Trying to add GPIOservice into a context  which must be forbidden
2025-11-16 18:40:35,076 [INFO] RtosManager:555 - Registered RTOS mode: class=CMSIS, group=RTOS, mode=CMSIS_V1, owner=FREERTOS
2025-11-16 18:40:35,076 [INFO] RtosManager:555 - Registered RTOS mode: class=CMSIS, group=RTOS2, mode=CMSIS_V2, owner=FREERTOS
2025-11-16 18:40:35,076 [INFO] RtosManager:555 - Registered RTOS mode: class=RTOS, group=Core, mode=CMSIS_V1, owner=FREERTOS
2025-11-16 18:40:35,076 [INFO] RtosManager:555 - Registered RTOS mode: class=RTOS, group=Core, mode=CMSIS_V2, owner=FREERTOS
2025-11-16 18:40:35,076 [WARN] ModelIntegratedComponent:184 - Missing modes for component STMicroelectronics:FreeRTOS:0.0.1:STMicroelectronics:RTOS:FreeRTOS:Core:::10.2.0:
2025-11-16 18:40:35,078 [WARN] ModelIntegratedComponent:63 - No mode defined for component null
2025-11-16 18:40:35,079 [WARN] ModelIntegratedComponent:63 - No mode defined for component null
2025-11-16 18:40:35,079 [WARN] ModelIntegratedComponent:63 - No mode defined for component null
2025-11-16 18:40:35,079 [WARN] ModelIntegratedComponent:63 - No mode defined for component null
2025-11-16 18:40:35,079 [WARN] ModelIntegratedComponent:63 - No mode defined for component null
2025-11-16 18:40:35,079 [WARN] ModelIntegratedComponent:63 - No mode defined for component null
2025-11-16 18:40:35,079 [WARN] ModelIntegratedComponent:63 - No mode defined for component null
2025-11-16 18:40:35,079 [WARN] ModelIntegratedComponent:63 - No mode defined for component null
2025-11-16 18:40:35,079 [WARN] ModelIntegratedComponent:63 - No mode defined for component null
2025-11-16 18:40:35,079 [WARN] ModelIntegratedComponent:63 - No mode defined for component null
2025-11-16 18:40:35,079 [WARN] ModelIntegratedComponent:63 - No mode defined for component null
2025-11-16 18:40:35,079 [WARN] ModelIntegratedComponent:63 - No mode defined for component null
2025-11-16 18:40:35,079 [WARN] ModelIntegratedComponent:63 - No mode defined for component null
2025-11-16 18:40:35,079 [WARN] ModelIntegratedComponent:63 - No mode defined for component null
2025-11-16 18:40:35,079 [WARN] ModelIntegratedComponent:63 - No mode defined for component null
2025-11-16 18:40:35,079 [WARN] ModelIntegratedComponent:63 - No mode defined for component null
2025-11-16 18:40:35,079 [WARN] ModelIntegratedComponent:63 - No mode defined for component null
2025-11-16 18:40:35,079 [WARN] ModelIntegratedComponent:63 - No mode defined for component null
2025-11-16 18:40:35,079 [WARN] ModelIntegratedComponent:63 - No mode defined for component null
2025-11-16 18:40:35,079 [WARN] ModelIntegratedComponent:63 - No mode defined for component null
2025-11-16 18:40:35,079 [WARN] ModelIntegratedComponent:63 - No mode defined for component null
2025-11-16 18:40:35,079 [WARN] ModelIntegratedComponent:63 - No mode defined for component null
2025-11-16 18:40:35,079 [WARN] ModelIntegratedComponent:63 - No mode defined for component null
2025-11-16 18:40:35,079 [WARN] ModelIntegratedComponent:63 - No mode defined for component null
2025-11-16 18:40:35,079 [WARN] ModelIntegratedComponent:63 - No mode defined for component null
2025-11-16 18:40:35,079 [WARN] ModelIntegratedComponent:63 - No mode defined for component null
2025-11-16 18:40:35,079 [WARN] ModelIntegratedComponent:63 - No mode defined for component null
2025-11-16 18:40:35,079 [WARN] ModelIntegratedComponent:63 - No mode defined for component null
2025-11-16 18:40:35,079 [WARN] ModelIntegratedComponent:63 - No mode defined for component null
2025-11-16 18:40:35,079 [WARN] ModelIntegratedComponent:63 - No mode defined for component null
2025-11-16 18:40:35,079 [WARN] ModelIntegratedComponent:63 - No mode defined for component null
2025-11-16 18:40:35,079 [WARN] ModelIntegratedComponent:63 - No mode defined for component null
2025-11-16 18:40:35,079 [WARN] ModelIntegratedComponent:63 - No mode defined for component null
2025-11-16 18:40:35,079 [WARN] ModelIntegratedComponent:63 - No mode defined for component null
2025-11-16 18:40:35,244 [INFO] ThirdPartyModel:298 - Start build external matchings
2025-11-16 18:40:35,778 [INFO] ThirdPartyModel:316 - End build external matchings
2025-11-16 18:40:35,791 [INFO] ImportTextPane:194 - (OptionalMessage_ERROR) IP (RCC) : Invalid parameter (48MHZClocksFreq_Value)
2025-11-16 18:40:35,791 [INFO] ImportTextPane:194 - (OptionalMessage_ERROR) IP (RCC) : Invalid parameter (EthernetFreq_Value)
2025-11-16 18:40:35,793 [INFO] ImportTextPane:194 - (OptionalMessage_ERROR) IP (RCC) : Parameter (FLatency) has Id (AdvancedSettings) currently not set
2025-11-16 18:40:35,793 [INFO] ImportTextPane:194 - (OptionalMessage_ERROR) IP (RCC) : Invalid parameter (FamilyName)
2025-11-16 18:40:35,793 [INFO] ImportTextPane:194 - (OptionalMessage_ERROR) IP (RCC) : Invalid parameter (I2SClocksFreq_Value)
2025-11-16 18:40:35,793 [INFO] ImportTextPane:194 - (OptionalMessage_ERROR) IP (RCC) : Parameter (MCO2PinFreq_Value) has invalid value (180000000)
2025-11-16 18:40:35,793 [INFO] ImportTextPane:194 - (OptionalMessage_ERROR) IP (RCC) : Parameter (SDIOFreq_Value) has invalid value (180000000)
2025-11-16 18:40:35,793 [INFO] ImportTextPane:194 - (OptionalMessage_ERROR) IP (RCC) : Parameter (USBFreq_Value) has invalid value (180000000)
2025-11-16 18:40:35,793 [INFO] ImportTextPane:194 - (OptionalMessage_ERROR) IP (RCC) : Invalid parameter (VCOInputMFreq_Value)
2025-11-16 18:40:35,793 [INFO] ImportTextPane:194 - (OptionalMessage_ERROR) IP (RCC) : Invalid parameter (VcooutputI2S)
2025-11-16 18:40:36,024 [INFO] UtilMem:75 - End LoadConfig() Used Memory: 773379120 Bytes (1073741824)
2025-11-16 18:40:36,049 [WARN] ThirdParty:833 - waiting for thirdparty lock release [change project]
2025-11-16 18:40:36,050 [INFO] ThirdParty:835 - entering critical section [change project]
2025-11-16 18:40:36,050 [INFO] ThirdParty:1030 - CMSIS Pack Vendor :STMicroelectronics X-CUBE-PM33A1 1.0.0
2025-11-16 18:40:36,050 [INFO] ThirdParty:1030 - CMSIS Pack Vendor :STMicroelectronics USBPD 4.1
2025-11-16 18:40:36,050 [INFO] ThirdParty:1030 - CMSIS Pack Vendor :STMicroelectronics X-CUBE-GNSS1 6.0.0
2025-11-16 18:40:36,050 [INFO] ThirdParty:1030 - CMSIS Pack Vendor :STMicroelectronics USB_HOST 2.0.0
2025-11-16 18:40:36,050 [INFO] ThirdParty:1030 - CMSIS Pack Vendor :STMicroelectronics FP-SNS-MOTENVWB1 1.4.0
2025-11-16 18:40:36,050 [INFO] ThirdParty:1030 - CMSIS Pack Vendor :STMicroelectronics X-CUBE-AZRTOS-F4 1.1.0
2025-11-16 18:40:36,050 [INFO] ThirdParty:1030 - CMSIS Pack Vendor :STMicroelectronics LIBJPEG 8.0.0
2025-11-16 18:40:36,050 [INFO] ThirdParty:1030 - CMSIS Pack Vendor :STMicroelectronics FP-ATR-ASTRA1 2.0.2
2025-11-16 18:40:36,050 [INFO] ThirdParty:1030 - CMSIS Pack Vendor :STMicroelectronics X-CUBE-SMBUS 2.1.0
2025-11-16 18:40:36,050 [INFO] ThirdParty:1030 - CMSIS Pack Vendor :STMicroelectronics X-CUBE-ISPU 2.1.0
2025-11-16 18:40:36,050 [INFO] ThirdParty:1030 - CMSIS Pack Vendor :STMicroelectronics X-CUBE-FREERTOS 1.2.0
2025-11-16 18:40:36,050 [INFO] ThirdParty:1030 - CMSIS Pack Vendor :STMicroelectronics X-CUBE-NFC12 1.0.0
2025-11-16 18:40:36,050 [INFO] ThirdParty:1030 - CMSIS Pack Vendor :STMicroelectronics X-CUBE-TOUCHGFX 4.23.2
2025-11-16 18:40:36,050 [INFO] ThirdParty:1030 - CMSIS Pack Vendor :STMicroelectronics X-CUBE-AZRTOS-F7 1.1.0
2025-11-16 18:40:36,050 [INFO] ThirdParty:1030 - CMSIS Pack Vendor :STMicroelectronics X-CUBE-AZRTOS-L5 2.0.0
2025-11-16 18:40:36,050 [INFO] ThirdParty:1030 - CMSIS Pack Vendor :STMicroelectronics USB_DEVICE 2.0.0
2025-11-16 18:40:36,050 [INFO] ThirdParty:1030 - CMSIS Pack Vendor :STMicroelectronics X-CUBE-NFC6 3.1.0
2025-11-16 18:40:36,050 [INFO] ThirdParty:1030 - CMSIS Pack Vendor :STMicroelectronics FreeRTOS 0.0.1
2025-11-16 18:40:36,050 [INFO] ThirdParty:1030 - CMSIS Pack Vendor :STMicroelectronics X-CUBE-DPower 1.2.0
2025-11-16 18:40:36,050 [INFO] ThirdParty:1030 - CMSIS Pack Vendor :STMicroelectronics FP-SNS-FLIGHT1 5.0.2
2025-11-16 18:40:36,050 [INFO] ThirdParty:1030 - CMSIS Pack Vendor :STMicroelectronics X-CUBE-AI 9.0.0
2025-11-16 18:40:36,050 [INFO] ThirdParty:1030 - CMSIS Pack Vendor :STMicroelectronics PDM2PCM 3.3.0
2025-11-16 18:40:36,050 [INFO] ThirdParty:1030 - CMSIS Pack Vendor :STMicroelectronics X-CUBE-AZRTOS-H7 3.4.0
2025-11-16 18:40:36,050 [INFO] ThirdParty:1030 - CMSIS Pack Vendor :STMicroelectronics X-CUBE-DISPLAY 3.0.0
2025-11-16 18:40:36,050 [INFO] ThirdParty:1030 - CMSIS Pack Vendor :STMicroelectronics X-CUBE-BLE1 7.0.0
2025-11-16 18:40:36,050 [INFO] ThirdParty:1030 - CMSIS Pack Vendor :STMicroelectronics X-CUBE-NFC10 1.0.0
2025-11-16 18:40:36,050 [INFO] ThirdParty:1030 - CMSIS Pack Vendor :STMicroelectronics X-CUBE-BLEMGR 4.0.0
2025-11-16 18:40:36,050 [INFO] ThirdParty:1030 - CMSIS Pack Vendor :STMicroelectronics X-CUBE-FREERTOS 1.3.1
2025-11-16 18:40:36,050 [INFO] ThirdParty:1030 - CMSIS Pack Vendor :STMicroelectronics HAL Drivers 0.0.0
2025-11-16 18:40:36,050 [INFO] ThirdParty:1030 - CMSIS Pack Vendor :emotas I-CUBE-CANOPEN 1.3.0
2025-11-16 18:40:36,050 [INFO] ThirdParty:1030 - CMSIS Pack Vendor :STMicroelectronics X-CUBE-NFC7 1.0.1
2025-11-16 18:40:36,050 [INFO] ThirdParty:1030 - CMSIS Pack Vendor :STMicroelectronics MBEDTLS 2.14.1
2025-11-16 18:40:36,050 [INFO] ThirdParty:1030 - CMSIS Pack Vendor :STMicroelectronics X-CUBE-GNSS1 7.1.0
2025-11-16 18:40:36,050 [INFO] ThirdParty:1030 - CMSIS Pack Vendor :wolfSSL I-CUBE-wolfTPM 3.2.0
2025-11-16 18:40:36,050 [INFO] ThirdParty:1030 - CMSIS Pack Vendor :STMicroelectronics X-CUBE-TOUCHGFX 4.26.0
2025-11-16 18:40:36,050 [INFO] ThirdParty:1030 - CMSIS Pack Vendor :quantropi X-CUBE-qispace-sdk-base 2.0.0
2025-11-16 18:40:36,050 [INFO] ThirdParty:1030 - CMSIS Pack Vendor :STMicroelectronics X-CUBE-BLEMGR 3.1.0
2025-11-16 18:40:36,050 [INFO] ThirdParty:1030 - CMSIS Pack Vendor :STMicroelectronics X-CUBE-AI 10.0.0
2025-11-16 18:40:36,050 [INFO] ThirdParty:1030 - CMSIS Pack Vendor :STMicroelectronics FP-SNS-SMARTAG2 1.2.0
2025-11-16 18:40:36,050 [INFO] ThirdParty:1030 - CMSIS Pack Vendor :STMicroelectronics X-CUBE-AZRTOS-WL 2.0.0
2025-11-16 18:40:36,050 [INFO] ThirdParty:1030 - CMSIS Pack Vendor :STMicroelectronics X-CUBE-DPower 1.3.0
2025-11-16 18:40:36,050 [INFO] ThirdParty:1030 - CMSIS Pack Vendor :STMicroelectronics FP-SNS-MOTENV1 5.0.0
2025-11-16 18:40:36,050 [INFO] ThirdParty:1030 - CMSIS Pack Vendor :STMicroelectronics USB_DEVICE 1.0.0
2025-11-16 18:40:36,050 [INFO] ThirdParty:1030 - CMSIS Pack Vendor :wolfSSL I-CUBE-wolfMQTT 1.19.0
2025-11-16 18:40:36,050 [INFO] ThirdParty:1030 - CMSIS Pack Vendor :STMicroelectronics X-CUBE-AZRTOS-L4 2.0.0
2025-11-16 18:40:36,050 [INFO] ThirdParty:1030 - CMSIS Pack Vendor :STMicroelectronics ThreadX 0.0.2
2025-11-16 18:40:36,050 [INFO] ThirdParty:1030 - CMSIS Pack Vendor :WES I-CUBE-Cesium 1.3.0
2025-11-16 18:40:36,050 [INFO] ThirdParty:1030 - CMSIS Pack Vendor :STMicroelectronics lwIP 2.1.2
2025-11-16 18:40:36,050 [INFO] ThirdParty:1030 - CMSIS Pack Vendor :STMicroelectronics X-CUBE-SFXS2LP1 4.0.0
2025-11-16 18:40:36,050 [INFO] ThirdParty:1030 - CMSIS Pack Vendor :STMicroelectronics X-CUBE-BLE2 3.3.0
2025-11-16 18:40:36,050 [INFO] ThirdParty:1030 - CMSIS Pack Vendor :STMicroelectronics PDM2PCM 3.2.0
2025-11-16 18:40:36,050 [INFO] ThirdParty:1030 - CMSIS Pack Vendor :STMicroelectronics X-CUBE-AZRTOS-H7 3.3.0
2025-11-16 18:40:36,050 [INFO] ThirdParty:1030 - CMSIS Pack Vendor :STMicroelectronics X-CUBE-NFC9 1.0.0
2025-11-16 18:40:36,050 [INFO] ThirdParty:1030 - CMSIS Pack Vendor :STMicroelectronics X-CUBE-BLE1 7.1.0
2025-11-16 18:40:36,050 [INFO] ThirdParty:1030 - CMSIS Pack Vendor :STMicroelectronics USB_DEVICE 3.0.0
2025-11-16 18:40:36,050 [INFO] ThirdParty:1030 - CMSIS Pack Vendor :STMicroelectronics X-CUBE-TCPP 4.1.0
2025-11-16 18:40:36,050 [INFO] ThirdParty:1030 - CMSIS Pack Vendor :STMicroelectronics X-CUBE-EEPRMA1 5.2.0
2025-11-16 18:40:36,050 [INFO] ThirdParty:1030 - CMSIS Pack Vendor :STMicroelectronics X-CUBE-AZRTOS-WB 2.0.0
2025-11-16 18:40:36,050 [INFO] ThirdParty:1030 - CMSIS Pack Vendor :STMicroelectronics X-CUBE-GNSS1 7.0.1
2025-11-16 18:40:36,050 [INFO] ThirdParty:1030 - CMSIS Pack Vendor :STMicroelectronics X-CUBE-TOUCHGFX 4.25.0
2025-11-16 18:40:36,050 [INFO] ThirdParty:1030 - CMSIS Pack Vendor :STMicroelectronics X-CUBE-AI 10.1.0
2025-11-16 18:40:36,050 [INFO] ThirdParty:1030 - CMSIS Pack Vendor :STMicroelectronics FP-SNS-STBOX1 2.0.0
2025-11-16 18:40:36,050 [INFO] ThirdParty:1030 - CMSIS Pack Vendor :STMicroelectronics X-CUBE-ALGOBUILD 1.3.0
2025-11-16 18:40:36,050 [INFO] ThirdParty:1030 - CMSIS Pack Vendor :STMicroelectronics X-CUBE-MEMS1 11.2.0
2025-11-16 18:40:36,050 [INFO] ThirdParty:1030 - CMSIS Pack Vendor :STMicroelectronics X-CUBE-AZRTOS-G0 1.1.0
2025-11-16 18:40:36,050 [INFO] ThirdParty:1030 - CMSIS Pack Vendor :STMicroelectronics X-CUBE-SAFEA1 1.2.2
2025-11-16 18:40:36,050 [INFO] ThirdParty:1030 - CMSIS Pack Vendor :STMicroelectronics X-CUBE-NFC4 3.0.0
2025-11-16 18:40:36,050 [INFO] ThirdParty:1030 - CMSIS Pack Vendor :STMicroelectronics X-CUBE-SUBG2 5.0.0
2025-11-16 18:40:36,050 [INFO] ThirdParty:1030 - CMSIS Pack Vendor :STMicroelectronics X-CUBE-AZRTOS-H7RS 1.1.0
2025-11-16 18:40:36,050 [INFO] ThirdParty:1030 - CMSIS Pack Vendor :STMicroelectronics STM32_WPAN 1.0.0
2025-11-16 18:40:36,050 [INFO] ThirdParty:1030 - CMSIS Pack Vendor :EmbeddedOffice I-CUBE-FS-RTOS 1.0.1
2025-11-16 18:40:36,050 [INFO] ThirdParty:1030 - CMSIS Pack Vendor :STMicroelectronics lwIP 2.0.3
2025-11-16 18:40:36,050 [INFO] ThirdParty:1030 - CMSIS Pack Vendor :Cesanta I-CUBE-Mongoose 7.13.0
2025-11-16 18:40:36,050 [INFO] ThirdParty:1030 - CMSIS Pack Vendor :STMicroelectronics USB_HOST 1.0.0
2025-11-16 18:40:36,050 [INFO] ThirdParty:1030 - CMSIS Pack Vendor :STMicroelectronics X-CUBE-AZRTOS-G4 2.0.0
2025-11-16 18:40:36,050 [INFO] ThirdParty:1030 - CMSIS Pack Vendor :STMicroelectronics X-CUBE-WB05N 2.0.0
2025-11-16 18:40:36,050 [INFO] ThirdParty:1030 - CMSIS Pack Vendor :STMicroelectronics PDM2PCM 3.1.0
2025-11-16 18:40:36,050 [INFO] ThirdParty:1030 - CMSIS Pack Vendor :STMicroelectronics X-CUBE-NFC7 2.0.0
2025-11-16 18:40:36,050 [INFO] ThirdParty:1030 - CMSIS Pack Vendor :RealThread X-CUBE-RT-Thread_Nano 4.1.1
2025-11-16 18:40:36,050 [INFO] ThirdParty:1030 - CMSIS Pack Vendor :wolfSSL I-CUBE-wolfSSL 5.7.0
2025-11-16 18:40:36,050 [INFO] ThirdParty:1030 - CMSIS Pack Vendor :STMicroelectronics FP-ATR-SIGFOX1 3.2.0
2025-11-16 18:40:36,050 [INFO] ThirdParty:1030 - CMSIS Pack Vendor :STMicroelectronics X-CUBE-ISPU 2.0.0
2025-11-16 18:40:36,050 [INFO] ThirdParty:1030 - CMSIS Pack Vendor :STMicroelectronics X-CUBE-EEPRMA1 5.1.0
2025-11-16 18:40:36,050 [INFO] ThirdParty:1030 - CMSIS Pack Vendor :STMicroelectronics MBEDTLS 2.16.2
2025-11-16 18:40:36,050 [INFO] ThirdParty:1030 - CMSIS Pack Vendor :STMicroelectronics X-CUBE-ALS 1.0.2
2025-11-16 18:40:36,050 [INFO] ThirdParty:1030 - CMSIS Pack Vendor :STMicroelectronics X-CUBE-MEMS1 10.0.0
2025-11-16 18:40:36,050 [INFO] ThirdParty:1030 - CMSIS Pack Vendor :STMicroelectronics X-CUBE-FREERTOS 1.1.0
2025-11-16 18:40:36,050 [INFO] ThirdParty:1030 - CMSIS Pack Vendor :STMicroelectronics X-CUBE-TOUCHGFX 4.24.0
2025-11-16 18:40:36,050 [INFO] ThirdParty:1030 - CMSIS Pack Vendor :ITTIA_DB I-CUBE-ITTIADB 8.9.0
2025-11-16 18:40:36,050 [INFO] ThirdParty:1030 - CMSIS Pack Vendor :STMicroelectronics X-CUBE-STSE01 1.0.0
2025-11-16 18:40:36,050 [INFO] ThirdParty:1030 - CMSIS Pack Vendor :portGmbH I-Cube-SoM-uGOAL 1.1.0
2025-11-16 18:40:36,050 [INFO] ThirdParty:1030 - CMSIS Pack Vendor :STMicroelectronics X-CUBE-ALS 1.0.1
2025-11-16 18:40:36,050 [INFO] ThirdParty:1030 - CMSIS Pack Vendor :STMicroelectronics X-CUBE-AI 10.2.0
2025-11-16 18:40:36,050 [INFO] ThirdParty:1030 - CMSIS Pack Vendor :STMicroelectronics ThreadX 1.0.0
2025-11-16 18:40:36,050 [INFO] ThirdParty:1030 - CMSIS Pack Vendor :SEGGER I-CUBE-embOS 1.3.1
2025-11-16 18:40:36,050 [INFO] ThirdParty:1030 - CMSIS Pack Vendor :STMicroelectronics X-CUBE-ALGOBUILD 1.4.0
2025-11-16 18:40:36,050 [INFO] ThirdParty:1030 - CMSIS Pack Vendor :STMicroelectronics X-CUBE-MEMS1 11.3.0
2025-11-16 18:40:36,050 [INFO] ThirdParty:1030 - CMSIS Pack Vendor :STMicroelectronics X-CUBE-AZRTOS-H7RS 1.0.0
2025-11-16 18:40:36,050 [INFO] ThirdParty:1030 - CMSIS Pack Vendor :STMicroelectronics FP-ATR-ASTRA1 2.0.0
2025-11-16 18:40:36,050 [INFO] ThirdParty:1030 - CMSIS Pack Vendor :STMicroelectronics X-CUBE-TOF1 3.4.2
2025-11-16 18:40:36,050 [INFO] ThirdParty:1030 - CMSIS Pack Vendor :STMicroelectronics X-CUBE-TOF1 3.4.1
2025-11-16 18:40:36,050 [INFO] ThirdParty:1030 - CMSIS Pack Vendor :STMicroelectronics X-CUBE-AZRTOS-H7 3.2.0
2025-11-16 18:40:36,050 [INFO] ThirdParty:1030 - CMSIS Pack Vendor :Infineon AIROC-Wi-Fi-Bluetooth-STM32 1.6.0
2025-11-16 18:40:36,050 [INFO] ThirdParty:1030 - CMSIS Pack Vendor :wolfSSL I-CUBE-wolfSSH 1.4.17
2025-11-16 18:40:36,051 [INFO] ThirdParty:841 - exiting critical section [change project]
2025-11-16 18:40:36,160 [INFO] PinOutPanel:1561 - setPackage(No Configuration,No Configuration)
2025-11-16 18:40:36,160 [INFO] PinOutPanel:1561 - setPackage(STM32F446RETx,LQFP64)
2025-11-16 18:40:36,465 [INFO] UtilMem:75 - Before build in PCC Used Memory: 821203072 Bytes (1073741824)
2025-11-16 18:40:36,680 [INFO] UtilMem:75 - After build in PCC Used Memory: 870486144 Bytes (1073741824)
2025-11-16 18:40:36,693 [INFO] IPUIPlugin:80 - create IPUIPlugin
2025-11-16 18:40:36,693 [INFO] IPUIPlugin:80 - create IPUIPlugin
2025-11-16 18:40:36,693 [INFO] IPUIPlugin:80 - create IPUIPlugin
2025-11-16 18:40:36,693 [INFO] IPUIPlugin:80 - create IPUIPlugin
2025-11-16 18:40:36,693 [INFO] IPUIPlugin:80 - create IPUIPlugin
2025-11-16 18:40:36,693 [INFO] IPUIPlugin:80 - create IPUIPlugin
2025-11-16 18:40:36,693 [INFO] IPUIPlugin:80 - create IPUIPlugin
2025-11-16 18:40:36,693 [INFO] IPUIPlugin:80 - create IPUIPlugin
2025-11-16 18:40:36,693 [INFO] IPUIPlugin:80 - create IPUIPlugin
2025-11-16 18:40:36,693 [INFO] IPUIPlugin:80 - create IPUIPlugin
2025-11-16 18:40:36,693 [INFO] IPUIPlugin:80 - create IPUIPlugin
2025-11-16 18:40:36,693 [INFO] IPUIPlugin:80 - create IPUIPlugin
2025-11-16 18:40:36,693 [INFO] IPUIPlugin:80 - create IPUIPlugin
2025-11-16 18:40:36,693 [INFO] IPUIPlugin:80 - create IPUIPlugin
2025-11-16 18:40:36,693 [INFO] IPUIPlugin:80 - create IPUIPlugin
2025-11-16 18:40:36,693 [INFO] IPUIPlugin:80 - create IPUIPlugin
2025-11-16 18:40:36,693 [INFO] IPUIPlugin:80 - create IPUIPlugin
2025-11-16 18:40:36,693 [INFO] IPUIPlugin:80 - create IPUIPlugin
2025-11-16 18:40:36,693 [INFO] IPUIPlugin:80 - create IPUIPlugin
2025-11-16 18:40:36,694 [INFO] IPUIPlugin:80 - create IPUIPlugin
2025-11-16 18:40:36,694 [INFO] IPUIPlugin:80 - create IPUIPlugin
2025-11-16 18:40:36,694 [INFO] IPUIPlugin:80 - create IPUIPlugin
2025-11-16 18:40:36,694 [INFO] IPUIPlugin:80 - create IPUIPlugin
2025-11-16 18:40:36,694 [INFO] IPUIPlugin:80 - create IPUIPlugin
2025-11-16 18:40:36,694 [INFO] IPUIPlugin:80 - create IPUIPlugin
2025-11-16 18:40:36,694 [INFO] IPUIPlugin:80 - create IPUIPlugin
2025-11-16 18:40:36,694 [INFO] IPUIPlugin:80 - create IPUIPlugin
2025-11-16 18:40:36,694 [INFO] IPUIPlugin:80 - create IPUIPlugin
2025-11-16 18:40:36,694 [INFO] IPUIPlugin:80 - create IPUIPlugin
2025-11-16 18:40:36,694 [INFO] IPUIPlugin:80 - create IPUIPlugin
2025-11-16 18:40:36,694 [INFO] IPUIPlugin:80 - create IPUIPlugin
2025-11-16 18:40:36,695 [INFO] IPUIPlugin:80 - create IPUIPlugin
2025-11-16 18:40:36,695 [INFO] IPUIPlugin:80 - create IPUIPlugin
2025-11-16 18:40:36,695 [INFO] IPUIPlugin:80 - create IPUIPlugin
2025-11-16 18:40:36,695 [INFO] IPUIPlugin:80 - create IPUIPlugin
2025-11-16 18:40:36,695 [INFO] IPUIPlugin:80 - create IPUIPlugin
2025-11-16 18:40:36,695 [INFO] IPUIPlugin:80 - create IPUIPlugin
2025-11-16 18:40:36,695 [INFO] IPUIPlugin:80 - create IPUIPlugin
2025-11-16 18:40:36,695 [INFO] IPUIPlugin:80 - create IPUIPlugin
2025-11-16 18:40:36,695 [INFO] IPUIPlugin:80 - create IPUIPlugin
2025-11-16 18:40:36,696 [INFO] IPUIPlugin:80 - create IPUIPlugin
2025-11-16 18:40:36,696 [INFO] IPUIPlugin:80 - create IPUIPlugin
2025-11-16 18:40:36,696 [INFO] IPUIPlugin:80 - create IPUIPlugin
2025-11-16 18:40:36,696 [INFO] IPUIPlugin:80 - create IPUIPlugin
2025-11-16 18:40:36,697 [INFO] IPUIPlugin:80 - create IPUIPlugin
2025-11-16 18:40:36,697 [INFO] IPUIPlugin:80 - create IPUIPlugin
2025-11-16 18:40:36,697 [INFO] IPUIPlugin:80 - create IPUIPlugin
2025-11-16 18:40:36,697 [INFO] IPUIPlugin:80 - create IPUIPlugin
2025-11-16 18:40:36,697 [INFO] IPUIPlugin:80 - create IPUIPlugin
2025-11-16 18:40:36,697 [INFO] IPUIPlugin:80 - create IPUIPlugin
2025-11-16 18:40:36,697 [INFO] IPUIPlugin:80 - create IPUIPlugin
2025-11-16 18:40:36,698 [INFO] IPUIPlugin:80 - create IPUIPlugin
2025-11-16 18:40:36,698 [INFO] IPUIPlugin:80 - create IPUIPlugin
2025-11-16 18:40:36,698 [INFO] IPUIPlugin:80 - create IPUIPlugin
2025-11-16 18:40:36,698 [INFO] IPUIPlugin:80 - create IPUIPlugin
2025-11-16 18:40:36,698 [INFO] IPUIPlugin:80 - create IPUIPlugin
2025-11-16 18:40:36,699 [INFO] IPUIPlugin:80 - create IPUIPlugin
2025-11-16 18:40:36,699 [INFO] IPUIPlugin:80 - create IPUIPlugin
2025-11-16 18:40:36,699 [INFO] IPUIPlugin:80 - create IPUIPlugin
2025-11-16 18:40:36,700 [INFO] IPUIPlugin:80 - create IPUIPlugin
2025-11-16 18:40:36,706 [INFO] ApiDbMcu:508 - Load IP Config File for PDM2PCM
2025-11-16 18:40:36,708 [INFO] Can:71 - Can Add PropertyChangeListener com.st.microxplorer.plugins.ip.can.Can@74b0d65c
2025-11-16 18:40:36,751 [INFO] CADModel:165 - CPN selected for project levelSTM32F446RET6
2025-11-16 18:40:36,751 [INFO] CADModel:114 - Register for checkConnection events
2025-11-16 18:40:36,806 [INFO] OpenFileManager:343 - Restore cursor
2025-11-16 18:41:04,574 [INFO] MainUpdater:2873 - connection check result : 10
2025-11-16 18:41:04,750 [INFO] McuFinderGlobals:76 - Set McuFinderConnectedMode to true
2025-11-16 18:41:04,760 [INFO] MultiScanPanel:200 - Auto-refresh data requested => check proxy status ongoing
2025-11-16 18:41:04,763 [INFO] FinderPluginLoader:95 - Searching for filters in installed packs
2025-11-16 18:41:05,861 [INFO] LoadUrlFilesThread:185 - End of LoadServerUrlFiles without Thread
2025-11-16 18:41:05,878 [INFO] DetailPanel:341 - Set advertising image to C:/Users/Aditya/STM32Cube/Repository/\en.mcu-finder-preevent.jpg
2025-11-16 18:41:38,341 [INFO] MainUpdater:2873 - connection check result : 10
2025-11-16 18:41:38,423 [INFO] McuFinderGlobals:76 - Set McuFinderConnectedMode to true
2025-11-16 18:41:38,423 [INFO] MultiScanPanel:200 - Auto-refresh data requested => check proxy status ongoing
2025-11-16 18:41:38,424 [INFO] FinderPluginLoader:95 - Searching for filters in installed packs
2025-11-16 18:41:39,124 [INFO] LoadUrlFilesThread:185 - End of LoadServerUrlFiles without Thread
2025-11-16 18:41:39,124 [INFO] DetailPanel:341 - Set advertising image to C:/Users/Aditya/STM32Cube/Repository/\en.mcu-finder-preevent.jpg
2025-11-16 18:41:50,494 [INFO] MultiScanPanel:200 - Auto-refresh data requested => check proxy status ongoing
2025-11-16 18:41:50,577 [INFO] LoadUrlFilesThread:185 - End of LoadServerUrlFiles without Thread
2025-11-16 18:41:50,577 [INFO] DetailPanel:341 - Set advertising image to C:/Users/Aditya/STM32Cube/Repository/\en.mcu-finder-preevent.jpg
2025-11-16 18:41:50,589 [INFO] DbBoards:642 - Loading board mini-images...
2025-11-16 18:41:53,543 [INFO] DbBoards:665 - Loaded 211 board mini-images
2025-11-16 18:43:02,094 [INFO] MainUpdater:2873 - connection check result : 10
2025-11-16 18:43:02,094 [INFO] MainUpdater:2873 - connection check result : 10
2025-11-16 18:43:02,107 [INFO] MicroXplorer:468 - Change Database Path : 
2025-11-16 18:43:02,107 [INFO] MicroXplorer:498 - Change Database Version : DB.6.0.110
2025-11-16 18:43:02,112 [ERROR] ProjectManagerView:394 - 
java.lang.NullPointerException: Cannot invoke "javax.swing.JTextField.getText()" because the return value of "java.util.List.get(int)" is null
	at com.st.microxplorer.plugins.projectmanager.gui.ProjectChoiceTab$10.caretUpdate(ProjectChoiceTab.java:2504) ~[filemanager.jar:?]
	at javax.swing.text.JTextComponent.fireCaretUpdate(JTextComponent.java:412) ~[?:?]
	at javax.swing.text.JTextComponent$MutableCaretEvent.fire(JTextComponent.java:4491) ~[?:?]
	at javax.swing.text.JTextComponent$MutableCaretEvent.stateChanged(JTextComponent.java:4513) ~[?:?]
	at javax.swing.text.DefaultCaret.fireStateChanged(DefaultCaret.java:842) ~[?:?]
	at javax.swing.text.DefaultCaret.changeCaretPosition(DefaultCaret.java:1313) ~[?:?]
	at javax.swing.text.DefaultCaret.handleSetDot(DefaultCaret.java:1212) ~[?:?]
	at javax.swing.text.DefaultCaret.setDot(DefaultCaret.java:1193) ~[?:?]
	at javax.swing.text.DefaultCaret$Handler.insertUpdate(DefaultCaret.java:1789) ~[?:?]
	at javax.swing.text.AbstractDocument.fireInsertUpdate(AbstractDocument.java:226) ~[?:?]
	at javax.swing.text.AbstractDocument.handleInsertString(AbstractDocument.java:780) ~[?:?]
	at javax.swing.text.AbstractDocument.insertString(AbstractDocument.java:739) ~[?:?]
	at javax.swing.text.PlainDocument.insertString(PlainDocument.java:131) ~[?:?]
	at javax.swing.text.AbstractDocument.replace(AbstractDocument.java:698) ~[?:?]
	at javax.swing.text.JTextComponent.setText(JTextComponent.java:1729) ~[?:?]
	at com.st.microxplorer.plugins.projectmanager.gui.ProjectChoiceTab.createHeapStackFields(ProjectChoiceTab.java:944) ~[filemanager.jar:?]
	at com.st.microxplorer.plugins.projectmanager.gui.ProjectChoiceTab.buildLinkSettingsPanel(ProjectChoiceTab.java:3475) ~[filemanager.jar:?]
	at com.st.microxplorer.plugins.projectmanager.gui.ProjectChoiceTab.defineWindowsFields(ProjectChoiceTab.java:1816) ~[filemanager.jar:?]
	at com.st.microxplorer.plugins.projectmanager.gui.ProjectChoiceTab.updateSettings(ProjectChoiceTab.java:544) ~[filemanager.jar:?]
	at com.st.microxplorer.plugins.projectmanager.gui.ProjectSettingsPanel.UpdateDialog(ProjectSettingsPanel.java:245) ~[filemanager.jar:?]
	at com.st.microxplorer.plugins.projectmanager.ProjectManagerView.propertyChange(ProjectManagerView.java:391) ~[filemanager.jar:?]
	at java.beans.PropertyChangeSupport.fire(PropertyChangeSupport.java:343) ~[?:?]
	at java.beans.PropertyChangeSupport.firePropertyChange(PropertyChangeSupport.java:335) ~[?:?]
	at java.beans.PropertyChangeSupport.firePropertyChange(PropertyChangeSupport.java:268) ~[?:?]
	at com.st.microxplorer.util.MXPropertyChangeSupport.firePropertyChange(MXPropertyChangeSupport.java:54) ~[STM32CubeMX.jar:?]
	at com.st.microxplorer.mxsystem.MxSystem.closeConfig(MxSystem.java:900) ~[STM32CubeMX.jar:?]
	at com.st.microxplorer.maingui.MainPanel.closeConfig(MainPanel.java:776) ~[STM32CubeMX.jar:?]
	at com.st.microxplorer.plugins.filemanager.engine.OpenFileManager.loadConfigurationFile(OpenFileManager.java:245) ~[filemanager.jar:?]
	at com.st.microxplorer.plugins.filemanager.engine.MainFileManager.userLoadConfig(MainFileManager.java:315) ~[filemanager.jar:?]
	at com.st.microxplorer.plugins.filemanager.FileManagerView.getSpecificTask(FileManagerView.java:251) ~[filemanager.jar:?]
	at com.st.stm32cube.common.mx.editor.CubeMxEditor.getMxTabbedPaneInstance(CubeMxEditor.java:1191) ~[com.st.stm32cube.common.mx_6.11.0.202403141607/:?]
	at com.st.stm32cube.common.mx.editor.CubeMxEditor$12$1.createSwingComponent(CubeMxEditor.java:1068) ~[com.st.stm32cube.common.mx_6.11.0.202403141607/:?]
	at com.st.stm32cube.common.mx.oss.core.awtswtbridge.EmbeddedSwingComposite.doComponentCreation(EmbeddedSwingComposite.java:492) ~[com.st.stm32cube.common.mx.oss_6.11.0.202403141607/:?]
	at com.st.stm32cube.common.mx.oss.core.awtswtbridge.EmbeddedSwingComposite$4.run(EmbeddedSwingComposite.java:291) ~[com.st.stm32cube.common.mx.oss_6.11.0.202403141607/:?]
	at com.st.stm32cube.common.mx.oss.core.awtswtbridge.AwtEnvironment$2.run(AwtEnvironment.java:166) ~[com.st.stm32cube.common.mx.oss_6.11.0.202403141607/:?]
	at java.awt.event.InvocationEvent.dispatch(InvocationEvent.java:318) ~[?:?]
	at java.awt.EventQueue.dispatchEventImpl(EventQueue.java:773) ~[?:?]
	at java.awt.EventQueue$4.run(EventQueue.java:720) ~[?:?]
	at java.awt.EventQueue$4.run(EventQueue.java:714) ~[?:?]
	at java.security.AccessController.doPrivileged(AccessController.java:399) ~[?:?]
	at java.security.ProtectionDomain$JavaSecurityAccessImpl.doIntersectionPrivilege(ProtectionDomain.java:86) ~[?:?]
	at java.awt.EventQueue.dispatchEvent(EventQueue.java:742) ~[?:?]
	at java.awt.EventDispatchThread.pumpOneEventForFilters(EventDispatchThread.java:203) ~[?:?]
	at java.awt.EventDispatchThread.pumpEventsForFilter(EventDispatchThread.java:124) ~[?:?]
	at java.awt.EventDispatchThread.pumpEventsForHierarchy(EventDispatchThread.java:113) ~[?:?]
	at java.awt.EventDispatchThread.pumpEvents(EventDispatchThread.java:109) ~[?:?]
	at java.awt.EventDispatchThread.pumpEvents(EventDispatchThread.java:101) ~[?:?]
	at java.awt.EventDispatchThread.run(EventDispatchThread.java:90) ~[?:?]
2025-11-16 18:43:02,112 [WARN] ThirdParty:871 - waiting for thirdparty lock release [close project]
2025-11-16 18:43:02,112 [INFO] ThirdParty:873 - entering critical section [close project]
2025-11-16 18:43:02,113 [INFO] ThirdParty:883 - exiting critical section [close project]
2025-11-16 18:43:02,113 [INFO] PinOutPanel:1561 - setPackage(No Configuration,No Configuration)
2025-11-16 18:43:02,117 [WARN] IpParametersView:151 - Warning: This peripheral hasn't parameters
2025-11-16 18:43:02,119 [WARN] MainPanel:272 - <html><b><center>Warning: This peripheral has no parameters to be configured<br></b></html>
2025-11-16 18:43:02,122 [INFO] UtilMem:75 - Begin LoadConfig() Used Memory: 983297080 Bytes (1073741824)
2025-11-16 18:43:02,123 [INFO] OpenFileManager:312 - Change cursor
2025-11-16 18:43:02,130 [INFO] ProjectFactory:442 - No CPN specified for board NUCLEO-F446RE => set CPN to STM32F446RET6
2025-11-16 18:43:02,130 [INFO] Mcu:2021 - Initializing MCU STM32F446R(C-E)Tx STM32F446RETx STM32F446RET6
2025-11-16 18:43:02,943 [INFO] Context:663 - Trying to add GPIOservice into a context  which must be forbidden
2025-11-16 18:43:03,382 [INFO] Rule:228 - rule 117617 - U5Cobra4M][GTZC] default value MPCBB3 and MPCBB5 - Not Secured memory - MPCBB1 is applicable
2025-11-16 18:43:03,382 [INFO] Rule:228 - rule 117617 - U5Cobra4M][GTZC] default value MPCBB3 and MPCBB5 - Not Secured memory - MPCBB1 is applicable
2025-11-16 18:43:03,382 [INFO] Rule:228 - rule 117617 - U5Cobra4M][GTZC] default value MPCBB3 and MPCBB5 - Not Secured memory - MPCBB2 is applicable
2025-11-16 18:43:03,382 [INFO] Rule:228 - rule 117617 - U5Cobra4M][GTZC] default value MPCBB3 and MPCBB5 - Not Secured memory - MPCBB2 is applicable
2025-11-16 18:43:03,382 [INFO] Rule:228 - rule 117617 - U5Cobra4M][GTZC] default value MPCBB3 and MPCBB5 - Not Secured memory - MPCBB3 is applicable
2025-11-16 18:43:03,382 [INFO] Rule:228 - rule 117617 - U5Cobra4M][GTZC] default value MPCBB3 and MPCBB5 - Not Secured memory - MPCBB3 is applicable
2025-11-16 18:43:03,382 [INFO] Rule:228 - rule 117617 - U5Cobra4M][GTZC] default value MPCBB3 and MPCBB5 - Not Secured memory - MPCBB4 is applicable
2025-11-16 18:43:03,382 [INFO] Rule:228 - rule 117617 - U5Cobra4M][GTZC] default value MPCBB3 and MPCBB5 - Not Secured memory - MPCBB4 is applicable
2025-11-16 18:43:03,382 [INFO] Rule:228 - rule 117617 - U5Cobra4M][GTZC] default value MPCBB3 and MPCBB5 - Secured memory - MPCBB1 is applicable
2025-11-16 18:43:03,382 [INFO] Rule:228 - rule 117617 - U5Cobra4M][GTZC] default value MPCBB3 and MPCBB5 - Secured memory - MPCBB2 is applicable
2025-11-16 18:43:03,382 [INFO] Rule:228 - rule 117617 - U5Cobra4M][GTZC] default value MPCBB3 and MPCBB5 - Secured memory - MPCBB3 is applicable
2025-11-16 18:43:03,382 [INFO] Rule:228 - rule 117617 - U5Cobra4M][GTZC] default value MPCBB3 and MPCBB5 - Secured memory - MPCBB4 is applicable
2025-11-16 18:43:03,382 [INFO] Rule:228 - rule 117617 - U5Cobra4M][GTZC] default value MPCBB3 and MPCBB5 - Privileged memory - MPCBB1 is applicable
2025-11-16 18:43:03,382 [INFO] Rule:228 - rule 117617 - U5Cobra4M][GTZC] default value MPCBB3 and MPCBB5 - Privileged memory - MPCBB2 is applicable
2025-11-16 18:43:03,382 [INFO] Rule:228 - rule 117617 - U5Cobra4M][GTZC] default value MPCBB3 and MPCBB5 - Privileged memory - MPCBB3 is applicable
2025-11-16 18:43:03,382 [INFO] Rule:228 - rule 117617 - U5Cobra4M][GTZC] default value MPCBB3 and MPCBB5 - Privileged memory - MPCBB4 is applicable
2025-11-16 18:43:03,382 [INFO] Rule:228 - rule 117617 - U5Cobra4M][GTZC] default value MPCBB3 and MPCBB5 - Not Privileged memory - MPCBB1 is applicable
2025-11-16 18:43:03,382 [INFO] Rule:228 - rule 117617 - U5Cobra4M][GTZC] default value MPCBB3 and MPCBB5 - Not Privileged memory - MPCBB2 is applicable
2025-11-16 18:43:03,382 [INFO] Rule:228 - rule 117617 - U5Cobra4M][GTZC] default value MPCBB3 and MPCBB5 - Not Privileged memory - MPCBB3 is applicable
2025-11-16 18:43:03,382 [INFO] Rule:228 - rule 117617 - U5Cobra4M][GTZC] default value MPCBB3 and MPCBB5 - Not Privileged memory - MPCBB4 is applicable
2025-11-16 18:43:03,382 [INFO] Rule:228 - rule 117617 - U5Cobra4M][GTZC] default value MPCBB3 and MPCBB5 - Privileged memory - MPCBB1 is applicable
2025-11-16 18:43:03,382 [INFO] Rule:228 - rule 117617 - U5Cobra4M][GTZC] default value MPCBB3 and MPCBB5 - Privileged memory - MPCBB2 is applicable
2025-11-16 18:43:03,382 [INFO] Rule:228 - rule 117617 - U5Cobra4M][GTZC] default value MPCBB3 and MPCBB5 - Privileged memory - MPCBB3 is applicable
2025-11-16 18:43:03,382 [INFO] Rule:228 - rule 117617 - U5Cobra4M][GTZC] default value MPCBB3 and MPCBB5 - Privileged memory - MPCBB4 is applicable
2025-11-16 18:43:03,382 [INFO] Rule:228 - rule 117617 - U5Cobra4M][GTZC] default value MPCBB3 and MPCBB5 - Privileged memory - MPCBB1 is applicable
2025-11-16 18:43:03,382 [INFO] Rule:228 - rule 117617 - U5Cobra4M][GTZC] default value MPCBB3 and MPCBB5 - Privileged memory - MPCBB2 is applicable
2025-11-16 18:43:03,382 [INFO] Rule:228 - rule 117617 - U5Cobra4M][GTZC] default value MPCBB3 and MPCBB5 - Privileged memory - MPCBB3 is applicable
2025-11-16 18:43:03,382 [INFO] Rule:228 - rule 117617 - U5Cobra4M][GTZC] default value MPCBB3 and MPCBB5 - Privileged memory - MPCBB4 is applicable
2025-11-16 18:43:03,382 [INFO] Rule:228 - rule 117617 - U5Cobra4M][GTZC] default value MPCBB3 and MPCBB5 - Not Privileged memory - MPCBB1 is applicable
2025-11-16 18:43:03,382 [INFO] Rule:228 - rule 117617 - U5Cobra4M][GTZC] default value MPCBB3 and MPCBB5 - Not Privileged memory - MPCBB2 is applicable
2025-11-16 18:43:03,382 [INFO] Rule:228 - rule 117617 - U5Cobra4M][GTZC] default value MPCBB3 and MPCBB5 - Not Privileged memory - MPCBB3 is applicable
2025-11-16 18:43:03,382 [INFO] Rule:228 - rule 117617 - U5Cobra4M][GTZC] default value MPCBB3 and MPCBB5 - Not Privileged memory - MPCBB4 is applicable
2025-11-16 18:43:03,382 [INFO] Rule:228 - rule 117617 - U5Cobra4M][GTZC] default value MPCBB3 and MPCBB5 - Privileged memory - MPCBB1 is applicable
2025-11-16 18:43:03,382 [INFO] Rule:228 - rule 117617 - U5Cobra4M][GTZC] default value MPCBB3 and MPCBB5 - Privileged memory - MPCBB2 is applicable
2025-11-16 18:43:03,382 [INFO] Rule:228 - rule 117617 - U5Cobra4M][GTZC] default value MPCBB3 and MPCBB5 - Privileged memory - MPCBB3 is applicable
2025-11-16 18:43:03,382 [INFO] Rule:228 - rule 117617 - U5Cobra4M][GTZC] default value MPCBB3 and MPCBB5 - Privileged memory - MPCBB4 is applicable
2025-11-16 18:43:03,382 [INFO] Rule:228 - rule Rename SubGHz_Phy SUBGHZ_APPLICATION SUBGHZ_PINGPONG to SUBGHZ_ADV_APPLICATION is applicable
2025-11-16 18:43:03,382 [INFO] Rule:228 - rule Rename Enabled to IBEACON is applicable
2025-11-16 18:43:03,382 [INFO] Rule:228 - rule GTZC_S instance for project manager is applicable
2025-11-16 18:43:03,382 [INFO] Rule:228 - rule GTZC_S instance for context M33S is applicable
2025-11-16 18:43:03,382 [INFO] Rule:228 - rule GTZC_S instance value for IP GTZC is applicable
2025-11-16 18:43:03,382 [INFO] Rule:228 - rule GTZC_S instance for mcu.IP is applicable
2025-11-16 18:43:03,382 [INFO] Rule:228 - rule GTZC_S instance for VP is applicable
2025-11-16 18:43:03,382 [INFO] Rule:228 - rule GTZC_S instance for signal is applicable
2025-11-16 18:43:03,382 [INFO] Rule:228 - rule GTZC_S instance for mcu.Pin is applicable
2025-11-16 18:43:03,382 [INFO] Rule:228 - rule GTZC_S instance for VP is applicable
2025-11-16 18:43:03,382 [INFO] Rule:228 - rule GTZC_S instance for signal is applicable
2025-11-16 18:43:03,382 [INFO] Rule:228 - rule GTZC_S instance for mcu is applicable
2025-11-16 18:43:03,382 [INFO] Rule:228 - rule GTZC_S instance for mcu.Pin is applicable
2025-11-16 18:43:03,382 [INFO] Rule:228 - rule GTZC_S instance value for IP GTZC is applicable
2025-11-16 18:43:03,382 [INFO] Rule:228 - rule GTZC_S instance for project manager is applicable
2025-11-16 18:43:03,382 [INFO] Rule:228 - rule GTZC_S instance for context M33S is applicable
2025-11-16 18:43:03,382 [INFO] Rule:228 - rule GTZC_S instance for VP is applicable
2025-11-16 18:43:03,382 [INFO] Rule:228 - rule GTZC_S instance for signal is applicable
2025-11-16 18:43:03,382 [INFO] Rule:228 - rule SPDIFRX instance for mcu is applicable
2025-11-16 18:43:03,382 [INFO] Rule:228 - rule Rename Tracer Mode is applicable
2025-11-16 18:43:03,382 [INFO] Rule:228 - rule SPDIFRX instance value for IP SPDIFRX is applicable
2025-11-16 18:43:03,382 [INFO] Rule:228 - rule SPDIFRX instance for signal is applicable
2025-11-16 18:43:03,382 [INFO] Rule:228 - rule SPDIFRX instance for project manager is applicable
2025-11-16 18:43:03,382 [INFO] Rule:228 - rule SPDIFRX instance for project manager is applicable
2025-11-16 18:43:03,382 [INFO] Rule:228 - rule ADC Scan  fix with FW F7 is applicable
2025-11-16 18:43:03,382 [INFO] Rule:228 - rule ADC Scan  fix with FW F7 is applicable
2025-11-16 18:43:03,382 [INFO] Rule:228 - rule WakeUp0 Mode is applicable
2025-11-16 18:43:03,382 [INFO] Rule:228 - rule WakeUp0 SIGNAL is applicable
2025-11-16 18:43:03,382 [INFO] Rule:228 - rule WakeUp1 Mode is applicable
2025-11-16 18:43:03,382 [INFO] Rule:228 - rule WakeUp1 SIGNAL is applicable
2025-11-16 18:43:03,382 [INFO] Rule:228 - rule WakeUp2 Mode is applicable
2025-11-16 18:43:03,382 [INFO] Rule:228 - rule WakeUp2 SIGNAL is applicable
2025-11-16 18:43:03,382 [INFO] Rule:228 - rule WakeUp4 Mode is applicable
2025-11-16 18:43:03,382 [INFO] Rule:228 - rule WakeUp4 SIGNAL is applicable
2025-11-16 18:43:03,382 [INFO] Rule:228 - rule WakeUp5 Mode is applicable
2025-11-16 18:43:03,382 [INFO] Rule:228 - rule WakeUp5 SIGNAL is applicable
2025-11-16 18:43:03,382 [INFO] Rule:228 - rule Add RTC Activate Clock Source is applicable
2025-11-16 18:43:03,382 [INFO] Rule:228 - rule Add RTC Activate Calendar 1 is applicable
2025-11-16 18:43:03,382 [INFO] Rule:228 - rule Add RTC Activate Calendar 2 is applicable
2025-11-16 18:43:03,382 [INFO] Rule:228 - rule Add RTC Activate Calendar 3 is applicable
2025-11-16 18:43:03,382 [INFO] Rule:228 - rule UART/USART TX Mode is applicable
2025-11-16 18:43:03,382 [INFO] Rule:228 - rule UART/USART RX Mode is applicable
2025-11-16 18:43:03,382 [INFO] Rule:228 - rule UART/USART RX TX Mode is applicable
2025-11-16 18:43:03,382 [INFO] Rule:228 - rule UART/USART PARITY NONE is applicable
2025-11-16 18:43:03,382 [INFO] Rule:228 - rule UART/USART PARITY EVEN is applicable
2025-11-16 18:43:03,382 [INFO] Rule:228 - rule UART/USART PARITY ODD is applicable
2025-11-16 18:43:03,382 [INFO] Rule:228 - rule USART StopBits 1 is applicable
2025-11-16 18:43:03,382 [INFO] Rule:228 - rule USART StopBits 2 is applicable
2025-11-16 18:43:03,382 [INFO] Rule:228 - rule USART StopBits 1.5 is applicable
2025-11-16 18:43:03,382 [INFO] Rule:228 - rule USART StopBits 0.5 is applicable
2025-11-16 18:43:03,382 [INFO] Rule:228 - rule UART/USART WORD LENGTH 7 is applicable
2025-11-16 18:43:03,382 [INFO] Rule:228 - rule UART/USART WORD LENGTH 8 is applicable
2025-11-16 18:43:03,382 [INFO] Rule:228 - rule UART/USART WORD LENGTH 9 is applicable
2025-11-16 18:43:03,382 [INFO] Rule:228 - rule Rename FMC NAND NCE signal is applicable
2025-11-16 18:43:03,382 [INFO] Rule:228 - rule Rename FMC NAND INT signal is applicable
2025-11-16 18:43:03,382 [INFO] Rule:228 - rule Change Default Value for LSE Drive Capability for WB family is applicable
2025-11-16 18:43:03,382 [INFO] Rule:228 - rule Change Default Value for ADC Clock Prescaler G0 family is applicable
2025-11-16 18:43:03,382 [INFO] Rule:228 - rule Change Default Value for ADC ExternalTrigConv L4 family is applicable
2025-11-16 18:43:03,382 [INFO] Rule:228 - rule Change Default Value for ADC ExternalTrigInjecConv L4 family is applicable
2025-11-16 18:43:03,382 [INFO] Rule:228 - rule Change Default Value for ADC ExternalTrigConv F3 family is applicable
2025-11-16 18:43:03,382 [INFO] Rule:228 - rule Change Default Value for ADC ExternalTrigInjecConv F3 family is applicable
2025-11-16 18:43:03,382 [INFO] Rule:228 - rule Change Default Value for ADC ExternalTrigConv Goldfish serie is applicable
2025-11-16 18:43:03,382 [INFO] Rule:228 - rule Change Default Value for ADC ExternalTrigInjecConv Goldfish serie is applicable
2025-11-16 18:43:03,382 [INFO] Rule:228 - rule Change Default Value for ADC ExternalTrigConv L0 family is applicable
2025-11-16 18:43:03,382 [INFO] Rule:228 - rule Change Default Value for ADC ExternalTrigConv F0 family is applicable
2025-11-16 18:43:03,382 [INFO] Rule:228 - rule Change Default Value for ADC ExternalTrigConvn L1 family is applicable
2025-11-16 18:43:03,382 [INFO] Rule:228 - rule Change Default Value for ADC ExternalTrigInjecConv L1 family is applicable
2025-11-16 18:43:03,382 [INFO] Rule:228 - rule Change Default Value for ADC ExternalTrigConv F1 family is applicable
2025-11-16 18:43:03,382 [INFO] Rule:228 - rule Change Default Value for ADC ExternalTrigInjecConv F1 family is applicable
2025-11-16 18:43:03,382 [INFO] Rule:228 - rule Change Default Value for ADC ExternalTrigConv F7 family is applicable
2025-11-16 18:43:03,382 [INFO] Rule:228 - rule Change Default Value for ADC ExternalTrigInjecConv F7 family is applicable
2025-11-16 18:43:03,382 [INFO] Rule:228 - rule Change Default Value for ADC ExternalTrigConv F4 and F2 family is applicable
2025-11-16 18:43:03,382 [INFO] Rule:228 - rule Change Default Value for ADC ExternalTrigInjecConv F4 and F2 family is applicable
2025-11-16 18:43:03,382 [INFO] Rule:228 - rule ADC SamplingTime fix with FW L0  is applicable
2025-11-16 18:43:03,382 [INFO] Rule:228 - rule ADC SamplingTime fix with FW L0  is applicable
2025-11-16 18:43:03,382 [INFO] Rule:228 - rule ADC SamplingTime fix with FW L0 is applicable
2025-11-16 18:43:03,382 [INFO] Rule:228 - rule ADC SamplingTime fix with FW L0 is applicable
2025-11-16 18:43:03,382 [INFO] Rule:228 - rule ADC SamplingTime fix with FW L0  is applicable
2025-11-16 18:43:03,382 [INFO] Rule:228 - rule ADC SamplingTime fix with FW L0 is applicable
2025-11-16 18:43:03,382 [INFO] Rule:228 - rule Rename USB_OE Signal is applicable
2025-11-16 18:43:03,382 [INFO] Rule:228 - rule Rename Activate_OE Mode is applicable
2025-11-16 18:43:03,382 [INFO] Rule:228 - rule Rename DIE462/DIE415 pin PC14/OSC32_IN -> PC14-OSC32_IN (PC14) is applicable
2025-11-16 18:43:03,382 [INFO] Rule:228 - rule Rename DIE462/DIE415 pin PC15/OSC32_OUT -> PC15-OSC32_OUT (PC15) is applicable
2025-11-16 18:43:03,382 [INFO] Rule:228 - rule Rename DIE462/DIE415 pin PH0/OSC_IN -> PH0-OSC_IN (PH0) is applicable
2025-11-16 18:43:03,382 [INFO] Rule:228 - rule Rename DIE462/DIE415 pin PH1/OSC_OUT -> PH1-OSC_OUT (PH1) is applicable
2025-11-16 18:43:03,382 [INFO] Rule:228 - rule Rename DIE462 pin PA13 -> PA13 (JTMS/SWDIO) is applicable
2025-11-16 18:43:03,382 [INFO] Rule:228 - rule Rename DIE415 pin PA13 -> PA13 (JTMS/SWDIO) is applicable
2025-11-16 18:43:03,382 [INFO] Rule:228 - rule Rename DIE462 pin PA14 -> PA14 (JTCK/SWCLK) is applicable
2025-11-16 18:43:03,382 [INFO] Rule:228 - rule Rename DIE415 pin PA14 -> PA14 (JTCK/SWCLK) is applicable
2025-11-16 18:43:03,384 [INFO] Rule:228 - rule Rename DIE462/DIE415 pin PA15 -> PA15 (JTDI) is applicable
2025-11-16 18:43:03,384 [INFO] Rule:228 - rule Rename DIE462 pin PB3 -> PB3 (JTD0/TRACESWO) is applicable
2025-11-16 18:43:03,384 [INFO] Rule:228 - rule Rename DIE415 pin PB3 -> PB3 (JTD0-TRACESWO) is applicable
2025-11-16 18:43:03,384 [INFO] Rule:228 - rule Rename DIE462/DIE415 pin PB4 -> PB4 (NJTRST) is applicable
2025-11-16 18:43:03,384 [INFO] Rule:228 - rule Rename DIE462 pin PH3/BOOT0 -> PH3-BOOT0 (BOOT0) is applicable
2025-11-16 18:43:03,384 [INFO] Rule:228 - rule Rename CRYP DataEncryptionTypesList to Algorithm is applicable
2025-11-16 18:43:03,384 [INFO] Rule:228 - rule Rename AES DataEncryptionTypesList to Algorithm is applicable
2025-11-16 18:43:03,384 [INFO] Rule:228 - rule Rename TDESECB to CRYP_TDES_ECB is applicable
2025-11-16 18:43:03,384 [INFO] Rule:228 - rule Rename TDESCBC to CRYP_TDES_CBC is applicable
2025-11-16 18:43:03,384 [INFO] Rule:228 - rule Rename DESECB to CRYP_DES_ECB is applicable
2025-11-16 18:43:03,384 [INFO] Rule:228 - rule Rename DESCBC to CRYP_DES_CBC is applicable
2025-11-16 18:43:03,384 [INFO] Rule:228 - rule Rename AESECB to CRYP_AES_ECB is applicable
2025-11-16 18:43:03,384 [INFO] Rule:228 - rule Rename AESCBC to CRYP_AES_CBC is applicable
2025-11-16 18:43:03,384 [INFO] Rule:228 - rule Rename AESCTR to CRYP_AES_CTR is applicable
2025-11-16 18:43:03,384 [INFO] Rule:228 - rule Rename AESGCM to CRYP_AES_GCM is applicable
2025-11-16 18:43:03,384 [INFO] Rule:228 - rule Rename AESCCM to CRYP_AES_CCM is applicable
2025-11-16 18:43:03,384 [INFO] Rule:228 - rule Rename CAN TimeSeg1 to BS1 is applicable
2025-11-16 18:43:03,384 [INFO] Rule:228 - rule Rename CAN TimeSeg2 to BS2 is applicable
2025-11-16 18:43:03,384 [INFO] Rule:228 - rule Rename CAN SyncJumpWidth to SJW is applicable
2025-11-16 18:43:03,384 [INFO] Rule:228 - rule TimeTriggeredMode to TTCM is applicable
2025-11-16 18:43:03,384 [INFO] Rule:228 - rule Rename CAN AutoBusOff to ABOM is applicable
2025-11-16 18:43:03,384 [INFO] Rule:228 - rule Rename CAN AutoWakeUp to AWUM is applicable
2025-11-16 18:43:03,384 [INFO] Rule:228 - rule Rename CAN AutoRetransmission to NART is applicable
2025-11-16 18:43:03,384 [INFO] Rule:228 - rule Rename CAN ReceiveFifoLocked to RFLM is applicable
2025-11-16 18:43:03,384 [INFO] Rule:228 - rule Rename CAN TransmitFifoPriority to TXFP is applicable
2025-11-16 18:43:03,384 [INFO] Rule:228 - rule Rename HRTIMER HRTIM_OUTPUTFAULTLEVEL_HIGH in HRTIMER HRTIM_OUTPUTFAULTLEVEL_HIGHZ is applicable
2025-11-16 18:43:03,384 [INFO] Rule:228 - rule Rename TIMER TIM_CLEARINPUTSOURCE_OCREFCLR in  TIMER TIM_CLEARINPUTSOURCE_NONE for F7 family is applicable
2025-11-16 18:43:03,384 [INFO] Rule:228 - rule FDCAN_R1 - Rename FDCAN mode Master into Classic is applicable
2025-11-16 18:43:03,384 [INFO] Rule:228 - rule FDCAN_R2 - Rename FDCAN mode Slave into Classic is applicable
2025-11-16 18:43:03,384 [INFO] Rule:228 - rule FDCAN1_R3 - if PA10.Mode=FullDuplex, add Pin PA12 is applicable
2025-11-16 18:43:03,384 [INFO] Rule:228 - rule FDCAN1_R3 - if PA9.Mode=FullDuplex, add Pin PA11 is applicable
2025-11-16 18:43:03,384 [INFO] Rule:228 - rule FDCAN1_R3 - Alternatepin_1 - if PE1.Mode=FullDuplex, add Pin PB9 is applicable
2025-11-16 18:43:03,384 [INFO] Rule:228 - rule FDCAN1_R3 - Alternatepin_1 - if PE0.Mode=FullDuplex, add Pin PB8 is applicable
2025-11-16 18:43:03,384 [INFO] Rule:228 - rule FDCAN1_R3 - Alternatepin_2 - if PD5.Mode=FullDuplex, add Pin PD1 is applicable
2025-11-16 18:43:03,384 [INFO] Rule:228 - rule FDCAN1_R3 - Alternatepin_2 - if PD4.Mode=FullDuplex, add Pin PD0 is applicable
2025-11-16 18:43:03,384 [INFO] Rule:228 - rule FDCAN1_R4 - Rename Mode FullDuplex into Enable FDCAN_TXFD for pin PA10 is applicable
2025-11-16 18:43:03,384 [INFO] Rule:228 - rule FDCAN1_R4 - Rename Mode FullDuplex into Enable FDCAN_TXFD for pin PA9 is applicable
2025-11-16 18:43:03,384 [INFO] Rule:228 - rule FDCAN1_R4 - Alternatepin_1 - Rename Mode FullDuplex into Enable FDCAN_TXFD for pin PE1 is applicable
2025-11-16 18:43:03,384 [INFO] Rule:228 - rule FDCAN1_R4 - Alternatepin_1 - Rename Mode FullDuplex into Enable FDCAN_TXFD for pin PE0 is applicable
2025-11-16 18:43:03,384 [INFO] Rule:228 - rule FDCAN1_R4 - Alternatepin_2 - Rename Mode FullDuplex into Enable FDCAN_TXFD for pin PD5 is applicable
2025-11-16 18:43:03,384 [INFO] Rule:228 - rule FDCAN1_R4 - Alternatepin_2 - Rename Mode FullDuplex into Enable FDCAN_TXFD for pin PD4 is applicable
2025-11-16 18:43:03,384 [INFO] Rule:228 - rule FDCAN2_R3 - if PD10.Mode=FullDuplex, add Pin PB13 is applicable
2025-11-16 18:43:03,384 [INFO] Rule:228 - rule FDCAN2_R3 - if PD9.Mode=FullDuplex, add Pin PB12 is applicable
2025-11-16 18:43:03,384 [INFO] Rule:228 - rule FDCAN2_R3 - Alternatepin_1 - if PB7.Mode=FullDuplex, add Pin PB6 is applicable
2025-11-16 18:43:03,384 [INFO] Rule:228 - rule FDCAN2_R3 - Alternatepin_1 - if PD9.Mode=FullDuplex, add Pin PB12 is applicable
2025-11-16 18:43:03,384 [INFO] Rule:228 - rule FDCAN2_R4 - Rename Mode FullDuplex into Enable FDCAN_TXFD for pin PD10 is applicable
2025-11-16 18:43:03,384 [INFO] Rule:228 - rule FDCAN2_R4 - Rename Mode FullDuplex into Enable FDCAN_TXFD for pin PD9 is applicable
2025-11-16 18:43:03,384 [INFO] Rule:228 - rule FDCAN2_R4 - Alternatepin_1 - Rename Mode FullDuplex into Enable FDCAN_TXFD for pin PB7 is applicable
2025-11-16 18:43:03,384 [INFO] Rule:228 - rule FDCAN2_R4 - Alternatepin_1 - Rename Mode FullDuplex into Enable FDCAN_TXFD for pin PD6 is applicable
2025-11-16 18:43:03,384 [INFO] Rule:228 - rule USART TxPinLevelInvertParam Mode is applicable
2025-11-16 18:43:03,384 [INFO] Rule:228 - rule USART RxPinLevelInvertParam Mode is applicable
2025-11-16 18:43:03,384 [INFO] Rule:228 - rule USART DataInvertParam Mode is applicable
2025-11-16 18:43:03,384 [INFO] Rule:228 - rule USART SwapParam Mode is applicable
2025-11-16 18:43:03,384 [INFO] Rule:228 - rule USART OverrunDisableParam Mode is applicable
2025-11-16 18:43:03,384 [INFO] Rule:228 - rule USART DMADisableonRxErrorParam Mode is applicable
2025-11-16 18:43:03,384 [INFO] Rule:228 - rule USART MSBFirstParam Mode is applicable
2025-11-16 18:43:03,384 [INFO] Rule:228 - rule Update MwName for USB_DEVICE is applicable
2025-11-16 18:43:03,384 [INFO] Rule:228 - rule Change PWR_Regulator_Voltage_Scale Default Value for RCC  H7 family is applicable
2025-11-16 18:43:03,384 [INFO] Rule:228 - rule UART/USART IPParameter rename Prescaler parameter to ClockPrescaler is applicable
2025-11-16 18:43:03,384 [INFO] Rule:228 - rule UART/USART Prescaler rename Prescaler parameter to ClockPrescaler is applicable
2025-11-16 18:43:03,384 [INFO] Rule:228 - rule TIM1CLockSelection is applicable
2025-11-16 18:43:03,384 [INFO] Rule:228 - rule TIM15CLockSelection is applicable
2025-11-16 18:43:03,384 [INFO] Rule:228 - rule align RCC SDMMC3CLockSelection default value on MP1 is applicable
2025-11-16 18:43:03,384 [INFO] Rule:228 - rule align RCC SDMMC12CLockSelection default value on MP1 is applicable
2025-11-16 18:43:03,384 [INFO] Rule:228 - rule align RCC QSPICLockSelection default value on MP1 is applicable
2025-11-16 18:43:03,384 [INFO] Rule:228 - rule align RCC QSPICLockSelection default value on MP1 is applicable
2025-11-16 18:43:03,384 [INFO] Rule:228 - rule align RCC SPI6CLockSelection default value on MP1 is applicable
2025-11-16 18:43:03,384 [INFO] Rule:228 - rule align RCC LPTIM23CLockSelection default value on MP1 is applicable
2025-11-16 18:43:03,384 [INFO] Rule:228 - rule align RCC LPTIM1CLockSelection default value on MP1 is applicable
2025-11-16 18:43:03,384 [INFO] Rule:228 - rule align RCC USART1CLockSelection default value on MP1 is applicable
2025-11-16 18:43:03,384 [INFO] Rule:228 - rule align RCC USART24CLockSelection default value on MP1 is applicable
2025-11-16 18:43:03,384 [INFO] Rule:228 - rule align RCC USART6CLockSelection default value on MP1 is applicable
2025-11-16 18:43:03,384 [INFO] Rule:228 - rule align RCC UART78CLockSelection default value on MP1 is applicable
2025-11-16 18:43:03,384 [INFO] Rule:228 - rule align RCC USART35CLockSelection default value on MP1 is applicable
2025-11-16 18:43:03,384 [INFO] Rule:228 - rule align RCC SPI45CLockSelection default value on MP1 is applicable
2025-11-16 18:43:03,384 [INFO] Rule:228 - rule align RCC I2C46CLockSelection BCLK value on MP1 is applicable
2025-11-16 18:43:03,384 [INFO] Rule:228 - rule align RCC SPI45CLockSelection default value on MP1 is applicable
2025-11-16 18:43:03,384 [INFO] Rule:228 - rule align RCC I2C12CLockSelection default value on MP1 is applicable
2025-11-16 18:43:03,384 [INFO] Rule:228 - rule align RCC I2C35CLockSelection default value on MP1 is applicable
2025-11-16 18:43:03,384 [INFO] Rule:228 - rule align RCC LPTIM45CLockSelection default value on MP1 is applicable
2025-11-16 18:43:03,384 [INFO] Rule:228 - rule Rename DCMI PIXCK signal is applicable
2025-11-16 18:43:03,384 [INFO] Rule:228 - rule Change Default Value for I2C46CLockSelection MP1 family is applicable
2025-11-16 18:43:03,384 [INFO] Rule:228 - rule Change Default Value for UART for G4, G0 and WB families is applicable
2025-11-16 18:43:03,384 [INFO] Rule:228 - rule Change Default Value for USART for G4, G0 and WB families is applicable
2025-11-16 18:43:03,384 [INFO] Rule:228 - rule Change Default Value for USART for G4 family is applicable
2025-11-16 18:43:03,384 [INFO] Rule:228 - rule Change USART1CLockSelection refparam name for MP1 is applicable
2025-11-16 18:43:03,384 [INFO] Rule:228 - rule Change USART2CLockSelection refparam name for MP1 is applicable
2025-11-16 18:43:03,384 [INFO] Rule:228 - rule Change USART3CLockSelection refparam name for MP1 is applicable
2025-11-16 18:43:03,384 [INFO] Rule:228 - rule Change UART4CLockSelection refparam name for MP1 is applicable
2025-11-16 18:43:03,384 [INFO] Rule:228 - rule Change UART5CLockSelection refparam name for MP1 is applicable
2025-11-16 18:43:03,384 [INFO] Rule:228 - rule Change LPUART1CLockSelection refparam name for MP1 is applicable
2025-11-16 18:43:03,384 [INFO] Rule:228 - rule Change LPTIM1CLockSelection refparam name for MP1 is applicable
2025-11-16 18:43:03,384 [INFO] Rule:228 - rule Change LPTIM2CLockSelection refparam name for MP1 is applicable
2025-11-16 18:43:03,384 [INFO] Rule:228 - rule Change RCC_MCO1Source refparam name for MP1 is applicable
2025-11-16 18:43:03,384 [INFO] Rule:228 - rule Change LSCOSource1 refparam name for MP1 is applicable
2025-11-16 18:43:03,384 [INFO] Rule:228 - rule Change SMPSCLockSelection refparam name for MP1 is applicable
2025-11-16 18:43:03,384 [INFO] Rule:228 - rule Change LPTIM3CLockSelection refparam name for MP1 is applicable
2025-11-16 18:43:03,384 [INFO] Rule:228 - rule Change MPCBB* Default Template Mode to Parameters is applicable
2025-11-16 18:43:03,385 [INFO] Rule:228 - rule Change MPCWM* or MPCBB* Secure Mode to Parameters is applicable
2025-11-16 18:43:03,385 [INFO] Rule:228 - rule Change MPCWM* or MPCBB* No Secure Mode to Parameters is applicable
2025-11-16 18:43:03,385 [INFO] Rule:228 - rule Change TZSC IP Secure Mode to Parameters is applicable
2025-11-16 18:43:03,385 [INFO] Rule:228 - rule Change TZSC IP No Secure Mode to Parameters is applicable
2025-11-16 18:43:03,385 [INFO] Rule:228 - rule Change TZSC IP Privilege Mode to Parameters is applicable
2025-11-16 18:43:03,385 [INFO] Rule:228 - rule Change TZSC IP No Privilege Mode to Parameters is applicable
2025-11-16 18:43:03,385 [INFO] Rule:228 - rule Change TZIC IT Secure Mode to Parameters is applicable
2025-11-16 18:43:03,385 [INFO] Rule:228 - rule Change TZIC IT No Secure Mode to Parameters is applicable
2025-11-16 18:43:03,385 [INFO] Rule:228 - rule Add MPCBB1_NonSecureArea_Start_Address value with referenced to MPCBB1_NonSecureArea_Start value is applicable
2025-11-16 18:43:03,385 [INFO] Rule:228 - rule Add MPCBB2_NonSecureArea_Start_Address value with referenced to MPCBB2_NonSecureArea_Start value is applicable
2025-11-16 18:43:03,385 [INFO] Rule:228 - rule Add MPCWM1_NonSecureArea*_Start_Address value with referenced to MPCWM1_NonSecureArea*_Start value is applicable
2025-11-16 18:43:03,385 [INFO] Rule:228 - rule Add MPCWM2_NonSecureArea*_Start_Address value with referenced to MPCWM2_NonSecureArea*_Start value is applicable
2025-11-16 18:43:03,385 [INFO] Rule:228 - rule Add MPCWM3_NonSecureArea_Start_Address value with referenced to MPCWM3_NonSecureArea_Start value is applicable
2025-11-16 18:43:03,385 [INFO] Rule:228 - rule Change Default Value for PLL1UserDefinedConfig is applicable
2025-11-16 18:43:03,385 [INFO] Rule:228 - rule Change GPIO_PuPd Default Value for USART in async mode is applicable
2025-11-16 18:43:03,385 [INFO] Rule:228 - rule Change SMPSDivider Default Value is applicable
2025-11-16 18:43:03,385 [INFO] Rule:228 - rule OPAMP is applicable
2025-11-16 18:43:03,385 [INFO] Rule:228 - rule LPUART IPParameter rename Prescaler parameter to ClockPrescaler for STM32H7 is applicable
2025-11-16 18:43:03,385 [INFO] Rule:228 - rule LPUART IPParameter rename Prescaler parameter to ClockPrescaler for STM32H7 is applicable
2025-11-16 18:43:03,385 [INFO] Rule:228 - rule LPUART IPParameter rename Prescaler parameter to ClockPrescaler for STM32WB is applicable
2025-11-16 18:43:03,385 [INFO] Rule:228 - rule LPUART IPParameter rename Prescaler parameter to ClockPrescaler for STM32WB is applicable
2025-11-16 18:43:03,385 [INFO] Rule:228 - rule LPUART IPParameter rename Prescaler parameter to ClockPrescaler for STM32G4 is applicable
2025-11-16 18:43:03,385 [INFO] Rule:228 - rule LPUART IPParameter rename Prescaler parameter to ClockPrescaler for STM32G4 is applicable
2025-11-16 18:43:03,385 [INFO] Rule:228 - rule LPUART IPParameter rename Prescaler parameter to ClockPrescaler for STM32L5 is applicable
2025-11-16 18:43:03,385 [INFO] Rule:228 - rule LPUART IPParameter rename Prescaler parameter to ClockPrescaler for STM32L5 is applicable
2025-11-16 18:43:03,385 [INFO] Rule:228 - rule LPUART IPParameter rename Prescaler parameter to ClockPrescaler for STM32G4 is applicable
2025-11-16 18:43:03,385 [INFO] Rule:228 - rule LPUART IPParameter rename Prescaler parameter to ClockPrescaler for STM32G4 is applicable
2025-11-16 18:43:03,385 [INFO] Rule:228 - rule USB device lib V2.5.3 for L0 rename USBD_SUPPORT_USER_STRING parameter to USBD_SUPPORT_USER_STRING_DESC4 is applicable
2025-11-16 18:43:03,385 [INFO] Rule:228 - rule I2SCLockSelection clock entry align is applicable
2025-11-16 18:43:03,385 [INFO] Rule:228 - rule Assign TIMx context if used as SYS timebase is applicable
2025-11-16 18:43:03,385 [INFO] Rule:228 - rule Change GPIO_Pu Default Value for I2C is applicable
2025-11-16 18:43:03,385 [INFO] Rule:228 - rule Change GPIO_Pu Default Value for SMBus is applicable
2025-11-16 18:43:03,385 [INFO] Rule:228 - rule change FDCAN default value is applicable
2025-11-16 18:43:03,385 [INFO] Rule:228 - rule Change mode sai is applicable
2025-11-16 18:43:03,385 [INFO] Rule:228 - rule **Change sai mode is applicable
2025-11-16 18:43:03,385 [INFO] Rule:228 - rule Rename STM32WPAN CFG_BLE_IRK to CFG_BLE_IR is applicable
2025-11-16 18:43:03,385 [INFO] Rule:228 - rule Rename STM32WPAN CFG_BLE_ERK to CFG_BLE_ER is applicable
2025-11-16 18:43:03,385 [INFO] Rule:228 - rule Rename STM32WPAN CFG_BLE_IRK_HEX to CFG_BLE_IR_HEX is applicable
2025-11-16 18:43:03,385 [INFO] Rule:228 - rule Rename STM32WPAN CFG_BLE_ERK_HEX to CFG_BLE_ER_HEX is applicable
2025-11-16 18:43:03,391 [INFO] DbConfProperties:307 - Apply Compatibility (49/262 Rules)
2025-11-16 18:43:03,395 [INFO] ImportTextPane:194 - (OptionalMessage_ERROR) Unable to find key (Mcu.ThirdPartyNb) in loaded IOC file
2025-11-16 18:43:03,410 [INFO] RtosManager:555 - Registered RTOS mode: class=CMSIS, group=RTOS, mode=CMSIS_V1, owner=FREERTOS
2025-11-16 18:43:03,410 [INFO] RtosManager:555 - Registered RTOS mode: class=CMSIS, group=RTOS2, mode=CMSIS_V2, owner=FREERTOS
2025-11-16 18:43:03,410 [INFO] RtosManager:555 - Registered RTOS mode: class=RTOS, group=Core, mode=CMSIS_V1, owner=FREERTOS
2025-11-16 18:43:03,410 [INFO] RtosManager:555 - Registered RTOS mode: class=RTOS, group=Core, mode=CMSIS_V2, owner=FREERTOS
2025-11-16 18:43:03,410 [WARN] ModelIntegratedComponent:184 - Missing modes for component STMicroelectronics:FreeRTOS:0.0.1:STMicroelectronics:RTOS:FreeRTOS:Core:::10.2.0:
2025-11-16 18:43:03,412 [WARN] ModelIntegratedComponent:63 - No mode defined for component null
2025-11-16 18:43:03,412 [WARN] ModelIntegratedComponent:63 - No mode defined for component null
2025-11-16 18:43:03,412 [WARN] ModelIntegratedComponent:63 - No mode defined for component null
2025-11-16 18:43:03,412 [WARN] ModelIntegratedComponent:63 - No mode defined for component null
2025-11-16 18:43:03,412 [WARN] ModelIntegratedComponent:63 - No mode defined for component null
2025-11-16 18:43:03,412 [WARN] ModelIntegratedComponent:63 - No mode defined for component null
2025-11-16 18:43:03,412 [WARN] ModelIntegratedComponent:63 - No mode defined for component null
2025-11-16 18:43:03,412 [WARN] ModelIntegratedComponent:63 - No mode defined for component null
2025-11-16 18:43:03,412 [WARN] ModelIntegratedComponent:63 - No mode defined for component null
2025-11-16 18:43:03,412 [WARN] ModelIntegratedComponent:63 - No mode defined for component null
2025-11-16 18:43:03,412 [WARN] ModelIntegratedComponent:63 - No mode defined for component null
2025-11-16 18:43:03,412 [WARN] ModelIntegratedComponent:63 - No mode defined for component null
2025-11-16 18:43:03,412 [WARN] ModelIntegratedComponent:63 - No mode defined for component null
2025-11-16 18:43:03,412 [WARN] ModelIntegratedComponent:63 - No mode defined for component null
2025-11-16 18:43:03,412 [WARN] ModelIntegratedComponent:63 - No mode defined for component null
2025-11-16 18:43:03,412 [WARN] ModelIntegratedComponent:63 - No mode defined for component null
2025-11-16 18:43:03,412 [WARN] ModelIntegratedComponent:63 - No mode defined for component null
2025-11-16 18:43:03,412 [WARN] ModelIntegratedComponent:63 - No mode defined for component null
2025-11-16 18:43:03,412 [WARN] ModelIntegratedComponent:63 - No mode defined for component null
2025-11-16 18:43:03,412 [WARN] ModelIntegratedComponent:63 - No mode defined for component null
2025-11-16 18:43:03,412 [WARN] ModelIntegratedComponent:63 - No mode defined for component null
2025-11-16 18:43:03,412 [WARN] ModelIntegratedComponent:63 - No mode defined for component null
2025-11-16 18:43:03,412 [WARN] ModelIntegratedComponent:63 - No mode defined for component null
2025-11-16 18:43:03,412 [WARN] ModelIntegratedComponent:63 - No mode defined for component null
2025-11-16 18:43:03,412 [WARN] ModelIntegratedComponent:63 - No mode defined for component null
2025-11-16 18:43:03,412 [WARN] ModelIntegratedComponent:63 - No mode defined for component null
2025-11-16 18:43:03,412 [WARN] ModelIntegratedComponent:63 - No mode defined for component null
2025-11-16 18:43:03,412 [WARN] ModelIntegratedComponent:63 - No mode defined for component null
2025-11-16 18:43:03,412 [WARN] ModelIntegratedComponent:63 - No mode defined for component null
2025-11-16 18:43:03,412 [WARN] ModelIntegratedComponent:63 - No mode defined for component null
2025-11-16 18:43:03,412 [WARN] ModelIntegratedComponent:63 - No mode defined for component null
2025-11-16 18:43:03,412 [WARN] ModelIntegratedComponent:63 - No mode defined for component null
2025-11-16 18:43:03,412 [WARN] ModelIntegratedComponent:63 - No mode defined for component null
2025-11-16 18:43:03,412 [WARN] ModelIntegratedComponent:63 - No mode defined for component null
2025-11-16 18:43:03,534 [INFO] ThirdPartyModel:298 - Start build external matchings
2025-11-16 18:43:04,026 [INFO] ThirdPartyModel:316 - End build external matchings
2025-11-16 18:43:04,038 [INFO] ImportTextPane:194 - (OptionalMessage_ERROR) IP (RCC) : Invalid parameter (48MHZClocksFreq_Value)
2025-11-16 18:43:04,038 [INFO] ImportTextPane:194 - (OptionalMessage_ERROR) IP (RCC) : Invalid parameter (EthernetFreq_Value)
2025-11-16 18:43:04,039 [INFO] ImportTextPane:194 - (OptionalMessage_ERROR) IP (RCC) : Parameter (FLatency) has Id (AdvancedSettings) currently not set
2025-11-16 18:43:04,039 [INFO] ImportTextPane:194 - (OptionalMessage_ERROR) IP (RCC) : Invalid parameter (FamilyName)
2025-11-16 18:43:04,039 [INFO] ImportTextPane:194 - (OptionalMessage_ERROR) IP (RCC) : Invalid parameter (I2SClocksFreq_Value)
2025-11-16 18:43:04,040 [INFO] ImportTextPane:194 - (OptionalMessage_ERROR) IP (RCC) : Parameter (SDIOFreq_Value) has invalid value (168000000)
2025-11-16 18:43:04,040 [INFO] ImportTextPane:194 - (OptionalMessage_ERROR) IP (RCC) : Parameter (USBFreq_Value) has invalid value (168000000)
2025-11-16 18:43:04,040 [INFO] ImportTextPane:194 - (OptionalMessage_ERROR) IP (RCC) : Invalid parameter (VCOInputMFreq_Value)
2025-11-16 18:43:04,040 [INFO] ImportTextPane:194 - (OptionalMessage_ERROR) IP (RCC) : Invalid parameter (VcooutputI2S)
2025-11-16 18:43:04,276 [INFO] UtilMem:75 - End LoadConfig() Used Memory: 1014222864 Bytes (1073741824)
2025-11-16 18:43:04,386 [WARN] ThirdParty:833 - waiting for thirdparty lock release [change project]
2025-11-16 18:43:04,386 [INFO] ThirdParty:835 - entering critical section [change project]
2025-11-16 18:43:04,386 [INFO] ThirdParty:1030 - CMSIS Pack Vendor :STMicroelectronics X-CUBE-PM33A1 1.0.0
2025-11-16 18:43:04,386 [INFO] ThirdParty:1030 - CMSIS Pack Vendor :STMicroelectronics USBPD 4.1
2025-11-16 18:43:04,386 [INFO] ThirdParty:1030 - CMSIS Pack Vendor :STMicroelectronics X-CUBE-GNSS1 6.0.0
2025-11-16 18:43:04,386 [INFO] ThirdParty:1030 - CMSIS Pack Vendor :STMicroelectronics USB_HOST 2.0.0
2025-11-16 18:43:04,386 [INFO] ThirdParty:1030 - CMSIS Pack Vendor :STMicroelectronics FP-SNS-MOTENVWB1 1.4.0
2025-11-16 18:43:04,386 [INFO] ThirdParty:1030 - CMSIS Pack Vendor :STMicroelectronics X-CUBE-AZRTOS-F4 1.1.0
2025-11-16 18:43:04,386 [INFO] ThirdParty:1030 - CMSIS Pack Vendor :STMicroelectronics LIBJPEG 8.0.0
2025-11-16 18:43:04,386 [INFO] ThirdParty:1030 - CMSIS Pack Vendor :STMicroelectronics FP-ATR-ASTRA1 2.0.2
2025-11-16 18:43:04,386 [INFO] ThirdParty:1030 - CMSIS Pack Vendor :STMicroelectronics X-CUBE-SMBUS 2.1.0
2025-11-16 18:43:04,386 [INFO] ThirdParty:1030 - CMSIS Pack Vendor :STMicroelectronics X-CUBE-ISPU 2.1.0
2025-11-16 18:43:04,386 [INFO] ThirdParty:1030 - CMSIS Pack Vendor :STMicroelectronics X-CUBE-FREERTOS 1.2.0
2025-11-16 18:43:04,386 [INFO] ThirdParty:1030 - CMSIS Pack Vendor :STMicroelectronics X-CUBE-NFC12 1.0.0
2025-11-16 18:43:04,386 [INFO] ThirdParty:1030 - CMSIS Pack Vendor :STMicroelectronics X-CUBE-TOUCHGFX 4.23.2
2025-11-16 18:43:04,386 [INFO] ThirdParty:1030 - CMSIS Pack Vendor :STMicroelectronics X-CUBE-AZRTOS-F7 1.1.0
2025-11-16 18:43:04,386 [INFO] ThirdParty:1030 - CMSIS Pack Vendor :STMicroelectronics X-CUBE-AZRTOS-L5 2.0.0
2025-11-16 18:43:04,386 [INFO] ThirdParty:1030 - CMSIS Pack Vendor :STMicroelectronics USB_DEVICE 2.0.0
2025-11-16 18:43:04,386 [INFO] ThirdParty:1030 - CMSIS Pack Vendor :STMicroelectronics X-CUBE-NFC6 3.1.0
2025-11-16 18:43:04,386 [INFO] ThirdParty:1030 - CMSIS Pack Vendor :STMicroelectronics FreeRTOS 0.0.1
2025-11-16 18:43:04,386 [INFO] ThirdParty:1030 - CMSIS Pack Vendor :STMicroelectronics X-CUBE-DPower 1.2.0
2025-11-16 18:43:04,386 [INFO] ThirdParty:1030 - CMSIS Pack Vendor :STMicroelectronics FP-SNS-FLIGHT1 5.0.2
2025-11-16 18:43:04,386 [INFO] ThirdParty:1030 - CMSIS Pack Vendor :STMicroelectronics X-CUBE-AI 9.0.0
2025-11-16 18:43:04,386 [INFO] ThirdParty:1030 - CMSIS Pack Vendor :STMicroelectronics PDM2PCM 3.3.0
2025-11-16 18:43:04,386 [INFO] ThirdParty:1030 - CMSIS Pack Vendor :STMicroelectronics X-CUBE-AZRTOS-H7 3.4.0
2025-11-16 18:43:04,386 [INFO] ThirdParty:1030 - CMSIS Pack Vendor :STMicroelectronics X-CUBE-DISPLAY 3.0.0
2025-11-16 18:43:04,386 [INFO] ThirdParty:1030 - CMSIS Pack Vendor :STMicroelectronics X-CUBE-BLE1 7.0.0
2025-11-16 18:43:04,386 [INFO] ThirdParty:1030 - CMSIS Pack Vendor :STMicroelectronics X-CUBE-NFC10 1.0.0
2025-11-16 18:43:04,386 [INFO] ThirdParty:1030 - CMSIS Pack Vendor :STMicroelectronics X-CUBE-BLEMGR 4.0.0
2025-11-16 18:43:04,386 [INFO] ThirdParty:1030 - CMSIS Pack Vendor :STMicroelectronics X-CUBE-FREERTOS 1.3.1
2025-11-16 18:43:04,386 [INFO] ThirdParty:1030 - CMSIS Pack Vendor :STMicroelectronics HAL Drivers 0.0.0
2025-11-16 18:43:04,386 [INFO] ThirdParty:1030 - CMSIS Pack Vendor :emotas I-CUBE-CANOPEN 1.3.0
2025-11-16 18:43:04,386 [INFO] ThirdParty:1030 - CMSIS Pack Vendor :STMicroelectronics X-CUBE-NFC7 1.0.1
2025-11-16 18:43:04,386 [INFO] ThirdParty:1030 - CMSIS Pack Vendor :STMicroelectronics MBEDTLS 2.14.1
2025-11-16 18:43:04,386 [INFO] ThirdParty:1030 - CMSIS Pack Vendor :STMicroelectronics X-CUBE-GNSS1 7.1.0
2025-11-16 18:43:04,386 [INFO] ThirdParty:1030 - CMSIS Pack Vendor :wolfSSL I-CUBE-wolfTPM 3.2.0
2025-11-16 18:43:04,386 [INFO] ThirdParty:1030 - CMSIS Pack Vendor :STMicroelectronics X-CUBE-TOUCHGFX 4.26.0
2025-11-16 18:43:04,386 [INFO] ThirdParty:1030 - CMSIS Pack Vendor :quantropi X-CUBE-qispace-sdk-base 2.0.0
2025-11-16 18:43:04,386 [INFO] ThirdParty:1030 - CMSIS Pack Vendor :STMicroelectronics X-CUBE-BLEMGR 3.1.0
2025-11-16 18:43:04,386 [INFO] ThirdParty:1030 - CMSIS Pack Vendor :STMicroelectronics X-CUBE-AI 10.0.0
2025-11-16 18:43:04,386 [INFO] ThirdParty:1030 - CMSIS Pack Vendor :STMicroelectronics FP-SNS-SMARTAG2 1.2.0
2025-11-16 18:43:04,386 [INFO] ThirdParty:1030 - CMSIS Pack Vendor :STMicroelectronics X-CUBE-AZRTOS-WL 2.0.0
2025-11-16 18:43:04,386 [INFO] ThirdParty:1030 - CMSIS Pack Vendor :STMicroelectronics X-CUBE-DPower 1.3.0
2025-11-16 18:43:04,386 [INFO] ThirdParty:1030 - CMSIS Pack Vendor :STMicroelectronics FP-SNS-MOTENV1 5.0.0
2025-11-16 18:43:04,386 [INFO] ThirdParty:1030 - CMSIS Pack Vendor :STMicroelectronics USB_DEVICE 1.0.0
2025-11-16 18:43:04,386 [INFO] ThirdParty:1030 - CMSIS Pack Vendor :wolfSSL I-CUBE-wolfMQTT 1.19.0
2025-11-16 18:43:04,386 [INFO] ThirdParty:1030 - CMSIS Pack Vendor :STMicroelectronics X-CUBE-AZRTOS-L4 2.0.0
2025-11-16 18:43:04,386 [INFO] ThirdParty:1030 - CMSIS Pack Vendor :STMicroelectronics ThreadX 0.0.2
2025-11-16 18:43:04,387 [INFO] ThirdParty:1030 - CMSIS Pack Vendor :WES I-CUBE-Cesium 1.3.0
2025-11-16 18:43:04,387 [INFO] ThirdParty:1030 - CMSIS Pack Vendor :STMicroelectronics lwIP 2.1.2
2025-11-16 18:43:04,387 [INFO] ThirdParty:1030 - CMSIS Pack Vendor :STMicroelectronics X-CUBE-SFXS2LP1 4.0.0
2025-11-16 18:43:04,387 [INFO] ThirdParty:1030 - CMSIS Pack Vendor :STMicroelectronics X-CUBE-BLE2 3.3.0
2025-11-16 18:43:04,387 [INFO] ThirdParty:1030 - CMSIS Pack Vendor :STMicroelectronics PDM2PCM 3.2.0
2025-11-16 18:43:04,387 [INFO] ThirdParty:1030 - CMSIS Pack Vendor :STMicroelectronics X-CUBE-AZRTOS-H7 3.3.0
2025-11-16 18:43:04,387 [INFO] ThirdParty:1030 - CMSIS Pack Vendor :STMicroelectronics X-CUBE-NFC9 1.0.0
2025-11-16 18:43:04,387 [INFO] ThirdParty:1030 - CMSIS Pack Vendor :STMicroelectronics X-CUBE-BLE1 7.1.0
2025-11-16 18:43:04,387 [INFO] ThirdParty:1030 - CMSIS Pack Vendor :STMicroelectronics USB_DEVICE 3.0.0
2025-11-16 18:43:04,387 [INFO] ThirdParty:1030 - CMSIS Pack Vendor :STMicroelectronics X-CUBE-TCPP 4.1.0
2025-11-16 18:43:04,387 [INFO] ThirdParty:1030 - CMSIS Pack Vendor :STMicroelectronics X-CUBE-EEPRMA1 5.2.0
2025-11-16 18:43:04,387 [INFO] ThirdParty:1030 - CMSIS Pack Vendor :STMicroelectronics X-CUBE-AZRTOS-WB 2.0.0
2025-11-16 18:43:04,387 [INFO] ThirdParty:1030 - CMSIS Pack Vendor :STMicroelectronics X-CUBE-GNSS1 7.0.1
2025-11-16 18:43:04,387 [INFO] ThirdParty:1030 - CMSIS Pack Vendor :STMicroelectronics X-CUBE-TOUCHGFX 4.25.0
2025-11-16 18:43:04,387 [INFO] ThirdParty:1030 - CMSIS Pack Vendor :STMicroelectronics X-CUBE-AI 10.1.0
2025-11-16 18:43:04,387 [INFO] ThirdParty:1030 - CMSIS Pack Vendor :STMicroelectronics FP-SNS-STBOX1 2.0.0
2025-11-16 18:43:04,387 [INFO] ThirdParty:1030 - CMSIS Pack Vendor :STMicroelectronics X-CUBE-ALGOBUILD 1.3.0
2025-11-16 18:43:04,387 [INFO] ThirdParty:1030 - CMSIS Pack Vendor :STMicroelectronics X-CUBE-MEMS1 11.2.0
2025-11-16 18:43:04,387 [INFO] ThirdParty:1030 - CMSIS Pack Vendor :STMicroelectronics X-CUBE-AZRTOS-G0 1.1.0
2025-11-16 18:43:04,387 [INFO] ThirdParty:1030 - CMSIS Pack Vendor :STMicroelectronics X-CUBE-SAFEA1 1.2.2
2025-11-16 18:43:04,387 [INFO] ThirdParty:1030 - CMSIS Pack Vendor :STMicroelectronics X-CUBE-NFC4 3.0.0
2025-11-16 18:43:04,387 [INFO] ThirdParty:1030 - CMSIS Pack Vendor :STMicroelectronics X-CUBE-SUBG2 5.0.0
2025-11-16 18:43:04,387 [INFO] ThirdParty:1030 - CMSIS Pack Vendor :STMicroelectronics X-CUBE-AZRTOS-H7RS 1.1.0
2025-11-16 18:43:04,387 [INFO] ThirdParty:1030 - CMSIS Pack Vendor :STMicroelectronics STM32_WPAN 1.0.0
2025-11-16 18:43:04,387 [INFO] ThirdParty:1030 - CMSIS Pack Vendor :EmbeddedOffice I-CUBE-FS-RTOS 1.0.1
2025-11-16 18:43:04,387 [INFO] ThirdParty:1030 - CMSIS Pack Vendor :STMicroelectronics lwIP 2.0.3
2025-11-16 18:43:04,387 [INFO] ThirdParty:1030 - CMSIS Pack Vendor :Cesanta I-CUBE-Mongoose 7.13.0
2025-11-16 18:43:04,387 [INFO] ThirdParty:1030 - CMSIS Pack Vendor :STMicroelectronics USB_HOST 1.0.0
2025-11-16 18:43:04,387 [INFO] ThirdParty:1030 - CMSIS Pack Vendor :STMicroelectronics X-CUBE-AZRTOS-G4 2.0.0
2025-11-16 18:43:04,387 [INFO] ThirdParty:1030 - CMSIS Pack Vendor :STMicroelectronics X-CUBE-WB05N 2.0.0
2025-11-16 18:43:04,387 [INFO] ThirdParty:1030 - CMSIS Pack Vendor :STMicroelectronics PDM2PCM 3.1.0
2025-11-16 18:43:04,387 [INFO] ThirdParty:1030 - CMSIS Pack Vendor :STMicroelectronics X-CUBE-NFC7 2.0.0
2025-11-16 18:43:04,387 [INFO] ThirdParty:1030 - CMSIS Pack Vendor :RealThread X-CUBE-RT-Thread_Nano 4.1.1
2025-11-16 18:43:04,387 [INFO] ThirdParty:1030 - CMSIS Pack Vendor :wolfSSL I-CUBE-wolfSSL 5.7.0
2025-11-16 18:43:04,387 [INFO] ThirdParty:1030 - CMSIS Pack Vendor :STMicroelectronics FP-ATR-SIGFOX1 3.2.0
2025-11-16 18:43:04,387 [INFO] ThirdParty:1030 - CMSIS Pack Vendor :STMicroelectronics X-CUBE-ISPU 2.0.0
2025-11-16 18:43:04,387 [INFO] ThirdParty:1030 - CMSIS Pack Vendor :STMicroelectronics X-CUBE-EEPRMA1 5.1.0
2025-11-16 18:43:04,387 [INFO] ThirdParty:1030 - CMSIS Pack Vendor :STMicroelectronics MBEDTLS 2.16.2
2025-11-16 18:43:04,387 [INFO] ThirdParty:1030 - CMSIS Pack Vendor :STMicroelectronics X-CUBE-ALS 1.0.2
2025-11-16 18:43:04,387 [INFO] ThirdParty:1030 - CMSIS Pack Vendor :STMicroelectronics X-CUBE-MEMS1 10.0.0
2025-11-16 18:43:04,387 [INFO] ThirdParty:1030 - CMSIS Pack Vendor :STMicroelectronics X-CUBE-FREERTOS 1.1.0
2025-11-16 18:43:04,387 [INFO] ThirdParty:1030 - CMSIS Pack Vendor :STMicroelectronics X-CUBE-TOUCHGFX 4.24.0
2025-11-16 18:43:04,387 [INFO] ThirdParty:1030 - CMSIS Pack Vendor :ITTIA_DB I-CUBE-ITTIADB 8.9.0
2025-11-16 18:43:04,387 [INFO] ThirdParty:1030 - CMSIS Pack Vendor :STMicroelectronics X-CUBE-STSE01 1.0.0
2025-11-16 18:43:04,387 [INFO] ThirdParty:1030 - CMSIS Pack Vendor :portGmbH I-Cube-SoM-uGOAL 1.1.0
2025-11-16 18:43:04,387 [INFO] ThirdParty:1030 - CMSIS Pack Vendor :STMicroelectronics X-CUBE-ALS 1.0.1
2025-11-16 18:43:04,387 [INFO] ThirdParty:1030 - CMSIS Pack Vendor :STMicroelectronics X-CUBE-AI 10.2.0
2025-11-16 18:43:04,387 [INFO] ThirdParty:1030 - CMSIS Pack Vendor :STMicroelectronics ThreadX 1.0.0
2025-11-16 18:43:04,387 [INFO] ThirdParty:1030 - CMSIS Pack Vendor :SEGGER I-CUBE-embOS 1.3.1
2025-11-16 18:43:04,387 [INFO] ThirdParty:1030 - CMSIS Pack Vendor :STMicroelectronics X-CUBE-ALGOBUILD 1.4.0
2025-11-16 18:43:04,387 [INFO] ThirdParty:1030 - CMSIS Pack Vendor :STMicroelectronics X-CUBE-MEMS1 11.3.0
2025-11-16 18:43:04,387 [INFO] ThirdParty:1030 - CMSIS Pack Vendor :STMicroelectronics X-CUBE-AZRTOS-H7RS 1.0.0
2025-11-16 18:43:04,387 [INFO] ThirdParty:1030 - CMSIS Pack Vendor :STMicroelectronics FP-ATR-ASTRA1 2.0.0
2025-11-16 18:43:04,387 [INFO] ThirdParty:1030 - CMSIS Pack Vendor :STMicroelectronics X-CUBE-TOF1 3.4.2
2025-11-16 18:43:04,387 [INFO] ThirdParty:1030 - CMSIS Pack Vendor :STMicroelectronics X-CUBE-TOF1 3.4.1
2025-11-16 18:43:04,387 [INFO] ThirdParty:1030 - CMSIS Pack Vendor :STMicroelectronics X-CUBE-AZRTOS-H7 3.2.0
2025-11-16 18:43:04,387 [INFO] ThirdParty:1030 - CMSIS Pack Vendor :Infineon AIROC-Wi-Fi-Bluetooth-STM32 1.6.0
2025-11-16 18:43:04,387 [INFO] ThirdParty:1030 - CMSIS Pack Vendor :wolfSSL I-CUBE-wolfSSH 1.4.17
2025-11-16 18:43:04,387 [INFO] ThirdParty:841 - exiting critical section [change project]
2025-11-16 18:43:04,510 [INFO] PinOutPanel:1561 - setPackage(No Configuration,No Configuration)
2025-11-16 18:43:04,511 [INFO] PinOutPanel:1561 - setPackage(STM32F446RETx,LQFP64)
2025-11-16 18:43:04,673 [INFO] UtilMem:75 - Before build in PCC Used Memory: 980842496 Bytes (1073741824)
2025-11-16 18:43:04,833 [INFO] UtilMem:75 - After build in PCC Used Memory: 983138736 Bytes (1073741824)
2025-11-16 18:43:04,854 [INFO] IPUIPlugin:80 - create IPUIPlugin
2025-11-16 18:43:04,854 [INFO] IPUIPlugin:80 - create IPUIPlugin
2025-11-16 18:43:04,854 [INFO] IPUIPlugin:80 - create IPUIPlugin
2025-11-16 18:43:04,855 [INFO] IPUIPlugin:80 - create IPUIPlugin
2025-11-16 18:43:04,855 [INFO] IPUIPlugin:80 - create IPUIPlugin
2025-11-16 18:43:04,855 [INFO] IPUIPlugin:80 - create IPUIPlugin
2025-11-16 18:43:04,855 [INFO] IPUIPlugin:80 - create IPUIPlugin
2025-11-16 18:43:04,855 [INFO] IPUIPlugin:80 - create IPUIPlugin
2025-11-16 18:43:04,855 [INFO] IPUIPlugin:80 - create IPUIPlugin
2025-11-16 18:43:04,855 [INFO] IPUIPlugin:80 - create IPUIPlugin
2025-11-16 18:43:04,855 [INFO] IPUIPlugin:80 - create IPUIPlugin
2025-11-16 18:43:04,855 [INFO] IPUIPlugin:80 - create IPUIPlugin
2025-11-16 18:43:04,855 [INFO] IPUIPlugin:80 - create IPUIPlugin
2025-11-16 18:43:04,855 [INFO] IPUIPlugin:80 - create IPUIPlugin
2025-11-16 18:43:04,855 [INFO] IPUIPlugin:80 - create IPUIPlugin
2025-11-16 18:43:04,855 [INFO] IPUIPlugin:80 - create IPUIPlugin
2025-11-16 18:43:04,855 [INFO] IPUIPlugin:80 - create IPUIPlugin
2025-11-16 18:43:04,855 [INFO] IPUIPlugin:80 - create IPUIPlugin
2025-11-16 18:43:04,855 [INFO] IPUIPlugin:80 - create IPUIPlugin
2025-11-16 18:43:04,855 [INFO] IPUIPlugin:80 - create IPUIPlugin
2025-11-16 18:43:04,855 [INFO] IPUIPlugin:80 - create IPUIPlugin
2025-11-16 18:43:04,855 [INFO] IPUIPlugin:80 - create IPUIPlugin
2025-11-16 18:43:04,856 [INFO] IPUIPlugin:80 - create IPUIPlugin
2025-11-16 18:43:04,856 [INFO] IPUIPlugin:80 - create IPUIPlugin
2025-11-16 18:43:04,856 [INFO] IPUIPlugin:80 - create IPUIPlugin
2025-11-16 18:43:04,856 [INFO] IPUIPlugin:80 - create IPUIPlugin
2025-11-16 18:43:04,856 [INFO] IPUIPlugin:80 - create IPUIPlugin
2025-11-16 18:43:04,857 [INFO] IPUIPlugin:80 - create IPUIPlugin
2025-11-16 18:43:04,857 [INFO] IPUIPlugin:80 - create IPUIPlugin
2025-11-16 18:43:04,857 [INFO] IPUIPlugin:80 - create IPUIPlugin
2025-11-16 18:43:04,857 [INFO] IPUIPlugin:80 - create IPUIPlugin
2025-11-16 18:43:04,857 [INFO] IPUIPlugin:80 - create IPUIPlugin
2025-11-16 18:43:04,857 [INFO] IPUIPlugin:80 - create IPUIPlugin
2025-11-16 18:43:04,857 [INFO] IPUIPlugin:80 - create IPUIPlugin
2025-11-16 18:43:04,857 [INFO] IPUIPlugin:80 - create IPUIPlugin
2025-11-16 18:43:04,858 [INFO] IPUIPlugin:80 - create IPUIPlugin
2025-11-16 18:43:04,858 [INFO] IPUIPlugin:80 - create IPUIPlugin
2025-11-16 18:43:04,858 [INFO] IPUIPlugin:80 - create IPUIPlugin
2025-11-16 18:43:04,858 [INFO] IPUIPlugin:80 - create IPUIPlugin
2025-11-16 18:43:04,858 [INFO] IPUIPlugin:80 - create IPUIPlugin
2025-11-16 18:43:04,858 [INFO] IPUIPlugin:80 - create IPUIPlugin
2025-11-16 18:43:04,858 [INFO] IPUIPlugin:80 - create IPUIPlugin
2025-11-16 18:43:04,858 [INFO] IPUIPlugin:80 - create IPUIPlugin
2025-11-16 18:43:04,858 [INFO] IPUIPlugin:80 - create IPUIPlugin
2025-11-16 18:43:04,859 [INFO] IPUIPlugin:80 - create IPUIPlugin
2025-11-16 18:43:04,859 [INFO] IPUIPlugin:80 - create IPUIPlugin
2025-11-16 18:43:04,859 [INFO] IPUIPlugin:80 - create IPUIPlugin
2025-11-16 18:43:04,859 [INFO] IPUIPlugin:80 - create IPUIPlugin
2025-11-16 18:43:04,862 [INFO] IPUIPlugin:80 - create IPUIPlugin
2025-11-16 18:43:04,862 [INFO] IPUIPlugin:80 - create IPUIPlugin
2025-11-16 18:43:04,863 [INFO] IPUIPlugin:80 - create IPUIPlugin
2025-11-16 18:43:04,863 [INFO] IPUIPlugin:80 - create IPUIPlugin
2025-11-16 18:43:04,863 [INFO] IPUIPlugin:80 - create IPUIPlugin
2025-11-16 18:43:04,863 [INFO] IPUIPlugin:80 - create IPUIPlugin
2025-11-16 18:43:04,863 [INFO] IPUIPlugin:80 - create IPUIPlugin
2025-11-16 18:43:04,863 [INFO] IPUIPlugin:80 - create IPUIPlugin
2025-11-16 18:43:04,863 [INFO] IPUIPlugin:80 - create IPUIPlugin
2025-11-16 18:43:04,864 [INFO] IPUIPlugin:80 - create IPUIPlugin
2025-11-16 18:43:04,865 [INFO] IPUIPlugin:80 - create IPUIPlugin
2025-11-16 18:43:04,865 [INFO] IPUIPlugin:80 - create IPUIPlugin
2025-11-16 18:43:04,872 [INFO] ApiDbMcu:508 - Load IP Config File for PDM2PCM
2025-11-16 18:43:04,939 [INFO] CADModel:165 - CPN selected for project levelSTM32F446RET6
2025-11-16 18:43:04,939 [INFO] CADModel:114 - Register for checkConnection events
2025-11-16 18:43:05,001 [INFO] OpenFileManager:343 - Restore cursor
2025-11-16 18:43:05,396 [INFO] UtilMem:75 - End SaveConfig() Used Memory: 1000798320 Bytes (1073741824)
2025-11-16 18:43:05,466 [INFO] UtilMem:75 - End SaveConfig() Used Memory: 972253800 Bytes (1073741824)
2025-11-16 18:43:05,994 [INFO] BlockDiagram:2759 - set Specific Code input for plugin: SYS
2025-11-16 18:43:05,995 [INFO] BlockDiagram:2759 - set Specific Code input for plugin: RCC
2025-11-16 18:43:05,995 [INFO] BlockDiagram:2759 - set Specific Code input for plugin: NVIC
2025-11-16 18:43:05,995 [INFO] BlockDiagram:2759 - set Specific Code input for plugin: USART
2025-11-16 18:43:05,995 [INFO] BlockDiagram:2759 - set Specific Code input for plugin: GPIO
2025-11-16 18:43:05,996 [INFO] CodeGenerator:807 - code generatio: config db path: C:\ST\STM32CubeIDE_1.15.0\STM32CubeIDE\plugins\com.st.stm32cube.common.mx_6.11.0.202403141607\\db\
2025-11-16 18:43:06,249 [INFO] CodeEngine:255 - oldGeneratedFile, D:\WorkSpace\UART_Module\MXTmpFiles\license.tmp_save
2025-11-16 18:43:06,600 [INFO] CodeEngine:279 - Generated code: D:\WorkSpace\UART_Module\MXTmpFiles\license.tmp
2025-11-16 18:43:06,688 [INFO] CodeEngine:255 - oldGeneratedFile, D:\WorkSpace\UART_Module\MXTmpFiles\gpio.tmp_save
2025-11-16 18:43:06,851 [INFO] CodeEngine:279 - Generated code: D:\WorkSpace\UART_Module\MXTmpFiles\gpio.tmp
2025-11-16 18:43:06,996 [INFO] CodeEngine:255 - oldGeneratedFile, D:\WorkSpace\UART_Module\Core\Src\stm32f4xx_it.c_save
2025-11-16 18:43:07,177 [INFO] CodeEngine:279 - Generated code: D:\WorkSpace\UART_Module\Core\Src\stm32f4xx_it.c
2025-11-16 18:43:07,193 [INFO] CodeEngine:255 - oldGeneratedFile, D:\WorkSpace\UART_Module\Core\Inc\stm32f4xx_it.h_save
2025-11-16 18:43:07,336 [INFO] CodeEngine:279 - Generated code: D:\WorkSpace\UART_Module\Core\Inc\stm32f4xx_it.h
2025-11-16 18:43:07,363 [INFO] CodeEngine:255 - oldGeneratedFile, D:\WorkSpace\UART_Module\Core\Src\stm32f4xx_hal_msp.c_save
2025-11-16 18:43:07,520 [INFO] CodeEngine:279 - Generated code: D:\WorkSpace\UART_Module\Core\Src\stm32f4xx_hal_msp.c
2025-11-16 18:43:07,533 [INFO] CodeEngine:255 - oldGeneratedFile, D:\WorkSpace\UART_Module\MXTmpFiles\system.tmp_save
2025-11-16 18:43:07,602 [INFO] CodeEngine:279 - Generated code: D:\WorkSpace\UART_Module\MXTmpFiles\system.tmp
2025-11-16 18:43:07,619 [INFO] CodeEngine:311 - oldGeneratedFile, D:\WorkSpace\UART_Module\Core\Inc\stm32f4xx_hal_conf.h_save
2025-11-16 18:43:07,714 [INFO] CodeEngine:335 - Generated code: D:\WorkSpace\UART_Module\Core\Inc\stm32f4xx_hal_conf.h
2025-11-16 18:43:07,749 [WARN] IPConfigManager:2982 - Warning: the RefConfig PLL2P_FOR_MCO is not available in your config.xml file
2025-11-16 18:43:07,769 [INFO] CodeEngine:255 - oldGeneratedFile, D:\WorkSpace\UART_Module\Core\Inc\main.h_save
2025-11-16 18:43:07,853 [INFO] CodeEngine:279 - Generated code: D:\WorkSpace\UART_Module\Core\Inc\main.h
2025-11-16 18:43:07,867 [INFO] CodeEngine:255 - oldGeneratedFile, D:\WorkSpace\UART_Module\Core\Src\main.c_save
2025-11-16 18:43:08,001 [INFO] CodeEngine:279 - Generated code: D:\WorkSpace\UART_Module\Core\Src\main.c
2025-11-16 18:43:08,510 [INFO] ProjectBuilder:3163 - Time for Copy HAL[1] : 270mS.
2025-11-16 18:43:08,515 [INFO] ProjectBuilder:4736 - Project Generator version: 4.3.0-B58
2025-11-16 18:43:08,592 [INFO] ConfigFileManager:1503 - The Die is : DIE421
2025-11-16 18:43:08,626 [INFO] ApiDbMcu:508 - Load IP Config File for FATFS
2025-11-16 18:43:08,641 [INFO] ApiDbMcu:508 - Load IP Config File for FREERTOS
2025-11-16 18:43:08,654 [INFO] ApiDbMcu:508 - Load IP Config File for LIBJPEG
2025-11-16 18:43:08,672 [INFO] ApiDbMcu:508 - Load IP Config File for MBEDTLS
2025-11-16 18:43:08,699 [INFO] ApiDbMcu:508 - Load IP Config File for USB_DEVICE
2025-11-16 18:43:08,712 [INFO] ApiDbMcu:508 - Load IP Config File for USB_HOST
2025-11-16 18:43:09,297 [INFO] LogOutputStream:77 - [STDOUT_REDIRECT] 
2025-11-16 18:43:12,015 [INFO] ProjectBuilder:5002 - Time for Generating toolchain IDE Files: 3499mS.
2025-11-16 18:43:12,016 [INFO] ProjectBuilder:3034 - Time for Copy CMSIS : 1mS.
2025-11-16 18:43:12,017 [INFO] ProjectBuilder:3034 - Time for Copy CMSIS : 0mS.
2025-11-16 18:43:12,763 [INFO] McuFinderGlobals:76 - Set McuFinderConnectedMode to true
2025-11-16 18:43:12,770 [INFO] ApiDb:448 - Save user favorites file C:\Users\Aditya/.stm32cubeide/favorites.mcus.txt: 0 item(s)
2025-11-16 18:43:12,770 [INFO] ApiDb:452 - User favorites MCUs=[]
2025-11-16 18:43:12,772 [INFO] ApiDb:448 - Save user favorites file C:\Users\Aditya/.stm32cubeide/favorites.boards.txt: 0 item(s)
2025-11-16 18:43:12,772 [INFO] ApiDb:452 - User favorites Boards=[]
2025-11-16 18:43:27,689 [INFO] NvicIntPanel:101 - NVIC parent = com.st.microxplorer.plugins.ip.nvic.MultiNvicIntPanel[,0,0,0x0,invalid,layout=javax.swing.BoxLayout,alignmentX=0.0,alignmentY=0.0,border=,flags=9,maximumSize=,minimumSize=,preferredSize=]
2025-11-16 18:43:35,012 [INFO] NvicIntPanel:101 - NVIC parent = com.st.microxplorer.plugins.ip.nvic.MultiNvicIntPanel[,0,0,0x0,invalid,layout=javax.swing.BoxLayout,alignmentX=0.0,alignmentY=0.0,border=,flags=9,maximumSize=,minimumSize=,preferredSize=]
2025-11-16 18:44:46,815 [INFO] NvicIntPanel:101 - NVIC parent = com.st.microxplorer.plugins.ip.nvic.MultiNvicIntPanel[,0,0,0x0,invalid,layout=javax.swing.BoxLayout,alignmentX=0.0,alignmentY=0.0,border=,flags=9,maximumSize=,minimumSize=,preferredSize=]
2025-11-16 18:44:54,446 [INFO] UtilMem:75 - End SaveConfig() Used Memory: 835468160 Bytes (1073741824)
2025-11-16 18:44:56,225 [INFO] UtilMem:75 - End SaveConfig() Used Memory: 878459760 Bytes (1073741824)
2025-11-16 18:45:00,186 [INFO] UtilMem:75 - End SaveConfig() Used Memory: 972309360 Bytes (1073741824)
2025-11-16 18:45:00,417 [INFO] BlockDiagram:2759 - set Specific Code input for plugin: SYS
2025-11-16 18:45:00,417 [INFO] BlockDiagram:2759 - set Specific Code input for plugin: RCC
2025-11-16 18:45:00,417 [INFO] BlockDiagram:2759 - set Specific Code input for plugin: NVIC
2025-11-16 18:45:00,417 [INFO] BlockDiagram:2759 - set Specific Code input for plugin: USART
2025-11-16 18:45:00,418 [INFO] BlockDiagram:2759 - set Specific Code input for plugin: GPIO
2025-11-16 18:45:00,418 [INFO] CodeGenerator:807 - code generatio: config db path: C:\ST\STM32CubeIDE_1.15.0\STM32CubeIDE\plugins\com.st.stm32cube.common.mx_6.11.0.202403141607\\db\
2025-11-16 18:45:00,469 [INFO] CodeEngine:255 - oldGeneratedFile, D:\WorkSpace\UART_Module\MXTmpFiles\license.tmp_save
2025-11-16 18:45:00,574 [INFO] CodeEngine:279 - Generated code: D:\WorkSpace\UART_Module\MXTmpFiles\license.tmp
2025-11-16 18:45:00,593 [INFO] CodeEngine:255 - oldGeneratedFile, D:\WorkSpace\UART_Module\MXTmpFiles\gpio.tmp_save
2025-11-16 18:45:00,661 [INFO] CodeEngine:279 - Generated code: D:\WorkSpace\UART_Module\MXTmpFiles\gpio.tmp
2025-11-16 18:45:00,706 [INFO] CodeEngine:255 - oldGeneratedFile, D:\WorkSpace\UART_Module\Core\Src\stm32f4xx_it.c_save
2025-11-16 18:45:00,879 [INFO] CodeEngine:279 - Generated code: D:\WorkSpace\UART_Module\Core\Src\stm32f4xx_it.c
2025-11-16 18:45:00,883 [INFO] CodeEngine:255 - oldGeneratedFile, D:\WorkSpace\UART_Module\Core\Inc\stm32f4xx_it.h_save
2025-11-16 18:45:00,941 [INFO] CodeEngine:279 - Generated code: D:\WorkSpace\UART_Module\Core\Inc\stm32f4xx_it.h
2025-11-16 18:45:00,960 [INFO] CodeEngine:255 - oldGeneratedFile, D:\WorkSpace\UART_Module\Core\Src\stm32f4xx_hal_msp.c_save
2025-11-16 18:45:01,066 [INFO] CodeEngine:279 - Generated code: D:\WorkSpace\UART_Module\Core\Src\stm32f4xx_hal_msp.c
2025-11-16 18:45:01,070 [INFO] CodeEngine:255 - oldGeneratedFile, D:\WorkSpace\UART_Module\MXTmpFiles\system.tmp_save
2025-11-16 18:45:01,111 [INFO] CodeEngine:279 - Generated code: D:\WorkSpace\UART_Module\MXTmpFiles\system.tmp
2025-11-16 18:45:01,127 [INFO] CodeEngine:311 - oldGeneratedFile, D:\WorkSpace\UART_Module\Core\Inc\stm32f4xx_hal_conf.h_save
2025-11-16 18:45:01,209 [INFO] CodeEngine:335 - Generated code: D:\WorkSpace\UART_Module\Core\Inc\stm32f4xx_hal_conf.h
2025-11-16 18:45:01,233 [WARN] IPConfigManager:2982 - Warning: the RefConfig PLL2P_FOR_MCO is not available in your config.xml file
2025-11-16 18:45:01,249 [INFO] CodeEngine:255 - oldGeneratedFile, D:\WorkSpace\UART_Module\Core\Inc\main.h_save
2025-11-16 18:45:01,313 [INFO] CodeEngine:279 - Generated code: D:\WorkSpace\UART_Module\Core\Inc\main.h
2025-11-16 18:45:01,327 [INFO] CodeEngine:255 - oldGeneratedFile, D:\WorkSpace\UART_Module\Core\Src\main.c_save
2025-11-16 18:45:01,438 [INFO] CodeEngine:279 - Generated code: D:\WorkSpace\UART_Module\Core\Src\main.c
2025-11-16 18:45:01,697 [INFO] ProjectBuilder:3163 - Time for Copy HAL[1] : 158mS.
2025-11-16 18:45:01,699 [INFO] ProjectBuilder:4736 - Project Generator version: 4.3.0-B58
2025-11-16 18:45:01,778 [INFO] ConfigFileManager:1503 - The Die is : DIE421
2025-11-16 18:45:02,777 [INFO] ProjectBuilder:5002 - Time for Generating toolchain IDE Files: 1078mS.
2025-11-16 18:45:02,777 [INFO] ProjectBuilder:3034 - Time for Copy CMSIS : 0mS.
2025-11-16 18:45:02,778 [INFO] ProjectBuilder:3034 - Time for Copy CMSIS : 0mS.
2025-11-16 19:10:48,976 [INFO] MainUpdater:2873 - connection check result : 10
2025-11-16 19:10:49,045 [INFO] McuFinderGlobals:76 - Set McuFinderConnectedMode to true
2025-11-16 19:10:49,047 [INFO] MultiScanPanel:200 - Auto-refresh data requested => check proxy status ongoing
2025-11-16 19:10:49,047 [INFO] FinderPluginLoader:95 - Searching for filters in installed packs
2025-11-16 19:10:49,558 [INFO] LoadUrlFilesThread:185 - End of LoadServerUrlFiles without Thread
2025-11-16 19:10:49,558 [INFO] DetailPanel:341 - Set advertising image to C:/Users/Aditya/STM32Cube/Repository/\en.mcu-finder-preevent.jpg
2025-11-16 19:10:56,156 [INFO] MultiScanPanel:200 - Auto-refresh data requested => check proxy status ongoing
2025-11-16 19:10:56,190 [INFO] LoadUrlFilesThread:185 - End of LoadServerUrlFiles without Thread
2025-11-16 19:10:56,190 [INFO] DetailPanel:341 - Set advertising image to C:/Users/Aditya/STM32Cube/Repository/\en.mcu-finder-preevent.jpg
2025-11-16 19:12:05,851 [INFO] MainUpdater:2873 - connection check result : 10
2025-11-16 19:12:05,851 [INFO] MainUpdater:2873 - connection check result : 10
2025-11-16 19:12:05,880 [INFO] MicroXplorer:468 - Change Database Path : 
2025-11-16 19:12:05,880 [INFO] MicroXplorer:498 - Change Database Version : DB.6.0.110
2025-11-16 19:12:05,884 [ERROR] ProjectManagerView:394 - 
java.lang.NullPointerException: Cannot invoke "javax.swing.JTextField.getText()" because the return value of "java.util.List.get(int)" is null
	at com.st.microxplorer.plugins.projectmanager.gui.ProjectChoiceTab$10.caretUpdate(ProjectChoiceTab.java:2504) ~[filemanager.jar:?]
	at javax.swing.text.JTextComponent.fireCaretUpdate(JTextComponent.java:412) ~[?:?]
	at javax.swing.text.JTextComponent$MutableCaretEvent.fire(JTextComponent.java:4491) ~[?:?]
	at javax.swing.text.JTextComponent$MutableCaretEvent.stateChanged(JTextComponent.java:4513) ~[?:?]
	at javax.swing.text.DefaultCaret.fireStateChanged(DefaultCaret.java:842) ~[?:?]
	at javax.swing.text.DefaultCaret.changeCaretPosition(DefaultCaret.java:1313) ~[?:?]
	at javax.swing.text.DefaultCaret.handleSetDot(DefaultCaret.java:1212) ~[?:?]
	at javax.swing.text.DefaultCaret.setDot(DefaultCaret.java:1193) ~[?:?]
	at javax.swing.text.DefaultCaret$Handler.insertUpdate(DefaultCaret.java:1789) ~[?:?]
	at javax.swing.text.AbstractDocument.fireInsertUpdate(AbstractDocument.java:226) ~[?:?]
	at javax.swing.text.AbstractDocument.handleInsertString(AbstractDocument.java:780) ~[?:?]
	at javax.swing.text.AbstractDocument.insertString(AbstractDocument.java:739) ~[?:?]
	at javax.swing.text.PlainDocument.insertString(PlainDocument.java:131) ~[?:?]
	at javax.swing.text.AbstractDocument.replace(AbstractDocument.java:698) ~[?:?]
	at javax.swing.text.JTextComponent.setText(JTextComponent.java:1729) ~[?:?]
	at com.st.microxplorer.plugins.projectmanager.gui.ProjectChoiceTab.createHeapStackFields(ProjectChoiceTab.java:944) ~[filemanager.jar:?]
	at com.st.microxplorer.plugins.projectmanager.gui.ProjectChoiceTab.buildLinkSettingsPanel(ProjectChoiceTab.java:3475) ~[filemanager.jar:?]
	at com.st.microxplorer.plugins.projectmanager.gui.ProjectChoiceTab.defineWindowsFields(ProjectChoiceTab.java:1816) ~[filemanager.jar:?]
	at com.st.microxplorer.plugins.projectmanager.gui.ProjectChoiceTab.updateSettings(ProjectChoiceTab.java:544) ~[filemanager.jar:?]
	at com.st.microxplorer.plugins.projectmanager.gui.ProjectSettingsPanel.UpdateDialog(ProjectSettingsPanel.java:245) ~[filemanager.jar:?]
	at com.st.microxplorer.plugins.projectmanager.ProjectManagerView.propertyChange(ProjectManagerView.java:391) ~[filemanager.jar:?]
	at java.beans.PropertyChangeSupport.fire(PropertyChangeSupport.java:343) ~[?:?]
	at java.beans.PropertyChangeSupport.firePropertyChange(PropertyChangeSupport.java:335) ~[?:?]
	at java.beans.PropertyChangeSupport.firePropertyChange(PropertyChangeSupport.java:268) ~[?:?]
	at com.st.microxplorer.util.MXPropertyChangeSupport.firePropertyChange(MXPropertyChangeSupport.java:54) ~[STM32CubeMX.jar:?]
	at com.st.microxplorer.mxsystem.MxSystem.closeConfig(MxSystem.java:900) ~[STM32CubeMX.jar:?]
	at com.st.microxplorer.maingui.MainPanel.closeConfig(MainPanel.java:776) ~[STM32CubeMX.jar:?]
	at com.st.microxplorer.plugins.filemanager.engine.OpenFileManager.loadConfigurationFile(OpenFileManager.java:245) ~[filemanager.jar:?]
	at com.st.microxplorer.plugins.filemanager.engine.MainFileManager.userLoadConfig(MainFileManager.java:315) ~[filemanager.jar:?]
	at com.st.microxplorer.plugins.filemanager.FileManagerView.getSpecificTask(FileManagerView.java:251) ~[filemanager.jar:?]
	at com.st.stm32cube.common.mx.editor.CubeMxEditor.getMxTabbedPaneInstance(CubeMxEditor.java:1191) ~[com.st.stm32cube.common.mx_6.11.0.202403141607/:?]
	at com.st.stm32cube.common.mx.editor.CubeMxEditor$12$1.createSwingComponent(CubeMxEditor.java:1068) ~[com.st.stm32cube.common.mx_6.11.0.202403141607/:?]
	at com.st.stm32cube.common.mx.oss.core.awtswtbridge.EmbeddedSwingComposite.doComponentCreation(EmbeddedSwingComposite.java:492) ~[com.st.stm32cube.common.mx.oss_6.11.0.202403141607/:?]
	at com.st.stm32cube.common.mx.oss.core.awtswtbridge.EmbeddedSwingComposite$4.run(EmbeddedSwingComposite.java:291) ~[com.st.stm32cube.common.mx.oss_6.11.0.202403141607/:?]
	at com.st.stm32cube.common.mx.oss.core.awtswtbridge.AwtEnvironment$2.run(AwtEnvironment.java:166) ~[com.st.stm32cube.common.mx.oss_6.11.0.202403141607/:?]
	at java.awt.event.InvocationEvent.dispatch(InvocationEvent.java:318) ~[?:?]
	at java.awt.EventQueue.dispatchEventImpl(EventQueue.java:773) ~[?:?]
	at java.awt.EventQueue$4.run(EventQueue.java:720) ~[?:?]
	at java.awt.EventQueue$4.run(EventQueue.java:714) ~[?:?]
	at java.security.AccessController.doPrivileged(AccessController.java:399) ~[?:?]
	at java.security.ProtectionDomain$JavaSecurityAccessImpl.doIntersectionPrivilege(ProtectionDomain.java:86) ~[?:?]
	at java.awt.EventQueue.dispatchEvent(EventQueue.java:742) ~[?:?]
	at java.awt.EventDispatchThread.pumpOneEventForFilters(EventDispatchThread.java:203) ~[?:?]
	at java.awt.EventDispatchThread.pumpEventsForFilter(EventDispatchThread.java:124) ~[?:?]
	at java.awt.EventDispatchThread.pumpEventsForHierarchy(EventDispatchThread.java:113) ~[?:?]
	at java.awt.EventDispatchThread.pumpEvents(EventDispatchThread.java:109) ~[?:?]
	at java.awt.EventDispatchThread.pumpEvents(EventDispatchThread.java:101) ~[?:?]
	at java.awt.EventDispatchThread.run(EventDispatchThread.java:90) ~[?:?]
2025-11-16 19:12:05,885 [WARN] ThirdParty:871 - waiting for thirdparty lock release [close project]
2025-11-16 19:12:05,885 [INFO] ThirdParty:873 - entering critical section [close project]
2025-11-16 19:12:05,885 [INFO] ThirdParty:883 - exiting critical section [close project]
2025-11-16 19:12:05,886 [INFO] PinOutPanel:1561 - setPackage(No Configuration,No Configuration)
2025-11-16 19:12:05,889 [WARN] IpParametersView:151 - Warning: This peripheral hasn't parameters
2025-11-16 19:12:05,892 [WARN] MainPanel:272 - <html><b><center>Warning: This peripheral has no parameters to be configured<br></b></html>
2025-11-16 19:12:05,895 [INFO] UtilMem:75 - Begin LoadConfig() Used Memory: 886913512 Bytes (1073741824)
2025-11-16 19:12:05,895 [INFO] OpenFileManager:312 - Change cursor
2025-11-16 19:12:05,914 [INFO] RulesReader:64 - Compatibility file has been processed (297 Rules)
2025-11-16 19:12:05,916 [INFO] ProjectFactory:442 - No CPN specified for board NUCLEO-F446RE => set CPN to STM32F446RET6
2025-11-16 19:12:05,916 [INFO] Mcu:2021 - Initializing MCU STM32F446R(C-E)Tx STM32F446RETx STM32F446RET6
2025-11-16 19:12:06,756 [INFO] Context:663 - Trying to add GPIOservice into a context  which must be forbidden
2025-11-16 19:12:06,934 [INFO] Rule:228 - rule 117617 - U5Cobra4M][GTZC] default value MPCBB3 and MPCBB5 - Not Secured memory - MPCBB1 is applicable
2025-11-16 19:12:06,934 [INFO] Rule:228 - rule 117617 - U5Cobra4M][GTZC] default value MPCBB3 and MPCBB5 - Not Secured memory - MPCBB1 is applicable
2025-11-16 19:12:06,934 [INFO] Rule:228 - rule 117617 - U5Cobra4M][GTZC] default value MPCBB3 and MPCBB5 - Not Secured memory - MPCBB2 is applicable
2025-11-16 19:12:06,934 [INFO] Rule:228 - rule 117617 - U5Cobra4M][GTZC] default value MPCBB3 and MPCBB5 - Not Secured memory - MPCBB2 is applicable
2025-11-16 19:12:06,934 [INFO] Rule:228 - rule 117617 - U5Cobra4M][GTZC] default value MPCBB3 and MPCBB5 - Not Secured memory - MPCBB3 is applicable
2025-11-16 19:12:06,934 [INFO] Rule:228 - rule 117617 - U5Cobra4M][GTZC] default value MPCBB3 and MPCBB5 - Not Secured memory - MPCBB3 is applicable
2025-11-16 19:12:06,934 [INFO] Rule:228 - rule 117617 - U5Cobra4M][GTZC] default value MPCBB3 and MPCBB5 - Not Secured memory - MPCBB4 is applicable
2025-11-16 19:12:06,934 [INFO] Rule:228 - rule 117617 - U5Cobra4M][GTZC] default value MPCBB3 and MPCBB5 - Not Secured memory - MPCBB4 is applicable
2025-11-16 19:12:06,934 [INFO] Rule:228 - rule 117617 - U5Cobra4M][GTZC] default value MPCBB3 and MPCBB5 - Secured memory - MPCBB1 is applicable
2025-11-16 19:12:06,934 [INFO] Rule:228 - rule 117617 - U5Cobra4M][GTZC] default value MPCBB3 and MPCBB5 - Secured memory - MPCBB2 is applicable
2025-11-16 19:12:06,934 [INFO] Rule:228 - rule 117617 - U5Cobra4M][GTZC] default value MPCBB3 and MPCBB5 - Secured memory - MPCBB3 is applicable
2025-11-16 19:12:06,935 [INFO] Rule:228 - rule 117617 - U5Cobra4M][GTZC] default value MPCBB3 and MPCBB5 - Secured memory - MPCBB4 is applicable
2025-11-16 19:12:06,935 [INFO] Rule:228 - rule 117617 - U5Cobra4M][GTZC] default value MPCBB3 and MPCBB5 - Privileged memory - MPCBB1 is applicable
2025-11-16 19:12:06,935 [INFO] Rule:228 - rule 117617 - U5Cobra4M][GTZC] default value MPCBB3 and MPCBB5 - Privileged memory - MPCBB2 is applicable
2025-11-16 19:12:06,935 [INFO] Rule:228 - rule 117617 - U5Cobra4M][GTZC] default value MPCBB3 and MPCBB5 - Privileged memory - MPCBB3 is applicable
2025-11-16 19:12:06,935 [INFO] Rule:228 - rule 117617 - U5Cobra4M][GTZC] default value MPCBB3 and MPCBB5 - Privileged memory - MPCBB4 is applicable
2025-11-16 19:12:06,935 [INFO] Rule:228 - rule 117617 - U5Cobra4M][GTZC] default value MPCBB3 and MPCBB5 - Not Privileged memory - MPCBB1 is applicable
2025-11-16 19:12:06,935 [INFO] Rule:228 - rule 117617 - U5Cobra4M][GTZC] default value MPCBB3 and MPCBB5 - Not Privileged memory - MPCBB2 is applicable
2025-11-16 19:12:06,935 [INFO] Rule:228 - rule 117617 - U5Cobra4M][GTZC] default value MPCBB3 and MPCBB5 - Not Privileged memory - MPCBB3 is applicable
2025-11-16 19:12:06,935 [INFO] Rule:228 - rule 117617 - U5Cobra4M][GTZC] default value MPCBB3 and MPCBB5 - Not Privileged memory - MPCBB4 is applicable
2025-11-16 19:12:06,935 [INFO] Rule:228 - rule 117617 - U5Cobra4M][GTZC] default value MPCBB3 and MPCBB5 - Privileged memory - MPCBB1 is applicable
2025-11-16 19:12:06,935 [INFO] Rule:228 - rule 117617 - U5Cobra4M][GTZC] default value MPCBB3 and MPCBB5 - Privileged memory - MPCBB2 is applicable
2025-11-16 19:12:06,935 [INFO] Rule:228 - rule 117617 - U5Cobra4M][GTZC] default value MPCBB3 and MPCBB5 - Privileged memory - MPCBB3 is applicable
2025-11-16 19:12:06,935 [INFO] Rule:228 - rule 117617 - U5Cobra4M][GTZC] default value MPCBB3 and MPCBB5 - Privileged memory - MPCBB4 is applicable
2025-11-16 19:12:06,935 [INFO] Rule:228 - rule 117617 - U5Cobra4M][GTZC] default value MPCBB3 and MPCBB5 - Privileged memory - MPCBB1 is applicable
2025-11-16 19:12:06,935 [INFO] Rule:228 - rule 117617 - U5Cobra4M][GTZC] default value MPCBB3 and MPCBB5 - Privileged memory - MPCBB2 is applicable
2025-11-16 19:12:06,935 [INFO] Rule:228 - rule 117617 - U5Cobra4M][GTZC] default value MPCBB3 and MPCBB5 - Privileged memory - MPCBB3 is applicable
2025-11-16 19:12:06,935 [INFO] Rule:228 - rule 117617 - U5Cobra4M][GTZC] default value MPCBB3 and MPCBB5 - Privileged memory - MPCBB4 is applicable
2025-11-16 19:12:06,935 [INFO] Rule:228 - rule 117617 - U5Cobra4M][GTZC] default value MPCBB3 and MPCBB5 - Not Privileged memory - MPCBB1 is applicable
2025-11-16 19:12:06,935 [INFO] Rule:228 - rule 117617 - U5Cobra4M][GTZC] default value MPCBB3 and MPCBB5 - Not Privileged memory - MPCBB2 is applicable
2025-11-16 19:12:06,935 [INFO] Rule:228 - rule 117617 - U5Cobra4M][GTZC] default value MPCBB3 and MPCBB5 - Not Privileged memory - MPCBB3 is applicable
2025-11-16 19:12:06,935 [INFO] Rule:228 - rule 117617 - U5Cobra4M][GTZC] default value MPCBB3 and MPCBB5 - Not Privileged memory - MPCBB4 is applicable
2025-11-16 19:12:06,935 [INFO] Rule:228 - rule 117617 - U5Cobra4M][GTZC] default value MPCBB3 and MPCBB5 - Privileged memory - MPCBB1 is applicable
2025-11-16 19:12:06,935 [INFO] Rule:228 - rule 117617 - U5Cobra4M][GTZC] default value MPCBB3 and MPCBB5 - Privileged memory - MPCBB2 is applicable
2025-11-16 19:12:06,935 [INFO] Rule:228 - rule 117617 - U5Cobra4M][GTZC] default value MPCBB3 and MPCBB5 - Privileged memory - MPCBB3 is applicable
2025-11-16 19:12:06,935 [INFO] Rule:228 - rule 117617 - U5Cobra4M][GTZC] default value MPCBB3 and MPCBB5 - Privileged memory - MPCBB4 is applicable
2025-11-16 19:12:06,936 [INFO] Rule:228 - rule Rename SubGHz_Phy SUBGHZ_APPLICATION SUBGHZ_PINGPONG to SUBGHZ_ADV_APPLICATION is applicable
2025-11-16 19:12:06,936 [INFO] Rule:228 - rule Rename Enabled to IBEACON is applicable
2025-11-16 19:12:06,936 [INFO] Rule:228 - rule GTZC_S instance for project manager is applicable
2025-11-16 19:12:06,936 [INFO] Rule:228 - rule GTZC_S instance for context M33S is applicable
2025-11-16 19:12:06,936 [INFO] Rule:228 - rule GTZC_S instance value for IP GTZC is applicable
2025-11-16 19:12:06,936 [INFO] Rule:228 - rule GTZC_S instance for mcu.IP is applicable
2025-11-16 19:12:06,936 [INFO] Rule:228 - rule GTZC_S instance for VP is applicable
2025-11-16 19:12:06,936 [INFO] Rule:228 - rule GTZC_S instance for signal is applicable
2025-11-16 19:12:06,936 [INFO] Rule:228 - rule GTZC_S instance for mcu.Pin is applicable
2025-11-16 19:12:06,936 [INFO] Rule:228 - rule GTZC_S instance for VP is applicable
2025-11-16 19:12:06,936 [INFO] Rule:228 - rule GTZC_S instance for signal is applicable
2025-11-16 19:12:06,936 [INFO] Rule:228 - rule GTZC_S instance for mcu is applicable
2025-11-16 19:12:06,936 [INFO] Rule:228 - rule GTZC_S instance for mcu.Pin is applicable
2025-11-16 19:12:06,936 [INFO] Rule:228 - rule GTZC_S instance value for IP GTZC is applicable
2025-11-16 19:12:06,936 [INFO] Rule:228 - rule GTZC_S instance for project manager is applicable
2025-11-16 19:12:06,936 [INFO] Rule:228 - rule GTZC_S instance for context M33S is applicable
2025-11-16 19:12:06,936 [INFO] Rule:228 - rule GTZC_S instance for VP is applicable
2025-11-16 19:12:06,936 [INFO] Rule:228 - rule GTZC_S instance for signal is applicable
2025-11-16 19:12:06,936 [INFO] Rule:228 - rule SPDIFRX instance for mcu is applicable
2025-11-16 19:12:06,936 [INFO] Rule:228 - rule Rename Tracer Mode is applicable
2025-11-16 19:12:06,936 [INFO] Rule:228 - rule SPDIFRX instance value for IP SPDIFRX is applicable
2025-11-16 19:12:06,936 [INFO] Rule:228 - rule SPDIFRX instance for signal is applicable
2025-11-16 19:12:06,936 [INFO] Rule:228 - rule SPDIFRX instance for project manager is applicable
2025-11-16 19:12:06,936 [INFO] Rule:228 - rule SPDIFRX instance for project manager is applicable
2025-11-16 19:12:06,936 [INFO] Rule:228 - rule ADC Scan  fix with FW F7 is applicable
2025-11-16 19:12:06,936 [INFO] Rule:228 - rule ADC Scan  fix with FW F7 is applicable
2025-11-16 19:12:06,936 [INFO] Rule:228 - rule WakeUp0 Mode is applicable
2025-11-16 19:12:06,936 [INFO] Rule:228 - rule WakeUp0 SIGNAL is applicable
2025-11-16 19:12:06,936 [INFO] Rule:228 - rule WakeUp1 Mode is applicable
2025-11-16 19:12:06,936 [INFO] Rule:228 - rule WakeUp1 SIGNAL is applicable
2025-11-16 19:12:06,936 [INFO] Rule:228 - rule WakeUp2 Mode is applicable
2025-11-16 19:12:06,936 [INFO] Rule:228 - rule WakeUp2 SIGNAL is applicable
2025-11-16 19:12:06,936 [INFO] Rule:228 - rule WakeUp4 Mode is applicable
2025-11-16 19:12:06,936 [INFO] Rule:228 - rule WakeUp4 SIGNAL is applicable
2025-11-16 19:12:06,936 [INFO] Rule:228 - rule WakeUp5 Mode is applicable
2025-11-16 19:12:06,936 [INFO] Rule:228 - rule WakeUp5 SIGNAL is applicable
2025-11-16 19:12:06,936 [INFO] Rule:228 - rule Add RTC Activate Clock Source is applicable
2025-11-16 19:12:06,936 [INFO] Rule:228 - rule Add RTC Activate Calendar 1 is applicable
2025-11-16 19:12:06,936 [INFO] Rule:228 - rule Add RTC Activate Calendar 2 is applicable
2025-11-16 19:12:06,936 [INFO] Rule:228 - rule Add RTC Activate Calendar 3 is applicable
2025-11-16 19:12:06,936 [INFO] Rule:228 - rule UART/USART TX Mode is applicable
2025-11-16 19:12:06,936 [INFO] Rule:228 - rule UART/USART RX Mode is applicable
2025-11-16 19:12:06,936 [INFO] Rule:228 - rule UART/USART RX TX Mode is applicable
2025-11-16 19:12:06,936 [INFO] Rule:228 - rule UART/USART PARITY NONE is applicable
2025-11-16 19:12:06,936 [INFO] Rule:228 - rule UART/USART PARITY EVEN is applicable
2025-11-16 19:12:06,936 [INFO] Rule:228 - rule UART/USART PARITY ODD is applicable
2025-11-16 19:12:06,936 [INFO] Rule:228 - rule USART StopBits 1 is applicable
2025-11-16 19:12:06,936 [INFO] Rule:228 - rule USART StopBits 2 is applicable
2025-11-16 19:12:06,936 [INFO] Rule:228 - rule USART StopBits 1.5 is applicable
2025-11-16 19:12:06,936 [INFO] Rule:228 - rule USART StopBits 0.5 is applicable
2025-11-16 19:12:06,936 [INFO] Rule:228 - rule UART/USART WORD LENGTH 7 is applicable
2025-11-16 19:12:06,936 [INFO] Rule:228 - rule UART/USART WORD LENGTH 8 is applicable
2025-11-16 19:12:06,936 [INFO] Rule:228 - rule UART/USART WORD LENGTH 9 is applicable
2025-11-16 19:12:06,936 [INFO] Rule:228 - rule Rename FMC NAND NCE signal is applicable
2025-11-16 19:12:06,936 [INFO] Rule:228 - rule Rename FMC NAND INT signal is applicable
2025-11-16 19:12:06,936 [INFO] Rule:228 - rule Change Default Value for LSE Drive Capability for WB family is applicable
2025-11-16 19:12:06,936 [INFO] Rule:228 - rule Change Default Value for ADC Clock Prescaler G0 family is applicable
2025-11-16 19:12:06,936 [INFO] Rule:228 - rule Change Default Value for ADC ExternalTrigConv L4 family is applicable
2025-11-16 19:12:06,936 [INFO] Rule:228 - rule Change Default Value for ADC ExternalTrigInjecConv L4 family is applicable
2025-11-16 19:12:06,936 [INFO] Rule:228 - rule Change Default Value for ADC ExternalTrigConv F3 family is applicable
2025-11-16 19:12:06,936 [INFO] Rule:228 - rule Change Default Value for ADC ExternalTrigInjecConv F3 family is applicable
2025-11-16 19:12:06,936 [INFO] Rule:228 - rule Change Default Value for ADC ExternalTrigConv Goldfish serie is applicable
2025-11-16 19:12:06,936 [INFO] Rule:228 - rule Change Default Value for ADC ExternalTrigInjecConv Goldfish serie is applicable
2025-11-16 19:12:06,936 [INFO] Rule:228 - rule Change Default Value for ADC ExternalTrigConv L0 family is applicable
2025-11-16 19:12:06,936 [INFO] Rule:228 - rule Change Default Value for ADC ExternalTrigConv F0 family is applicable
2025-11-16 19:12:06,936 [INFO] Rule:228 - rule Change Default Value for ADC ExternalTrigConvn L1 family is applicable
2025-11-16 19:12:06,936 [INFO] Rule:228 - rule Change Default Value for ADC ExternalTrigInjecConv L1 family is applicable
2025-11-16 19:12:06,936 [INFO] Rule:228 - rule Change Default Value for ADC ExternalTrigConv F1 family is applicable
2025-11-16 19:12:06,936 [INFO] Rule:228 - rule Change Default Value for ADC ExternalTrigInjecConv F1 family is applicable
2025-11-16 19:12:06,936 [INFO] Rule:228 - rule Change Default Value for ADC ExternalTrigConv F7 family is applicable
2025-11-16 19:12:06,936 [INFO] Rule:228 - rule Change Default Value for ADC ExternalTrigInjecConv F7 family is applicable
2025-11-16 19:12:06,936 [INFO] Rule:228 - rule Change Default Value for ADC ExternalTrigConv F4 and F2 family is applicable
2025-11-16 19:12:06,937 [INFO] Rule:228 - rule Change Default Value for ADC ExternalTrigInjecConv F4 and F2 family is applicable
2025-11-16 19:12:06,937 [INFO] Rule:228 - rule ADC SamplingTime fix with FW L0  is applicable
2025-11-16 19:12:06,937 [INFO] Rule:228 - rule ADC SamplingTime fix with FW L0  is applicable
2025-11-16 19:12:06,937 [INFO] Rule:228 - rule ADC SamplingTime fix with FW L0 is applicable
2025-11-16 19:12:06,937 [INFO] Rule:228 - rule ADC SamplingTime fix with FW L0 is applicable
2025-11-16 19:12:06,937 [INFO] Rule:228 - rule ADC SamplingTime fix with FW L0  is applicable
2025-11-16 19:12:06,937 [INFO] Rule:228 - rule ADC SamplingTime fix with FW L0 is applicable
2025-11-16 19:12:06,937 [INFO] Rule:228 - rule Rename USB_OE Signal is applicable
2025-11-16 19:12:06,937 [INFO] Rule:228 - rule Rename Activate_OE Mode is applicable
2025-11-16 19:12:06,937 [INFO] Rule:228 - rule Rename DIE462/DIE415 pin PC14/OSC32_IN -> PC14-OSC32_IN (PC14) is applicable
2025-11-16 19:12:06,937 [INFO] Rule:228 - rule Rename DIE462/DIE415 pin PC15/OSC32_OUT -> PC15-OSC32_OUT (PC15) is applicable
2025-11-16 19:12:06,937 [INFO] Rule:228 - rule Rename DIE462/DIE415 pin PH0/OSC_IN -> PH0-OSC_IN (PH0) is applicable
2025-11-16 19:12:06,937 [INFO] Rule:228 - rule Rename DIE462/DIE415 pin PH1/OSC_OUT -> PH1-OSC_OUT (PH1) is applicable
2025-11-16 19:12:06,937 [INFO] Rule:228 - rule Rename DIE462 pin PA13 -> PA13 (JTMS/SWDIO) is applicable
2025-11-16 19:12:06,937 [INFO] Rule:228 - rule Rename DIE415 pin PA13 -> PA13 (JTMS/SWDIO) is applicable
2025-11-16 19:12:06,937 [INFO] Rule:228 - rule Rename DIE462 pin PA14 -> PA14 (JTCK/SWCLK) is applicable
2025-11-16 19:12:06,937 [INFO] Rule:228 - rule Rename DIE415 pin PA14 -> PA14 (JTCK/SWCLK) is applicable
2025-11-16 19:12:06,937 [INFO] Rule:228 - rule Rename DIE462/DIE415 pin PA15 -> PA15 (JTDI) is applicable
2025-11-16 19:12:06,937 [INFO] Rule:228 - rule Rename DIE462 pin PB3 -> PB3 (JTD0/TRACESWO) is applicable
2025-11-16 19:12:06,937 [INFO] Rule:228 - rule Rename DIE415 pin PB3 -> PB3 (JTD0-TRACESWO) is applicable
2025-11-16 19:12:06,937 [INFO] Rule:228 - rule Rename DIE462/DIE415 pin PB4 -> PB4 (NJTRST) is applicable
2025-11-16 19:12:06,937 [INFO] Rule:228 - rule Rename DIE462 pin PH3/BOOT0 -> PH3-BOOT0 (BOOT0) is applicable
2025-11-16 19:12:06,937 [INFO] Rule:228 - rule Rename CRYP DataEncryptionTypesList to Algorithm is applicable
2025-11-16 19:12:06,937 [INFO] Rule:228 - rule Rename AES DataEncryptionTypesList to Algorithm is applicable
2025-11-16 19:12:06,937 [INFO] Rule:228 - rule Rename TDESECB to CRYP_TDES_ECB is applicable
2025-11-16 19:12:06,937 [INFO] Rule:228 - rule Rename TDESCBC to CRYP_TDES_CBC is applicable
2025-11-16 19:12:06,937 [INFO] Rule:228 - rule Rename DESECB to CRYP_DES_ECB is applicable
2025-11-16 19:12:06,937 [INFO] Rule:228 - rule Rename DESCBC to CRYP_DES_CBC is applicable
2025-11-16 19:12:06,937 [INFO] Rule:228 - rule Rename AESECB to CRYP_AES_ECB is applicable
2025-11-16 19:12:06,937 [INFO] Rule:228 - rule Rename AESCBC to CRYP_AES_CBC is applicable
2025-11-16 19:12:06,937 [INFO] Rule:228 - rule Rename AESCTR to CRYP_AES_CTR is applicable
2025-11-16 19:12:06,937 [INFO] Rule:228 - rule Rename AESGCM to CRYP_AES_GCM is applicable
2025-11-16 19:12:06,937 [INFO] Rule:228 - rule Rename AESCCM to CRYP_AES_CCM is applicable
2025-11-16 19:12:06,937 [INFO] Rule:228 - rule Rename CAN TimeSeg1 to BS1 is applicable
2025-11-16 19:12:06,937 [INFO] Rule:228 - rule Rename CAN TimeSeg2 to BS2 is applicable
2025-11-16 19:12:06,937 [INFO] Rule:228 - rule Rename CAN SyncJumpWidth to SJW is applicable
2025-11-16 19:12:06,937 [INFO] Rule:228 - rule TimeTriggeredMode to TTCM is applicable
2025-11-16 19:12:06,937 [INFO] Rule:228 - rule Rename CAN AutoBusOff to ABOM is applicable
2025-11-16 19:12:06,937 [INFO] Rule:228 - rule Rename CAN AutoWakeUp to AWUM is applicable
2025-11-16 19:12:06,937 [INFO] Rule:228 - rule Rename CAN AutoRetransmission to NART is applicable
2025-11-16 19:12:06,937 [INFO] Rule:228 - rule Rename CAN ReceiveFifoLocked to RFLM is applicable
2025-11-16 19:12:06,937 [INFO] Rule:228 - rule Rename CAN TransmitFifoPriority to TXFP is applicable
2025-11-16 19:12:06,937 [INFO] Rule:228 - rule Rename HRTIMER HRTIM_OUTPUTFAULTLEVEL_HIGH in HRTIMER HRTIM_OUTPUTFAULTLEVEL_HIGHZ is applicable
2025-11-16 19:12:06,937 [INFO] Rule:228 - rule Rename TIMER TIM_CLEARINPUTSOURCE_OCREFCLR in  TIMER TIM_CLEARINPUTSOURCE_NONE for F7 family is applicable
2025-11-16 19:12:06,937 [INFO] Rule:228 - rule FDCAN_R1 - Rename FDCAN mode Master into Classic is applicable
2025-11-16 19:12:06,937 [INFO] Rule:228 - rule FDCAN_R2 - Rename FDCAN mode Slave into Classic is applicable
2025-11-16 19:12:06,937 [INFO] Rule:228 - rule FDCAN1_R3 - if PA10.Mode=FullDuplex, add Pin PA12 is applicable
2025-11-16 19:12:06,937 [INFO] Rule:228 - rule FDCAN1_R3 - if PA9.Mode=FullDuplex, add Pin PA11 is applicable
2025-11-16 19:12:06,937 [INFO] Rule:228 - rule FDCAN1_R3 - Alternatepin_1 - if PE1.Mode=FullDuplex, add Pin PB9 is applicable
2025-11-16 19:12:06,937 [INFO] Rule:228 - rule FDCAN1_R3 - Alternatepin_1 - if PE0.Mode=FullDuplex, add Pin PB8 is applicable
2025-11-16 19:12:06,937 [INFO] Rule:228 - rule FDCAN1_R3 - Alternatepin_2 - if PD5.Mode=FullDuplex, add Pin PD1 is applicable
2025-11-16 19:12:06,937 [INFO] Rule:228 - rule FDCAN1_R3 - Alternatepin_2 - if PD4.Mode=FullDuplex, add Pin PD0 is applicable
2025-11-16 19:12:06,937 [INFO] Rule:228 - rule FDCAN1_R4 - Rename Mode FullDuplex into Enable FDCAN_TXFD for pin PA10 is applicable
2025-11-16 19:12:06,937 [INFO] Rule:228 - rule FDCAN1_R4 - Rename Mode FullDuplex into Enable FDCAN_TXFD for pin PA9 is applicable
2025-11-16 19:12:06,937 [INFO] Rule:228 - rule FDCAN1_R4 - Alternatepin_1 - Rename Mode FullDuplex into Enable FDCAN_TXFD for pin PE1 is applicable
2025-11-16 19:12:06,937 [INFO] Rule:228 - rule FDCAN1_R4 - Alternatepin_1 - Rename Mode FullDuplex into Enable FDCAN_TXFD for pin PE0 is applicable
2025-11-16 19:12:06,937 [INFO] Rule:228 - rule FDCAN1_R4 - Alternatepin_2 - Rename Mode FullDuplex into Enable FDCAN_TXFD for pin PD5 is applicable
2025-11-16 19:12:06,937 [INFO] Rule:228 - rule FDCAN1_R4 - Alternatepin_2 - Rename Mode FullDuplex into Enable FDCAN_TXFD for pin PD4 is applicable
2025-11-16 19:12:06,937 [INFO] Rule:228 - rule FDCAN2_R3 - if PD10.Mode=FullDuplex, add Pin PB13 is applicable
2025-11-16 19:12:06,937 [INFO] Rule:228 - rule FDCAN2_R3 - if PD9.Mode=FullDuplex, add Pin PB12 is applicable
2025-11-16 19:12:06,937 [INFO] Rule:228 - rule FDCAN2_R3 - Alternatepin_1 - if PB7.Mode=FullDuplex, add Pin PB6 is applicable
2025-11-16 19:12:06,937 [INFO] Rule:228 - rule FDCAN2_R3 - Alternatepin_1 - if PD9.Mode=FullDuplex, add Pin PB12 is applicable
2025-11-16 19:12:06,937 [INFO] Rule:228 - rule FDCAN2_R4 - Rename Mode FullDuplex into Enable FDCAN_TXFD for pin PD10 is applicable
2025-11-16 19:12:06,937 [INFO] Rule:228 - rule FDCAN2_R4 - Rename Mode FullDuplex into Enable FDCAN_TXFD for pin PD9 is applicable
2025-11-16 19:12:06,937 [INFO] Rule:228 - rule FDCAN2_R4 - Alternatepin_1 - Rename Mode FullDuplex into Enable FDCAN_TXFD for pin PB7 is applicable
2025-11-16 19:12:06,937 [INFO] Rule:228 - rule FDCAN2_R4 - Alternatepin_1 - Rename Mode FullDuplex into Enable FDCAN_TXFD for pin PD6 is applicable
2025-11-16 19:12:06,937 [INFO] Rule:228 - rule USART TxPinLevelInvertParam Mode is applicable
2025-11-16 19:12:06,937 [INFO] Rule:228 - rule USART RxPinLevelInvertParam Mode is applicable
2025-11-16 19:12:06,937 [INFO] Rule:228 - rule USART DataInvertParam Mode is applicable
2025-11-16 19:12:06,937 [INFO] Rule:228 - rule USART SwapParam Mode is applicable
2025-11-16 19:12:06,937 [INFO] Rule:228 - rule USART OverrunDisableParam Mode is applicable
2025-11-16 19:12:06,937 [INFO] Rule:228 - rule USART DMADisableonRxErrorParam Mode is applicable
2025-11-16 19:12:06,937 [INFO] Rule:228 - rule USART MSBFirstParam Mode is applicable
2025-11-16 19:12:06,937 [INFO] Rule:228 - rule Update MwName for USB_DEVICE is applicable
2025-11-16 19:12:06,937 [INFO] Rule:228 - rule Change PWR_Regulator_Voltage_Scale Default Value for RCC  H7 family is applicable
2025-11-16 19:12:06,937 [INFO] Rule:228 - rule UART/USART IPParameter rename Prescaler parameter to ClockPrescaler is applicable
2025-11-16 19:12:06,937 [INFO] Rule:228 - rule UART/USART Prescaler rename Prescaler parameter to ClockPrescaler is applicable
2025-11-16 19:12:06,937 [INFO] Rule:228 - rule TIM1CLockSelection is applicable
2025-11-16 19:12:06,938 [INFO] Rule:228 - rule TIM15CLockSelection is applicable
2025-11-16 19:12:06,938 [INFO] Rule:228 - rule align RCC SDMMC3CLockSelection default value on MP1 is applicable
2025-11-16 19:12:06,938 [INFO] Rule:228 - rule align RCC SDMMC12CLockSelection default value on MP1 is applicable
2025-11-16 19:12:06,938 [INFO] Rule:228 - rule align RCC QSPICLockSelection default value on MP1 is applicable
2025-11-16 19:12:06,938 [INFO] Rule:228 - rule align RCC QSPICLockSelection default value on MP1 is applicable
2025-11-16 19:12:06,938 [INFO] Rule:228 - rule align RCC SPI6CLockSelection default value on MP1 is applicable
2025-11-16 19:12:06,938 [INFO] Rule:228 - rule align RCC LPTIM23CLockSelection default value on MP1 is applicable
2025-11-16 19:12:06,938 [INFO] Rule:228 - rule align RCC LPTIM1CLockSelection default value on MP1 is applicable
2025-11-16 19:12:06,938 [INFO] Rule:228 - rule align RCC USART1CLockSelection default value on MP1 is applicable
2025-11-16 19:12:06,938 [INFO] Rule:228 - rule align RCC USART24CLockSelection default value on MP1 is applicable
2025-11-16 19:12:06,938 [INFO] Rule:228 - rule align RCC USART6CLockSelection default value on MP1 is applicable
2025-11-16 19:12:06,938 [INFO] Rule:228 - rule align RCC UART78CLockSelection default value on MP1 is applicable
2025-11-16 19:12:06,938 [INFO] Rule:228 - rule align RCC USART35CLockSelection default value on MP1 is applicable
2025-11-16 19:12:06,938 [INFO] Rule:228 - rule align RCC SPI45CLockSelection default value on MP1 is applicable
2025-11-16 19:12:06,938 [INFO] Rule:228 - rule align RCC I2C46CLockSelection BCLK value on MP1 is applicable
2025-11-16 19:12:06,938 [INFO] Rule:228 - rule align RCC SPI45CLockSelection default value on MP1 is applicable
2025-11-16 19:12:06,938 [INFO] Rule:228 - rule align RCC I2C12CLockSelection default value on MP1 is applicable
2025-11-16 19:12:06,938 [INFO] Rule:228 - rule align RCC I2C35CLockSelection default value on MP1 is applicable
2025-11-16 19:12:06,938 [INFO] Rule:228 - rule align RCC LPTIM45CLockSelection default value on MP1 is applicable
2025-11-16 19:12:06,938 [INFO] Rule:228 - rule Rename DCMI PIXCK signal is applicable
2025-11-16 19:12:06,938 [INFO] Rule:228 - rule Change Default Value for I2C46CLockSelection MP1 family is applicable
2025-11-16 19:12:06,938 [INFO] Rule:228 - rule Change Default Value for UART for G4, G0 and WB families is applicable
2025-11-16 19:12:06,938 [INFO] Rule:228 - rule Change Default Value for USART for G4, G0 and WB families is applicable
2025-11-16 19:12:06,938 [INFO] Rule:228 - rule Change Default Value for USART for G4 family is applicable
2025-11-16 19:12:06,938 [INFO] Rule:228 - rule Change USART1CLockSelection refparam name for MP1 is applicable
2025-11-16 19:12:06,938 [INFO] Rule:228 - rule Change USART2CLockSelection refparam name for MP1 is applicable
2025-11-16 19:12:06,938 [INFO] Rule:228 - rule Change USART3CLockSelection refparam name for MP1 is applicable
2025-11-16 19:12:06,938 [INFO] Rule:228 - rule Change UART4CLockSelection refparam name for MP1 is applicable
2025-11-16 19:12:06,938 [INFO] Rule:228 - rule Change UART5CLockSelection refparam name for MP1 is applicable
2025-11-16 19:12:06,938 [INFO] Rule:228 - rule Change LPUART1CLockSelection refparam name for MP1 is applicable
2025-11-16 19:12:06,938 [INFO] Rule:228 - rule Change LPTIM1CLockSelection refparam name for MP1 is applicable
2025-11-16 19:12:06,938 [INFO] Rule:228 - rule Change LPTIM2CLockSelection refparam name for MP1 is applicable
2025-11-16 19:12:06,938 [INFO] Rule:228 - rule Change RCC_MCO1Source refparam name for MP1 is applicable
2025-11-16 19:12:06,938 [INFO] Rule:228 - rule Change LSCOSource1 refparam name for MP1 is applicable
2025-11-16 19:12:06,938 [INFO] Rule:228 - rule Change SMPSCLockSelection refparam name for MP1 is applicable
2025-11-16 19:12:06,938 [INFO] Rule:228 - rule Change LPTIM3CLockSelection refparam name for MP1 is applicable
2025-11-16 19:12:06,938 [INFO] Rule:228 - rule Change MPCBB* Default Template Mode to Parameters is applicable
2025-11-16 19:12:06,938 [INFO] Rule:228 - rule Change MPCWM* or MPCBB* Secure Mode to Parameters is applicable
2025-11-16 19:12:06,938 [INFO] Rule:228 - rule Change MPCWM* or MPCBB* No Secure Mode to Parameters is applicable
2025-11-16 19:12:06,938 [INFO] Rule:228 - rule Change TZSC IP Secure Mode to Parameters is applicable
2025-11-16 19:12:06,938 [INFO] Rule:228 - rule Change TZSC IP No Secure Mode to Parameters is applicable
2025-11-16 19:12:06,938 [INFO] Rule:228 - rule Change TZSC IP Privilege Mode to Parameters is applicable
2025-11-16 19:12:06,938 [INFO] Rule:228 - rule Change TZSC IP No Privilege Mode to Parameters is applicable
2025-11-16 19:12:06,938 [INFO] Rule:228 - rule Change TZIC IT Secure Mode to Parameters is applicable
2025-11-16 19:12:06,938 [INFO] Rule:228 - rule Change TZIC IT No Secure Mode to Parameters is applicable
2025-11-16 19:12:06,938 [INFO] Rule:228 - rule Add MPCBB1_NonSecureArea_Start_Address value with referenced to MPCBB1_NonSecureArea_Start value is applicable
2025-11-16 19:12:06,938 [INFO] Rule:228 - rule Add MPCBB2_NonSecureArea_Start_Address value with referenced to MPCBB2_NonSecureArea_Start value is applicable
2025-11-16 19:12:06,938 [INFO] Rule:228 - rule Add MPCWM1_NonSecureArea*_Start_Address value with referenced to MPCWM1_NonSecureArea*_Start value is applicable
2025-11-16 19:12:06,938 [INFO] Rule:228 - rule Add MPCWM2_NonSecureArea*_Start_Address value with referenced to MPCWM2_NonSecureArea*_Start value is applicable
2025-11-16 19:12:06,938 [INFO] Rule:228 - rule Add MPCWM3_NonSecureArea_Start_Address value with referenced to MPCWM3_NonSecureArea_Start value is applicable
2025-11-16 19:12:06,938 [INFO] Rule:228 - rule Change Default Value for PLL1UserDefinedConfig is applicable
2025-11-16 19:12:06,938 [INFO] Rule:228 - rule Change GPIO_PuPd Default Value for USART in async mode is applicable
2025-11-16 19:12:06,938 [INFO] Rule:228 - rule Change SMPSDivider Default Value is applicable
2025-11-16 19:12:06,938 [INFO] Rule:228 - rule OPAMP is applicable
2025-11-16 19:12:06,938 [INFO] Rule:228 - rule LPUART IPParameter rename Prescaler parameter to ClockPrescaler for STM32H7 is applicable
2025-11-16 19:12:06,938 [INFO] Rule:228 - rule LPUART IPParameter rename Prescaler parameter to ClockPrescaler for STM32H7 is applicable
2025-11-16 19:12:06,938 [INFO] Rule:228 - rule LPUART IPParameter rename Prescaler parameter to ClockPrescaler for STM32WB is applicable
2025-11-16 19:12:06,938 [INFO] Rule:228 - rule LPUART IPParameter rename Prescaler parameter to ClockPrescaler for STM32WB is applicable
2025-11-16 19:12:06,938 [INFO] Rule:228 - rule LPUART IPParameter rename Prescaler parameter to ClockPrescaler for STM32G4 is applicable
2025-11-16 19:12:06,938 [INFO] Rule:228 - rule LPUART IPParameter rename Prescaler parameter to ClockPrescaler for STM32G4 is applicable
2025-11-16 19:12:06,938 [INFO] Rule:228 - rule LPUART IPParameter rename Prescaler parameter to ClockPrescaler for STM32L5 is applicable
2025-11-16 19:12:06,938 [INFO] Rule:228 - rule LPUART IPParameter rename Prescaler parameter to ClockPrescaler for STM32L5 is applicable
2025-11-16 19:12:06,938 [INFO] Rule:228 - rule LPUART IPParameter rename Prescaler parameter to ClockPrescaler for STM32G4 is applicable
2025-11-16 19:12:06,938 [INFO] Rule:228 - rule LPUART IPParameter rename Prescaler parameter to ClockPrescaler for STM32G4 is applicable
2025-11-16 19:12:06,938 [INFO] Rule:228 - rule USB device lib V2.5.3 for L0 rename USBD_SUPPORT_USER_STRING parameter to USBD_SUPPORT_USER_STRING_DESC4 is applicable
2025-11-16 19:12:06,938 [INFO] Rule:228 - rule I2SCLockSelection clock entry align is applicable
2025-11-16 19:12:06,938 [INFO] Rule:228 - rule Assign TIMx context if used as SYS timebase is applicable
2025-11-16 19:12:06,938 [INFO] Rule:228 - rule Change GPIO_Pu Default Value for I2C is applicable
2025-11-16 19:12:06,938 [INFO] Rule:228 - rule Change GPIO_Pu Default Value for SMBus is applicable
2025-11-16 19:12:06,938 [INFO] Rule:228 - rule change FDCAN default value is applicable
2025-11-16 19:12:06,938 [INFO] Rule:228 - rule Change mode sai is applicable
2025-11-16 19:12:06,938 [INFO] Rule:228 - rule **Change sai mode is applicable
2025-11-16 19:12:06,938 [INFO] Rule:228 - rule Rename STM32WPAN CFG_BLE_IRK to CFG_BLE_IR is applicable
2025-11-16 19:12:06,938 [INFO] Rule:228 - rule Rename STM32WPAN CFG_BLE_ERK to CFG_BLE_ER is applicable
2025-11-16 19:12:06,938 [INFO] Rule:228 - rule Rename STM32WPAN CFG_BLE_IRK_HEX to CFG_BLE_IR_HEX is applicable
2025-11-16 19:12:06,938 [INFO] Rule:228 - rule Rename STM32WPAN CFG_BLE_ERK_HEX to CFG_BLE_ER_HEX is applicable
2025-11-16 19:12:06,945 [INFO] DbConfProperties:307 - Apply Compatibility (49/262 Rules)
2025-11-16 19:12:06,950 [INFO] ImportTextPane:194 - (OptionalMessage_ERROR) Unable to find key (Mcu.ThirdPartyNb) in loaded IOC file
2025-11-16 19:12:06,972 [INFO] RtosManager:555 - Registered RTOS mode: class=CMSIS, group=RTOS, mode=CMSIS_V1, owner=FREERTOS
2025-11-16 19:12:06,972 [INFO] RtosManager:555 - Registered RTOS mode: class=CMSIS, group=RTOS2, mode=CMSIS_V2, owner=FREERTOS
2025-11-16 19:12:06,972 [INFO] RtosManager:555 - Registered RTOS mode: class=RTOS, group=Core, mode=CMSIS_V1, owner=FREERTOS
2025-11-16 19:12:06,972 [INFO] RtosManager:555 - Registered RTOS mode: class=RTOS, group=Core, mode=CMSIS_V2, owner=FREERTOS
2025-11-16 19:12:06,973 [WARN] ModelIntegratedComponent:184 - Missing modes for component STMicroelectronics:FreeRTOS:0.0.1:STMicroelectronics:RTOS:FreeRTOS:Core:::10.2.0:
2025-11-16 19:12:06,975 [WARN] ModelIntegratedComponent:63 - No mode defined for component null
2025-11-16 19:12:06,975 [WARN] ModelIntegratedComponent:63 - No mode defined for component null
2025-11-16 19:12:06,975 [WARN] ModelIntegratedComponent:63 - No mode defined for component null
2025-11-16 19:12:06,975 [WARN] ModelIntegratedComponent:63 - No mode defined for component null
2025-11-16 19:12:06,975 [WARN] ModelIntegratedComponent:63 - No mode defined for component null
2025-11-16 19:12:06,975 [WARN] ModelIntegratedComponent:63 - No mode defined for component null
2025-11-16 19:12:06,975 [WARN] ModelIntegratedComponent:63 - No mode defined for component null
2025-11-16 19:12:06,975 [WARN] ModelIntegratedComponent:63 - No mode defined for component null
2025-11-16 19:12:06,975 [WARN] ModelIntegratedComponent:63 - No mode defined for component null
2025-11-16 19:12:06,975 [WARN] ModelIntegratedComponent:63 - No mode defined for component null
2025-11-16 19:12:06,975 [WARN] ModelIntegratedComponent:63 - No mode defined for component null
2025-11-16 19:12:06,976 [WARN] ModelIntegratedComponent:63 - No mode defined for component null
2025-11-16 19:12:06,976 [WARN] ModelIntegratedComponent:63 - No mode defined for component null
2025-11-16 19:12:06,976 [WARN] ModelIntegratedComponent:63 - No mode defined for component null
2025-11-16 19:12:06,976 [WARN] ModelIntegratedComponent:63 - No mode defined for component null
2025-11-16 19:12:06,976 [WARN] ModelIntegratedComponent:63 - No mode defined for component null
2025-11-16 19:12:06,976 [WARN] ModelIntegratedComponent:63 - No mode defined for component null
2025-11-16 19:12:06,976 [WARN] ModelIntegratedComponent:63 - No mode defined for component null
2025-11-16 19:12:06,976 [WARN] ModelIntegratedComponent:63 - No mode defined for component null
2025-11-16 19:12:06,976 [WARN] ModelIntegratedComponent:63 - No mode defined for component null
2025-11-16 19:12:06,976 [WARN] ModelIntegratedComponent:63 - No mode defined for component null
2025-11-16 19:12:06,976 [WARN] ModelIntegratedComponent:63 - No mode defined for component null
2025-11-16 19:12:06,976 [WARN] ModelIntegratedComponent:63 - No mode defined for component null
2025-11-16 19:12:06,976 [WARN] ModelIntegratedComponent:63 - No mode defined for component null
2025-11-16 19:12:06,976 [WARN] ModelIntegratedComponent:63 - No mode defined for component null
2025-11-16 19:12:06,976 [WARN] ModelIntegratedComponent:63 - No mode defined for component null
2025-11-16 19:12:06,976 [WARN] ModelIntegratedComponent:63 - No mode defined for component null
2025-11-16 19:12:06,976 [WARN] ModelIntegratedComponent:63 - No mode defined for component null
2025-11-16 19:12:06,976 [WARN] ModelIntegratedComponent:63 - No mode defined for component null
2025-11-16 19:12:06,976 [WARN] ModelIntegratedComponent:63 - No mode defined for component null
2025-11-16 19:12:06,976 [WARN] ModelIntegratedComponent:63 - No mode defined for component null
2025-11-16 19:12:06,976 [WARN] ModelIntegratedComponent:63 - No mode defined for component null
2025-11-16 19:12:06,976 [WARN] ModelIntegratedComponent:63 - No mode defined for component null
2025-11-16 19:12:06,976 [WARN] ModelIntegratedComponent:63 - No mode defined for component null
2025-11-16 19:12:07,131 [INFO] ThirdPartyModel:298 - Start build external matchings
2025-11-16 19:12:07,658 [INFO] ThirdPartyModel:316 - End build external matchings
2025-11-16 19:12:07,678 [INFO] ImportTextPane:194 - (OptionalMessage_ERROR) IP (RCC) : Invalid parameter (48MHZClocksFreq_Value)
2025-11-16 19:12:07,678 [INFO] ImportTextPane:194 - (OptionalMessage_ERROR) IP (RCC) : Invalid parameter (EthernetFreq_Value)
2025-11-16 19:12:07,679 [INFO] ImportTextPane:194 - (OptionalMessage_ERROR) IP (RCC) : Parameter (FLatency) has Id (AdvancedSettings) currently not set
2025-11-16 19:12:07,679 [INFO] ImportTextPane:194 - (OptionalMessage_ERROR) IP (RCC) : Invalid parameter (FamilyName)
2025-11-16 19:12:07,679 [INFO] ImportTextPane:194 - (OptionalMessage_ERROR) IP (RCC) : Invalid parameter (I2SClocksFreq_Value)
2025-11-16 19:12:07,679 [INFO] ImportTextPane:194 - (OptionalMessage_ERROR) IP (RCC) : Parameter (SDIOFreq_Value) has invalid value (168000000)
2025-11-16 19:12:07,679 [INFO] ImportTextPane:194 - (OptionalMessage_ERROR) IP (RCC) : Parameter (USBFreq_Value) has invalid value (168000000)
2025-11-16 19:12:07,679 [INFO] ImportTextPane:194 - (OptionalMessage_ERROR) IP (RCC) : Invalid parameter (VCOInputMFreq_Value)
2025-11-16 19:12:07,680 [INFO] ImportTextPane:194 - (OptionalMessage_ERROR) IP (RCC) : Invalid parameter (VcooutputI2S)
2025-11-16 19:12:07,900 [INFO] UtilMem:75 - End LoadConfig() Used Memory: 916479760 Bytes (1073741824)
2025-11-16 19:12:07,941 [WARN] ThirdParty:833 - waiting for thirdparty lock release [change project]
2025-11-16 19:12:07,941 [INFO] ThirdParty:835 - entering critical section [change project]
2025-11-16 19:12:07,941 [INFO] ThirdParty:1030 - CMSIS Pack Vendor :STMicroelectronics X-CUBE-PM33A1 1.0.0
2025-11-16 19:12:07,941 [INFO] ThirdParty:1030 - CMSIS Pack Vendor :STMicroelectronics USBPD 4.1
2025-11-16 19:12:07,941 [INFO] ThirdParty:1030 - CMSIS Pack Vendor :STMicroelectronics X-CUBE-GNSS1 6.0.0
2025-11-16 19:12:07,941 [INFO] ThirdParty:1030 - CMSIS Pack Vendor :STMicroelectronics USB_HOST 2.0.0
2025-11-16 19:12:07,941 [INFO] ThirdParty:1030 - CMSIS Pack Vendor :STMicroelectronics FP-SNS-MOTENVWB1 1.4.0
2025-11-16 19:12:07,941 [INFO] ThirdParty:1030 - CMSIS Pack Vendor :STMicroelectronics X-CUBE-AZRTOS-F4 1.1.0
2025-11-16 19:12:07,941 [INFO] ThirdParty:1030 - CMSIS Pack Vendor :STMicroelectronics LIBJPEG 8.0.0
2025-11-16 19:12:07,941 [INFO] ThirdParty:1030 - CMSIS Pack Vendor :STMicroelectronics FP-ATR-ASTRA1 2.0.2
2025-11-16 19:12:07,941 [INFO] ThirdParty:1030 - CMSIS Pack Vendor :STMicroelectronics X-CUBE-SMBUS 2.1.0
2025-11-16 19:12:07,941 [INFO] ThirdParty:1030 - CMSIS Pack Vendor :STMicroelectronics X-CUBE-ISPU 2.1.0
2025-11-16 19:12:07,941 [INFO] ThirdParty:1030 - CMSIS Pack Vendor :STMicroelectronics X-CUBE-FREERTOS 1.2.0
2025-11-16 19:12:07,941 [INFO] ThirdParty:1030 - CMSIS Pack Vendor :STMicroelectronics X-CUBE-NFC12 1.0.0
2025-11-16 19:12:07,941 [INFO] ThirdParty:1030 - CMSIS Pack Vendor :STMicroelectronics X-CUBE-TOUCHGFX 4.23.2
2025-11-16 19:12:07,941 [INFO] ThirdParty:1030 - CMSIS Pack Vendor :STMicroelectronics X-CUBE-AZRTOS-F7 1.1.0
2025-11-16 19:12:07,941 [INFO] ThirdParty:1030 - CMSIS Pack Vendor :STMicroelectronics X-CUBE-AZRTOS-L5 2.0.0
2025-11-16 19:12:07,941 [INFO] ThirdParty:1030 - CMSIS Pack Vendor :STMicroelectronics USB_DEVICE 2.0.0
2025-11-16 19:12:07,941 [INFO] ThirdParty:1030 - CMSIS Pack Vendor :STMicroelectronics X-CUBE-NFC6 3.1.0
2025-11-16 19:12:07,941 [INFO] ThirdParty:1030 - CMSIS Pack Vendor :STMicroelectronics FreeRTOS 0.0.1
2025-11-16 19:12:07,941 [INFO] ThirdParty:1030 - CMSIS Pack Vendor :STMicroelectronics X-CUBE-DPower 1.2.0
2025-11-16 19:12:07,941 [INFO] ThirdParty:1030 - CMSIS Pack Vendor :STMicroelectronics FP-SNS-FLIGHT1 5.0.2
2025-11-16 19:12:07,941 [INFO] ThirdParty:1030 - CMSIS Pack Vendor :STMicroelectronics X-CUBE-AI 9.0.0
2025-11-16 19:12:07,941 [INFO] ThirdParty:1030 - CMSIS Pack Vendor :STMicroelectronics PDM2PCM 3.3.0
2025-11-16 19:12:07,941 [INFO] ThirdParty:1030 - CMSIS Pack Vendor :STMicroelectronics X-CUBE-AZRTOS-H7 3.4.0
2025-11-16 19:12:07,941 [INFO] ThirdParty:1030 - CMSIS Pack Vendor :STMicroelectronics X-CUBE-DISPLAY 3.0.0
2025-11-16 19:12:07,941 [INFO] ThirdParty:1030 - CMSIS Pack Vendor :STMicroelectronics X-CUBE-BLE1 7.0.0
2025-11-16 19:12:07,941 [INFO] ThirdParty:1030 - CMSIS Pack Vendor :STMicroelectronics X-CUBE-NFC10 1.0.0
2025-11-16 19:12:07,941 [INFO] ThirdParty:1030 - CMSIS Pack Vendor :STMicroelectronics X-CUBE-BLEMGR 4.0.0
2025-11-16 19:12:07,941 [INFO] ThirdParty:1030 - CMSIS Pack Vendor :STMicroelectronics X-CUBE-FREERTOS 1.3.1
2025-11-16 19:12:07,941 [INFO] ThirdParty:1030 - CMSIS Pack Vendor :STMicroelectronics HAL Drivers 0.0.0
2025-11-16 19:12:07,941 [INFO] ThirdParty:1030 - CMSIS Pack Vendor :emotas I-CUBE-CANOPEN 1.3.0
2025-11-16 19:12:07,941 [INFO] ThirdParty:1030 - CMSIS Pack Vendor :STMicroelectronics X-CUBE-NFC7 1.0.1
2025-11-16 19:12:07,941 [INFO] ThirdParty:1030 - CMSIS Pack Vendor :STMicroelectronics MBEDTLS 2.14.1
2025-11-16 19:12:07,941 [INFO] ThirdParty:1030 - CMSIS Pack Vendor :STMicroelectronics X-CUBE-GNSS1 7.1.0
2025-11-16 19:12:07,941 [INFO] ThirdParty:1030 - CMSIS Pack Vendor :wolfSSL I-CUBE-wolfTPM 3.2.0
2025-11-16 19:12:07,941 [INFO] ThirdParty:1030 - CMSIS Pack Vendor :STMicroelectronics X-CUBE-TOUCHGFX 4.26.0
2025-11-16 19:12:07,941 [INFO] ThirdParty:1030 - CMSIS Pack Vendor :quantropi X-CUBE-qispace-sdk-base 2.0.0
2025-11-16 19:12:07,941 [INFO] ThirdParty:1030 - CMSIS Pack Vendor :STMicroelectronics X-CUBE-BLEMGR 3.1.0
2025-11-16 19:12:07,941 [INFO] ThirdParty:1030 - CMSIS Pack Vendor :STMicroelectronics X-CUBE-AI 10.0.0
2025-11-16 19:12:07,941 [INFO] ThirdParty:1030 - CMSIS Pack Vendor :STMicroelectronics FP-SNS-SMARTAG2 1.2.0
2025-11-16 19:12:07,941 [INFO] ThirdParty:1030 - CMSIS Pack Vendor :STMicroelectronics X-CUBE-AZRTOS-WL 2.0.0
2025-11-16 19:12:07,941 [INFO] ThirdParty:1030 - CMSIS Pack Vendor :STMicroelectronics X-CUBE-DPower 1.3.0
2025-11-16 19:12:07,941 [INFO] ThirdParty:1030 - CMSIS Pack Vendor :STMicroelectronics FP-SNS-MOTENV1 5.0.0
2025-11-16 19:12:07,941 [INFO] ThirdParty:1030 - CMSIS Pack Vendor :STMicroelectronics USB_DEVICE 1.0.0
2025-11-16 19:12:07,941 [INFO] ThirdParty:1030 - CMSIS Pack Vendor :wolfSSL I-CUBE-wolfMQTT 1.19.0
2025-11-16 19:12:07,941 [INFO] ThirdParty:1030 - CMSIS Pack Vendor :STMicroelectronics X-CUBE-AZRTOS-L4 2.0.0
2025-11-16 19:12:07,941 [INFO] ThirdParty:1030 - CMSIS Pack Vendor :STMicroelectronics ThreadX 0.0.2
2025-11-16 19:12:07,941 [INFO] ThirdParty:1030 - CMSIS Pack Vendor :WES I-CUBE-Cesium 1.3.0
2025-11-16 19:12:07,941 [INFO] ThirdParty:1030 - CMSIS Pack Vendor :STMicroelectronics lwIP 2.1.2
2025-11-16 19:12:07,941 [INFO] ThirdParty:1030 - CMSIS Pack Vendor :STMicroelectronics X-CUBE-SFXS2LP1 4.0.0
2025-11-16 19:12:07,942 [INFO] ThirdParty:1030 - CMSIS Pack Vendor :STMicroelectronics X-CUBE-BLE2 3.3.0
2025-11-16 19:12:07,942 [INFO] ThirdParty:1030 - CMSIS Pack Vendor :STMicroelectronics PDM2PCM 3.2.0
2025-11-16 19:12:07,942 [INFO] ThirdParty:1030 - CMSIS Pack Vendor :STMicroelectronics X-CUBE-AZRTOS-H7 3.3.0
2025-11-16 19:12:07,942 [INFO] ThirdParty:1030 - CMSIS Pack Vendor :STMicroelectronics X-CUBE-NFC9 1.0.0
2025-11-16 19:12:07,942 [INFO] ThirdParty:1030 - CMSIS Pack Vendor :STMicroelectronics X-CUBE-BLE1 7.1.0
2025-11-16 19:12:07,942 [INFO] ThirdParty:1030 - CMSIS Pack Vendor :STMicroelectronics USB_DEVICE 3.0.0
2025-11-16 19:12:07,942 [INFO] ThirdParty:1030 - CMSIS Pack Vendor :STMicroelectronics X-CUBE-TCPP 4.1.0
2025-11-16 19:12:07,942 [INFO] ThirdParty:1030 - CMSIS Pack Vendor :STMicroelectronics X-CUBE-EEPRMA1 5.2.0
2025-11-16 19:12:07,942 [INFO] ThirdParty:1030 - CMSIS Pack Vendor :STMicroelectronics X-CUBE-AZRTOS-WB 2.0.0
2025-11-16 19:12:07,942 [INFO] ThirdParty:1030 - CMSIS Pack Vendor :STMicroelectronics X-CUBE-GNSS1 7.0.1
2025-11-16 19:12:07,942 [INFO] ThirdParty:1030 - CMSIS Pack Vendor :STMicroelectronics X-CUBE-TOUCHGFX 4.25.0
2025-11-16 19:12:07,942 [INFO] ThirdParty:1030 - CMSIS Pack Vendor :STMicroelectronics X-CUBE-AI 10.1.0
2025-11-16 19:12:07,942 [INFO] ThirdParty:1030 - CMSIS Pack Vendor :STMicroelectronics FP-SNS-STBOX1 2.0.0
2025-11-16 19:12:07,942 [INFO] ThirdParty:1030 - CMSIS Pack Vendor :STMicroelectronics X-CUBE-ALGOBUILD 1.3.0
2025-11-16 19:12:07,942 [INFO] ThirdParty:1030 - CMSIS Pack Vendor :STMicroelectronics X-CUBE-MEMS1 11.2.0
2025-11-16 19:12:07,942 [INFO] ThirdParty:1030 - CMSIS Pack Vendor :STMicroelectronics X-CUBE-AZRTOS-G0 1.1.0
2025-11-16 19:12:07,942 [INFO] ThirdParty:1030 - CMSIS Pack Vendor :STMicroelectronics X-CUBE-SAFEA1 1.2.2
2025-11-16 19:12:07,942 [INFO] ThirdParty:1030 - CMSIS Pack Vendor :STMicroelectronics X-CUBE-NFC4 3.0.0
2025-11-16 19:12:07,942 [INFO] ThirdParty:1030 - CMSIS Pack Vendor :STMicroelectronics X-CUBE-SUBG2 5.0.0
2025-11-16 19:12:07,942 [INFO] ThirdParty:1030 - CMSIS Pack Vendor :STMicroelectronics X-CUBE-AZRTOS-H7RS 1.1.0
2025-11-16 19:12:07,942 [INFO] ThirdParty:1030 - CMSIS Pack Vendor :STMicroelectronics STM32_WPAN 1.0.0
2025-11-16 19:12:07,942 [INFO] ThirdParty:1030 - CMSIS Pack Vendor :EmbeddedOffice I-CUBE-FS-RTOS 1.0.1
2025-11-16 19:12:07,942 [INFO] ThirdParty:1030 - CMSIS Pack Vendor :STMicroelectronics lwIP 2.0.3
2025-11-16 19:12:07,942 [INFO] ThirdParty:1030 - CMSIS Pack Vendor :Cesanta I-CUBE-Mongoose 7.13.0
2025-11-16 19:12:07,942 [INFO] ThirdParty:1030 - CMSIS Pack Vendor :STMicroelectronics USB_HOST 1.0.0
2025-11-16 19:12:07,942 [INFO] ThirdParty:1030 - CMSIS Pack Vendor :STMicroelectronics X-CUBE-AZRTOS-G4 2.0.0
2025-11-16 19:12:07,942 [INFO] ThirdParty:1030 - CMSIS Pack Vendor :STMicroelectronics X-CUBE-WB05N 2.0.0
2025-11-16 19:12:07,942 [INFO] ThirdParty:1030 - CMSIS Pack Vendor :STMicroelectronics PDM2PCM 3.1.0
2025-11-16 19:12:07,942 [INFO] ThirdParty:1030 - CMSIS Pack Vendor :STMicroelectronics X-CUBE-NFC7 2.0.0
2025-11-16 19:12:07,942 [INFO] ThirdParty:1030 - CMSIS Pack Vendor :RealThread X-CUBE-RT-Thread_Nano 4.1.1
2025-11-16 19:12:07,942 [INFO] ThirdParty:1030 - CMSIS Pack Vendor :wolfSSL I-CUBE-wolfSSL 5.7.0
2025-11-16 19:12:07,942 [INFO] ThirdParty:1030 - CMSIS Pack Vendor :STMicroelectronics FP-ATR-SIGFOX1 3.2.0
2025-11-16 19:12:07,942 [INFO] ThirdParty:1030 - CMSIS Pack Vendor :STMicroelectronics X-CUBE-ISPU 2.0.0
2025-11-16 19:12:07,942 [INFO] ThirdParty:1030 - CMSIS Pack Vendor :STMicroelectronics X-CUBE-EEPRMA1 5.1.0
2025-11-16 19:12:07,942 [INFO] ThirdParty:1030 - CMSIS Pack Vendor :STMicroelectronics MBEDTLS 2.16.2
2025-11-16 19:12:07,942 [INFO] ThirdParty:1030 - CMSIS Pack Vendor :STMicroelectronics X-CUBE-ALS 1.0.2
2025-11-16 19:12:07,942 [INFO] ThirdParty:1030 - CMSIS Pack Vendor :STMicroelectronics X-CUBE-MEMS1 10.0.0
2025-11-16 19:12:07,942 [INFO] ThirdParty:1030 - CMSIS Pack Vendor :STMicroelectronics X-CUBE-FREERTOS 1.1.0
2025-11-16 19:12:07,942 [INFO] ThirdParty:1030 - CMSIS Pack Vendor :STMicroelectronics X-CUBE-TOUCHGFX 4.24.0
2025-11-16 19:12:07,942 [INFO] ThirdParty:1030 - CMSIS Pack Vendor :ITTIA_DB I-CUBE-ITTIADB 8.9.0
2025-11-16 19:12:07,942 [INFO] ThirdParty:1030 - CMSIS Pack Vendor :STMicroelectronics X-CUBE-STSE01 1.0.0
2025-11-16 19:12:07,942 [INFO] ThirdParty:1030 - CMSIS Pack Vendor :portGmbH I-Cube-SoM-uGOAL 1.1.0
2025-11-16 19:12:07,942 [INFO] ThirdParty:1030 - CMSIS Pack Vendor :STMicroelectronics X-CUBE-ALS 1.0.1
2025-11-16 19:12:07,942 [INFO] ThirdParty:1030 - CMSIS Pack Vendor :STMicroelectronics X-CUBE-AI 10.2.0
2025-11-16 19:12:07,942 [INFO] ThirdParty:1030 - CMSIS Pack Vendor :STMicroelectronics ThreadX 1.0.0
2025-11-16 19:12:07,942 [INFO] ThirdParty:1030 - CMSIS Pack Vendor :SEGGER I-CUBE-embOS 1.3.1
2025-11-16 19:12:07,942 [INFO] ThirdParty:1030 - CMSIS Pack Vendor :STMicroelectronics X-CUBE-ALGOBUILD 1.4.0
2025-11-16 19:12:07,942 [INFO] ThirdParty:1030 - CMSIS Pack Vendor :STMicroelectronics X-CUBE-MEMS1 11.3.0
2025-11-16 19:12:07,942 [INFO] ThirdParty:1030 - CMSIS Pack Vendor :STMicroelectronics X-CUBE-AZRTOS-H7RS 1.0.0
2025-11-16 19:12:07,942 [INFO] ThirdParty:1030 - CMSIS Pack Vendor :STMicroelectronics FP-ATR-ASTRA1 2.0.0
2025-11-16 19:12:07,942 [INFO] ThirdParty:1030 - CMSIS Pack Vendor :STMicroelectronics X-CUBE-TOF1 3.4.2
2025-11-16 19:12:07,942 [INFO] ThirdParty:1030 - CMSIS Pack Vendor :STMicroelectronics X-CUBE-TOF1 3.4.1
2025-11-16 19:12:07,942 [INFO] ThirdParty:1030 - CMSIS Pack Vendor :STMicroelectronics X-CUBE-AZRTOS-H7 3.2.0
2025-11-16 19:12:07,942 [INFO] ThirdParty:1030 - CMSIS Pack Vendor :Infineon AIROC-Wi-Fi-Bluetooth-STM32 1.6.0
2025-11-16 19:12:07,942 [INFO] ThirdParty:1030 - CMSIS Pack Vendor :wolfSSL I-CUBE-wolfSSH 1.4.17
2025-11-16 19:12:07,942 [INFO] ThirdParty:841 - exiting critical section [change project]
2025-11-16 19:12:08,081 [INFO] PinOutPanel:1561 - setPackage(No Configuration,No Configuration)
2025-11-16 19:12:08,082 [INFO] PinOutPanel:1561 - setPackage(STM32F446RETx,LQFP64)
2025-11-16 19:12:08,244 [INFO] UtilMem:75 - Before build in PCC Used Memory: 884825056 Bytes (1073741824)
2025-11-16 19:12:08,336 [INFO] UtilMem:75 - After build in PCC Used Memory: 932537312 Bytes (1073741824)
2025-11-16 19:12:08,352 [INFO] IPUIPlugin:80 - create IPUIPlugin
2025-11-16 19:12:08,352 [INFO] IPUIPlugin:80 - create IPUIPlugin
2025-11-16 19:12:08,352 [INFO] IPUIPlugin:80 - create IPUIPlugin
2025-11-16 19:12:08,352 [INFO] IPUIPlugin:80 - create IPUIPlugin
2025-11-16 19:12:08,352 [INFO] IPUIPlugin:80 - create IPUIPlugin
2025-11-16 19:12:08,352 [INFO] IPUIPlugin:80 - create IPUIPlugin
2025-11-16 19:12:08,352 [INFO] IPUIPlugin:80 - create IPUIPlugin
2025-11-16 19:12:08,352 [INFO] IPUIPlugin:80 - create IPUIPlugin
2025-11-16 19:12:08,352 [INFO] IPUIPlugin:80 - create IPUIPlugin
2025-11-16 19:12:08,352 [INFO] IPUIPlugin:80 - create IPUIPlugin
2025-11-16 19:12:08,352 [INFO] IPUIPlugin:80 - create IPUIPlugin
2025-11-16 19:12:08,352 [INFO] IPUIPlugin:80 - create IPUIPlugin
2025-11-16 19:12:08,352 [INFO] IPUIPlugin:80 - create IPUIPlugin
2025-11-16 19:12:08,352 [INFO] IPUIPlugin:80 - create IPUIPlugin
2025-11-16 19:12:08,352 [INFO] IPUIPlugin:80 - create IPUIPlugin
2025-11-16 19:12:08,352 [INFO] IPUIPlugin:80 - create IPUIPlugin
2025-11-16 19:12:08,352 [INFO] IPUIPlugin:80 - create IPUIPlugin
2025-11-16 19:12:08,353 [INFO] IPUIPlugin:80 - create IPUIPlugin
2025-11-16 19:12:08,353 [INFO] IPUIPlugin:80 - create IPUIPlugin
2025-11-16 19:12:08,353 [INFO] IPUIPlugin:80 - create IPUIPlugin
2025-11-16 19:12:08,353 [INFO] IPUIPlugin:80 - create IPUIPlugin
2025-11-16 19:12:08,353 [INFO] IPUIPlugin:80 - create IPUIPlugin
2025-11-16 19:12:08,353 [INFO] IPUIPlugin:80 - create IPUIPlugin
2025-11-16 19:12:08,353 [INFO] IPUIPlugin:80 - create IPUIPlugin
2025-11-16 19:12:08,353 [INFO] IPUIPlugin:80 - create IPUIPlugin
2025-11-16 19:12:08,353 [INFO] IPUIPlugin:80 - create IPUIPlugin
2025-11-16 19:12:08,353 [INFO] IPUIPlugin:80 - create IPUIPlugin
2025-11-16 19:12:08,353 [INFO] IPUIPlugin:80 - create IPUIPlugin
2025-11-16 19:12:08,353 [INFO] IPUIPlugin:80 - create IPUIPlugin
2025-11-16 19:12:08,353 [INFO] IPUIPlugin:80 - create IPUIPlugin
2025-11-16 19:12:08,353 [INFO] IPUIPlugin:80 - create IPUIPlugin
2025-11-16 19:12:08,353 [INFO] IPUIPlugin:80 - create IPUIPlugin
2025-11-16 19:12:08,354 [INFO] IPUIPlugin:80 - create IPUIPlugin
2025-11-16 19:12:08,354 [INFO] IPUIPlugin:80 - create IPUIPlugin
2025-11-16 19:12:08,354 [INFO] IPUIPlugin:80 - create IPUIPlugin
2025-11-16 19:12:08,354 [INFO] IPUIPlugin:80 - create IPUIPlugin
2025-11-16 19:12:08,354 [INFO] IPUIPlugin:80 - create IPUIPlugin
2025-11-16 19:12:08,354 [INFO] IPUIPlugin:80 - create IPUIPlugin
2025-11-16 19:12:08,354 [INFO] IPUIPlugin:80 - create IPUIPlugin
2025-11-16 19:12:08,354 [INFO] IPUIPlugin:80 - create IPUIPlugin
2025-11-16 19:12:08,354 [INFO] IPUIPlugin:80 - create IPUIPlugin
2025-11-16 19:12:08,354 [INFO] IPUIPlugin:80 - create IPUIPlugin
2025-11-16 19:12:08,354 [INFO] IPUIPlugin:80 - create IPUIPlugin
2025-11-16 19:12:08,355 [INFO] IPUIPlugin:80 - create IPUIPlugin
2025-11-16 19:12:08,355 [INFO] IPUIPlugin:80 - create IPUIPlugin
2025-11-16 19:12:08,355 [INFO] IPUIPlugin:80 - create IPUIPlugin
2025-11-16 19:12:08,355 [INFO] IPUIPlugin:80 - create IPUIPlugin
2025-11-16 19:12:08,355 [INFO] IPUIPlugin:80 - create IPUIPlugin
2025-11-16 19:12:08,355 [INFO] IPUIPlugin:80 - create IPUIPlugin
2025-11-16 19:12:08,355 [INFO] IPUIPlugin:80 - create IPUIPlugin
2025-11-16 19:12:08,355 [INFO] IPUIPlugin:80 - create IPUIPlugin
2025-11-16 19:12:08,355 [INFO] IPUIPlugin:80 - create IPUIPlugin
2025-11-16 19:12:08,356 [INFO] IPUIPlugin:80 - create IPUIPlugin
2025-11-16 19:12:08,356 [INFO] IPUIPlugin:80 - create IPUIPlugin
2025-11-16 19:12:08,356 [INFO] IPUIPlugin:80 - create IPUIPlugin
2025-11-16 19:12:08,356 [INFO] IPUIPlugin:80 - create IPUIPlugin
2025-11-16 19:12:08,356 [INFO] IPUIPlugin:80 - create IPUIPlugin
2025-11-16 19:12:08,356 [INFO] IPUIPlugin:80 - create IPUIPlugin
2025-11-16 19:12:08,357 [INFO] IPUIPlugin:80 - create IPUIPlugin
2025-11-16 19:12:08,357 [INFO] IPUIPlugin:80 - create IPUIPlugin
2025-11-16 19:12:08,359 [INFO] ApiDbMcu:508 - Load IP Config File for PDM2PCM
2025-11-16 19:12:08,391 [INFO] CADModel:165 - CPN selected for project levelSTM32F446RET6
2025-11-16 19:12:08,391 [INFO] CADModel:114 - Register for checkConnection events
2025-11-16 19:12:08,441 [INFO] OpenFileManager:343 - Restore cursor
2025-11-16 19:12:08,670 [INFO] UtilMem:75 - End SaveConfig() Used Memory: 925695552 Bytes (1073741824)
2025-11-16 19:12:08,712 [INFO] UtilMem:75 - End SaveConfig() Used Memory: 825845672 Bytes (1073741824)
2025-11-16 19:12:08,781 [INFO] BlockDiagram:2759 - set Specific Code input for plugin: SYS
2025-11-16 19:12:08,781 [INFO] BlockDiagram:2759 - set Specific Code input for plugin: RCC
2025-11-16 19:12:08,781 [INFO] BlockDiagram:2759 - set Specific Code input for plugin: NVIC
2025-11-16 19:12:08,781 [INFO] BlockDiagram:2759 - set Specific Code input for plugin: USART
2025-11-16 19:12:08,781 [INFO] BlockDiagram:2759 - set Specific Code input for plugin: GPIO
2025-11-16 19:12:08,781 [INFO] CodeGenerator:807 - code generatio: config db path: C:\ST\STM32CubeIDE_1.15.0\STM32CubeIDE\plugins\com.st.stm32cube.common.mx_6.11.0.202403141607\\db\
2025-11-16 19:12:08,854 [INFO] CodeEngine:255 - oldGeneratedFile, D:\WorkSpace\I2_C_Module\MXTmpFiles\license.tmp_save
2025-11-16 19:12:08,926 [INFO] CodeEngine:279 - Generated code: D:\WorkSpace\I2_C_Module\MXTmpFiles\license.tmp
2025-11-16 19:12:08,947 [INFO] CodeEngine:255 - oldGeneratedFile, D:\WorkSpace\I2_C_Module\MXTmpFiles\gpio.tmp_save
2025-11-16 19:12:09,060 [INFO] CodeEngine:279 - Generated code: D:\WorkSpace\I2_C_Module\MXTmpFiles\gpio.tmp
2025-11-16 19:12:09,096 [INFO] CodeEngine:255 - oldGeneratedFile, D:\WorkSpace\I2_C_Module\Core\Src\stm32f4xx_it.c_save
2025-11-16 19:12:09,213 [INFO] CodeEngine:279 - Generated code: D:\WorkSpace\I2_C_Module\Core\Src\stm32f4xx_it.c
2025-11-16 19:12:09,216 [INFO] CodeEngine:255 - oldGeneratedFile, D:\WorkSpace\I2_C_Module\Core\Inc\stm32f4xx_it.h_save
2025-11-16 19:12:09,253 [INFO] CodeEngine:279 - Generated code: D:\WorkSpace\I2_C_Module\Core\Inc\stm32f4xx_it.h
2025-11-16 19:12:09,258 [INFO] CodeEngine:255 - oldGeneratedFile, D:\WorkSpace\I2_C_Module\Core\Src\stm32f4xx_hal_msp.c_save
2025-11-16 19:12:09,331 [INFO] CodeEngine:279 - Generated code: D:\WorkSpace\I2_C_Module\Core\Src\stm32f4xx_hal_msp.c
2025-11-16 19:12:09,333 [INFO] CodeEngine:255 - oldGeneratedFile, D:\WorkSpace\I2_C_Module\MXTmpFiles\system.tmp_save
2025-11-16 19:12:09,373 [INFO] CodeEngine:279 - Generated code: D:\WorkSpace\I2_C_Module\MXTmpFiles\system.tmp
2025-11-16 19:12:09,378 [INFO] CodeEngine:311 - oldGeneratedFile, D:\WorkSpace\I2_C_Module\Core\Inc\stm32f4xx_hal_conf.h_save
2025-11-16 19:12:09,452 [INFO] CodeEngine:335 - Generated code: D:\WorkSpace\I2_C_Module\Core\Inc\stm32f4xx_hal_conf.h
2025-11-16 19:12:09,472 [WARN] IPConfigManager:2982 - Warning: the RefConfig PLL2P_FOR_MCO is not available in your config.xml file
2025-11-16 19:12:09,478 [INFO] CodeEngine:255 - oldGeneratedFile, D:\WorkSpace\I2_C_Module\Core\Inc\main.h_save
2025-11-16 19:12:09,541 [INFO] CodeEngine:279 - Generated code: D:\WorkSpace\I2_C_Module\Core\Inc\main.h
2025-11-16 19:12:09,544 [INFO] CodeEngine:255 - oldGeneratedFile, D:\WorkSpace\I2_C_Module\Core\Src\main.c_save
2025-11-16 19:12:09,621 [INFO] CodeEngine:279 - Generated code: D:\WorkSpace\I2_C_Module\Core\Src\main.c
2025-11-16 19:12:09,823 [INFO] ProjectBuilder:3163 - Time for Copy HAL[1] : 118mS.
2025-11-16 19:12:09,825 [INFO] ProjectBuilder:4736 - Project Generator version: 4.3.0-B58
2025-11-16 19:12:09,875 [INFO] ConfigFileManager:1503 - The Die is : DIE421
2025-11-16 19:12:09,877 [INFO] ApiDbMcu:508 - Load IP Config File for FATFS
2025-11-16 19:12:09,880 [INFO] ApiDbMcu:508 - Load IP Config File for FREERTOS
2025-11-16 19:12:09,881 [INFO] ApiDbMcu:508 - Load IP Config File for LIBJPEG
2025-11-16 19:12:09,884 [INFO] ApiDbMcu:508 - Load IP Config File for MBEDTLS
2025-11-16 19:12:09,889 [INFO] ApiDbMcu:508 - Load IP Config File for USB_DEVICE
2025-11-16 19:12:09,912 [INFO] ApiDbMcu:508 - Load IP Config File for USB_HOST
2025-11-16 19:12:10,938 [INFO] ProjectBuilder:5002 - Time for Generating toolchain IDE Files: 1113mS.
2025-11-16 19:12:10,939 [INFO] ProjectBuilder:3034 - Time for Copy CMSIS : 0mS.
2025-11-16 19:12:10,939 [INFO] ProjectBuilder:3034 - Time for Copy CMSIS : 0mS.
2025-11-16 19:12:11,475 [INFO] McuFinderGlobals:76 - Set McuFinderConnectedMode to true
2025-11-16 19:12:11,477 [INFO] ApiDb:448 - Save user favorites file C:\Users\Aditya/.stm32cubeide/favorites.mcus.txt: 0 item(s)
2025-11-16 19:12:11,477 [INFO] ApiDb:452 - User favorites MCUs=[]
2025-11-16 19:12:11,478 [INFO] ApiDb:448 - Save user favorites file C:\Users\Aditya/.stm32cubeide/favorites.boards.txt: 0 item(s)
2025-11-16 19:12:11,478 [INFO] ApiDb:452 - User favorites Boards=[]
2025-11-16 19:13:10,840 [INFO] NvicIntPanel:101 - NVIC parent = com.st.microxplorer.plugins.ip.nvic.MultiNvicIntPanel[,0,0,453x131,layout=javax.swing.BoxLayout,alignmentX=0.0,alignmentY=0.0,border=,flags=9,maximumSize=,minimumSize=,preferredSize=]
2025-11-16 19:13:11,847 [INFO] NvicIntPanel:101 - NVIC parent = com.st.microxplorer.plugins.ip.nvic.MultiNvicIntPanel[,0,0,0x0,invalid,layout=javax.swing.BoxLayout,alignmentX=0.0,alignmentY=0.0,border=,flags=9,maximumSize=,minimumSize=,preferredSize=]
2025-11-16 19:13:21,343 [WARN] IP:2120 - I2C_Coeff_DF not found: check if there is a RefParameter without a condition.
2025-11-16 19:13:21,343 [WARN] IP:2120 - Analog_Filter not found: check if there is a RefParameter without a condition.
2025-11-16 19:13:21,375 [WARN] IP:2120 - I2C_Coeff_DF not found: check if there is a RefParameter without a condition.
2025-11-16 19:13:21,376 [WARN] IP:2120 - Analog_Filter not found: check if there is a RefParameter without a condition.
2025-11-16 19:13:21,376 [WARN] IP:2120 - I2C_Coeff_DF not found: check if there is a RefParameter without a condition.
2025-11-16 19:13:21,376 [WARN] IP:2120 - Analog_Filter not found: check if there is a RefParameter without a condition.
2025-11-16 19:13:21,433 [WARN] IP:2120 - I2C_Coeff_DF not found: check if there is a RefParameter without a condition.
2025-11-16 19:13:21,433 [WARN] IP:2120 - Analog_Filter not found: check if there is a RefParameter without a condition.
2025-11-16 19:13:21,435 [WARN] IP:2120 - I2C_Coeff_DF not found: check if there is a RefParameter without a condition.
2025-11-16 19:13:21,435 [WARN] IP:2120 - Analog_Filter not found: check if there is a RefParameter without a condition.
2025-11-16 19:20:17,792 [INFO] NvicIntPanel:101 - NVIC parent = com.st.microxplorer.plugins.ip.nvic.MultiNvicIntPanel[,0,0,453x131,layout=javax.swing.BoxLayout,alignmentX=0.0,alignmentY=0.0,border=,flags=9,maximumSize=,minimumSize=,preferredSize=]
2025-11-16 19:21:03,483 [WARN] IP:2120 - I2C_Coeff_DF not found: check if there is a RefParameter without a condition.
2025-11-16 19:21:03,483 [WARN] IP:2120 - Analog_Filter not found: check if there is a RefParameter without a condition.
2025-11-16 19:21:09,679 [INFO] NvicIntPanel:101 - NVIC parent = com.st.microxplorer.plugins.ip.nvic.MultiNvicIntPanel[,0,0,0x0,invalid,layout=javax.swing.BoxLayout,alignmentX=0.0,alignmentY=0.0,border=,flags=9,maximumSize=,minimumSize=,preferredSize=]
2025-11-16 19:21:13,065 [WARN] IP:2120 - I2C_Coeff_DF not found: check if there is a RefParameter without a condition.
2025-11-16 19:21:13,065 [WARN] IP:2120 - Analog_Filter not found: check if there is a RefParameter without a condition.
2025-11-16 19:21:13,072 [INFO] NvicIntPanel:101 - NVIC parent = com.st.microxplorer.plugins.ip.nvic.MultiNvicIntPanel[,0,0,0x0,invalid,layout=javax.swing.BoxLayout,alignmentX=0.0,alignmentY=0.0,border=,flags=9,maximumSize=,minimumSize=,preferredSize=]
2025-11-16 19:21:16,336 [WARN] IP:2120 - I2C_Coeff_DF not found: check if there is a RefParameter without a condition.
2025-11-16 19:21:16,337 [WARN] IP:2120 - Analog_Filter not found: check if there is a RefParameter without a condition.
2025-11-16 19:21:22,137 [WARN] IP:2120 - I2C_Coeff_DF not found: check if there is a RefParameter without a condition.
2025-11-16 19:21:22,137 [WARN] IP:2120 - Analog_Filter not found: check if there is a RefParameter without a condition.
2025-11-16 19:21:26,928 [WARN] IP:2120 - I2C_Coeff_DF not found: check if there is a RefParameter without a condition.
2025-11-16 19:21:26,929 [WARN] IP:2120 - Analog_Filter not found: check if there is a RefParameter without a condition.
2025-11-16 19:21:31,207 [INFO] UtilMem:75 - End SaveConfig() Used Memory: 748355016 Bytes (1073741824)
2025-11-16 19:21:32,433 [INFO] UtilMem:75 - End SaveConfig() Used Memory: 772986656 Bytes (1073741824)
2025-11-16 19:21:34,379 [INFO] UtilMem:75 - End SaveConfig() Used Memory: 885184288 Bytes (1073741824)
2025-11-16 19:21:34,451 [INFO] BlockDiagram:2759 - set Specific Code input for plugin: SYS
2025-11-16 19:21:34,451 [INFO] BlockDiagram:2759 - set Specific Code input for plugin: RCC
2025-11-16 19:21:34,451 [INFO] BlockDiagram:2759 - set Specific Code input for plugin: I2C
2025-11-16 19:21:34,451 [INFO] BlockDiagram:2759 - set Specific Code input for plugin: NVIC
2025-11-16 19:21:34,451 [INFO] BlockDiagram:2759 - set Specific Code input for plugin: USART
2025-11-16 19:21:34,451 [INFO] BlockDiagram:2759 - set Specific Code input for plugin: GPIO
2025-11-16 19:21:34,452 [INFO] CodeGenerator:807 - code generatio: config db path: C:\ST\STM32CubeIDE_1.15.0\STM32CubeIDE\plugins\com.st.stm32cube.common.mx_6.11.0.202403141607\\db\
2025-11-16 19:21:34,452 [WARN] IP:2120 - I2C_Coeff_DF not found: check if there is a RefParameter without a condition.
2025-11-16 19:21:34,452 [WARN] IP:2120 - Analog_Filter not found: check if there is a RefParameter without a condition.
2025-11-16 19:21:34,512 [INFO] CodeEngine:255 - oldGeneratedFile, D:\WorkSpace\I2_C_Module\MXTmpFiles\license.tmp_save
2025-11-16 19:21:34,594 [INFO] CodeEngine:279 - Generated code: D:\WorkSpace\I2_C_Module\MXTmpFiles\license.tmp
2025-11-16 19:21:34,607 [INFO] CodeEngine:255 - oldGeneratedFile, D:\WorkSpace\I2_C_Module\MXTmpFiles\gpio.tmp_save
2025-11-16 19:21:34,730 [INFO] CodeEngine:279 - Generated code: D:\WorkSpace\I2_C_Module\MXTmpFiles\gpio.tmp
2025-11-16 19:21:34,813 [INFO] CodeEngine:255 - oldGeneratedFile, D:\WorkSpace\I2_C_Module\Core\Src\stm32f4xx_it.c_save
2025-11-16 19:21:34,923 [INFO] CodeEngine:279 - Generated code: D:\WorkSpace\I2_C_Module\Core\Src\stm32f4xx_it.c
2025-11-16 19:21:34,926 [INFO] CodeEngine:255 - oldGeneratedFile, D:\WorkSpace\I2_C_Module\Core\Inc\stm32f4xx_it.h_save
2025-11-16 19:21:34,963 [INFO] CodeEngine:279 - Generated code: D:\WorkSpace\I2_C_Module\Core\Inc\stm32f4xx_it.h
2025-11-16 19:21:34,978 [INFO] CodeEngine:255 - oldGeneratedFile, D:\WorkSpace\I2_C_Module\Core\Src\stm32f4xx_hal_msp.c_save
2025-11-16 19:21:35,059 [INFO] CodeEngine:279 - Generated code: D:\WorkSpace\I2_C_Module\Core\Src\stm32f4xx_hal_msp.c
2025-11-16 19:21:35,062 [INFO] CodeEngine:255 - oldGeneratedFile, D:\WorkSpace\I2_C_Module\MXTmpFiles\system.tmp_save
2025-11-16 19:21:35,095 [INFO] CodeEngine:279 - Generated code: D:\WorkSpace\I2_C_Module\MXTmpFiles\system.tmp
2025-11-16 19:21:35,109 [INFO] CodeEngine:311 - oldGeneratedFile, D:\WorkSpace\I2_C_Module\Core\Inc\stm32f4xx_hal_conf.h_save
2025-11-16 19:21:35,175 [INFO] CodeEngine:335 - Generated code: D:\WorkSpace\I2_C_Module\Core\Inc\stm32f4xx_hal_conf.h
2025-11-16 19:21:35,202 [WARN] IPConfigManager:2982 - Warning: the RefConfig PLL2P_FOR_MCO is not available in your config.xml file
2025-11-16 19:21:35,218 [INFO] CodeEngine:255 - oldGeneratedFile, D:\WorkSpace\I2_C_Module\Core\Inc\main.h_save
2025-11-16 19:21:35,263 [INFO] CodeEngine:279 - Generated code: D:\WorkSpace\I2_C_Module\Core\Inc\main.h
2025-11-16 19:21:35,275 [INFO] CodeEngine:255 - oldGeneratedFile, D:\WorkSpace\I2_C_Module\Core\Src\main.c_save
2025-11-16 19:21:35,352 [INFO] CodeEngine:279 - Generated code: D:\WorkSpace\I2_C_Module\Core\Src\main.c
2025-11-16 19:21:35,581 [INFO] ProjectBuilder:3163 - Time for Copy HAL[1] : 145mS.
2025-11-16 19:21:35,583 [INFO] ProjectBuilder:4736 - Project Generator version: 4.3.0-B58
2025-11-16 19:21:35,648 [INFO] ConfigFileManager:1503 - The Die is : DIE421
2025-11-16 19:21:36,211 [INFO] ProjectBuilder:5002 - Time for Generating toolchain IDE Files: 629mS.
2025-11-16 19:21:36,212 [INFO] ProjectBuilder:3034 - Time for Copy CMSIS : 0mS.
2025-11-16 19:21:36,213 [INFO] ProjectBuilder:3034 - Time for Copy CMSIS : 0mS.
2025-11-16 19:40:11,537 [ERROR] LogOutputStream:75 - [STDERR_REDIRECT] Exception in thread "AWT-EventQueue-0" org.eclipse.swt.SWTException: Device is disposed
2025-11-16 19:40:11,540 [ERROR] LogOutputStream:75 - [STDERR_REDIRECT] 	at org.eclipse.swt.SWT.error(SWT.java:4918)
2025-11-16 19:40:11,543 [ERROR] LogOutputStream:75 - [STDERR_REDIRECT] 	at org.eclipse.swt.SWT.error(SWT.java:4833)
2025-11-16 19:40:11,546 [ERROR] LogOutputStream:75 - [STDERR_REDIRECT] 	at org.eclipse.swt.SWT.error(SWT.java:4804)
2025-11-16 19:40:11,548 [ERROR] LogOutputStream:75 - [STDERR_REDIRECT] 	at org.eclipse.swt.widgets.Display.error(Display.java:1278)
2025-11-16 19:40:11,551 [ERROR] LogOutputStream:75 - [STDERR_REDIRECT] 	at org.eclipse.swt.widgets.Display.asyncExec(Display.java:774)
2025-11-16 19:40:11,555 [ERROR] LogOutputStream:75 - [STDERR_REDIRECT] 	at com.st.stm32cube.common.mx.oss.core.awtswtbridge.AwtEnvironment$2.run(AwtEnvironment.java:168)
2025-11-16 19:40:11,557 [ERROR] LogOutputStream:75 - [STDERR_REDIRECT] 	at java.desktop/java.awt.event.InvocationEvent.dispatch(InvocationEvent.java:318)
2025-11-16 19:40:11,559 [ERROR] LogOutputStream:75 - [STDERR_REDIRECT] 	at java.desktop/java.awt.EventQueue.dispatchEventImpl(EventQueue.java:773)
2025-11-16 19:40:11,560 [ERROR] LogOutputStream:75 - [STDERR_REDIRECT] 	at java.desktop/java.awt.EventQueue$4.run(EventQueue.java:720)
2025-11-16 19:40:11,562 [ERROR] LogOutputStream:75 - [STDERR_REDIRECT] 	at java.desktop/java.awt.EventQueue$4.run(EventQueue.java:714)
2025-11-16 19:40:11,565 [ERROR] LogOutputStream:75 - [STDERR_REDIRECT] 	at java.base/java.security.AccessController.doPrivileged(AccessController.java:399)
2025-11-16 19:40:11,569 [ERROR] LogOutputStream:75 - [STDERR_REDIRECT] 	at java.base/java.security.ProtectionDomain$JavaSecurityAccessImpl.doIntersectionPrivilege(ProtectionDomain.java:86)
2025-11-16 19:40:11,572 [ERROR] LogOutputStream:75 - [STDERR_REDIRECT] 	at java.desktop/java.awt.EventQueue.dispatchEvent(EventQueue.java:742)
2025-11-16 19:40:11,575 [ERROR] LogOutputStream:75 - [STDERR_REDIRECT] 	at java.desktop/java.awt.EventDispatchThread.pumpOneEventForFilters(EventDispatchThread.java:203)
2025-11-16 19:40:11,579 [ERROR] LogOutputStream:75 - [STDERR_REDIRECT] 	at java.desktop/java.awt.EventDispatchThread.pumpEventsForFilter(EventDispatchThread.java:124)
2025-11-16 19:40:11,582 [ERROR] LogOutputStream:75 - [STDERR_REDIRECT] 	at java.desktop/java.awt.EventDispatchThread.pumpEventsForHierarchy(EventDispatchThread.java:113)
2025-11-16 19:40:11,586 [ERROR] LogOutputStream:75 - [STDERR_REDIRECT] 	at java.desktop/java.awt.EventDispatchThread.pumpEvents(EventDispatchThread.java:109)
2025-11-16 19:40:11,590 [ERROR] LogOutputStream:75 - [STDERR_REDIRECT] 	at java.desktop/java.awt.EventDispatchThread.pumpEvents(EventDispatchThread.java:101)
2025-11-16 19:40:11,594 [ERROR] LogOutputStream:75 - [STDERR_REDIRECT] 	at java.desktop/java.awt.EventDispatchThread.run(EventDispatchThread.java:90)
2025-11-16 19:40:11,821 [ERROR] LogOutputStream:75 - [STDERR_REDIRECT] 
2025-11-16 19:40:11,822 [ERROR] LogOutputStream:75 - [STDERR_REDIRECT] 
