2026-05-10 15:08:37,154 [INFO] Activator:176 - 


2026-05-10 15:08:37,161 [INFO] Activator:177 - !SESSION log4j initialized
2026-05-10 15:08:42,219 [INFO] LogOutputStream:77 - [STDOUT_REDIRECT] 
2026-05-10 15:08:45,532 [INFO] ApplicationProperties:184 - Using Application install path: C:\ST\STM32CubeIDE_1.15.0\STM32CubeIDE\plugins\com.st.stm32cube.common.mx_6.11.0.202403141607
2026-05-10 15:08:45,597 [INFO] DbMcusXml:78 - Set database path to: C:\ST\STM32CubeIDE_1.15.0\STM32CubeIDE\plugins\com.st.stm32cube.common.mx_6.11.0.202403141607\\db\/mcu/
2026-05-10 15:08:45,597 [INFO] ApiDb:274 - Set plugin database path to: C:\ST\STM32CubeIDE_1.15.0\STM32CubeIDE\plugins\com.st.stm32cube.common.mx_6.11.0.202403141607\\db\/plugins/boardmanager/
2026-05-10 15:08:45,600 [WARN] ApiDb:259 - Overriding images path with different value:  => C:\ST\STM32CubeIDE_1.15.0\STM32CubeIDE\plugins\com.st.stm32cube.common.mx_6.11.0.202403141607\\db\/plugins/mcufinder/images/
2026-05-10 15:08:45,634 [INFO] ApiDb:250 - Set database path to: C:\Users\Aditya\.stmcufinder\plugins\mcufinder//mcu/
2026-05-10 15:08:45,639 [INFO] DbMcusAds:125 - Set database path to: C:\Users\Aditya\.stmcufinder\plugins\mcufinder//mcu/
2026-05-10 15:08:45,646 [INFO] CrossReferenceDbSqlite:203 - Set database path to: C:\Users\Aditya\.stmcufinder\plugins\mcufinder//mcu/cs/
2026-05-10 15:08:46,251 [INFO] RulesReader:64 - Compatibility file has been processed (297 Rules)
2026-05-10 15:08:46,719 [INFO] DbMcusXml:78 - Set database path to: C:\ST\STM32CubeIDE_1.15.0\STM32CubeIDE\plugins\com.st.stm32cube.common.mx_6.11.0.202403141607\\db\/mcu/
2026-05-10 15:08:46,721 [INFO] ApiDb:274 - Set plugin database path to: C:\ST\STM32CubeIDE_1.15.0\STM32CubeIDE\plugins\com.st.stm32cube.common.mx_6.11.0.202403141607\\db\/plugins/boardmanager/
2026-05-10 15:08:46,722 [INFO] ApiDb:261 - Set plugin images path to: C:\ST\STM32CubeIDE_1.15.0\STM32CubeIDE\plugins\com.st.stm32cube.common.mx_6.11.0.202403141607\\db\/plugins/mcufinder/images/
2026-05-10 15:08:46,722 [WARN] DbFile:41 - Overriding database path with different value: C:\Users\Aditya\.stmcufinder\plugins\mcufinder/ => C:\Users\Aditya\.stmcufinder\plugins\mcufinder
2026-05-10 15:08:46,722 [INFO] ApiDb:250 - Set database path to: C:\Users\Aditya\.stmcufinder\plugins\mcufinder//mcu/
2026-05-10 15:08:46,723 [WARN] DbFile:41 - Overriding database path with different value: C:\Users\Aditya\.stmcufinder\plugins\mcufinder/ => C:\Users\Aditya\.stmcufinder\plugins\mcufinder
2026-05-10 15:08:46,723 [INFO] DbMcusAds:125 - Set database path to: C:\Users\Aditya\.stmcufinder\plugins\mcufinder//mcu/
2026-05-10 15:08:46,723 [WARN] DbFile:41 - Overriding database path with different value: C:\Users\Aditya\.stmcufinder\plugins\mcufinder/ => C:\Users\Aditya\.stmcufinder\plugins\mcufinder
2026-05-10 15:08:46,723 [WARN] DbFile:41 - Overriding database path with different value: C:\Users\Aditya\.stmcufinder\plugins\mcufinder/ => C:\Users\Aditya\.stmcufinder\plugins\mcufinder
2026-05-10 15:08:46,723 [INFO] CrossReferenceDbSqlite:203 - Set database path to: C:\Users\Aditya\.stmcufinder\plugins\mcufinder//mcu/cs/
2026-05-10 15:08:47,094 [INFO] MainPanel:264 - HeapMemory: 268435456
2026-05-10 15:08:47,501 [INFO] DbMcusXml:78 - Set database path to: C:\ST\STM32CubeIDE_1.15.0\STM32CubeIDE\plugins\com.st.stm32cube.common.mx_6.11.0.202403141607\\db\/mcu/
2026-05-10 15:08:47,503 [INFO] ApiDb:274 - Set plugin database path to: C:\ST\STM32CubeIDE_1.15.0\STM32CubeIDE\plugins\com.st.stm32cube.common.mx_6.11.0.202403141607\\db\/plugins/boardmanager/
2026-05-10 15:08:47,503 [INFO] ApiDb:261 - Set plugin images path to: C:\ST\STM32CubeIDE_1.15.0\STM32CubeIDE\plugins\com.st.stm32cube.common.mx_6.11.0.202403141607\\db\/plugins/mcufinder/images/
2026-05-10 15:08:47,503 [WARN] DbFile:41 - Overriding database path with different value: C:\Users\Aditya\.stmcufinder\plugins\mcufinder/ => C:\Users\Aditya\.stmcufinder\plugins\mcufinder
2026-05-10 15:08:47,503 [INFO] ApiDb:250 - Set database path to: C:\Users\Aditya\.stmcufinder\plugins\mcufinder//mcu/
2026-05-10 15:08:47,505 [WARN] DbFile:41 - Overriding database path with different value: C:\Users\Aditya\.stmcufinder\plugins\mcufinder/ => C:\Users\Aditya\.stmcufinder\plugins\mcufinder
2026-05-10 15:08:47,505 [INFO] DbMcusAds:125 - Set database path to: C:\Users\Aditya\.stmcufinder\plugins\mcufinder//mcu/
2026-05-10 15:08:47,505 [WARN] DbFile:41 - Overriding database path with different value: C:\Users\Aditya\.stmcufinder\plugins\mcufinder/ => C:\Users\Aditya\.stmcufinder\plugins\mcufinder
2026-05-10 15:08:47,506 [WARN] DbFile:41 - Overriding database path with different value: C:\Users\Aditya\.stmcufinder\plugins\mcufinder/ => C:\Users\Aditya\.stmcufinder\plugins\mcufinder
2026-05-10 15:08:47,506 [INFO] CrossReferenceDbSqlite:203 - Set database path to: C:\Users\Aditya\.stmcufinder\plugins\mcufinder//mcu/cs/
2026-05-10 15:08:47,572 [INFO] ApplicationProperties:184 - Using Application install path: C:\ST\STM32CubeIDE_1.15.0\STM32CubeIDE\plugins\com.st.stm32cube.common.mx_6.11.0.202403141607
2026-05-10 15:08:47,575 [INFO] PluginManage:196 - Search for loadable plugins [exclusion list=, ]
2026-05-10 15:08:47,582 [INFO] PluginManage:310 - Check plugin analytics
2026-05-10 15:08:48,453 [INFO] AnalyticsPlugin:253 - Accepted Software Licenses: 
2026-05-10 15:08:48,453 [INFO] AnalyticsPlugin:255 - Accepted CMSIS Pack Licenses: 
2026-05-10 15:08:48,453 [INFO] AnalyticsPlugin:257 - Accepted Firmware Licenses: 
2026-05-10 15:08:48,461 [INFO] PluginManage:359 - Loaded plugin analytics (category:tool,tabindex:-1)
2026-05-10 15:08:48,462 [INFO] PluginManage:310 - Check plugin cadmodel
2026-05-10 15:08:48,507 [INFO] CADModel:105 - Init CAD model plugin
2026-05-10 15:08:48,510 [INFO] PluginManage:359 - Loaded plugin cadmodel (category:power,tabindex:5)
2026-05-10 15:08:48,510 [INFO] PluginManage:310 - Check plugin clock
2026-05-10 15:08:48,579 [INFO] PluginManage:359 - Loaded plugin clock (category:base,tabindex:2)
2026-05-10 15:08:48,579 [INFO] PluginManage:310 - Check plugin ddr
2026-05-10 15:08:48,582 [INFO] PluginManage:359 - Loaded plugin ddr (category:tool,tabindex:6)
2026-05-10 15:08:48,582 [INFO] PluginManage:310 - Check plugin filemanager
2026-05-10 15:08:49,119 [INFO] PluginManage:359 - Loaded plugin filemanager (category:base,tabindex:10)
2026-05-10 15:08:49,121 [INFO] PluginManage:310 - Check plugin ipmanager
2026-05-10 15:08:49,152 [INFO] PluginManage:359 - Loaded plugin ipmanager (category:base,tabindex:5)
2026-05-10 15:08:49,152 [INFO] PluginManage:310 - Check plugin lpbam
2026-05-10 15:08:49,307 [INFO] PluginManage:359 - Loaded plugin lpbam (category:base,tabindex:0)
2026-05-10 15:08:49,309 [INFO] PluginManage:310 - Check plugin memorymap
2026-05-10 15:08:49,390 [INFO] PluginManage:359 - Loaded plugin memorymap (category:base,tabindex:4)
2026-05-10 15:08:49,390 [INFO] PluginManage:310 - Check plugin pinoutandconfiguration
2026-05-10 15:08:49,443 [INFO] PluginManage:359 - Loaded plugin pinoutandconfiguration (category:base,tabindex:1)
2026-05-10 15:08:49,443 [INFO] PluginManage:310 - Check plugin pinoutconfig
2026-05-10 15:08:49,778 [WARN] SupportedApi:132 - Cannot load RTOS API schema: s4s-elt-must-match.1: The content of 'definitions' must match (annotation?, (simpleType | complexType)?, (unique | key | keyref)*)). A problem was found starting at: attribute.
2026-05-10 15:08:50,269 [INFO] PluginManage:359 - Loaded plugin pinoutconfig (category:base,tabindex:0)
2026-05-10 15:08:50,271 [INFO] PluginManage:310 - Check plugin power
2026-05-10 15:08:50,413 [INFO] PluginManage:359 - Loaded plugin power (category:power,tabindex:4)
2026-05-10 15:08:50,415 [INFO] PluginManage:310 - Check plugin projectmanager
2026-05-10 15:08:50,489 [INFO] PluginManage:359 - Loaded plugin projectmanager (category:projectmanager,tabindex:3)
2026-05-10 15:08:50,489 [INFO] PluginManage:310 - Check plugin thirdparty
2026-05-10 15:08:51,719 [INFO] PluginManage:359 - Loaded plugin thirdparty (category:base,tabindex:-1)
2026-05-10 15:08:51,721 [INFO] PluginManage:310 - Check plugin tools
2026-05-10 15:08:51,721 [WARN] IntegrityCheckThread:84 - waiting for thirdparty lock release [integrity check]
2026-05-10 15:08:51,723 [INFO] IntegrityCheckThread:86 - entering critical section [integrity check]
2026-05-10 15:08:51,724 [INFO] ThirdPartyUpdaterWithRetryManager:70 - Updater plugin not ready yet. [1/15]
2026-05-10 15:08:51,900 [INFO] PluginManage:359 - Loaded plugin tools (category:base,tabindex:7)
2026-05-10 15:08:51,903 [INFO] PluginManage:310 - Check plugin tutovideos
2026-05-10 15:08:52,506 [INFO] PluginManage:359 - Loaded plugin tutovideos (category:base,tabindex:-1)
2026-05-10 15:08:52,508 [INFO] PluginManage:310 - Check plugin updater
2026-05-10 15:08:52,533 [INFO] PluginManage:359 - Loaded plugin updater (category:base,tabindex:12)
2026-05-10 15:08:52,534 [INFO] PluginManage:310 - Check plugin userauth
2026-05-10 15:08:52,546 [INFO] UserAuth:114 - Init User Auth plugin
2026-05-10 15:08:52,547 [INFO] PluginManage:359 - Loaded plugin userauth (category:base,tabindex:14)
2026-05-10 15:08:52,549 [INFO] PluginManage:283 - PluginManage : Loaded plugins [17]
2026-05-10 15:08:53,219 [INFO] PinOutPanel:1561 - setPackage(No Configuration,No Configuration)
2026-05-10 15:08:53,440 [INFO] CADModel:165 - CPN selected for project level
2026-05-10 15:08:53,440 [INFO] CADModel:114 - Register for checkConnection events
2026-05-10 15:08:53,511 [INFO] IPUIPlugin:80 - create IPUIPlugin
2026-05-10 15:08:53,511 [INFO] PluginManager:220 - loadIPPluginJar : add adc
2026-05-10 15:08:53,649 [INFO] IPUIPlugin:80 - create IPUIPlugin
2026-05-10 15:08:53,649 [INFO] PluginManager:220 - loadIPPluginJar : add aes
2026-05-10 15:08:53,736 [INFO] IPUIPlugin:80 - create IPUIPlugin
2026-05-10 15:08:53,736 [INFO] PluginManager:220 - loadIPPluginJar : add can
2026-05-10 15:08:53,788 [INFO] IPUIPlugin:80 - create IPUIPlugin
2026-05-10 15:08:53,788 [INFO] PluginManager:220 - loadIPPluginJar : add comp
2026-05-10 15:08:53,828 [INFO] IPUIPlugin:80 - create IPUIPlugin
2026-05-10 15:08:53,828 [INFO] PluginManager:220 - loadIPPluginJar : add cryp
2026-05-10 15:08:53,861 [INFO] IPUIPlugin:80 - create IPUIPlugin
2026-05-10 15:08:53,861 [INFO] PluginManager:220 - loadIPPluginJar : add dfsdm
2026-05-10 15:08:53,878 [INFO] IPUIPlugin:80 - create IPUIPlugin
2026-05-10 15:08:53,878 [INFO] PluginManager:220 - loadIPPluginJar : add dma
2026-05-10 15:08:53,957 [INFO] IPUIPlugin:80 - create IPUIPlugin
2026-05-10 15:08:53,957 [INFO] PluginManager:220 - loadIPPluginJar : add dma3
2026-05-10 15:08:54,007 [INFO] IPUIPlugin:80 - create IPUIPlugin
2026-05-10 15:08:54,007 [INFO] PluginManager:220 - loadIPPluginJar : add extmemmanager
2026-05-10 15:08:54,038 [INFO] IPUIPlugin:80 - create IPUIPlugin
2026-05-10 15:08:54,038 [INFO] PluginManager:220 - loadIPPluginJar : add fatfs
2026-05-10 15:08:54,123 [INFO] IPUIPlugin:80 - create IPUIPlugin
2026-05-10 15:08:54,123 [INFO] PluginManager:220 - loadIPPluginJar : add fmc
2026-05-10 15:08:54,155 [INFO] IPUIPlugin:80 - create IPUIPlugin
2026-05-10 15:08:54,155 [INFO] PluginManager:220 - loadIPPluginJar : add freertos
2026-05-10 15:08:54,194 [INFO] IPUIPlugin:80 - create IPUIPlugin
2026-05-10 15:08:54,194 [INFO] PluginManager:220 - loadIPPluginJar : add genericplugin
2026-05-10 15:08:54,294 [INFO] IPUIPlugin:80 - create IPUIPlugin
2026-05-10 15:08:54,294 [INFO] PluginManager:220 - loadIPPluginJar : add gfxmmu
2026-05-10 15:08:54,494 [INFO] IPUIPlugin:80 - create IPUIPlugin
2026-05-10 15:08:54,494 [INFO] PluginManager:220 - loadIPPluginJar : add gic
2026-05-10 15:08:54,506 [INFO] IPUIPlugin:80 - create IPUIPlugin
2026-05-10 15:08:54,506 [INFO] PluginManager:220 - loadIPPluginJar : add gpio
2026-05-10 15:08:54,630 [INFO] IPUIPlugin:80 - create IPUIPlugin
2026-05-10 15:08:54,630 [INFO] PluginManager:220 - loadIPPluginJar : add gtzc
2026-05-10 15:08:54,666 [INFO] IPUIPlugin:80 - create IPUIPlugin
2026-05-10 15:08:54,666 [INFO] PluginManager:220 - loadIPPluginJar : add hash
2026-05-10 15:08:54,720 [INFO] IPUIPlugin:80 - create IPUIPlugin
2026-05-10 15:08:54,720 [INFO] PluginManager:220 - loadIPPluginJar : add i2c
2026-05-10 15:08:54,728 [INFO] ThirdPartyUpdaterWithRetryManager:70 - Updater plugin not ready yet. [2/15]
2026-05-10 15:08:54,760 [INFO] IPUIPlugin:80 - create IPUIPlugin
2026-05-10 15:08:54,761 [INFO] PluginManager:220 - loadIPPluginJar : add i2s
2026-05-10 15:08:54,804 [INFO] IPUIPlugin:80 - create IPUIPlugin
2026-05-10 15:08:54,804 [INFO] PluginManager:220 - loadIPPluginJar : add i3c
2026-05-10 15:08:54,953 [INFO] IPUIPlugin:80 - create IPUIPlugin
2026-05-10 15:08:54,953 [INFO] PluginManager:220 - loadIPPluginJar : add ipddr
2026-05-10 15:08:55,153 [INFO] IPUIPlugin:80 - create IPUIPlugin
2026-05-10 15:08:55,155 [INFO] PluginManager:220 - loadIPPluginJar : add linkedlist
2026-05-10 15:08:55,212 [INFO] IPUIPlugin:80 - create IPUIPlugin
2026-05-10 15:08:55,212 [INFO] PluginManager:220 - loadIPPluginJar : add lorawan
2026-05-10 15:08:55,252 [INFO] IPUIPlugin:80 - create IPUIPlugin
2026-05-10 15:08:55,252 [INFO] PluginManager:220 - loadIPPluginJar : add ltdc
2026-05-10 15:08:55,268 [INFO] IPUIPlugin:80 - create IPUIPlugin
2026-05-10 15:08:55,268 [INFO] PluginManager:220 - loadIPPluginJar : add mdma
2026-05-10 15:08:55,283 [INFO] IPUIPlugin:80 - create IPUIPlugin
2026-05-10 15:08:55,283 [INFO] PluginManager:220 - loadIPPluginJar : add nvic
2026-05-10 15:08:55,328 [INFO] IPUIPlugin:80 - create IPUIPlugin
2026-05-10 15:08:55,328 [INFO] PluginManager:220 - loadIPPluginJar : add opamp
2026-05-10 15:08:55,430 [INFO] IPUIPlugin:80 - create IPUIPlugin
2026-05-10 15:08:55,430 [INFO] PluginManager:220 - loadIPPluginJar : add openamp
2026-05-10 15:08:55,501 [INFO] IPUIPlugin:80 - create IPUIPlugin
2026-05-10 15:08:55,501 [INFO] PluginManager:220 - loadIPPluginJar : add pdm2pcm
2026-05-10 15:08:55,514 [INFO] IPUIPlugin:80 - create IPUIPlugin
2026-05-10 15:08:55,517 [INFO] PluginManager:220 - loadIPPluginJar : add plateformsettings
2026-05-10 15:08:55,544 [INFO] IPUIPlugin:80 - create IPUIPlugin
2026-05-10 15:08:55,544 [INFO] PluginManager:220 - loadIPPluginJar : add quadspi
2026-05-10 15:08:55,555 [INFO] IPUIPlugin:80 - create IPUIPlugin
2026-05-10 15:08:55,556 [INFO] PluginManager:220 - loadIPPluginJar : add resmgrutility
2026-05-10 15:08:55,604 [INFO] IPUIPlugin:80 - create IPUIPlugin
2026-05-10 15:08:55,604 [INFO] PluginManager:220 - loadIPPluginJar : add sai
2026-05-10 15:08:55,643 [INFO] IPUIPlugin:80 - create IPUIPlugin
2026-05-10 15:08:55,643 [INFO] PluginManager:220 - loadIPPluginJar : add spi
2026-05-10 15:08:55,755 [INFO] IPUIPlugin:80 - create IPUIPlugin
2026-05-10 15:08:55,756 [INFO] PluginManager:220 - loadIPPluginJar : add stm32_wpan
2026-05-10 15:08:55,809 [INFO] IPUIPlugin:80 - create IPUIPlugin
2026-05-10 15:08:55,809 [INFO] PluginManager:220 - loadIPPluginJar : add tim
2026-05-10 15:08:55,910 [INFO] IPUIPlugin:80 - create IPUIPlugin
2026-05-10 15:08:55,911 [INFO] PluginManager:220 - loadIPPluginJar : add touchsensing
2026-05-10 15:08:55,954 [INFO] IPUIPlugin:80 - create IPUIPlugin
2026-05-10 15:08:55,954 [INFO] PluginManager:220 - loadIPPluginJar : add tracer_emb
2026-05-10 15:08:55,993 [INFO] IPUIPlugin:80 - create IPUIPlugin
2026-05-10 15:08:55,993 [INFO] PluginManager:220 - loadIPPluginJar : add ts
2026-05-10 15:08:56,019 [INFO] IPUIPlugin:80 - create IPUIPlugin
2026-05-10 15:08:56,019 [INFO] PluginManager:220 - loadIPPluginJar : add tsc
2026-05-10 15:08:56,045 [INFO] IPUIPlugin:80 - create IPUIPlugin
2026-05-10 15:08:56,045 [INFO] PluginManager:220 - loadIPPluginJar : add ucpd
2026-05-10 15:08:56,130 [INFO] IPUIPlugin:80 - create IPUIPlugin
2026-05-10 15:08:56,130 [INFO] PluginManager:220 - loadIPPluginJar : add usart
2026-05-10 15:08:56,220 [INFO] IPUIPlugin:80 - create IPUIPlugin
2026-05-10 15:08:56,221 [INFO] PluginManager:220 - loadIPPluginJar : add usbx
2026-05-10 15:08:56,377 [INFO] CADModel:165 - CPN selected for project level
2026-05-10 15:08:56,377 [INFO] CADModel:114 - Register for checkConnection events
2026-05-10 15:08:56,377 [FATAL] Updater:308 - Updater called before beeing initialized
2026-05-10 15:08:56,377 [ERROR] CADModel:125 - Updater not yet initialized, retry later 
2026-05-10 15:08:56,588 [INFO] CADModel:165 - CPN selected for project level
2026-05-10 15:08:56,588 [INFO] CADModel:114 - Register for checkConnection events
2026-05-10 15:08:56,588 [FATAL] Updater:308 - Updater called before beeing initialized
2026-05-10 15:08:56,588 [ERROR] CADModel:125 - Updater not yet initialized, retry later 
2026-05-10 15:08:56,591 [FATAL] Updater:308 - Updater called before beeing initialized
2026-05-10 15:08:56,758 [FATAL] Updater:308 - Updater called before beeing initialized
2026-05-10 15:08:56,769 [INFO] DbMcusAds:53 - JSON generation date=Mon Apr 27 13:44:29 IST 2026 (1777277669577)
2026-05-10 15:08:56,769 [FATAL] Updater:308 - Updater called before beeing initialized
2026-05-10 15:08:56,810 [WARN] DetailPanel:346 - Failed to get advertising image, set to default
2026-05-10 15:08:56,887 [FATAL] Updater:308 - Updater called before beeing initialized
2026-05-10 15:08:56,889 [FATAL] Updater:308 - Updater called before beeing initialized
2026-05-10 15:08:56,890 [FATAL] Updater:308 - Updater called before beeing initialized
2026-05-10 15:08:56,890 [WARN] DetailPanel:346 - Failed to get advertising image, set to default
2026-05-10 15:08:56,890 [FATAL] Updater:308 - Updater called before beeing initialized
2026-05-10 15:08:56,981 [ERROR] Updater:1120 - MainUpdater not yet initialized. External WinMGr cannot be set.
2026-05-10 15:08:56,993 [INFO] Updater:1056 - Updater Version found : 6.11.0
2026-05-10 15:08:57,012 [INFO] ApplicationProperties:184 - Using Application install path: C:\ST\STM32CubeIDE_1.15.0\STM32CubeIDE\plugins\com.st.stm32cube.common.mx_6.11.0.202403141607
2026-05-10 15:08:57,689 [INFO] McuFinderGlobals:63 - Set McuFinder mode to 2 (CubeIDE integrated)
2026-05-10 15:08:57,728 [INFO] ThirdPartyUpdaterWithRetryManager:70 - Updater plugin not ready yet. [3/15]
2026-05-10 15:08:58,594 [ERROR] LogOutputStream:75 - [STDERR_REDIRECT] May 10, 2026 3:08:58 PM java.util.prefs.WindowsPreferences <init>
2026-05-10 15:08:58,595 [ERROR] LogOutputStream:75 - [STDERR_REDIRECT] WARNING: Could not open/create prefs root node Software\JavaSoft\Prefs at root 0xffffffff80000002. Windows RegCreateKeyEx(...) returned error code 5.
2026-05-10 15:08:58,595 [ERROR] LogOutputStream:75 - [STDERR_REDIRECT] 
2026-05-10 15:08:59,509 [INFO] MainUpdater:2873 - connection check result : 10
2026-05-10 15:08:59,511 [INFO] MainUpdater:290 - Updater Check For Update Now.
2026-05-10 15:08:59,512 [INFO] MicroXplorer:498 - Change Database Version : DB.6.0.110
2026-05-10 15:08:59,542 [INFO] McuFinderGlobals:63 - Set McuFinder mode to 2 (CubeIDE integrated)
2026-05-10 15:08:59,576 [INFO] UserAuth:415 - Internet connection configuration mode: 1
2026-05-10 15:08:59,698 [INFO] JxBrowserEngine:152 - Initiate JxBrowser Engine with user profile folder
2026-05-10 15:08:59,829 [INFO] CheckServerUpdateThread:120 - End of CheckServer Thread
2026-05-10 15:08:59,993 [INFO] MainUpdater:2873 - connection check result : 10
2026-05-10 15:09:00,019 [INFO] McuFinderGlobals:76 - Set McuFinderConnectedMode to true
2026-05-10 15:09:00,518 [INFO] ServerAccessManage:473 - Download File mcusAds.json._tmp_
2026-05-10 15:09:00,634 [INFO] LoadUrlFilesThread:156 - End of LoadUrlFiles Thread
2026-05-10 15:09:00,729 [WARN] MainUpdater:1194 - Updater busy. Cannot search thirdparties
2026-05-10 15:09:00,729 [INFO] ThirdPartyUpdaterWithRetryManager:96 - Updater plugin is busy. [1/15]
2026-05-10 15:09:00,859 [INFO] ServerAccessManage:473 - Download File cube-finder-db.zip
2026-05-10 15:09:02,655 [INFO] WebApp:161 - Instantiating new browser for Auth
2026-05-10 15:09:03,425 [INFO] WebApp:779 - Register for checkConnection events
2026-05-10 15:09:03,425 [INFO] WebApp:414 - Apply proxy settings
2026-05-10 15:09:03,425 [INFO] WebApp:499 - Chromium requires no authentication
2026-05-10 15:09:03,436 [INFO] WebApp:442 - Direct internet connection detected
2026-05-10 15:09:03,612 [INFO] WebApp:192 - Starting web application
2026-05-10 15:09:03,612 [INFO] WebApp:544 - Web application path used C:\ST\STM32CubeIDE_1.15.0\STM32CubeIDE\plugins\com.st.stm32cube.common.mx_6.11.0.202403141607\db\plugins\mcufinder\reactClient1\index.html
2026-05-10 15:09:03,731 [WARN] MainUpdater:1194 - Updater busy. Cannot search thirdparties
2026-05-10 15:09:03,731 [INFO] ThirdPartyUpdaterWithRetryManager:96 - Updater plugin is busy. [2/15]
2026-05-10 15:09:06,732 [WARN] MainUpdater:1194 - Updater busy. Cannot search thirdparties
2026-05-10 15:09:06,732 [INFO] ThirdPartyUpdaterWithRetryManager:96 - Updater plugin is busy. [3/15]
2026-05-10 15:09:09,732 [WARN] MainUpdater:1194 - Updater busy. Cannot search thirdparties
2026-05-10 15:09:09,732 [INFO] ThirdPartyUpdaterWithRetryManager:96 - Updater plugin is busy. [4/15]
2026-05-10 15:09:12,735 [WARN] MainUpdater:1194 - Updater busy. Cannot search thirdparties
2026-05-10 15:09:12,735 [INFO] ThirdPartyUpdaterWithRetryManager:96 - Updater plugin is busy. [5/15]
2026-05-10 15:09:13,299 [INFO] FileExtend:240 - Unzip File : cube-finder-db.zip
2026-05-10 15:09:13,299 [INFO] FileExtend:255 - Standard Zip Deflate
2026-05-10 15:09:15,205 [INFO] LoadUrlFilesThread:156 - End of LoadUrlFiles Thread
2026-05-10 15:09:15,739 [WARN] MainUpdater:1194 - Updater busy. Cannot search thirdparties
2026-05-10 15:09:15,740 [INFO] ThirdPartyUpdaterWithRetryManager:96 - Updater plugin is busy. [6/15]
2026-05-10 15:09:16,467 [INFO] ServerAccessManage:473 - Download File crdb.zip
2026-05-10 15:09:17,751 [INFO] FileExtend:240 - Unzip File : crdb.zip
2026-05-10 15:09:17,754 [INFO] FileExtend:255 - Standard Zip Deflate
2026-05-10 15:09:17,925 [INFO] LoadUrlFilesThread:156 - End of LoadUrlFiles Thread
2026-05-10 15:09:18,083 [INFO] ServerAccessManage:473 - Download File tutoVideoDB.zip
2026-05-10 15:09:18,128 [INFO] FileExtend:240 - Unzip File : tutoVideoDB.zip
2026-05-10 15:09:18,129 [INFO] FileExtend:255 - Standard Zip Deflate
2026-05-10 15:09:18,260 [INFO] LoadUrlFilesThread:156 - End of LoadUrlFiles Thread
2026-05-10 15:09:18,261 [WARN] DbFile:41 - Overriding database path with different value: C:\Users\Aditya\.stmcufinder\plugins\mcufinder/ => C:\Users\Aditya\.stmcufinder\plugins\mcufinder
2026-05-10 15:09:18,593 [ERROR] ServerAccessManage:1089 - Problem, file not found on Server
2026-05-10 15:09:18,595 [ERROR] ServerAccessManage:651 - Problem, file not found on Server : api_config.json.
2026-05-10 15:09:18,743 [WARN] MainUpdater:1194 - Updater busy. Cannot search thirdparties
2026-05-10 15:09:18,743 [INFO] ThirdPartyUpdaterWithRetryManager:96 - Updater plugin is busy. [7/15]
2026-05-10 15:09:20,619 [INFO] LoadUrlFilesThread:156 - End of LoadUrlFiles Thread
2026-05-10 15:09:21,897 [INFO] DbMcusAds:53 - JSON generation date=Mon Apr 27 13:44:29 IST 2026 (1777277669577)
2026-05-10 15:09:21,932 [ERROR] TargetSelectorAdapter:267 - Unable to refresh data
2026-05-10 15:09:22,777 [WARN] PackLoader:240 - Cannot read IP mode file for STMicroelectronics.X-CUBE-AZRTOS-H7.3.5.0
2026-05-10 15:09:22,807 [WARN] PackLoader:240 - Cannot read IP mode file for STMicroelectronics.FP-SNS-MOTENVWB1.1.4.0
2026-05-10 15:09:22,853 [WARN] PackLoader:240 - Cannot read IP mode file for STMicroelectronics.FP-ATR-ASTRA1.2.0.2
2026-05-10 15:09:22,914 [WARN] PackLoader:240 - Cannot read IP mode file for STMicroelectronics.X-CUBE-SMBUS.2.1.0
2026-05-10 15:09:22,957 [ERROR] Engine:466 - C:\Users\Aditya\.stm32cubemx\thirdparties\pdsc\STMicroelectronics.X-CUBE-ST60.1.0.0.pdsc: PDSC version is not supported
2026-05-10 15:09:22,996 [WARN] PackLoader:240 - Cannot read IP mode file for STMicroelectronics.X-CUBE-TOUCHGFX.4.23.2
2026-05-10 15:09:23,037 [WARN] PackLoader:240 - Cannot read IP mode file for STMicroelectronics.X-CUBE-AZRTOS-F7.1.1.0
2026-05-10 15:09:23,058 [ERROR] Engine:466 - C:\Users\Aditya\.stm32cubemx\thirdparties\pdsc\STMicroelectronics.FP-SNS-MOTENV1.5.1.0.pdsc: PDSC version is not supported
2026-05-10 15:09:23,074 [WARN] PackLoader:240 - Cannot read IP mode file for STMicroelectronics.FP-SNS-FLIGHT1.5.0.2
2026-05-10 15:09:23,091 [INFO] ApiDb:581 - Connected to CubeFinder SQLite database (C:\Users\Aditya\.stmcufinder\plugins\mcufinder\mcu\cube-finder-db.db)
2026-05-10 15:09:23,131 [WARN] PackLoader:240 - Cannot read IP mode file for STMicroelectronics.X-CUBE-AZRTOS-H7.3.4.0
2026-05-10 15:09:23,190 [WARN] PackLoader:240 - Cannot read IP mode file for STMicroelectronics.X-CUBE-DISPLAY.3.0.0
2026-05-10 15:09:23,248 [WARN] PackLoader:240 - Cannot read IP mode file for STMicroelectronics.X-CUBE-GNSS1.7.1.1
2026-05-10 15:09:23,270 [ERROR] Engine:466 - C:\Users\Aditya\.stm32cubemx\thirdparties\pdsc\STMicroelectronics.FP-SNS-MOTENVWB1.1.5.0.pdsc: PDSC version is not supported
2026-05-10 15:09:23,289 [WARN] PackLoader:240 - Cannot read IP mode file for STMicroelectronics.X-CUBE-BLE1.7.0.0
2026-05-10 15:09:23,292 [INFO] ApiDb:668 - CubeFinder database Data Model version=2.1
2026-05-10 15:09:23,293 [INFO] ApiDb:669 - CubeFinder database Configuration version=3.0.42
2026-05-10 15:09:23,293 [INFO] ApiDb:670 - CubeFinder database generation date=2026-05-06 (1778060171)
2026-05-10 15:09:23,293 [INFO] ApiDb:671 - CubeFinder database FW Pack versions=[FP-ATR-ASTRA1_V2.0.0, FP-SNS-FLIGHT1_V5.1.0, FP-SNS-MOTENV1_V5.1.0, FP-SNS-MOTENVWB1_V1.5.0, FP-SNS-SMARTAG2_V1.2.0, FP-SNS-STBOX1_V2.1.0, STM32Cube_FW_C0_V1.4.0, STM32Cube_FW_F4_V1.28.3, STM32Cube_FW_F7_V1.17.4, STM32Cube_FW_G0_V1.6.3, STM32Cube_FW_G4_V1.6.2, STM32Cube_FW_H5_V1.6.0, STM32Cube_FW_H7RS_V1.3.0, STM32Cube_FW_H7_V1.13.0, STM32Cube_FW_L0_V1.12.2, STM32Cube_FW_L4_V1.18.2, STM32Cube_FW_L5_V1.6.0, STM32Cube_FW_N6_V1.3.0, STM32Cube_FW_U0_V1.3.0, STM32Cube_FW_U3_V1.3.0, STM32Cube_FW_U5_V1.8.0, STM32Cube_FW_WB0_V1.4.0, STM32Cube_FW_WBA_V1.9.0, STM32Cube_FW_WB_V1.24.0, STM32Cube_FW_WL3_V1.4.0, STM32Cube_FW_WL_V1.5.0, X-CUBE-ALGOBUILD_V1.4.0, X-CUBE-ALS_V1.0.2, X-CUBE-AZRTOS-F4_V1.1.0, X-CUBE-AZRTOS-F7_V1.1.0, X-CUBE-AZRTOS-G0_V1.1.0, X-CUBE-AZRTOS-G4_V2.0.0, X-CUBE-AZRTOS-H7RS_V1.1.0, X-CUBE-AZRTOS-H7_V3.5.0, X-CUBE-AZRTOS-L4_V2.0.0, X-CUBE-AZRTOS-L5_V2.0.0, X-CUBE-AZRTOS-WB_V2.0.0, X-CUBE-AZRTOS-WL_V2.0.0, X-CUBE-BLE1_V7.1.0, X-CUBE-BLE2_V3.3.0, X-CUBE-BLEMGR_V4.1.0, X-CUBE-EEPRMA1_V5.2.0, X-CUBE-FREERTOS_V1.5.0, X-CUBE-GNSS1_V6.0.0, X-CUBE-MEMS1_V12.0.0, X-CUBE-NFC4_V3.0.0, X-CUBE-NFC7_V2.0.0, X-CUBE-SFXS2LP1_V4.0.0, X-CUBE-ST67W61_V1.2.0, X-CUBE-SUBG2_V5.0.0, X-CUBE-TOF1_V3.4.3]
2026-05-10 15:09:23,309 [WARN] PackLoader:240 - Cannot read IP mode file for STMicroelectronics.X-CUBE-NFC10.1.0.0
2026-05-10 15:09:23,333 [WARN] PackLoader:240 - Cannot read IP mode file for STMicroelectronics.X-CUBE-BLEMGR.4.0.0
2026-05-10 15:09:23,352 [ERROR] Engine:466 - C:\Users\Aditya\.stm32cubemx\thirdparties\pdsc\STMicroelectronics.X-CUBE-ST60.1.1.0.pdsc: PDSC version is not supported
2026-05-10 15:09:23,369 [WARN] PackLoader:240 - Cannot read IP mode file for emotas.I-CUBE-CANOPEN.1.3.0
2026-05-10 15:09:23,381 [INFO] DbBoardsSqlite:226 - include board P-NUCLEO-WB55-NUCLEO as a kit item of type 'Nucleo-64'
2026-05-10 15:09:23,382 [INFO] DbBoardsSqlite:226 - include board P-NUCLEO-WB55-USBDONGLE as a kit item of type 'Nucleo USB Dongle'
2026-05-10 15:09:23,382 [INFO] DbBoardsSqlite:226 - include board STEVAL-IDP005V1 as a kit item of type 'Evaluation Board'
2026-05-10 15:09:23,382 [INFO] DbBoardsSqlite:226 - include board STEVAL-IDP005V2 as a kit item of type 'Evaluation Board'
2026-05-10 15:09:23,386 [WARN] PackLoader:240 - Cannot read IP mode file for STMicroelectronics.X-CUBE-GNSS1.7.1.0
2026-05-10 15:09:23,404 [WARN] ConditionMgr:438 - getConditionDescription Invalid condition id : Cortex-A Device cause : null
2026-05-10 15:09:23,436 [WARN] ConditionMgr:1039 - genDependencies : Invalid condition id : Cortex-A Device cause : null
2026-05-10 15:09:23,436 [WARN] ConditionMgr:1039 - genDependencies : Invalid condition id : Cortex-A Device cause : null
2026-05-10 15:09:23,436 [WARN] ConditionMgr:1039 - genDependencies : Invalid condition id : Cortex-A Device cause : null
2026-05-10 15:09:23,458 [WARN] PackLoader:240 - Cannot read IP mode file for STMicroelectronics.X-CUBE-BLEMGR.3.1.0
2026-05-10 15:09:23,479 [INFO] ApiDb:240 - Found 483 in-development CPN: [B-G473E-ZEST1S, B-WB1M-WPAN1, B-WL5M-SUBG1, NUCLEO-C031C6, NUCLEO-H503RB, NUCLEO-H533RE, NUCLEO-H563ZI, NUCLEO-H7S3L8, NUCLEO-U031R8, NUCLEO-U083RC, NUCLEO-U545RE-Q, NUCLEO-U5A5ZJ-Q, NUCLEO-WBA52CG, NUCLEO-WBA55CG, STEVAL-PROTEUS1, STEVAL-SMARTAG2, STEVAL-STWINBX1, STM320518-EVAL, STM32C0116-DK, STM32C011D6Y3TR, STM32C011D6Y6TR, STM32C011F4P3, STM32C011F4P6, STM32C011F4U3, STM32C011F4U6TR, STM32C011F6P3, STM32C011F6P6, STM32C011F6U3, STM32C011F6U6TR, STM32C011J4M3, STM32C011J4M6, STM32C011J6M3, STM32C011J6M6, STM32C0316-DK, STM32C031C4T3, STM32C031C4T6, STM32C031C4U3, STM32C031C4U6, STM32C031C6T3, STM32C031C6T6, STM32C031C6U3, STM32C031C6U6, STM32C031F4P3, STM32C031F4P6, STM32C031F6P3, STM32C031F6P6, STM32C031G4U3, STM32C031G4U6, STM32C031G6U3, STM32C031G6U6, STM32C031K4T3, STM32C031K4T6, STM32C031K4U3, STM32C031K4U6, STM32C031K6T3, STM32C031K6T6, STM32C031K6U3, STM32C031K6U6, STM32G071K8TXN, STM32G071K8UXN, STM32G081GBU6N, STM32G081KBT6N, STM32G081KBUXN, STM32G0B1CCT6N, STM32G0B1KCT6, STM32G0B1NEY6TR, STM32G0B1RCT6N, STM32G0C1CCT6, STM32G0C1CCT6N, STM32G0C1CCU6N, STM32G0C1CET6N, STM32G0C1CEU6N, STM32G0C1KCT6, STM32G0C1NEY6TR, STM32G0C1RCI6N, STM32G0C1RCT6N, STM32G0C1REI6N, STM32G0C1RET6N, STM32G0C1VCI6, STM32G0C1VEI6, STM32G471CCT6, STM32G471CCU6, STM32G471CET3, STM32G471CET6, STM32G471CEU3, STM32G471CEU6, STM32G471MCT6, STM32G471MET3, STM32G471MET6, STM32G471MEY6TR, STM32G471QCT6, STM32G471QET3, STM32G471RCT6, STM32G471RET3, STM32G471RET6, STM32G471VCH6, STM32G471VCI6, STM32G471VCT6, STM32G471VEH3, STM32G471VEH6, STM32G471VEI3, STM32G471VEI6, STM32G471VET3, STM32G471VET6, STM32G474CCT6, STM32H503CBT6, STM32H503CBU6, STM32H503EBY6TR, STM32H503KBU6, STM32H503RBT6, STM32H523CCT6, STM32H523CCU6, STM32H523CET6, STM32H523CEU6, STM32H523HEY6TR, STM32H523RCT6, STM32H523RET6, STM32H523VCI6, STM32H523VCT6, STM32H523VEI6, STM32H523VET6, STM32H523ZCJ6, STM32H523ZCT6, STM32H523ZEJ6, STM32H523ZET6, STM32H533CET6, STM32H533CEU6, STM32H533HEY6TR, STM32H533RET6, STM32H533VEI6, STM32H533VET6, STM32H533ZEJ6, STM32H533ZET6, STM32H562AGI6, STM32H562AII6, STM32H562IGK6, STM32H562IGT6, STM32H562IIK6, STM32H562IIT6, STM32H562RGT6, STM32H562RGV6, STM32H562RIT6, STM32H562RIV6, STM32H562VGT6, STM32H562VIT6, STM32H562ZGT6, STM32H562ZIT6, STM32H563AGI6, STM32H563AII3Q, STM32H563AII6, STM32H563IGK6, STM32H563IGT6, STM32H563IIK3Q, STM32H563IIK6, STM32H563IIT3Q, STM32H563IIT6, STM32H563MIY3QTR, STM32H563RGT6, STM32H563RGV6, STM32H563RIT6, STM32H563RIV6, STM32H563VGT6, STM32H563VIT3Q, STM32H563VIT6, STM32H563ZGT6, STM32H563ZIT3Q, STM32H563ZIT6, STM32H573AII3Q, STM32H573AII6, STM32H573I-DK, STM32H573IIK3Q, STM32H573IIK6, STM32H573IIT3Q, STM32H573IIT6, STM32H573MIY3QTR, STM32H573RIT6, STM32H573RIV6, STM32H573VIT3Q, STM32H573VIT6, STM32H573ZIT3Q, STM32H573ZIT6, STM32H7R3A8I6, STM32H7R3I8K6, STM32H7R3I8T6, STM32H7R3L8H6, STM32H7R3L8H6H, STM32H7R3R8V6, STM32H7R3V8H6, STM32H7R3V8T6, STM32H7R3V8Y6, STM32H7R3Z8J6, STM32H7R3Z8T6, STM32H7R7A8I6, STM32H7R7I8K6, STM32H7R7I8T6, STM32H7R7L8H6, STM32H7R7L8H6H, STM32H7R7Z8J6, STM32H7S3A8I6, STM32H7S3I8K6, STM32H7S3I8T6, STM32H7S3L8H6, STM32H7S3L8H6H, STM32H7S3R8V6, STM32H7S3V8H6, STM32H7S3V8T6, STM32H7S3V8Y6, STM32H7S3Z8J6, STM32H7S3Z8T6, STM32H7S78-DK, STM32H7S7A8I6, STM32H7S7I8K6, STM32H7S7I8T6, STM32H7S7L8H6, STM32H7S7L8H6H, STM32H7S7Z8J6, STM32L4R5QGI6STR, STM32MP131AAE3, STM32MP131AAF3, STM32MP131AAG3, STM32MP131CAE3, STM32MP131CAF3, STM32MP131CAG3, STM32MP131DAE7, STM32MP131DAF7, STM32MP131DAG7, STM32MP131FAE7, STM32MP131FAF7, STM32MP131FAG7, STM32MP133AAE3, STM32MP133AAF3, STM32MP133AAG3, STM32MP133CAE3, STM32MP133CAF3, STM32MP133CAG3, STM32MP133DAE7, STM32MP133DAF7, STM32MP133DAG7, STM32MP133FAE7, STM32MP133FAF7, STM32MP133FAG7, STM32MP135AAE3, STM32MP135AAF3, STM32MP135AAG3, STM32MP135CAE3, STM32MP135CAF3, STM32MP135CAG3, STM32MP135DAE7, STM32MP135DAF7, STM32MP135DAG7, STM32MP135F-DK, STM32MP135FAE7, STM32MP135FAF7, STM32MP135FAF7T, STM32MP135FAF7U, STM32MP135FAG7, STM32U031C6T6, STM32U031C6U6, STM32U031C8T6, STM32U031C8U6, STM32U031F4P6, STM32U031F6P6, STM32U031F8P6, STM32U031G6Y6TR, STM32U031G8Y6TR, STM32U031K4U6, STM32U031K6U6, STM32U031K8U6, STM32U031R6I6, STM32U031R6T6, STM32U031R8I6, STM32U031R8T6, STM32U073C8T6, STM32U073C8U6, STM32U073CBT6, STM32U073CBU6, STM32U073CCT6, STM32U073CCU6, STM32U073H8Y6TR, STM32U073HBY6TR, STM32U073HCY6TR, STM32U073K8U6, STM32U073KBU6, STM32U073KCU6, STM32U073M8I6, STM32U073M8T6, STM32U073MBI6, STM32U073MBT6, STM32U073MCI6, STM32U073MCT6, STM32U073R8I6, STM32U073R8T6, STM32U073RBI6, STM32U073RBT6, STM32U073RCI6, STM32U073RCT6, STM32U083C-DK, STM32U083CCT6, STM32U083CCU6, STM32U083HCY6TR, STM32U083KCU6, STM32U083MCI6, STM32U083MCT6, STM32U083RCI6, STM32U083RCT6, STM32U535CBT6, STM32U535CBT6Q, STM32U535CBU6, STM32U535CBU6Q, STM32U535CCT6, STM32U535CCT6Q, STM32U535CCU6, STM32U535CCU6Q, STM32U535CET6, STM32U535CET6Q, STM32U535CEU6, STM32U535CEU6Q, STM32U535JEY6QTR, STM32U535NCY6QTR, STM32U535NEY6QTR, STM32U535RBI6, STM32U535RBI6Q, STM32U535RBT6, STM32U535RBT6Q, STM32U535RCI6, STM32U535RCI6Q, STM32U535RCT6, STM32U535RCT6Q, STM32U535REI6, STM32U535REI6Q, STM32U535RET6, STM32U535RET6Q, STM32U535VCI6, STM32U535VCI6Q, STM32U535VCT6, STM32U535VCT6Q, STM32U535VEI6, STM32U535VEI6Q, STM32U535VET6, STM32U535VET6Q, STM32U545CET6, STM32U545CET6Q, STM32U545CEU6, STM32U545CEU6Q, STM32U545JEY6QTR, STM32U545NEY6QTR, STM32U545REI6, STM32U545REI6Q, STM32U545RET6, STM32U545RET6Q, STM32U545VEI6, STM32U545VEI6Q, STM32U545VET6, STM32U545VET6Q, STM32U595AIH6, STM32U595AIH6Q, STM32U595AJH6, STM32U595AJH6Q, STM32U595QII6, STM32U595QII6Q, STM32U595QJI6, STM32U595QJI6Q, STM32U595RIT6, STM32U595RIT6Q, STM32U595RJT6, STM32U595RJT6Q, STM32U595VIT6, STM32U595VIT6Q, STM32U595VJT6, STM32U595VJT6Q, STM32U595ZIT6, STM32U595ZIT6Q, STM32U595ZIY6QTR, STM32U595ZJT6, STM32U595ZJT6Q, STM32U595ZJY6QTR, STM32U599BJY6QTR, STM32U599NIH6Q, STM32U599NJH6Q, STM32U599VIT6Q, STM32U599VJT6, STM32U599VJT6Q, STM32U599ZIT6Q, STM32U599ZIY6QTR, STM32U599ZJT6Q, STM32U599ZJY6QTR, STM32U5A5AJH6, STM32U5A5AJH6Q, STM32U5A5QII3Q , STM32U5A5QJI6, STM32U5A5QJI6Q, STM32U5A5RJT6, STM32U5A5RJT6Q, STM32U5A5VJT6, STM32U5A5VJT6Q, STM32U5A5ZJT6, STM32U5A5ZJT6Q, STM32U5A5ZJY6QTR, STM32U5A9BJY6QTR, STM32U5A9J-DK, STM32U5A9NJH6Q, STM32U5A9VJT6Q, STM32U5A9ZJT6Q, STM32U5A9ZJY6QTR, STM32U5F7VIT6, STM32U5F7VIT6Q, STM32U5F7VJT6, STM32U5F7VJT6Q, STM32U5F9BJY6QTR, STM32U5F9NJH6Q, STM32U5F9VIT6Q, STM32U5F9VJT6Q, STM32U5F9ZIJ6QTR, STM32U5F9ZIT6Q, STM32U5F9ZJJ6QTR, STM32U5F9ZJT6Q, STM32U5G7VJT6, STM32U5G7VJT6Q, STM32U5G9BJY6QTR, STM32U5G9J-DK1, STM32U5G9J-DK2, STM32U5G9NJH6Q, STM32U5G9VJT6Q, STM32U5G9ZJJ6QTR, STM32U5G9ZJT6Q, STM32WB1MMCH6, STM32WBA50KEU6, STM32WBA50KEU6TR, STM32WBA50KGU6, STM32WBA50KGU6TR, STM32WBA52CEU6, STM32WBA52CEU6TR, STM32WBA52CEU7, STM32WBA52CEU7TR, STM32WBA52CGU6, STM32WBA52CGU6TR, STM32WBA52CGU6U, STM32WBA52CGU7, STM32WBA52CGU7TR, STM32WBA52KEU6, STM32WBA52KEU6TR, STM32WBA52KGU6, STM32WBA52KGU6TR, STM32WBA54CEU6, STM32WBA54CEU6TR, STM32WBA54CEU7, STM32WBA54CEU7TR, STM32WBA54CGU6, STM32WBA54CGU6TR, STM32WBA54CGU7, STM32WBA54CGU7TR, STM32WBA54KEU6, STM32WBA54KEU6TR, STM32WBA54KEU7, STM32WBA54KEU7TR, STM32WBA54KGU6, STM32WBA54KGU6TR, STM32WBA54KGU7, STM32WBA54KGU7TR, STM32WBA55CEU6, STM32WBA55CEU6TR, STM32WBA55CEU7, STM32WBA55CEU7TR, STM32WBA55CGU6, STM32WBA55CGU6TR, STM32WBA55CGU6U, STM32WBA55CGU7, STM32WBA55CGU7TR, STM32WBA55G-DK1, STM32WBA55HEF6, STM32WBA55HEF7, STM32WBA55HGF6, STM32WBA55HGF7, STM32WBA55UEI6, STM32WBA55UEI6TR, STM32WBA55UEI7, STM32WBA55UEI7TR, STM32WBA55UGI6, STM32WBA55UGI6TR, STM32WBA55UGI7, STM32WBA55UGI7TR, STM32WL5MOCH6, STM32WL5MOCH6TR]
2026-05-10 15:09:23,481 [WARN] PackLoader:240 - Cannot read IP mode file for STMicroelectronics.X-CUBE-AI.10.0.0
2026-05-10 15:09:23,492 [INFO] ApiDb:668 - CubeFinder database Data Model version=2.1
2026-05-10 15:09:23,492 [INFO] ApiDb:669 - CubeFinder database Configuration version=3.0.42
2026-05-10 15:09:23,493 [INFO] ApiDb:670 - CubeFinder database generation date=2026-05-06 (1778060171)
2026-05-10 15:09:23,493 [INFO] ApiDb:671 - CubeFinder database FW Pack versions=[FP-ATR-ASTRA1_V2.0.0, FP-SNS-FLIGHT1_V5.1.0, FP-SNS-MOTENV1_V5.1.0, FP-SNS-MOTENVWB1_V1.5.0, FP-SNS-SMARTAG2_V1.2.0, FP-SNS-STBOX1_V2.1.0, STM32Cube_FW_C0_V1.4.0, STM32Cube_FW_F4_V1.28.3, STM32Cube_FW_F7_V1.17.4, STM32Cube_FW_G0_V1.6.3, STM32Cube_FW_G4_V1.6.2, STM32Cube_FW_H5_V1.6.0, STM32Cube_FW_H7RS_V1.3.0, STM32Cube_FW_H7_V1.13.0, STM32Cube_FW_L0_V1.12.2, STM32Cube_FW_L4_V1.18.2, STM32Cube_FW_L5_V1.6.0, STM32Cube_FW_N6_V1.3.0, STM32Cube_FW_U0_V1.3.0, STM32Cube_FW_U3_V1.3.0, STM32Cube_FW_U5_V1.8.0, STM32Cube_FW_WB0_V1.4.0, STM32Cube_FW_WBA_V1.9.0, STM32Cube_FW_WB_V1.24.0, STM32Cube_FW_WL3_V1.4.0, STM32Cube_FW_WL_V1.5.0, X-CUBE-ALGOBUILD_V1.4.0, X-CUBE-ALS_V1.0.2, X-CUBE-AZRTOS-F4_V1.1.0, X-CUBE-AZRTOS-F7_V1.1.0, X-CUBE-AZRTOS-G0_V1.1.0, X-CUBE-AZRTOS-G4_V2.0.0, X-CUBE-AZRTOS-H7RS_V1.1.0, X-CUBE-AZRTOS-H7_V3.5.0, X-CUBE-AZRTOS-L4_V2.0.0, X-CUBE-AZRTOS-L5_V2.0.0, X-CUBE-AZRTOS-WB_V2.0.0, X-CUBE-AZRTOS-WL_V2.0.0, X-CUBE-BLE1_V7.1.0, X-CUBE-BLE2_V3.3.0, X-CUBE-BLEMGR_V4.1.0, X-CUBE-EEPRMA1_V5.2.0, X-CUBE-FREERTOS_V1.5.0, X-CUBE-GNSS1_V6.0.0, X-CUBE-MEMS1_V12.0.0, X-CUBE-NFC4_V3.0.0, X-CUBE-NFC7_V2.0.0, X-CUBE-SFXS2LP1_V4.0.0, X-CUBE-ST67W61_V1.2.0, X-CUBE-SUBG2_V5.0.0, X-CUBE-TOF1_V3.4.3]
2026-05-10 15:09:23,501 [ERROR] Engine:466 - C:\Users\Aditya\.stm32cubemx\thirdparties\pdsc\STMicroelectronics.FP-SNS-STBOX1.2.1.0.pdsc: PDSC version is not supported
2026-05-10 15:09:23,535 [WARN] PackLoader:240 - Cannot read IP mode file for STMicroelectronics.FP-SNS-SMARTAG2.1.2.0
2026-05-10 15:09:23,552 [ERROR] Engine:466 - C:\Users\Aditya\.stm32cubemx\thirdparties\pdsc\STMicroelectronics.FP-SNS-FLIGHT1.5.1.0.pdsc: PDSC version is not supported
2026-05-10 15:09:23,586 [INFO] LogOutputStream:77 - [STDOUT_REDIRECT] 1 : Invalid condition id : UX_CORESTACK_Condition cause : null
2026-05-10 15:09:23,589 [INFO] LogOutputStream:77 - [STDOUT_REDIRECT] 1 : Invalid condition id : UX_CORESTACK_Condition cause : null
2026-05-10 15:09:23,591 [INFO] LogOutputStream:77 - [STDOUT_REDIRECT] 1 : Invalid condition id : UX_CORESTACK_Condition cause : null
2026-05-10 15:09:23,594 [INFO] LogOutputStream:77 - [STDOUT_REDIRECT] 1 : Invalid condition id : UX_CORESTACK_Condition cause : null
2026-05-10 15:09:23,596 [INFO] LogOutputStream:77 - [STDOUT_REDIRECT] 1 : Invalid condition id : UX_CORESTACK_Condition cause : null
2026-05-10 15:09:23,601 [WARN] PackLoader:240 - Cannot read IP mode file for STMicroelectronics.X-CUBE-AZRTOS-WL.2.0.0
2026-05-10 15:09:23,643 [WARN] PackLoader:240 - Cannot read IP mode file for STMicroelectronics.FP-SNS-MOTENV1.5.0.0
2026-05-10 15:09:23,706 [WARN] PackLoader:240 - Cannot read IP mode file for STMicroelectronics.X-CUBE-AZRTOS-H7RS.1.2.0
2026-05-10 15:09:23,740 [WARN] PackLoader:240 - Cannot read IP mode file for wolfSSL.I-CUBE-wolfMQTT.1.19.0
2026-05-10 15:09:23,775 [WARN] PackLoader:240 - Cannot read IP mode file for WES.I-CUBE-Cesium.1.3.0
2026-05-10 15:09:23,801 [WARN] PackLoader:240 - Cannot read IP mode file for STMicroelectronics.X-CUBE-BLE2.3.3.0
2026-05-10 15:09:23,818 [ERROR] Engine:466 - C:\Users\Aditya\.stm32cubemx\thirdparties\pdsc\Avnet-IOTCONNECT.X-CUBE-iotc-st67-sdk.1.0.0.pdsc: PDSC version is not supported
2026-05-10 15:09:23,842 [WARN] PackLoader:240 - Cannot read IP mode file for STMicroelectronics.X-CUBE-NFC9.1.0.0
2026-05-10 15:09:23,865 [WARN] PackLoader:240 - Cannot read IP mode file for STMicroelectronics.X-CUBE-BLE1.7.1.0
2026-05-10 15:09:23,891 [WARN] PackLoader:240 - Cannot read IP mode file for STMicroelectronics.X-CUBE-TCPP.4.1.0
2026-05-10 15:09:23,914 [ERROR] Engine:466 - C:\Users\Aditya\.stm32cubemx\thirdparties\pdsc\STMicroelectronics.X-CUBE-FREERTOS.1.4.0.pdsc: PDSC version is not supported
2026-05-10 15:09:23,944 [WARN] PackLoader:240 - Cannot read IP mode file for STMicroelectronics.X-CUBE-EEPRMA1.5.2.0
2026-05-10 15:09:23,976 [ERROR] Engine:466 - C:\Users\Aditya\.stm32cubemx\thirdparties\pdsc\STMicroelectronics.X-CUBE-ST67W61.1.1.0.pdsc: PDSC version is not supported
2026-05-10 15:09:24,003 [WARN] PackLoader:240 - Cannot read IP mode file for STMicroelectronics.X-CUBE-AI.10.1.0
2026-05-10 15:09:24,029 [ERROR] Engine:466 - C:\Users\Aditya\.stm32cubemx\thirdparties\pdsc\STMicroelectronics.FP-SNS-STAIOTCFT.1.1.0.pdsc: PDSC version is not supported
2026-05-10 15:09:24,110 [WARN] PackLoader:240 - Cannot read IP mode file for STMicroelectronics.X-CUBE-MEMS1.12.0.0
2026-05-10 15:09:24,276 [WARN] PackLoader:240 - Cannot read IP mode file for STMicroelectronics.X-CUBE-ALGOBUILD.1.3.0
2026-05-10 15:09:24,380 [WARN] PackLoader:240 - Cannot read IP mode file for STMicroelectronics.X-CUBE-MEMS1.11.2.0
2026-05-10 15:09:24,581 [WARN] PackLoader:240 - Cannot read IP mode file for STMicroelectronics.X-CUBE-AZRTOS-G0.1.1.0
2026-05-10 15:09:24,612 [WARN] PackLoader:240 - Cannot read IP mode file for STMicroelectronics.X-CUBE-SAFEA1.1.2.2
2026-05-10 15:09:24,644 [WARN] PackLoader:240 - Cannot read IP mode file for STMicroelectronics.X-CUBE-NFC4.3.0.0
2026-05-10 15:09:24,682 [WARN] PackLoader:240 - Cannot read IP mode file for EmbeddedOffice.I-CUBE-FS-RTOS.1.0.1
2026-05-10 15:09:24,682 [ERROR] ConditionMgr:805 - Attr not supported : Dmpu
2026-05-10 15:09:24,682 [ERROR] ConditionMgr:805 - Attr not supported : Dmpu
2026-05-10 15:09:24,682 [ERROR] ConditionMgr:805 - Attr not supported : Dmpu
2026-05-10 15:09:24,682 [ERROR] ConditionMgr:805 - Attr not supported : Dmpu
2026-05-10 15:09:24,682 [ERROR] ConditionMgr:805 - Attr not supported : Dmpu
2026-05-10 15:09:24,683 [ERROR] ConditionMgr:805 - Attr not supported : Dmpu
2026-05-10 15:09:24,683 [ERROR] ConditionMgr:805 - Attr not supported : Dmpu
2026-05-10 15:09:24,683 [ERROR] ConditionMgr:805 - Attr not supported : Dmpu
2026-05-10 15:09:24,683 [ERROR] ConditionMgr:805 - Attr not supported : Dmpu
2026-05-10 15:09:24,683 [ERROR] ConditionMgr:805 - Attr not supported : Dmpu
2026-05-10 15:09:24,683 [ERROR] ConditionMgr:805 - Attr not supported : Dmpu
2026-05-10 15:09:24,683 [ERROR] ConditionMgr:805 - Attr not supported : Dmpu
2026-05-10 15:09:24,684 [ERROR] ConditionMgr:805 - Attr not supported : Dmpu
2026-05-10 15:09:24,684 [ERROR] ConditionMgr:805 - Attr not supported : Dmpu
2026-05-10 15:09:24,684 [ERROR] ConditionMgr:805 - Attr not supported : Dmpu
2026-05-10 15:09:24,684 [ERROR] ConditionMgr:805 - Attr not supported : Dmpu
2026-05-10 15:09:24,684 [ERROR] ConditionMgr:805 - Attr not supported : Dmpu
2026-05-10 15:09:24,684 [ERROR] ConditionMgr:805 - Attr not supported : Dmpu
2026-05-10 15:09:24,684 [ERROR] ConditionMgr:805 - Attr not supported : Dmpu
2026-05-10 15:09:24,684 [ERROR] ConditionMgr:805 - Attr not supported : Dmpu
2026-05-10 15:09:24,685 [ERROR] ConditionMgr:805 - Attr not supported : Dmpu
2026-05-10 15:09:24,685 [ERROR] ConditionMgr:805 - Attr not supported : Dmpu
2026-05-10 15:09:24,685 [ERROR] ConditionMgr:805 - Attr not supported : Dmpu
2026-05-10 15:09:24,685 [ERROR] ConditionMgr:805 - Attr not supported : Dmpu
2026-05-10 15:09:24,685 [ERROR] ConditionMgr:805 - Attr not supported : Dmpu
2026-05-10 15:09:24,686 [ERROR] ConditionMgr:805 - Attr not supported : Dmpu
2026-05-10 15:09:24,686 [ERROR] ConditionMgr:805 - Attr not supported : Dmpu
2026-05-10 15:09:24,686 [ERROR] ConditionMgr:805 - Attr not supported : Dmpu
2026-05-10 15:09:24,686 [ERROR] ConditionMgr:805 - Attr not supported : Dmpu
2026-05-10 15:09:24,686 [ERROR] ConditionMgr:805 - Attr not supported : Dmpu
2026-05-10 15:09:24,686 [ERROR] ConditionMgr:805 - Attr not supported : Dmpu
2026-05-10 15:09:24,687 [ERROR] ConditionMgr:805 - Attr not supported : Dmpu
2026-05-10 15:09:24,687 [ERROR] ConditionMgr:805 - Attr not supported : Dmpu
2026-05-10 15:09:24,687 [ERROR] ConditionMgr:805 - Attr not supported : Dmpu
2026-05-10 15:09:24,687 [ERROR] ConditionMgr:805 - Attr not supported : Dmpu
2026-05-10 15:09:24,687 [ERROR] ConditionMgr:805 - Attr not supported : Dmpu
2026-05-10 15:09:24,687 [ERROR] ConditionMgr:805 - Attr not supported : Dmpu
2026-05-10 15:09:24,688 [ERROR] ConditionMgr:805 - Attr not supported : Dmpu
2026-05-10 15:09:24,688 [ERROR] ConditionMgr:805 - Attr not supported : Dmpu
2026-05-10 15:09:24,688 [ERROR] ConditionMgr:805 - Attr not supported : Dmpu
2026-05-10 15:09:24,688 [ERROR] ConditionMgr:805 - Attr not supported : Dmpu
2026-05-10 15:09:24,689 [ERROR] ConditionMgr:805 - Attr not supported : Dmpu
2026-05-10 15:09:24,689 [ERROR] ConditionMgr:805 - Attr not supported : Dmpu
2026-05-10 15:09:24,689 [ERROR] ConditionMgr:805 - Attr not supported : Dmpu
2026-05-10 15:09:24,689 [ERROR] ConditionMgr:805 - Attr not supported : Dmpu
2026-05-10 15:09:24,690 [ERROR] ConditionMgr:805 - Attr not supported : Dmpu
2026-05-10 15:09:24,690 [ERROR] ConditionMgr:805 - Attr not supported : Dmpu
2026-05-10 15:09:24,690 [ERROR] ConditionMgr:805 - Attr not supported : Dmpu
2026-05-10 15:09:24,690 [ERROR] ConditionMgr:805 - Attr not supported : Dmpu
2026-05-10 15:09:24,690 [ERROR] ConditionMgr:805 - Attr not supported : Dmpu
2026-05-10 15:09:24,691 [ERROR] ConditionMgr:805 - Attr not supported : Dmpu
2026-05-10 15:09:24,691 [ERROR] ConditionMgr:805 - Attr not supported : Dmpu
2026-05-10 15:09:24,692 [ERROR] ConditionMgr:805 - Attr not supported : Dmpu
2026-05-10 15:09:24,692 [ERROR] ConditionMgr:805 - Attr not supported : Dmpu
2026-05-10 15:09:24,692 [ERROR] ConditionMgr:805 - Attr not supported : Dmpu
2026-05-10 15:09:24,692 [ERROR] ConditionMgr:805 - Attr not supported : Dmpu
2026-05-10 15:09:24,692 [ERROR] ConditionMgr:805 - Attr not supported : Dmpu
2026-05-10 15:09:24,692 [ERROR] ConditionMgr:805 - Attr not supported : Dmpu
2026-05-10 15:09:24,693 [ERROR] ConditionMgr:805 - Attr not supported : Dmpu
2026-05-10 15:09:24,693 [ERROR] ConditionMgr:805 - Attr not supported : Dmpu
2026-05-10 15:09:24,693 [ERROR] ConditionMgr:805 - Attr not supported : Dmpu
2026-05-10 15:09:24,693 [ERROR] ConditionMgr:805 - Attr not supported : Dmpu
2026-05-10 15:09:24,693 [ERROR] ConditionMgr:805 - Attr not supported : Dmpu
2026-05-10 15:09:24,694 [ERROR] ConditionMgr:805 - Attr not supported : Dmpu
2026-05-10 15:09:24,728 [WARN] PackLoader:240 - Cannot read IP mode file for STMicroelectronics.X-CUBE-WB05N.2.0.0
2026-05-10 15:09:24,757 [ERROR] Engine:466 - C:\Users\Aditya\.stm32cubemx\thirdparties\pdsc\STMicroelectronics.X-CUBE-TCPP.4.2.0.pdsc: PDSC version is not supported
2026-05-10 15:09:24,789 [WARN] PackLoader:240 - Cannot read IP mode file for RealThread.X-CUBE-RT-Thread_Nano.4.1.1
2026-05-10 15:09:24,817 [WARN] PackLoader:240 - Cannot read IP mode file for wolfSSL.I-CUBE-wolfSSL.5.7.0
2026-05-10 15:09:24,844 [WARN] PackLoader:240 - Cannot read IP mode file for STMicroelectronics.FP-ATR-SIGFOX1.3.2.0
2026-05-10 15:09:24,869 [WARN] PackLoader:240 - Cannot read IP mode file for STMicroelectronics.X-CUBE-EEPRMA1.5.1.0
2026-05-10 15:09:24,892 [ERROR] Engine:466 - C:\Users\Aditya\.stm32cubemx\thirdparties\pdsc\STMicroelectronics.X-CUBE-FREERTOS.1.5.0.pdsc: PDSC version is not supported
2026-05-10 15:09:24,921 [WARN] PackLoader:240 - Cannot read IP mode file for ITTIA_DB.I-CUBE-ITTIADB.8.9.0
2026-05-10 15:09:24,948 [WARN] PackLoader:240 - Cannot read IP mode file for STMicroelectronics.X-CUBE-NFC6.3.2.0
2026-05-10 15:09:24,972 [ERROR] Engine:466 - C:\Users\Aditya\.stm32cubemx\thirdparties\pdsc\STMicroelectronics.X-CUBE-ST67W61.1.0.0.pdsc: PDSC version is not supported
2026-05-10 15:09:24,992 [WARN] PackLoader:240 - Cannot read IP mode file for STMicroelectronics.X-CUBE-AI.10.2.0
2026-05-10 15:09:25,093 [WARN] PackLoader:240 - Cannot read IP mode file for STMicroelectronics.X-CUBE-MEMS1.12.1.0
2026-05-10 15:09:25,252 [WARN] PackLoader:240 - Cannot read IP mode file for SEGGER.I-CUBE-embOS.1.3.1
2026-05-10 15:09:25,359 [WARN] PackLoader:240 - Cannot read IP mode file for STMicroelectronics.X-CUBE-ALGOBUILD.1.4.0
2026-05-10 15:09:25,424 [WARN] PackLoader:240 - Cannot read IP mode file for STMicroelectronics.X-CUBE-MEMS1.11.3.0
2026-05-10 15:09:25,603 [WARN] PackLoader:240 - Cannot read IP mode file for STMicroelectronics.X-CUBE-PM33A1.1.0.0
2026-05-10 15:09:25,626 [WARN] PackLoader:240 - Cannot read IP mode file for STMicroelectronics.X-CUBE-GNSS1.6.0.0
2026-05-10 15:09:25,674 [WARN] PackLoader:240 - Cannot read IP mode file for STMicroelectronics.X-CUBE-AZRTOS-F4.1.1.0
2026-05-10 15:09:25,684 [ERROR] Engine:466 - C:\Users\Aditya\.stm32cubemx\thirdparties\pdsc\Avnet-IotConnect.X-CUBE-IoTC-DA16k-PMOD.1.0.0.pdsc: PDSC version is not supported
2026-05-10 15:09:25,711 [WARN] PackLoader:240 - Cannot read IP mode file for STMicroelectronics.X-CUBE-ISPU.2.1.0
2026-05-10 15:09:25,736 [ERROR] Engine:466 - C:\Users\Aditya\.stm32cubemx\thirdparties\pdsc\STMicroelectronics.X-CUBE-IPS.3.2.0.pdsc: PDSC version is not supported
2026-05-10 15:09:25,754 [ERROR] Engine:466 - C:\Users\Aditya\.stm32cubemx\thirdparties\pdsc\STMicroelectronics.eDS-WB_DPC_TT-BIDIR.2.1.1.pdsc: PDSC version is not supported
2026-05-10 15:09:25,774 [WARN] PackLoader:240 - Cannot read IP mode file for STMicroelectronics.X-CUBE-FREERTOS.1.2.0
2026-05-10 15:09:25,796 [WARN] PackLoader:240 - Cannot read IP mode file for STMicroelectronics.X-CUBE-NFC12.1.0.0
2026-05-10 15:09:25,846 [WARN] PackLoader:240 - Cannot read IP mode file for STMicroelectronics.X-CUBE-AZRTOS-L5.2.0.0
2026-05-10 15:09:25,873 [WARN] PackLoader:240 - Cannot read IP mode file for STMicroelectronics.X-CUBE-NFC6.3.1.0
2026-05-10 15:09:25,899 [WARN] PackLoader:240 - Cannot read IP mode file for STMicroelectronics.X-CUBE-DPower.1.2.0
2026-05-10 15:09:25,921 [ERROR] Engine:466 - C:\Users\Aditya\.stm32cubemx\thirdparties\pdsc\STMicroelectronics.eDS-WB_DPC_VIENNA.1.2.0.pdsc: PDSC version is not supported
2026-05-10 15:09:25,988 [WARN] PackLoader:240 - Cannot read IP mode file for STMicroelectronics.X-CUBE-AI.9.0.0
2026-05-10 15:09:26,038 [ERROR] Engine:466 - C:\Users\Aditya\.stm32cubemx\thirdparties\pdsc\STMicroelectronics.X-CUBE-ST67W61.1.3.0.pdsc: PDSC version is not supported
2026-05-10 15:09:26,095 [WARN] PackLoader:240 - Cannot read IP mode file for STMicroelectronics.X-CUBE-FREERTOS.1.3.1
2026-05-10 15:09:26,180 [WARN] PackLoader:240 - Cannot read IP mode file for STMicroelectronics.X-CUBE-NFC7.1.0.1
2026-05-10 15:09:26,256 [WARN] PackLoader:240 - Cannot read IP mode file for wolfSSL.I-CUBE-wolfTPM.3.2.0
2026-05-10 15:09:26,287 [WARN] PackLoader:240 - Cannot read IP mode file for STMicroelectronics.X-CUBE-TOUCHGFX.4.26.0
2026-05-10 15:09:26,316 [WARN] PackLoader:240 - Cannot read IP mode file for STMicroelectronics.X-CUBE-TOUCHGFX.4.26.1
2026-05-10 15:09:26,342 [ERROR] Engine:466 - C:\Users\Aditya\.stm32cubemx\thirdparties\pdsc\STMicroelectronics.FP-SNS-STAIOTCFT.1.0.0.pdsc: PDSC version is not supported
2026-05-10 15:09:26,370 [WARN] PackLoader:240 - Cannot read IP mode file for STMicroelectronics.X-CUBE-DPower.1.3.0
2026-05-10 15:09:26,439 [WARN] ConditionMgr:438 - getConditionDescription Invalid condition id : LAN8742 Phy interface Condition cause : null
2026-05-10 15:09:26,440 [WARN] PackLoader:240 - Cannot read IP mode file for STMicroelectronics.X-CUBE-AZRTOS-L4.2.0.0
2026-05-10 15:09:26,443 [WARN] ConditionMgr:1039 - genDependencies : Invalid condition id : LAN8742 Phy interface Condition cause : null
2026-05-10 15:09:26,443 [WARN] ConditionMgr:1039 - genDependencies : Invalid condition id : LAN8742 Phy interface Condition cause : null
2026-05-10 15:09:26,444 [WARN] ConditionMgr:1039 - genDependencies : Invalid condition id : LAN8742 Phy interface Condition cause : null
2026-05-10 15:09:26,481 [WARN] PackLoader:240 - Cannot read IP mode file for STMicroelectronics.X-CUBE-SFXS2LP1.4.0.0
2026-05-10 15:09:26,516 [WARN] PackLoader:240 - Cannot read IP mode file for STMicroelectronics.X-CUBE-WB05N.2.1.0
2026-05-10 15:09:26,554 [ERROR] Engine:466 - C:\Users\Aditya\.stm32cubemx\thirdparties\pdsc\STMicroelectronics.X-CUBE-ST67W61.1.2.0.pdsc: PDSC version is not supported
2026-05-10 15:09:26,617 [WARN] PackLoader:240 - Cannot read IP mode file for STMicroelectronics.X-CUBE-AZRTOS-H7.3.3.0
2026-05-10 15:09:26,651 [ERROR] Engine:466 - C:\Users\Aditya\.stm32cubemx\thirdparties\pdsc\STMicroelectronics.X-CUBE-BLEMGR.4.1.0.pdsc: PDSC version is not supported
2026-05-10 15:09:26,703 [WARN] ConditionMgr:438 - getConditionDescription Invalid condition id : UX DEVICE CLASS RTOS Condition cause : null
2026-05-10 15:09:26,703 [WARN] ConditionMgr:438 - getConditionDescription Invalid condition id : UX DEVICE CLASS RTOS Condition cause : null
2026-05-10 15:09:26,706 [WARN] PackLoader:240 - Cannot read IP mode file for STMicroelectronics.X-CUBE-AZRTOS-WB.2.0.0
2026-05-10 15:09:26,707 [WARN] ConditionMgr:1039 - genDependencies : Invalid condition id : UX DEVICE CLASS RTOS Condition cause : null
2026-05-10 15:09:26,707 [WARN] ConditionMgr:1039 - genDependencies : Invalid condition id : UX DEVICE CLASS RTOS Condition cause : null
2026-05-10 15:09:26,709 [WARN] ConditionMgr:1039 - genDependencies : Invalid condition id : UX DEVICE CLASS RTOS Condition cause : null
2026-05-10 15:09:26,709 [WARN] ConditionMgr:1039 - genDependencies : Invalid condition id : UX DEVICE CLASS RTOS Condition cause : null
2026-05-10 15:09:26,710 [WARN] ConditionMgr:1039 - genDependencies : Invalid condition id : UX DEVICE CLASS RTOS Condition cause : null
2026-05-10 15:09:26,746 [WARN] PackLoader:240 - Cannot read IP mode file for STMicroelectronics.X-CUBE-GNSS1.7.0.1
2026-05-10 15:09:26,797 [WARN] PackLoader:240 - Cannot read IP mode file for STMicroelectronics.X-CUBE-TOUCHGFX.4.25.0
2026-05-10 15:09:26,837 [WARN] PackLoader:240 - Cannot read IP mode file for STMicroelectronics.FP-SNS-STBOX1.2.0.0
2026-05-10 15:09:26,884 [WARN] PackLoader:240 - Cannot read IP mode file for STMicroelectronics.X-CUBE-STSE01.2.0.0
2026-05-10 15:09:26,942 [WARN] PackLoader:240 - Cannot read IP mode file for STMicroelectronics.X-CUBE-SUBG2.5.0.0
2026-05-10 15:09:27,006 [WARN] PackLoader:240 - Cannot read IP mode file for STMicroelectronics.X-CUBE-AZRTOS-H7RS.1.1.0
2026-05-10 15:09:27,042 [WARN] PackLoader:240 - Cannot read IP mode file for Cesanta.I-CUBE-Mongoose.7.13.0
2026-05-10 15:09:27,096 [WARN] PackLoader:240 - Cannot read IP mode file for STMicroelectronics.X-CUBE-AZRTOS-G4.2.0.0
2026-05-10 15:09:27,122 [WARN] PackLoader:240 - Cannot read IP mode file for STMicroelectronics.X-CUBE-NFC7.2.0.0
2026-05-10 15:09:27,152 [WARN] PackLoader:240 - Cannot read IP mode file for STMicroelectronics.X-CUBE-ISPU.2.0.0
2026-05-10 15:09:27,185 [ERROR] Engine:466 - C:\Users\Aditya\.stm32cubemx\thirdparties\pdsc\STMicroelectronics.X-CUBE-IPS.3.1.0.pdsc: PDSC version is not supported
2026-05-10 15:09:27,211 [WARN] PackLoader:240 - Cannot read IP mode file for STMicroelectronics.X-CUBE-ALS.1.0.2
2026-05-10 15:09:27,300 [WARN] PackLoader:240 - Cannot read IP mode file for STMicroelectronics.X-CUBE-MEMS1.10.0.0
2026-05-10 15:09:27,439 [WARN] PackLoader:240 - Cannot read IP mode file for STMicroelectronics.X-CUBE-FREERTOS.1.1.0
2026-05-10 15:09:27,460 [WARN] PackLoader:240 - Cannot read IP mode file for STMicroelectronics.X-CUBE-TOUCHGFX.4.24.0
2026-05-10 15:09:27,485 [WARN] PackLoader:240 - Cannot read IP mode file for STMicroelectronics.X-CUBE-STSE01.1.0.0
2026-05-10 15:09:27,525 [WARN] PackLoader:240 - Cannot read IP mode file for portGmbH.I-Cube-SoM-uGOAL.1.1.0
2026-05-10 15:09:27,548 [WARN] PackLoader:240 - Cannot read IP mode file for STMicroelectronics.X-CUBE-ALS.1.0.1
2026-05-10 15:09:27,653 [WARN] PackLoader:240 - Cannot read IP mode file for STMicroelectronics.X-CUBE-AZRTOS-H7RS.1.0.0
2026-05-10 15:09:27,677 [WARN] PackLoader:240 - Cannot read IP mode file for STMicroelectronics.FP-ATR-ASTRA1.2.0.0
2026-05-10 15:09:27,713 [WARN] PackLoader:240 - Cannot read IP mode file for STMicroelectronics.X-CUBE-TOF1.3.4.2
2026-05-10 15:09:27,768 [ERROR] Engine:466 - C:\Users\Aditya\.stm32cubemx\thirdparties\pdsc\STMicroelectronics.X-CUBE-TOF1.3.4.3.pdsc: PDSC version is not supported
2026-05-10 15:09:27,808 [WARN] PackLoader:240 - Cannot read IP mode file for STMicroelectronics.X-CUBE-TOF1.3.4.1
2026-05-10 15:09:27,866 [WARN] PackLoader:240 - Cannot read IP mode file for STMicroelectronics.X-CUBE-AZRTOS-H7.3.2.0
2026-05-10 15:09:27,915 [WARN] PackLoader:240 - Cannot read IP mode file for Infineon.AIROC-Wi-Fi-Bluetooth-STM32.1.6.0
2026-05-10 15:09:27,942 [WARN] PackLoader:240 - Cannot read IP mode file for wolfSSL.I-CUBE-wolfSSH.1.4.17
2026-05-10 15:09:27,945 [INFO] ThirdParty:978 - Integrity check success = true
2026-05-10 15:09:27,945 [INFO] IntegrityCheckThread:100 - exiting critical section [integrity check]
2026-05-10 15:09:27,945 [INFO] IntegrityCheckThread:103 - End integrity checks thread
2026-05-10 15:09:29,124 [INFO] ApiDb:240 - Found 483 in-development CPN: [B-G473E-ZEST1S, B-WB1M-WPAN1, B-WL5M-SUBG1, NUCLEO-C031C6, NUCLEO-H503RB, NUCLEO-H533RE, NUCLEO-H563ZI, NUCLEO-H7S3L8, NUCLEO-U031R8, NUCLEO-U083RC, NUCLEO-U545RE-Q, NUCLEO-U5A5ZJ-Q, NUCLEO-WBA52CG, NUCLEO-WBA55CG, STEVAL-PROTEUS1, STEVAL-SMARTAG2, STEVAL-STWINBX1, STM320518-EVAL, STM32C0116-DK, STM32C011D6Y3TR, STM32C011D6Y6TR, STM32C011F4P3, STM32C011F4P6, STM32C011F4U3, STM32C011F4U6TR, STM32C011F6P3, STM32C011F6P6, STM32C011F6U3, STM32C011F6U6TR, STM32C011J4M3, STM32C011J4M6, STM32C011J6M3, STM32C011J6M6, STM32C0316-DK, STM32C031C4T3, STM32C031C4T6, STM32C031C4U3, STM32C031C4U6, STM32C031C6T3, STM32C031C6T6, STM32C031C6U3, STM32C031C6U6, STM32C031F4P3, STM32C031F4P6, STM32C031F6P3, STM32C031F6P6, STM32C031G4U3, STM32C031G4U6, STM32C031G6U3, STM32C031G6U6, STM32C031K4T3, STM32C031K4T6, STM32C031K4U3, STM32C031K4U6, STM32C031K6T3, STM32C031K6T6, STM32C031K6U3, STM32C031K6U6, STM32G071K8TXN, STM32G071K8UXN, STM32G081GBU6N, STM32G081KBT6N, STM32G081KBUXN, STM32G0B1CCT6N, STM32G0B1KCT6, STM32G0B1NEY6TR, STM32G0B1RCT6N, STM32G0C1CCT6, STM32G0C1CCT6N, STM32G0C1CCU6N, STM32G0C1CET6N, STM32G0C1CEU6N, STM32G0C1KCT6, STM32G0C1NEY6TR, STM32G0C1RCI6N, STM32G0C1RCT6N, STM32G0C1REI6N, STM32G0C1RET6N, STM32G0C1VCI6, STM32G0C1VEI6, STM32G471CCT6, STM32G471CCU6, STM32G471CET3, STM32G471CET6, STM32G471CEU3, STM32G471CEU6, STM32G471MCT6, STM32G471MET3, STM32G471MET6, STM32G471MEY6TR, STM32G471QCT6, STM32G471QET3, STM32G471RCT6, STM32G471RET3, STM32G471RET6, STM32G471VCH6, STM32G471VCI6, STM32G471VCT6, STM32G471VEH3, STM32G471VEH6, STM32G471VEI3, STM32G471VEI6, STM32G471VET3, STM32G471VET6, STM32G474CCT6, STM32H503CBT6, STM32H503CBU6, STM32H503EBY6TR, STM32H503KBU6, STM32H503RBT6, STM32H523CCT6, STM32H523CCU6, STM32H523CET6, STM32H523CEU6, STM32H523HEY6TR, STM32H523RCT6, STM32H523RET6, STM32H523VCI6, STM32H523VCT6, STM32H523VEI6, STM32H523VET6, STM32H523ZCJ6, STM32H523ZCT6, STM32H523ZEJ6, STM32H523ZET6, STM32H533CET6, STM32H533CEU6, STM32H533HEY6TR, STM32H533RET6, STM32H533VEI6, STM32H533VET6, STM32H533ZEJ6, STM32H533ZET6, STM32H562AGI6, STM32H562AII6, STM32H562IGK6, STM32H562IGT6, STM32H562IIK6, STM32H562IIT6, STM32H562RGT6, STM32H562RGV6, STM32H562RIT6, STM32H562RIV6, STM32H562VGT6, STM32H562VIT6, STM32H562ZGT6, STM32H562ZIT6, STM32H563AGI6, STM32H563AII3Q, STM32H563AII6, STM32H563IGK6, STM32H563IGT6, STM32H563IIK3Q, STM32H563IIK6, STM32H563IIT3Q, STM32H563IIT6, STM32H563MIY3QTR, STM32H563RGT6, STM32H563RGV6, STM32H563RIT6, STM32H563RIV6, STM32H563VGT6, STM32H563VIT3Q, STM32H563VIT6, STM32H563ZGT6, STM32H563ZIT3Q, STM32H563ZIT6, STM32H573AII3Q, STM32H573AII6, STM32H573I-DK, STM32H573IIK3Q, STM32H573IIK6, STM32H573IIT3Q, STM32H573IIT6, STM32H573MIY3QTR, STM32H573RIT6, STM32H573RIV6, STM32H573VIT3Q, STM32H573VIT6, STM32H573ZIT3Q, STM32H573ZIT6, STM32H7R3A8I6, STM32H7R3I8K6, STM32H7R3I8T6, STM32H7R3L8H6, STM32H7R3L8H6H, STM32H7R3R8V6, STM32H7R3V8H6, STM32H7R3V8T6, STM32H7R3V8Y6, STM32H7R3Z8J6, STM32H7R3Z8T6, STM32H7R7A8I6, STM32H7R7I8K6, STM32H7R7I8T6, STM32H7R7L8H6, STM32H7R7L8H6H, STM32H7R7Z8J6, STM32H7S3A8I6, STM32H7S3I8K6, STM32H7S3I8T6, STM32H7S3L8H6, STM32H7S3L8H6H, STM32H7S3R8V6, STM32H7S3V8H6, STM32H7S3V8T6, STM32H7S3V8Y6, STM32H7S3Z8J6, STM32H7S3Z8T6, STM32H7S78-DK, STM32H7S7A8I6, STM32H7S7I8K6, STM32H7S7I8T6, STM32H7S7L8H6, STM32H7S7L8H6H, STM32H7S7Z8J6, STM32L4R5QGI6STR, STM32MP131AAE3, STM32MP131AAF3, STM32MP131AAG3, STM32MP131CAE3, STM32MP131CAF3, STM32MP131CAG3, STM32MP131DAE7, STM32MP131DAF7, STM32MP131DAG7, STM32MP131FAE7, STM32MP131FAF7, STM32MP131FAG7, STM32MP133AAE3, STM32MP133AAF3, STM32MP133AAG3, STM32MP133CAE3, STM32MP133CAF3, STM32MP133CAG3, STM32MP133DAE7, STM32MP133DAF7, STM32MP133DAG7, STM32MP133FAE7, STM32MP133FAF7, STM32MP133FAG7, STM32MP135AAE3, STM32MP135AAF3, STM32MP135AAG3, STM32MP135CAE3, STM32MP135CAF3, STM32MP135CAG3, STM32MP135DAE7, STM32MP135DAF7, STM32MP135DAG7, STM32MP135F-DK, STM32MP135FAE7, STM32MP135FAF7, STM32MP135FAF7T, STM32MP135FAF7U, STM32MP135FAG7, STM32U031C6T6, STM32U031C6U6, STM32U031C8T6, STM32U031C8U6, STM32U031F4P6, STM32U031F6P6, STM32U031F8P6, STM32U031G6Y6TR, STM32U031G8Y6TR, STM32U031K4U6, STM32U031K6U6, STM32U031K8U6, STM32U031R6I6, STM32U031R6T6, STM32U031R8I6, STM32U031R8T6, STM32U073C8T6, STM32U073C8U6, STM32U073CBT6, STM32U073CBU6, STM32U073CCT6, STM32U073CCU6, STM32U073H8Y6TR, STM32U073HBY6TR, STM32U073HCY6TR, STM32U073K8U6, STM32U073KBU6, STM32U073KCU6, STM32U073M8I6, STM32U073M8T6, STM32U073MBI6, STM32U073MBT6, STM32U073MCI6, STM32U073MCT6, STM32U073R8I6, STM32U073R8T6, STM32U073RBI6, STM32U073RBT6, STM32U073RCI6, STM32U073RCT6, STM32U083C-DK, STM32U083CCT6, STM32U083CCU6, STM32U083HCY6TR, STM32U083KCU6, STM32U083MCI6, STM32U083MCT6, STM32U083RCI6, STM32U083RCT6, STM32U535CBT6, STM32U535CBT6Q, STM32U535CBU6, STM32U535CBU6Q, STM32U535CCT6, STM32U535CCT6Q, STM32U535CCU6, STM32U535CCU6Q, STM32U535CET6, STM32U535CET6Q, STM32U535CEU6, STM32U535CEU6Q, STM32U535JEY6QTR, STM32U535NCY6QTR, STM32U535NEY6QTR, STM32U535RBI6, STM32U535RBI6Q, STM32U535RBT6, STM32U535RBT6Q, STM32U535RCI6, STM32U535RCI6Q, STM32U535RCT6, STM32U535RCT6Q, STM32U535REI6, STM32U535REI6Q, STM32U535RET6, STM32U535RET6Q, STM32U535VCI6, STM32U535VCI6Q, STM32U535VCT6, STM32U535VCT6Q, STM32U535VEI6, STM32U535VEI6Q, STM32U535VET6, STM32U535VET6Q, STM32U545CET6, STM32U545CET6Q, STM32U545CEU6, STM32U545CEU6Q, STM32U545JEY6QTR, STM32U545NEY6QTR, STM32U545REI6, STM32U545REI6Q, STM32U545RET6, STM32U545RET6Q, STM32U545VEI6, STM32U545VEI6Q, STM32U545VET6, STM32U545VET6Q, STM32U595AIH6, STM32U595AIH6Q, STM32U595AJH6, STM32U595AJH6Q, STM32U595QII6, STM32U595QII6Q, STM32U595QJI6, STM32U595QJI6Q, STM32U595RIT6, STM32U595RIT6Q, STM32U595RJT6, STM32U595RJT6Q, STM32U595VIT6, STM32U595VIT6Q, STM32U595VJT6, STM32U595VJT6Q, STM32U595ZIT6, STM32U595ZIT6Q, STM32U595ZIY6QTR, STM32U595ZJT6, STM32U595ZJT6Q, STM32U595ZJY6QTR, STM32U599BJY6QTR, STM32U599NIH6Q, STM32U599NJH6Q, STM32U599VIT6Q, STM32U599VJT6, STM32U599VJT6Q, STM32U599ZIT6Q, STM32U599ZIY6QTR, STM32U599ZJT6Q, STM32U599ZJY6QTR, STM32U5A5AJH6, STM32U5A5AJH6Q, STM32U5A5QII3Q , STM32U5A5QJI6, STM32U5A5QJI6Q, STM32U5A5RJT6, STM32U5A5RJT6Q, STM32U5A5VJT6, STM32U5A5VJT6Q, STM32U5A5ZJT6, STM32U5A5ZJT6Q, STM32U5A5ZJY6QTR, STM32U5A9BJY6QTR, STM32U5A9J-DK, STM32U5A9NJH6Q, STM32U5A9VJT6Q, STM32U5A9ZJT6Q, STM32U5A9ZJY6QTR, STM32U5F7VIT6, STM32U5F7VIT6Q, STM32U5F7VJT6, STM32U5F7VJT6Q, STM32U5F9BJY6QTR, STM32U5F9NJH6Q, STM32U5F9VIT6Q, STM32U5F9VJT6Q, STM32U5F9ZIJ6QTR, STM32U5F9ZIT6Q, STM32U5F9ZJJ6QTR, STM32U5F9ZJT6Q, STM32U5G7VJT6, STM32U5G7VJT6Q, STM32U5G9BJY6QTR, STM32U5G9J-DK1, STM32U5G9J-DK2, STM32U5G9NJH6Q, STM32U5G9VJT6Q, STM32U5G9ZJJ6QTR, STM32U5G9ZJT6Q, STM32WB1MMCH6, STM32WBA50KEU6, STM32WBA50KEU6TR, STM32WBA50KGU6, STM32WBA50KGU6TR, STM32WBA52CEU6, STM32WBA52CEU6TR, STM32WBA52CEU7, STM32WBA52CEU7TR, STM32WBA52CGU6, STM32WBA52CGU6TR, STM32WBA52CGU6U, STM32WBA52CGU7, STM32WBA52CGU7TR, STM32WBA52KEU6, STM32WBA52KEU6TR, STM32WBA52KGU6, STM32WBA52KGU6TR, STM32WBA54CEU6, STM32WBA54CEU6TR, STM32WBA54CEU7, STM32WBA54CEU7TR, STM32WBA54CGU6, STM32WBA54CGU6TR, STM32WBA54CGU7, STM32WBA54CGU7TR, STM32WBA54KEU6, STM32WBA54KEU6TR, STM32WBA54KEU7, STM32WBA54KEU7TR, STM32WBA54KGU6, STM32WBA54KGU6TR, STM32WBA54KGU7, STM32WBA54KGU7TR, STM32WBA55CEU6, STM32WBA55CEU6TR, STM32WBA55CEU7, STM32WBA55CEU7TR, STM32WBA55CGU6, STM32WBA55CGU6TR, STM32WBA55CGU6U, STM32WBA55CGU7, STM32WBA55CGU7TR, STM32WBA55G-DK1, STM32WBA55HEF6, STM32WBA55HEF7, STM32WBA55HGF6, STM32WBA55HGF7, STM32WBA55UEI6, STM32WBA55UEI6TR, STM32WBA55UEI7, STM32WBA55UEI7TR, STM32WBA55UGI6, STM32WBA55UGI6TR, STM32WBA55UGI7, STM32WBA55UGI7TR, STM32WL5MOCH6, STM32WL5MOCH6TR]
2026-05-10 15:09:29,134 [INFO] DbMcus:218 - Found 5076 MCUs, 4958 are supported
2026-05-10 15:09:29,136 [INFO] ApiDb:423 - Load user favorites file C:\Users\Aditya/.stm32cubeide/favorites.mcus.txt: 0 item(s)
2026-05-10 15:09:29,136 [INFO] ApiDb:427 - User favorites MCUs=[]
2026-05-10 15:09:29,136 [INFO] DbMcus:224 - Set 0 / 0 favorites MCUs
2026-05-10 15:09:29,664 [INFO] BoardInfo:889 - No configuration file found for board B-WBA5M-WPAN
2026-05-10 15:09:29,665 [INFO] DbBoards:161 - Board is not supported: B-WBA5M-WPAN
2026-05-10 15:09:29,675 [INFO] BoardInfo:889 - No configuration file found for board NUCLEO-C051C8
2026-05-10 15:09:29,677 [INFO] DbBoards:161 - Board is not supported: NUCLEO-C051C8
2026-05-10 15:09:29,680 [INFO] BoardInfo:889 - No configuration file found for board NUCLEO-C071RB
2026-05-10 15:09:29,681 [INFO] DbBoards:161 - Board is not supported: NUCLEO-C071RB
2026-05-10 15:09:29,684 [INFO] BoardInfo:889 - No configuration file found for board NUCLEO-C092RC
2026-05-10 15:09:29,685 [INFO] DbBoards:161 - Board is not supported: NUCLEO-C092RC
2026-05-10 15:09:29,764 [INFO] BoardInfo:889 - No configuration file found for board NUCLEO-H5E5ZJ
2026-05-10 15:09:29,764 [INFO] DbBoards:161 - Board is not supported: NUCLEO-H5E5ZJ
2026-05-10 15:09:29,843 [INFO] BoardInfo:889 - No configuration file found for board NUCLEO-N657X0-Q
2026-05-10 15:09:29,844 [INFO] DbBoards:161 - Board is not supported: NUCLEO-N657X0-Q
2026-05-10 15:09:29,846 [INFO] BoardInfo:889 - No configuration file found for board NUCLEO-U385RG-Q
2026-05-10 15:09:29,847 [INFO] DbBoards:161 - Board is not supported: NUCLEO-U385RG-Q
2026-05-10 15:09:29,848 [INFO] BoardInfo:889 - No configuration file found for board NUCLEO-U3C5ZI-Q
2026-05-10 15:09:29,848 [INFO] DbBoards:161 - Board is not supported: NUCLEO-U3C5ZI-Q
2026-05-10 15:09:29,853 [INFO] BoardInfo:889 - No configuration file found for board NUCLEO-WB05KZ
2026-05-10 15:09:29,853 [INFO] DbBoards:161 - Board is not supported: NUCLEO-WB05KZ
2026-05-10 15:09:29,854 [INFO] BoardInfo:889 - No configuration file found for board NUCLEO-WB07CC
2026-05-10 15:09:29,854 [INFO] DbBoards:161 - Board is not supported: NUCLEO-WB07CC
2026-05-10 15:09:29,855 [INFO] BoardInfo:889 - No configuration file found for board NUCLEO-WB09KE
2026-05-10 15:09:29,856 [INFO] DbBoards:161 - Board is not supported: NUCLEO-WB09KE
2026-05-10 15:09:29,859 [INFO] BoardInfo:889 - No configuration file found for board NUCLEO-WBA25CE1
2026-05-10 15:09:29,860 [INFO] DbBoards:161 - Board is not supported: NUCLEO-WBA25CE1
2026-05-10 15:09:29,863 [INFO] BoardInfo:889 - No configuration file found for board NUCLEO-WBA65RI
2026-05-10 15:09:29,863 [INFO] DbBoards:161 - Board is not supported: NUCLEO-WBA65RI
2026-05-10 15:09:29,864 [INFO] BoardInfo:889 - No configuration file found for board NUCLEO-WL33CC1
2026-05-10 15:09:29,864 [INFO] DbBoards:161 - Board is not supported: NUCLEO-WL33CC1
2026-05-10 15:09:29,865 [INFO] BoardInfo:889 - No configuration file found for board NUCLEO-WL33CC2
2026-05-10 15:09:29,866 [INFO] DbBoards:161 - Board is not supported: NUCLEO-WL33CC2
2026-05-10 15:09:29,867 [INFO] BoardInfo:889 - No configuration file found for board NUCLEO-WL3RKB1
2026-05-10 15:09:29,867 [INFO] DbBoards:161 - Board is not supported: NUCLEO-WL3RKB1
2026-05-10 15:09:29,868 [INFO] BoardInfo:889 - No configuration file found for board NUCLEO-WL3RKB2
2026-05-10 15:09:29,868 [INFO] DbBoards:161 - Board is not supported: NUCLEO-WL3RKB2
2026-05-10 15:09:29,873 [INFO] BoardInfo:889 - No configuration file found for board P-NUCLEO-WB55
2026-05-10 15:09:29,873 [INFO] DbBoards:161 - Kit is not supported: P-NUCLEO-WB55
2026-05-10 15:09:29,886 [INFO] BoardInfo:889 - No configuration file found for board STEVAL-BFA001V1B
2026-05-10 15:09:29,886 [INFO] DbBoards:161 - Kit is not supported: STEVAL-BFA001V1B
2026-05-10 15:09:29,887 [INFO] BoardInfo:889 - No configuration file found for board STEVAL-BFA001V2B
2026-05-10 15:09:29,888 [INFO] DbBoards:161 - Kit is not supported: STEVAL-BFA001V2B
2026-05-10 15:09:29,979 [INFO] BoardInfo:889 - No configuration file found for board STM32H5F5J-DK
2026-05-10 15:09:29,979 [INFO] DbBoards:161 - Board is not supported: STM32H5F5J-DK
2026-05-10 15:09:30,052 [INFO] BoardInfo:889 - No configuration file found for board STM32MP215F-DK
2026-05-10 15:09:30,052 [INFO] DbBoards:161 - Board is not supported: STM32MP215F-DK
2026-05-10 15:09:30,053 [INFO] BoardInfo:889 - No configuration file found for board STM32MP257F-DK
2026-05-10 15:09:30,053 [INFO] DbBoards:161 - Board is not supported: STM32MP257F-DK
2026-05-10 15:09:30,054 [INFO] BoardInfo:889 - No configuration file found for board STM32MP257F-EV1
2026-05-10 15:09:30,056 [INFO] DbBoards:161 - Board is not supported: STM32MP257F-EV1
2026-05-10 15:09:30,057 [INFO] BoardInfo:889 - No configuration file found for board STM32N6570-DK
2026-05-10 15:09:30,057 [INFO] DbBoards:161 - Board is not supported: STM32N6570-DK
2026-05-10 15:09:30,079 [INFO] BoardInfo:889 - No configuration file found for board STM32WBA65I-DK1
2026-05-10 15:09:30,079 [INFO] DbBoards:161 - Board is not supported: STM32WBA65I-DK1
2026-05-10 15:09:30,079 [INFO] DbBoards:168 - Found 218 boards, 192 are supported
2026-05-10 15:09:30,079 [INFO] DbBoards:169 - Found 218 boards, 8 of them is supported for  Bsp
2026-05-10 15:09:30,099 [INFO] ApiDb:423 - Load user favorites file C:\Users\Aditya/.stm32cubeide/favorites.boards.txt: 0 item(s)
2026-05-10 15:09:30,102 [INFO] ApiDb:427 - User favorites Boards=[]
2026-05-10 15:09:30,103 [INFO] DbBoards:198 - Set 0 / 0 favorites Boards
2026-05-10 15:09:30,103 [INFO] McuFinderGlobals:76 - Set McuFinderConnectedMode to true
2026-05-10 15:09:30,128 [INFO] MultiScanPanel:200 - Auto-refresh data requested => check proxy status ongoing
2026-05-10 15:09:30,139 [INFO] FinderPluginLoader:95 - Searching for filters in installed packs
2026-05-10 15:09:32,139 [INFO] LoadUrlFilesThread:185 - End of LoadServerUrlFiles without Thread
2026-05-10 15:09:32,162 [INFO] DetailPanel:341 - Set advertising image to C:/Users/Aditya/STM32Cube/Repository/\en.prom-stm32wba2-stm32-nucleo-board-0426.png
2026-05-10 15:09:38,479 [INFO] MultiScanPanel:200 - Auto-refresh data requested => check proxy status ongoing
2026-05-10 15:09:38,868 [INFO] LoadUrlFilesThread:185 - End of LoadServerUrlFiles without Thread
2026-05-10 15:09:38,868 [INFO] DetailPanel:341 - Set advertising image to C:/Users/Aditya/STM32Cube/Repository/\en.prom-stm32wba2-stm32-nucleo-board-0426.png
2026-05-10 15:09:38,904 [INFO] DbBoards:642 - Loading board mini-images...
2026-05-10 15:09:41,481 [INFO] DbBoards:665 - Loaded 218 board mini-images
2026-05-10 15:10:21,887 [INFO] MainUpdater:2873 - connection check result : 10
2026-05-10 15:10:21,887 [INFO] MainUpdater:2873 - connection check result : 10
2026-05-10 15:10:21,966 [INFO] MicroXplorer:468 - Change Database Path : 
2026-05-10 15:10:21,966 [INFO] MicroXplorer:498 - Change Database Version : DB.6.0.110
2026-05-10 15:10:21,991 [WARN] ThirdParty:871 - waiting for thirdparty lock release [close project]
2026-05-10 15:10:21,992 [INFO] ThirdParty:873 - entering critical section [close project]
2026-05-10 15:10:21,996 [INFO] ThirdParty:883 - exiting critical section [close project]
2026-05-10 15:10:22,007 [INFO] PinOutPanel:1561 - setPackage(No Configuration,No Configuration)
2026-05-10 15:10:22,019 [INFO] UtilMem:75 - Begin LoadConfig() Used Memory: 791737544 Bytes (1073741824)
2026-05-10 15:10:22,039 [INFO] OpenFileManager:312 - Change cursor
2026-05-10 15:10:22,130 [INFO] ProjectFactory:442 - No CPN specified for board NUCLEO-F446RE => set CPN to STM32F446RET6
2026-05-10 15:10:22,130 [INFO] Mcu:2021 - Initializing MCU STM32F446R(C-E)Tx STM32F446RETx STM32F446RET6
2026-05-10 15:10:24,902 [INFO] Context:663 - Trying to add GPIOservice into a context  which must be forbidden
2026-05-10 15:10:25,388 [INFO] Rule:228 - rule 117617 - U5Cobra4M][GTZC] default value MPCBB3 and MPCBB5 - Not Secured memory - MPCBB1 is applicable
2026-05-10 15:10:25,388 [INFO] Rule:228 - rule 117617 - U5Cobra4M][GTZC] default value MPCBB3 and MPCBB5 - Not Secured memory - MPCBB1 is applicable
2026-05-10 15:10:25,388 [INFO] Rule:228 - rule 117617 - U5Cobra4M][GTZC] default value MPCBB3 and MPCBB5 - Not Secured memory - MPCBB2 is applicable
2026-05-10 15:10:25,389 [INFO] Rule:228 - rule 117617 - U5Cobra4M][GTZC] default value MPCBB3 and MPCBB5 - Not Secured memory - MPCBB2 is applicable
2026-05-10 15:10:25,389 [INFO] Rule:228 - rule 117617 - U5Cobra4M][GTZC] default value MPCBB3 and MPCBB5 - Not Secured memory - MPCBB3 is applicable
2026-05-10 15:10:25,389 [INFO] Rule:228 - rule 117617 - U5Cobra4M][GTZC] default value MPCBB3 and MPCBB5 - Not Secured memory - MPCBB3 is applicable
2026-05-10 15:10:25,389 [INFO] Rule:228 - rule 117617 - U5Cobra4M][GTZC] default value MPCBB3 and MPCBB5 - Not Secured memory - MPCBB4 is applicable
2026-05-10 15:10:25,389 [INFO] Rule:228 - rule 117617 - U5Cobra4M][GTZC] default value MPCBB3 and MPCBB5 - Not Secured memory - MPCBB4 is applicable
2026-05-10 15:10:25,389 [INFO] Rule:228 - rule 117617 - U5Cobra4M][GTZC] default value MPCBB3 and MPCBB5 - Secured memory - MPCBB1 is applicable
2026-05-10 15:10:25,389 [INFO] Rule:228 - rule 117617 - U5Cobra4M][GTZC] default value MPCBB3 and MPCBB5 - Secured memory - MPCBB2 is applicable
2026-05-10 15:10:25,389 [INFO] Rule:228 - rule 117617 - U5Cobra4M][GTZC] default value MPCBB3 and MPCBB5 - Secured memory - MPCBB3 is applicable
2026-05-10 15:10:25,389 [INFO] Rule:228 - rule 117617 - U5Cobra4M][GTZC] default value MPCBB3 and MPCBB5 - Secured memory - MPCBB4 is applicable
2026-05-10 15:10:25,389 [INFO] Rule:228 - rule 117617 - U5Cobra4M][GTZC] default value MPCBB3 and MPCBB5 - Privileged memory - MPCBB1 is applicable
2026-05-10 15:10:25,389 [INFO] Rule:228 - rule 117617 - U5Cobra4M][GTZC] default value MPCBB3 and MPCBB5 - Privileged memory - MPCBB2 is applicable
2026-05-10 15:10:25,389 [INFO] Rule:228 - rule 117617 - U5Cobra4M][GTZC] default value MPCBB3 and MPCBB5 - Privileged memory - MPCBB3 is applicable
2026-05-10 15:10:25,389 [INFO] Rule:228 - rule 117617 - U5Cobra4M][GTZC] default value MPCBB3 and MPCBB5 - Privileged memory - MPCBB4 is applicable
2026-05-10 15:10:25,389 [INFO] Rule:228 - rule 117617 - U5Cobra4M][GTZC] default value MPCBB3 and MPCBB5 - Not Privileged memory - MPCBB1 is applicable
2026-05-10 15:10:25,389 [INFO] Rule:228 - rule 117617 - U5Cobra4M][GTZC] default value MPCBB3 and MPCBB5 - Not Privileged memory - MPCBB2 is applicable
2026-05-10 15:10:25,389 [INFO] Rule:228 - rule 117617 - U5Cobra4M][GTZC] default value MPCBB3 and MPCBB5 - Not Privileged memory - MPCBB3 is applicable
2026-05-10 15:10:25,389 [INFO] Rule:228 - rule 117617 - U5Cobra4M][GTZC] default value MPCBB3 and MPCBB5 - Not Privileged memory - MPCBB4 is applicable
2026-05-10 15:10:25,389 [INFO] Rule:228 - rule 117617 - U5Cobra4M][GTZC] default value MPCBB3 and MPCBB5 - Privileged memory - MPCBB1 is applicable
2026-05-10 15:10:25,389 [INFO] Rule:228 - rule 117617 - U5Cobra4M][GTZC] default value MPCBB3 and MPCBB5 - Privileged memory - MPCBB2 is applicable
2026-05-10 15:10:25,389 [INFO] Rule:228 - rule 117617 - U5Cobra4M][GTZC] default value MPCBB3 and MPCBB5 - Privileged memory - MPCBB3 is applicable
2026-05-10 15:10:25,389 [INFO] Rule:228 - rule 117617 - U5Cobra4M][GTZC] default value MPCBB3 and MPCBB5 - Privileged memory - MPCBB4 is applicable
2026-05-10 15:10:25,389 [INFO] Rule:228 - rule 117617 - U5Cobra4M][GTZC] default value MPCBB3 and MPCBB5 - Privileged memory - MPCBB1 is applicable
2026-05-10 15:10:25,389 [INFO] Rule:228 - rule 117617 - U5Cobra4M][GTZC] default value MPCBB3 and MPCBB5 - Privileged memory - MPCBB2 is applicable
2026-05-10 15:10:25,389 [INFO] Rule:228 - rule 117617 - U5Cobra4M][GTZC] default value MPCBB3 and MPCBB5 - Privileged memory - MPCBB3 is applicable
2026-05-10 15:10:25,389 [INFO] Rule:228 - rule 117617 - U5Cobra4M][GTZC] default value MPCBB3 and MPCBB5 - Privileged memory - MPCBB4 is applicable
2026-05-10 15:10:25,389 [INFO] Rule:228 - rule 117617 - U5Cobra4M][GTZC] default value MPCBB3 and MPCBB5 - Not Privileged memory - MPCBB1 is applicable
2026-05-10 15:10:25,389 [INFO] Rule:228 - rule 117617 - U5Cobra4M][GTZC] default value MPCBB3 and MPCBB5 - Not Privileged memory - MPCBB2 is applicable
2026-05-10 15:10:25,389 [INFO] Rule:228 - rule 117617 - U5Cobra4M][GTZC] default value MPCBB3 and MPCBB5 - Not Privileged memory - MPCBB3 is applicable
2026-05-10 15:10:25,389 [INFO] Rule:228 - rule 117617 - U5Cobra4M][GTZC] default value MPCBB3 and MPCBB5 - Not Privileged memory - MPCBB4 is applicable
2026-05-10 15:10:25,389 [INFO] Rule:228 - rule 117617 - U5Cobra4M][GTZC] default value MPCBB3 and MPCBB5 - Privileged memory - MPCBB1 is applicable
2026-05-10 15:10:25,390 [INFO] Rule:228 - rule 117617 - U5Cobra4M][GTZC] default value MPCBB3 and MPCBB5 - Privileged memory - MPCBB2 is applicable
2026-05-10 15:10:25,390 [INFO] Rule:228 - rule 117617 - U5Cobra4M][GTZC] default value MPCBB3 and MPCBB5 - Privileged memory - MPCBB3 is applicable
2026-05-10 15:10:25,390 [INFO] Rule:228 - rule 117617 - U5Cobra4M][GTZC] default value MPCBB3 and MPCBB5 - Privileged memory - MPCBB4 is applicable
2026-05-10 15:10:25,390 [INFO] Rule:228 - rule Rename SubGHz_Phy SUBGHZ_APPLICATION SUBGHZ_PINGPONG to SUBGHZ_ADV_APPLICATION is applicable
2026-05-10 15:10:25,390 [INFO] Rule:228 - rule Rename Enabled to IBEACON is applicable
2026-05-10 15:10:25,390 [INFO] Rule:228 - rule GTZC_S instance for project manager is applicable
2026-05-10 15:10:25,390 [INFO] Rule:228 - rule GTZC_S instance for context M33S is applicable
2026-05-10 15:10:25,390 [INFO] Rule:228 - rule GTZC_S instance value for IP GTZC is applicable
2026-05-10 15:10:25,390 [INFO] Rule:228 - rule GTZC_S instance for mcu.IP is applicable
2026-05-10 15:10:25,390 [INFO] Rule:228 - rule GTZC_S instance for VP is applicable
2026-05-10 15:10:25,390 [INFO] Rule:228 - rule GTZC_S instance for signal is applicable
2026-05-10 15:10:25,390 [INFO] Rule:228 - rule GTZC_S instance for mcu.Pin is applicable
2026-05-10 15:10:25,390 [INFO] Rule:228 - rule GTZC_S instance for VP is applicable
2026-05-10 15:10:25,390 [INFO] Rule:228 - rule GTZC_S instance for signal is applicable
2026-05-10 15:10:25,390 [INFO] Rule:228 - rule GTZC_S instance for mcu is applicable
2026-05-10 15:10:25,390 [INFO] Rule:228 - rule GTZC_S instance for mcu.Pin is applicable
2026-05-10 15:10:25,390 [INFO] Rule:228 - rule GTZC_S instance value for IP GTZC is applicable
2026-05-10 15:10:25,391 [INFO] Rule:228 - rule GTZC_S instance for project manager is applicable
2026-05-10 15:10:25,391 [INFO] Rule:228 - rule GTZC_S instance for context M33S is applicable
2026-05-10 15:10:25,391 [INFO] Rule:228 - rule GTZC_S instance for VP is applicable
2026-05-10 15:10:25,391 [INFO] Rule:228 - rule GTZC_S instance for signal is applicable
2026-05-10 15:10:25,391 [INFO] Rule:228 - rule SPDIFRX instance for mcu is applicable
2026-05-10 15:10:25,392 [INFO] Rule:228 - rule Rename Tracer Mode is applicable
2026-05-10 15:10:25,392 [INFO] Rule:228 - rule SPDIFRX instance value for IP SPDIFRX is applicable
2026-05-10 15:10:25,392 [INFO] Rule:228 - rule SPDIFRX instance for signal is applicable
2026-05-10 15:10:25,392 [INFO] Rule:228 - rule SPDIFRX instance for project manager is applicable
2026-05-10 15:10:25,392 [INFO] Rule:228 - rule SPDIFRX instance for project manager is applicable
2026-05-10 15:10:25,392 [INFO] Rule:228 - rule ADC Scan  fix with FW F7 is applicable
2026-05-10 15:10:25,392 [INFO] Rule:228 - rule ADC Scan  fix with FW F7 is applicable
2026-05-10 15:10:25,392 [INFO] Rule:228 - rule WakeUp0 Mode is applicable
2026-05-10 15:10:25,392 [INFO] Rule:228 - rule WakeUp0 SIGNAL is applicable
2026-05-10 15:10:25,392 [INFO] Rule:228 - rule WakeUp1 Mode is applicable
2026-05-10 15:10:25,392 [INFO] Rule:228 - rule WakeUp1 SIGNAL is applicable
2026-05-10 15:10:25,392 [INFO] Rule:228 - rule WakeUp2 Mode is applicable
2026-05-10 15:10:25,392 [INFO] Rule:228 - rule WakeUp2 SIGNAL is applicable
2026-05-10 15:10:25,392 [INFO] Rule:228 - rule WakeUp4 Mode is applicable
2026-05-10 15:10:25,392 [INFO] Rule:228 - rule WakeUp4 SIGNAL is applicable
2026-05-10 15:10:25,392 [INFO] Rule:228 - rule WakeUp5 Mode is applicable
2026-05-10 15:10:25,392 [INFO] Rule:228 - rule WakeUp5 SIGNAL is applicable
2026-05-10 15:10:25,392 [INFO] Rule:228 - rule Add RTC Activate Clock Source is applicable
2026-05-10 15:10:25,392 [INFO] Rule:228 - rule Add RTC Activate Calendar 1 is applicable
2026-05-10 15:10:25,392 [INFO] Rule:228 - rule Add RTC Activate Calendar 2 is applicable
2026-05-10 15:10:25,392 [INFO] Rule:228 - rule Add RTC Activate Calendar 3 is applicable
2026-05-10 15:10:25,392 [INFO] Rule:228 - rule UART/USART TX Mode is applicable
2026-05-10 15:10:25,392 [INFO] Rule:228 - rule UART/USART RX Mode is applicable
2026-05-10 15:10:25,392 [INFO] Rule:228 - rule UART/USART RX TX Mode is applicable
2026-05-10 15:10:25,393 [INFO] Rule:228 - rule UART/USART PARITY NONE is applicable
2026-05-10 15:10:25,393 [INFO] Rule:228 - rule UART/USART PARITY EVEN is applicable
2026-05-10 15:10:25,393 [INFO] Rule:228 - rule UART/USART PARITY ODD is applicable
2026-05-10 15:10:25,393 [INFO] Rule:228 - rule USART StopBits 1 is applicable
2026-05-10 15:10:25,393 [INFO] Rule:228 - rule USART StopBits 2 is applicable
2026-05-10 15:10:25,393 [INFO] Rule:228 - rule USART StopBits 1.5 is applicable
2026-05-10 15:10:25,393 [INFO] Rule:228 - rule USART StopBits 0.5 is applicable
2026-05-10 15:10:25,393 [INFO] Rule:228 - rule UART/USART WORD LENGTH 7 is applicable
2026-05-10 15:10:25,393 [INFO] Rule:228 - rule UART/USART WORD LENGTH 8 is applicable
2026-05-10 15:10:25,393 [INFO] Rule:228 - rule UART/USART WORD LENGTH 9 is applicable
2026-05-10 15:10:25,393 [INFO] Rule:228 - rule Rename FMC NAND NCE signal is applicable
2026-05-10 15:10:25,393 [INFO] Rule:228 - rule Rename FMC NAND INT signal is applicable
2026-05-10 15:10:25,393 [INFO] Rule:228 - rule Change Default Value for LSE Drive Capability for WB family is applicable
2026-05-10 15:10:25,393 [INFO] Rule:228 - rule Change Default Value for ADC Clock Prescaler G0 family is applicable
2026-05-10 15:10:25,393 [INFO] Rule:228 - rule Change Default Value for ADC ExternalTrigConv L4 family is applicable
2026-05-10 15:10:25,393 [INFO] Rule:228 - rule Change Default Value for ADC ExternalTrigInjecConv L4 family is applicable
2026-05-10 15:10:25,393 [INFO] Rule:228 - rule Change Default Value for ADC ExternalTrigConv F3 family is applicable
2026-05-10 15:10:25,393 [INFO] Rule:228 - rule Change Default Value for ADC ExternalTrigInjecConv F3 family is applicable
2026-05-10 15:10:25,393 [INFO] Rule:228 - rule Change Default Value for ADC ExternalTrigConv Goldfish serie is applicable
2026-05-10 15:10:25,393 [INFO] Rule:228 - rule Change Default Value for ADC ExternalTrigInjecConv Goldfish serie is applicable
2026-05-10 15:10:25,393 [INFO] Rule:228 - rule Change Default Value for ADC ExternalTrigConv L0 family is applicable
2026-05-10 15:10:25,393 [INFO] Rule:228 - rule Change Default Value for ADC ExternalTrigConv F0 family is applicable
2026-05-10 15:10:25,393 [INFO] Rule:228 - rule Change Default Value for ADC ExternalTrigConvn L1 family is applicable
2026-05-10 15:10:25,393 [INFO] Rule:228 - rule Change Default Value for ADC ExternalTrigInjecConv L1 family is applicable
2026-05-10 15:10:25,394 [INFO] Rule:228 - rule Change Default Value for ADC ExternalTrigConv F1 family is applicable
2026-05-10 15:10:25,394 [INFO] Rule:228 - rule Change Default Value for ADC ExternalTrigInjecConv F1 family is applicable
2026-05-10 15:10:25,394 [INFO] Rule:228 - rule Change Default Value for ADC ExternalTrigConv F7 family is applicable
2026-05-10 15:10:25,394 [INFO] Rule:228 - rule Change Default Value for ADC ExternalTrigInjecConv F7 family is applicable
2026-05-10 15:10:25,394 [INFO] Rule:228 - rule Change Default Value for ADC ExternalTrigConv F4 and F2 family is applicable
2026-05-10 15:10:25,394 [INFO] Rule:228 - rule Change Default Value for ADC ExternalTrigInjecConv F4 and F2 family is applicable
2026-05-10 15:10:25,394 [INFO] Rule:228 - rule ADC SamplingTime fix with FW L0  is applicable
2026-05-10 15:10:25,394 [INFO] Rule:228 - rule ADC SamplingTime fix with FW L0  is applicable
2026-05-10 15:10:25,394 [INFO] Rule:228 - rule ADC SamplingTime fix with FW L0 is applicable
2026-05-10 15:10:25,394 [INFO] Rule:228 - rule ADC SamplingTime fix with FW L0 is applicable
2026-05-10 15:10:25,394 [INFO] Rule:228 - rule ADC SamplingTime fix with FW L0  is applicable
2026-05-10 15:10:25,394 [INFO] Rule:228 - rule ADC SamplingTime fix with FW L0 is applicable
2026-05-10 15:10:25,394 [INFO] Rule:228 - rule Rename USB_OE Signal is applicable
2026-05-10 15:10:25,394 [INFO] Rule:228 - rule Rename Activate_OE Mode is applicable
2026-05-10 15:10:25,394 [INFO] Rule:228 - rule Rename DIE462/DIE415 pin PC14/OSC32_IN -> PC14-OSC32_IN (PC14) is applicable
2026-05-10 15:10:25,394 [INFO] Rule:228 - rule Rename DIE462/DIE415 pin PC15/OSC32_OUT -> PC15-OSC32_OUT (PC15) is applicable
2026-05-10 15:10:25,394 [INFO] Rule:228 - rule Rename DIE462/DIE415 pin PH0/OSC_IN -> PH0-OSC_IN (PH0) is applicable
2026-05-10 15:10:25,394 [INFO] Rule:228 - rule Rename DIE462/DIE415 pin PH1/OSC_OUT -> PH1-OSC_OUT (PH1) is applicable
2026-05-10 15:10:25,394 [INFO] Rule:228 - rule Rename DIE462 pin PA13 -> PA13 (JTMS/SWDIO) is applicable
2026-05-10 15:10:25,395 [INFO] Rule:228 - rule Rename DIE415 pin PA13 -> PA13 (JTMS/SWDIO) is applicable
2026-05-10 15:10:25,395 [INFO] Rule:228 - rule Rename DIE462 pin PA14 -> PA14 (JTCK/SWCLK) is applicable
2026-05-10 15:10:25,395 [INFO] Rule:228 - rule Rename DIE415 pin PA14 -> PA14 (JTCK/SWCLK) is applicable
2026-05-10 15:10:25,395 [INFO] Rule:228 - rule Rename DIE462/DIE415 pin PA15 -> PA15 (JTDI) is applicable
2026-05-10 15:10:25,395 [INFO] Rule:228 - rule Rename DIE462 pin PB3 -> PB3 (JTD0/TRACESWO) is applicable
2026-05-10 15:10:25,395 [INFO] Rule:228 - rule Rename DIE415 pin PB3 -> PB3 (JTD0-TRACESWO) is applicable
2026-05-10 15:10:25,395 [INFO] Rule:228 - rule Rename DIE462/DIE415 pin PB4 -> PB4 (NJTRST) is applicable
2026-05-10 15:10:25,395 [INFO] Rule:228 - rule Rename DIE462 pin PH3/BOOT0 -> PH3-BOOT0 (BOOT0) is applicable
2026-05-10 15:10:25,395 [INFO] Rule:228 - rule Rename CRYP DataEncryptionTypesList to Algorithm is applicable
2026-05-10 15:10:25,395 [INFO] Rule:228 - rule Rename AES DataEncryptionTypesList to Algorithm is applicable
2026-05-10 15:10:25,395 [INFO] Rule:228 - rule Rename TDESECB to CRYP_TDES_ECB is applicable
2026-05-10 15:10:25,395 [INFO] Rule:228 - rule Rename TDESCBC to CRYP_TDES_CBC is applicable
2026-05-10 15:10:25,395 [INFO] Rule:228 - rule Rename DESECB to CRYP_DES_ECB is applicable
2026-05-10 15:10:25,395 [INFO] Rule:228 - rule Rename DESCBC to CRYP_DES_CBC is applicable
2026-05-10 15:10:25,395 [INFO] Rule:228 - rule Rename AESECB to CRYP_AES_ECB is applicable
2026-05-10 15:10:25,395 [INFO] Rule:228 - rule Rename AESCBC to CRYP_AES_CBC is applicable
2026-05-10 15:10:25,395 [INFO] Rule:228 - rule Rename AESCTR to CRYP_AES_CTR is applicable
2026-05-10 15:10:25,395 [INFO] Rule:228 - rule Rename AESGCM to CRYP_AES_GCM is applicable
2026-05-10 15:10:25,395 [INFO] Rule:228 - rule Rename AESCCM to CRYP_AES_CCM is applicable
2026-05-10 15:10:25,395 [INFO] Rule:228 - rule Rename CAN TimeSeg1 to BS1 is applicable
2026-05-10 15:10:25,395 [INFO] Rule:228 - rule Rename CAN TimeSeg2 to BS2 is applicable
2026-05-10 15:10:25,395 [INFO] Rule:228 - rule Rename CAN SyncJumpWidth to SJW is applicable
2026-05-10 15:10:25,395 [INFO] Rule:228 - rule TimeTriggeredMode to TTCM is applicable
2026-05-10 15:10:25,395 [INFO] Rule:228 - rule Rename CAN AutoBusOff to ABOM is applicable
2026-05-10 15:10:25,395 [INFO] Rule:228 - rule Rename CAN AutoWakeUp to AWUM is applicable
2026-05-10 15:10:25,395 [INFO] Rule:228 - rule Rename CAN AutoRetransmission to NART is applicable
2026-05-10 15:10:25,395 [INFO] Rule:228 - rule Rename CAN ReceiveFifoLocked to RFLM is applicable
2026-05-10 15:10:25,395 [INFO] Rule:228 - rule Rename CAN TransmitFifoPriority to TXFP is applicable
2026-05-10 15:10:25,395 [INFO] Rule:228 - rule Rename HRTIMER HRTIM_OUTPUTFAULTLEVEL_HIGH in HRTIMER HRTIM_OUTPUTFAULTLEVEL_HIGHZ is applicable
2026-05-10 15:10:25,395 [INFO] Rule:228 - rule Rename TIMER TIM_CLEARINPUTSOURCE_OCREFCLR in  TIMER TIM_CLEARINPUTSOURCE_NONE for F7 family is applicable
2026-05-10 15:10:25,395 [INFO] Rule:228 - rule FDCAN_R1 - Rename FDCAN mode Master into Classic is applicable
2026-05-10 15:10:25,395 [INFO] Rule:228 - rule FDCAN_R2 - Rename FDCAN mode Slave into Classic is applicable
2026-05-10 15:10:25,395 [INFO] Rule:228 - rule FDCAN1_R3 - if PA10.Mode=FullDuplex, add Pin PA12 is applicable
2026-05-10 15:10:25,396 [INFO] Rule:228 - rule FDCAN1_R3 - if PA9.Mode=FullDuplex, add Pin PA11 is applicable
2026-05-10 15:10:25,396 [INFO] Rule:228 - rule FDCAN1_R3 - Alternatepin_1 - if PE1.Mode=FullDuplex, add Pin PB9 is applicable
2026-05-10 15:10:25,396 [INFO] Rule:228 - rule FDCAN1_R3 - Alternatepin_1 - if PE0.Mode=FullDuplex, add Pin PB8 is applicable
2026-05-10 15:10:25,396 [INFO] Rule:228 - rule FDCAN1_R3 - Alternatepin_2 - if PD5.Mode=FullDuplex, add Pin PD1 is applicable
2026-05-10 15:10:25,396 [INFO] Rule:228 - rule FDCAN1_R3 - Alternatepin_2 - if PD4.Mode=FullDuplex, add Pin PD0 is applicable
2026-05-10 15:10:25,396 [INFO] Rule:228 - rule FDCAN1_R4 - Rename Mode FullDuplex into Enable FDCAN_TXFD for pin PA10 is applicable
2026-05-10 15:10:25,396 [INFO] Rule:228 - rule FDCAN1_R4 - Rename Mode FullDuplex into Enable FDCAN_TXFD for pin PA9 is applicable
2026-05-10 15:10:25,396 [INFO] Rule:228 - rule FDCAN1_R4 - Alternatepin_1 - Rename Mode FullDuplex into Enable FDCAN_TXFD for pin PE1 is applicable
2026-05-10 15:10:25,396 [INFO] Rule:228 - rule FDCAN1_R4 - Alternatepin_1 - Rename Mode FullDuplex into Enable FDCAN_TXFD for pin PE0 is applicable
2026-05-10 15:10:25,396 [INFO] Rule:228 - rule FDCAN1_R4 - Alternatepin_2 - Rename Mode FullDuplex into Enable FDCAN_TXFD for pin PD5 is applicable
2026-05-10 15:10:25,396 [INFO] Rule:228 - rule FDCAN1_R4 - Alternatepin_2 - Rename Mode FullDuplex into Enable FDCAN_TXFD for pin PD4 is applicable
2026-05-10 15:10:25,396 [INFO] Rule:228 - rule FDCAN2_R3 - if PD10.Mode=FullDuplex, add Pin PB13 is applicable
2026-05-10 15:10:25,396 [INFO] Rule:228 - rule FDCAN2_R3 - if PD9.Mode=FullDuplex, add Pin PB12 is applicable
2026-05-10 15:10:25,396 [INFO] Rule:228 - rule FDCAN2_R3 - Alternatepin_1 - if PB7.Mode=FullDuplex, add Pin PB6 is applicable
2026-05-10 15:10:25,396 [INFO] Rule:228 - rule FDCAN2_R3 - Alternatepin_1 - if PD9.Mode=FullDuplex, add Pin PB12 is applicable
2026-05-10 15:10:25,396 [INFO] Rule:228 - rule FDCAN2_R4 - Rename Mode FullDuplex into Enable FDCAN_TXFD for pin PD10 is applicable
2026-05-10 15:10:25,396 [INFO] Rule:228 - rule FDCAN2_R4 - Rename Mode FullDuplex into Enable FDCAN_TXFD for pin PD9 is applicable
2026-05-10 15:10:25,396 [INFO] Rule:228 - rule FDCAN2_R4 - Alternatepin_1 - Rename Mode FullDuplex into Enable FDCAN_TXFD for pin PB7 is applicable
2026-05-10 15:10:25,396 [INFO] Rule:228 - rule FDCAN2_R4 - Alternatepin_1 - Rename Mode FullDuplex into Enable FDCAN_TXFD for pin PD6 is applicable
2026-05-10 15:10:25,396 [INFO] Rule:228 - rule USART TxPinLevelInvertParam Mode is applicable
2026-05-10 15:10:25,396 [INFO] Rule:228 - rule USART RxPinLevelInvertParam Mode is applicable
2026-05-10 15:10:25,396 [INFO] Rule:228 - rule USART DataInvertParam Mode is applicable
2026-05-10 15:10:25,396 [INFO] Rule:228 - rule USART SwapParam Mode is applicable
2026-05-10 15:10:25,396 [INFO] Rule:228 - rule USART OverrunDisableParam Mode is applicable
2026-05-10 15:10:25,396 [INFO] Rule:228 - rule USART DMADisableonRxErrorParam Mode is applicable
2026-05-10 15:10:25,396 [INFO] Rule:228 - rule USART MSBFirstParam Mode is applicable
2026-05-10 15:10:25,396 [INFO] Rule:228 - rule Update MwName for USB_DEVICE is applicable
2026-05-10 15:10:25,396 [INFO] Rule:228 - rule Change PWR_Regulator_Voltage_Scale Default Value for RCC  H7 family is applicable
2026-05-10 15:10:25,396 [INFO] Rule:228 - rule UART/USART IPParameter rename Prescaler parameter to ClockPrescaler is applicable
2026-05-10 15:10:25,396 [INFO] Rule:228 - rule UART/USART Prescaler rename Prescaler parameter to ClockPrescaler is applicable
2026-05-10 15:10:25,396 [INFO] Rule:228 - rule TIM1CLockSelection is applicable
2026-05-10 15:10:25,396 [INFO] Rule:228 - rule TIM15CLockSelection is applicable
2026-05-10 15:10:25,396 [INFO] Rule:228 - rule align RCC SDMMC3CLockSelection default value on MP1 is applicable
2026-05-10 15:10:25,396 [INFO] Rule:228 - rule align RCC SDMMC12CLockSelection default value on MP1 is applicable
2026-05-10 15:10:25,396 [INFO] Rule:228 - rule align RCC QSPICLockSelection default value on MP1 is applicable
2026-05-10 15:10:25,396 [INFO] Rule:228 - rule align RCC QSPICLockSelection default value on MP1 is applicable
2026-05-10 15:10:25,396 [INFO] Rule:228 - rule align RCC SPI6CLockSelection default value on MP1 is applicable
2026-05-10 15:10:25,396 [INFO] Rule:228 - rule align RCC LPTIM23CLockSelection default value on MP1 is applicable
2026-05-10 15:10:25,397 [INFO] Rule:228 - rule align RCC LPTIM1CLockSelection default value on MP1 is applicable
2026-05-10 15:10:25,397 [INFO] Rule:228 - rule align RCC USART1CLockSelection default value on MP1 is applicable
2026-05-10 15:10:25,397 [INFO] Rule:228 - rule align RCC USART24CLockSelection default value on MP1 is applicable
2026-05-10 15:10:25,397 [INFO] Rule:228 - rule align RCC USART6CLockSelection default value on MP1 is applicable
2026-05-10 15:10:25,397 [INFO] Rule:228 - rule align RCC UART78CLockSelection default value on MP1 is applicable
2026-05-10 15:10:25,397 [INFO] Rule:228 - rule align RCC USART35CLockSelection default value on MP1 is applicable
2026-05-10 15:10:25,397 [INFO] Rule:228 - rule align RCC SPI45CLockSelection default value on MP1 is applicable
2026-05-10 15:10:25,397 [INFO] Rule:228 - rule align RCC I2C46CLockSelection BCLK value on MP1 is applicable
2026-05-10 15:10:25,397 [INFO] Rule:228 - rule align RCC SPI45CLockSelection default value on MP1 is applicable
2026-05-10 15:10:25,397 [INFO] Rule:228 - rule align RCC I2C12CLockSelection default value on MP1 is applicable
2026-05-10 15:10:25,397 [INFO] Rule:228 - rule align RCC I2C35CLockSelection default value on MP1 is applicable
2026-05-10 15:10:25,397 [INFO] Rule:228 - rule align RCC LPTIM45CLockSelection default value on MP1 is applicable
2026-05-10 15:10:25,397 [INFO] Rule:228 - rule Rename DCMI PIXCK signal is applicable
2026-05-10 15:10:25,397 [INFO] Rule:228 - rule Change Default Value for I2C46CLockSelection MP1 family is applicable
2026-05-10 15:10:25,397 [INFO] Rule:228 - rule Change Default Value for UART for G4, G0 and WB families is applicable
2026-05-10 15:10:25,397 [INFO] Rule:228 - rule Change Default Value for USART for G4, G0 and WB families is applicable
2026-05-10 15:10:25,397 [INFO] Rule:228 - rule Change Default Value for USART for G4 family is applicable
2026-05-10 15:10:25,397 [INFO] Rule:228 - rule Change USART1CLockSelection refparam name for MP1 is applicable
2026-05-10 15:10:25,397 [INFO] Rule:228 - rule Change USART2CLockSelection refparam name for MP1 is applicable
2026-05-10 15:10:25,397 [INFO] Rule:228 - rule Change USART3CLockSelection refparam name for MP1 is applicable
2026-05-10 15:10:25,397 [INFO] Rule:228 - rule Change UART4CLockSelection refparam name for MP1 is applicable
2026-05-10 15:10:25,397 [INFO] Rule:228 - rule Change UART5CLockSelection refparam name for MP1 is applicable
2026-05-10 15:10:25,397 [INFO] Rule:228 - rule Change LPUART1CLockSelection refparam name for MP1 is applicable
2026-05-10 15:10:25,397 [INFO] Rule:228 - rule Change LPTIM1CLockSelection refparam name for MP1 is applicable
2026-05-10 15:10:25,397 [INFO] Rule:228 - rule Change LPTIM2CLockSelection refparam name for MP1 is applicable
2026-05-10 15:10:25,397 [INFO] Rule:228 - rule Change RCC_MCO1Source refparam name for MP1 is applicable
2026-05-10 15:10:25,397 [INFO] Rule:228 - rule Change LSCOSource1 refparam name for MP1 is applicable
2026-05-10 15:10:25,397 [INFO] Rule:228 - rule Change SMPSCLockSelection refparam name for MP1 is applicable
2026-05-10 15:10:25,397 [INFO] Rule:228 - rule Change LPTIM3CLockSelection refparam name for MP1 is applicable
2026-05-10 15:10:25,397 [INFO] Rule:228 - rule Change MPCBB* Default Template Mode to Parameters is applicable
2026-05-10 15:10:25,397 [INFO] Rule:228 - rule Change MPCWM* or MPCBB* Secure Mode to Parameters is applicable
2026-05-10 15:10:25,397 [INFO] Rule:228 - rule Change MPCWM* or MPCBB* No Secure Mode to Parameters is applicable
2026-05-10 15:10:25,397 [INFO] Rule:228 - rule Change TZSC IP Secure Mode to Parameters is applicable
2026-05-10 15:10:25,397 [INFO] Rule:228 - rule Change TZSC IP No Secure Mode to Parameters is applicable
2026-05-10 15:10:25,397 [INFO] Rule:228 - rule Change TZSC IP Privilege Mode to Parameters is applicable
2026-05-10 15:10:25,397 [INFO] Rule:228 - rule Change TZSC IP No Privilege Mode to Parameters is applicable
2026-05-10 15:10:25,397 [INFO] Rule:228 - rule Change TZIC IT Secure Mode to Parameters is applicable
2026-05-10 15:10:25,397 [INFO] Rule:228 - rule Change TZIC IT No Secure Mode to Parameters is applicable
2026-05-10 15:10:25,397 [INFO] Rule:228 - rule Add MPCBB1_NonSecureArea_Start_Address value with referenced to MPCBB1_NonSecureArea_Start value is applicable
2026-05-10 15:10:25,398 [INFO] Rule:228 - rule Add MPCBB2_NonSecureArea_Start_Address value with referenced to MPCBB2_NonSecureArea_Start value is applicable
2026-05-10 15:10:25,398 [INFO] Rule:228 - rule Add MPCWM1_NonSecureArea*_Start_Address value with referenced to MPCWM1_NonSecureArea*_Start value is applicable
2026-05-10 15:10:25,398 [INFO] Rule:228 - rule Add MPCWM2_NonSecureArea*_Start_Address value with referenced to MPCWM2_NonSecureArea*_Start value is applicable
2026-05-10 15:10:25,398 [INFO] Rule:228 - rule Add MPCWM3_NonSecureArea_Start_Address value with referenced to MPCWM3_NonSecureArea_Start value is applicable
2026-05-10 15:10:25,398 [INFO] Rule:228 - rule Change Default Value for PLL1UserDefinedConfig is applicable
2026-05-10 15:10:25,398 [INFO] Rule:228 - rule Change GPIO_PuPd Default Value for USART in async mode is applicable
2026-05-10 15:10:25,398 [INFO] Rule:228 - rule Change SMPSDivider Default Value is applicable
2026-05-10 15:10:25,398 [INFO] Rule:228 - rule OPAMP is applicable
2026-05-10 15:10:25,399 [INFO] Rule:228 - rule LPUART IPParameter rename Prescaler parameter to ClockPrescaler for STM32H7 is applicable
2026-05-10 15:10:25,399 [INFO] Rule:228 - rule LPUART IPParameter rename Prescaler parameter to ClockPrescaler for STM32H7 is applicable
2026-05-10 15:10:25,399 [INFO] Rule:228 - rule LPUART IPParameter rename Prescaler parameter to ClockPrescaler for STM32WB is applicable
2026-05-10 15:10:25,399 [INFO] Rule:228 - rule LPUART IPParameter rename Prescaler parameter to ClockPrescaler for STM32WB is applicable
2026-05-10 15:10:25,399 [INFO] Rule:228 - rule LPUART IPParameter rename Prescaler parameter to ClockPrescaler for STM32G4 is applicable
2026-05-10 15:10:25,399 [INFO] Rule:228 - rule LPUART IPParameter rename Prescaler parameter to ClockPrescaler for STM32G4 is applicable
2026-05-10 15:10:25,399 [INFO] Rule:228 - rule LPUART IPParameter rename Prescaler parameter to ClockPrescaler for STM32L5 is applicable
2026-05-10 15:10:25,399 [INFO] Rule:228 - rule LPUART IPParameter rename Prescaler parameter to ClockPrescaler for STM32L5 is applicable
2026-05-10 15:10:25,399 [INFO] Rule:228 - rule LPUART IPParameter rename Prescaler parameter to ClockPrescaler for STM32G4 is applicable
2026-05-10 15:10:25,399 [INFO] Rule:228 - rule LPUART IPParameter rename Prescaler parameter to ClockPrescaler for STM32G4 is applicable
2026-05-10 15:10:25,399 [INFO] Rule:228 - rule USB device lib V2.5.3 for L0 rename USBD_SUPPORT_USER_STRING parameter to USBD_SUPPORT_USER_STRING_DESC4 is applicable
2026-05-10 15:10:25,399 [INFO] Rule:228 - rule I2SCLockSelection clock entry align is applicable
2026-05-10 15:10:25,399 [INFO] Rule:228 - rule Assign TIMx context if used as SYS timebase is applicable
2026-05-10 15:10:25,399 [INFO] Rule:228 - rule Change GPIO_Pu Default Value for I2C is applicable
2026-05-10 15:10:25,399 [INFO] Rule:228 - rule Change GPIO_Pu Default Value for SMBus is applicable
2026-05-10 15:10:25,399 [INFO] Rule:228 - rule change FDCAN default value is applicable
2026-05-10 15:10:25,399 [INFO] Rule:228 - rule Change mode sai is applicable
2026-05-10 15:10:25,399 [INFO] Rule:228 - rule **Change sai mode is applicable
2026-05-10 15:10:25,400 [INFO] Rule:228 - rule Rename STM32WPAN CFG_BLE_IRK to CFG_BLE_IR is applicable
2026-05-10 15:10:25,400 [INFO] Rule:228 - rule Rename STM32WPAN CFG_BLE_ERK to CFG_BLE_ER is applicable
2026-05-10 15:10:25,400 [INFO] Rule:228 - rule Rename STM32WPAN CFG_BLE_IRK_HEX to CFG_BLE_IR_HEX is applicable
2026-05-10 15:10:25,400 [INFO] Rule:228 - rule Rename STM32WPAN CFG_BLE_ERK_HEX to CFG_BLE_ER_HEX is applicable
2026-05-10 15:10:25,414 [INFO] DbConfProperties:307 - Apply Compatibility (49/262 Rules)
2026-05-10 15:10:25,435 [INFO] ImportTextPane:194 - (OptionalMessage_ERROR) Unable to find key (Mcu.ThirdPartyNb) in loaded IOC file
2026-05-10 15:10:25,739 [INFO] RtosManager:555 - Registered RTOS mode: class=CMSIS, group=RTOS, mode=CMSIS_V1, owner=FREERTOS
2026-05-10 15:10:25,739 [INFO] RtosManager:555 - Registered RTOS mode: class=CMSIS, group=RTOS2, mode=CMSIS_V2, owner=FREERTOS
2026-05-10 15:10:25,740 [INFO] RtosManager:555 - Registered RTOS mode: class=RTOS, group=Core, mode=CMSIS_V1, owner=FREERTOS
2026-05-10 15:10:25,740 [INFO] RtosManager:555 - Registered RTOS mode: class=RTOS, group=Core, mode=CMSIS_V2, owner=FREERTOS
2026-05-10 15:10:25,741 [WARN] ModelIntegratedComponent:184 - Missing modes for component STMicroelectronics:FreeRTOS:0.0.1:STMicroelectronics:RTOS:FreeRTOS:Core:::10.2.0:
2026-05-10 15:10:25,762 [WARN] ModelIntegratedComponent:63 - No mode defined for component null
2026-05-10 15:10:25,762 [WARN] ModelIntegratedComponent:63 - No mode defined for component null
2026-05-10 15:10:25,762 [WARN] ModelIntegratedComponent:63 - No mode defined for component null
2026-05-10 15:10:25,762 [WARN] ModelIntegratedComponent:63 - No mode defined for component null
2026-05-10 15:10:25,762 [WARN] ModelIntegratedComponent:63 - No mode defined for component null
2026-05-10 15:10:25,762 [WARN] ModelIntegratedComponent:63 - No mode defined for component null
2026-05-10 15:10:25,762 [WARN] ModelIntegratedComponent:63 - No mode defined for component null
2026-05-10 15:10:25,762 [WARN] ModelIntegratedComponent:63 - No mode defined for component null
2026-05-10 15:10:25,762 [WARN] ModelIntegratedComponent:63 - No mode defined for component null
2026-05-10 15:10:25,762 [WARN] ModelIntegratedComponent:63 - No mode defined for component null
2026-05-10 15:10:25,762 [WARN] ModelIntegratedComponent:63 - No mode defined for component null
2026-05-10 15:10:25,762 [WARN] ModelIntegratedComponent:63 - No mode defined for component null
2026-05-10 15:10:25,762 [WARN] ModelIntegratedComponent:63 - No mode defined for component null
2026-05-10 15:10:25,763 [WARN] ModelIntegratedComponent:63 - No mode defined for component null
2026-05-10 15:10:25,763 [WARN] ModelIntegratedComponent:63 - No mode defined for component null
2026-05-10 15:10:25,763 [WARN] ModelIntegratedComponent:63 - No mode defined for component null
2026-05-10 15:10:25,763 [WARN] ModelIntegratedComponent:63 - No mode defined for component null
2026-05-10 15:10:25,763 [WARN] ModelIntegratedComponent:63 - No mode defined for component null
2026-05-10 15:10:25,763 [WARN] ModelIntegratedComponent:63 - No mode defined for component null
2026-05-10 15:10:25,763 [WARN] ModelIntegratedComponent:63 - No mode defined for component null
2026-05-10 15:10:25,763 [WARN] ModelIntegratedComponent:63 - No mode defined for component null
2026-05-10 15:10:25,763 [WARN] ModelIntegratedComponent:63 - No mode defined for component null
2026-05-10 15:10:25,763 [WARN] ModelIntegratedComponent:63 - No mode defined for component null
2026-05-10 15:10:25,763 [WARN] ModelIntegratedComponent:63 - No mode defined for component null
2026-05-10 15:10:25,763 [WARN] ModelIntegratedComponent:63 - No mode defined for component null
2026-05-10 15:10:25,763 [WARN] ModelIntegratedComponent:63 - No mode defined for component null
2026-05-10 15:10:25,763 [WARN] ModelIntegratedComponent:63 - No mode defined for component null
2026-05-10 15:10:25,763 [WARN] ModelIntegratedComponent:63 - No mode defined for component null
2026-05-10 15:10:25,763 [WARN] ModelIntegratedComponent:63 - No mode defined for component null
2026-05-10 15:10:25,763 [WARN] ModelIntegratedComponent:63 - No mode defined for component null
2026-05-10 15:10:25,763 [WARN] ModelIntegratedComponent:63 - No mode defined for component null
2026-05-10 15:10:25,763 [WARN] ModelIntegratedComponent:63 - No mode defined for component null
2026-05-10 15:10:25,763 [WARN] ModelIntegratedComponent:63 - No mode defined for component null
2026-05-10 15:10:25,763 [WARN] ModelIntegratedComponent:63 - No mode defined for component null
2026-05-10 15:10:26,183 [INFO] ThirdPartyModel:298 - Start build external matchings
2026-05-10 15:10:29,117 [INFO] ThirdPartyModel:316 - End build external matchings
2026-05-10 15:10:29,192 [INFO] ImportTextPane:194 - (OptionalMessage_ERROR) IP (RCC) : Invalid parameter (48MHZClocksFreq_Value)
2026-05-10 15:10:29,192 [INFO] ImportTextPane:194 - (OptionalMessage_ERROR) IP (RCC) : Invalid parameter (EthernetFreq_Value)
2026-05-10 15:10:29,194 [INFO] ImportTextPane:194 - (OptionalMessage_ERROR) IP (RCC) : Parameter (FLatency) has Id (AdvancedSettings) currently not set
2026-05-10 15:10:29,195 [INFO] ImportTextPane:194 - (OptionalMessage_ERROR) IP (RCC) : Invalid parameter (FamilyName)
2026-05-10 15:10:29,195 [INFO] ImportTextPane:194 - (OptionalMessage_ERROR) IP (RCC) : Invalid parameter (I2SClocksFreq_Value)
2026-05-10 15:10:29,196 [INFO] ImportTextPane:194 - (OptionalMessage_ERROR) IP (RCC) : Parameter (SDIOFreq_Value) has invalid value (168000000)
2026-05-10 15:10:29,196 [INFO] ImportTextPane:194 - (OptionalMessage_ERROR) IP (RCC) : Parameter (USBFreq_Value) has invalid value (168000000)
2026-05-10 15:10:29,196 [INFO] ImportTextPane:194 - (OptionalMessage_ERROR) IP (RCC) : Invalid parameter (VCOInputMFreq_Value)
2026-05-10 15:10:29,196 [INFO] ImportTextPane:194 - (OptionalMessage_ERROR) IP (RCC) : Invalid parameter (VcooutputI2S)
2026-05-10 15:10:29,702 [INFO] UtilMem:75 - End LoadConfig() Used Memory: 738656392 Bytes (1073741824)
2026-05-10 15:10:29,876 [WARN] ThirdParty:833 - waiting for thirdparty lock release [change project]
2026-05-10 15:10:29,876 [INFO] ThirdParty:835 - entering critical section [change project]
2026-05-10 15:10:29,877 [INFO] ThirdParty:1030 - CMSIS Pack Vendor :STMicroelectronics X-CUBE-AZRTOS-H7 3.5.0
2026-05-10 15:10:29,877 [INFO] ThirdParty:1030 - CMSIS Pack Vendor :STMicroelectronics X-CUBE-PM33A1 1.0.0
2026-05-10 15:10:29,877 [INFO] ThirdParty:1030 - CMSIS Pack Vendor :STMicroelectronics USBPD 4.1
2026-05-10 15:10:29,877 [INFO] ThirdParty:1030 - CMSIS Pack Vendor :STMicroelectronics X-CUBE-GNSS1 6.0.0
2026-05-10 15:10:29,877 [INFO] ThirdParty:1030 - CMSIS Pack Vendor :STMicroelectronics USB_HOST 2.0.0
2026-05-10 15:10:29,877 [INFO] ThirdParty:1030 - CMSIS Pack Vendor :STMicroelectronics FP-SNS-MOTENVWB1 1.4.0
2026-05-10 15:10:29,877 [INFO] ThirdParty:1030 - CMSIS Pack Vendor :STMicroelectronics X-CUBE-AZRTOS-F4 1.1.0
2026-05-10 15:10:29,877 [INFO] ThirdParty:1030 - CMSIS Pack Vendor :STMicroelectronics LIBJPEG 8.0.0
2026-05-10 15:10:29,877 [INFO] ThirdParty:1030 - CMSIS Pack Vendor :STMicroelectronics FP-ATR-ASTRA1 2.0.2
2026-05-10 15:10:29,877 [INFO] ThirdParty:1030 - CMSIS Pack Vendor :STMicroelectronics X-CUBE-SMBUS 2.1.0
2026-05-10 15:10:29,877 [INFO] ThirdParty:1030 - CMSIS Pack Vendor :STMicroelectronics X-CUBE-ISPU 2.1.0
2026-05-10 15:10:29,877 [INFO] ThirdParty:1030 - CMSIS Pack Vendor :STMicroelectronics X-CUBE-FREERTOS 1.2.0
2026-05-10 15:10:29,877 [INFO] ThirdParty:1030 - CMSIS Pack Vendor :STMicroelectronics X-CUBE-NFC12 1.0.0
2026-05-10 15:10:29,877 [INFO] ThirdParty:1030 - CMSIS Pack Vendor :STMicroelectronics X-CUBE-TOUCHGFX 4.23.2
2026-05-10 15:10:29,877 [INFO] ThirdParty:1030 - CMSIS Pack Vendor :STMicroelectronics X-CUBE-AZRTOS-F7 1.1.0
2026-05-10 15:10:29,877 [INFO] ThirdParty:1030 - CMSIS Pack Vendor :STMicroelectronics X-CUBE-AZRTOS-L5 2.0.0
2026-05-10 15:10:29,877 [INFO] ThirdParty:1030 - CMSIS Pack Vendor :STMicroelectronics USB_DEVICE 2.0.0
2026-05-10 15:10:29,877 [INFO] ThirdParty:1030 - CMSIS Pack Vendor :STMicroelectronics X-CUBE-NFC6 3.1.0
2026-05-10 15:10:29,877 [INFO] ThirdParty:1030 - CMSIS Pack Vendor :STMicroelectronics FreeRTOS 0.0.1
2026-05-10 15:10:29,877 [INFO] ThirdParty:1030 - CMSIS Pack Vendor :STMicroelectronics X-CUBE-DPower 1.2.0
2026-05-10 15:10:29,877 [INFO] ThirdParty:1030 - CMSIS Pack Vendor :STMicroelectronics FP-SNS-FLIGHT1 5.0.2
2026-05-10 15:10:29,877 [INFO] ThirdParty:1030 - CMSIS Pack Vendor :STMicroelectronics X-CUBE-AI 9.0.0
2026-05-10 15:10:29,877 [INFO] ThirdParty:1030 - CMSIS Pack Vendor :STMicroelectronics PDM2PCM 3.3.0
2026-05-10 15:10:29,877 [INFO] ThirdParty:1030 - CMSIS Pack Vendor :STMicroelectronics X-CUBE-AZRTOS-H7 3.4.0
2026-05-10 15:10:29,877 [INFO] ThirdParty:1030 - CMSIS Pack Vendor :STMicroelectronics X-CUBE-DISPLAY 3.0.0
2026-05-10 15:10:29,877 [INFO] ThirdParty:1030 - CMSIS Pack Vendor :STMicroelectronics X-CUBE-GNSS1 7.1.1
2026-05-10 15:10:29,877 [INFO] ThirdParty:1030 - CMSIS Pack Vendor :STMicroelectronics X-CUBE-BLE1 7.0.0
2026-05-10 15:10:29,877 [INFO] ThirdParty:1030 - CMSIS Pack Vendor :STMicroelectronics X-CUBE-NFC10 1.0.0
2026-05-10 15:10:29,877 [INFO] ThirdParty:1030 - CMSIS Pack Vendor :STMicroelectronics X-CUBE-BLEMGR 4.0.0
2026-05-10 15:10:29,877 [INFO] ThirdParty:1030 - CMSIS Pack Vendor :STMicroelectronics X-CUBE-FREERTOS 1.3.1
2026-05-10 15:10:29,877 [INFO] ThirdParty:1030 - CMSIS Pack Vendor :STMicroelectronics HAL Drivers 0.0.0
2026-05-10 15:10:29,877 [INFO] ThirdParty:1030 - CMSIS Pack Vendor :emotas I-CUBE-CANOPEN 1.3.0
2026-05-10 15:10:29,877 [INFO] ThirdParty:1030 - CMSIS Pack Vendor :STMicroelectronics X-CUBE-NFC7 1.0.1
2026-05-10 15:10:29,877 [INFO] ThirdParty:1030 - CMSIS Pack Vendor :STMicroelectronics MBEDTLS 2.14.1
2026-05-10 15:10:29,877 [INFO] ThirdParty:1030 - CMSIS Pack Vendor :STMicroelectronics X-CUBE-GNSS1 7.1.0
2026-05-10 15:10:29,877 [INFO] ThirdParty:1030 - CMSIS Pack Vendor :wolfSSL I-CUBE-wolfTPM 3.2.0
2026-05-10 15:10:29,877 [INFO] ThirdParty:1030 - CMSIS Pack Vendor :STMicroelectronics X-CUBE-TOUCHGFX 4.26.0
2026-05-10 15:10:29,877 [INFO] ThirdParty:1030 - CMSIS Pack Vendor :STMicroelectronics X-CUBE-TOUCHGFX 4.26.1
2026-05-10 15:10:29,877 [INFO] ThirdParty:1030 - CMSIS Pack Vendor :quantropi X-CUBE-qispace-sdk-base 2.0.0
2026-05-10 15:10:29,877 [INFO] ThirdParty:1030 - CMSIS Pack Vendor :STMicroelectronics X-CUBE-BLEMGR 3.1.0
2026-05-10 15:10:29,877 [INFO] ThirdParty:1030 - CMSIS Pack Vendor :STMicroelectronics X-CUBE-AI 10.0.0
2026-05-10 15:10:29,877 [INFO] ThirdParty:1030 - CMSIS Pack Vendor :STMicroelectronics FP-SNS-SMARTAG2 1.2.0
2026-05-10 15:10:29,877 [INFO] ThirdParty:1030 - CMSIS Pack Vendor :STMicroelectronics X-CUBE-AZRTOS-WL 2.0.0
2026-05-10 15:10:29,877 [INFO] ThirdParty:1030 - CMSIS Pack Vendor :STMicroelectronics X-CUBE-DPower 1.3.0
2026-05-10 15:10:29,877 [INFO] ThirdParty:1030 - CMSIS Pack Vendor :STMicroelectronics FP-SNS-MOTENV1 5.0.0
2026-05-10 15:10:29,877 [INFO] ThirdParty:1030 - CMSIS Pack Vendor :STMicroelectronics USB_DEVICE 1.0.0
2026-05-10 15:10:29,877 [INFO] ThirdParty:1030 - CMSIS Pack Vendor :STMicroelectronics X-CUBE-AZRTOS-H7RS 1.2.0
2026-05-10 15:10:29,877 [INFO] ThirdParty:1030 - CMSIS Pack Vendor :wolfSSL I-CUBE-wolfMQTT 1.19.0
2026-05-10 15:10:29,877 [INFO] ThirdParty:1030 - CMSIS Pack Vendor :STMicroelectronics X-CUBE-AZRTOS-L4 2.0.0
2026-05-10 15:10:29,877 [INFO] ThirdParty:1030 - CMSIS Pack Vendor :STMicroelectronics ThreadX 0.0.2
2026-05-10 15:10:29,877 [INFO] ThirdParty:1030 - CMSIS Pack Vendor :WES I-CUBE-Cesium 1.3.0
2026-05-10 15:10:29,878 [INFO] ThirdParty:1030 - CMSIS Pack Vendor :STMicroelectronics lwIP 2.1.2
2026-05-10 15:10:29,878 [INFO] ThirdParty:1030 - CMSIS Pack Vendor :STMicroelectronics X-CUBE-SFXS2LP1 4.0.0
2026-05-10 15:10:29,878 [INFO] ThirdParty:1030 - CMSIS Pack Vendor :STMicroelectronics X-CUBE-BLE2 3.3.0
2026-05-10 15:10:29,878 [INFO] ThirdParty:1030 - CMSIS Pack Vendor :STMicroelectronics PDM2PCM 3.2.0
2026-05-10 15:10:29,878 [INFO] ThirdParty:1030 - CMSIS Pack Vendor :STMicroelectronics X-CUBE-WB05N 2.1.0
2026-05-10 15:10:29,878 [INFO] ThirdParty:1030 - CMSIS Pack Vendor :STMicroelectronics X-CUBE-AZRTOS-H7 3.3.0
2026-05-10 15:10:29,878 [INFO] ThirdParty:1030 - CMSIS Pack Vendor :STMicroelectronics X-CUBE-NFC9 1.0.0
2026-05-10 15:10:29,878 [INFO] ThirdParty:1030 - CMSIS Pack Vendor :STMicroelectronics X-CUBE-BLE1 7.1.0
2026-05-10 15:10:29,878 [INFO] ThirdParty:1030 - CMSIS Pack Vendor :STMicroelectronics USB_DEVICE 3.0.0
2026-05-10 15:10:29,878 [INFO] ThirdParty:1030 - CMSIS Pack Vendor :STMicroelectronics X-CUBE-TCPP 4.1.0
2026-05-10 15:10:29,878 [INFO] ThirdParty:1030 - CMSIS Pack Vendor :STMicroelectronics X-CUBE-EEPRMA1 5.2.0
2026-05-10 15:10:29,878 [INFO] ThirdParty:1030 - CMSIS Pack Vendor :STMicroelectronics X-CUBE-AZRTOS-WB 2.0.0
2026-05-10 15:10:29,878 [INFO] ThirdParty:1030 - CMSIS Pack Vendor :STMicroelectronics X-CUBE-GNSS1 7.0.1
2026-05-10 15:10:29,878 [INFO] ThirdParty:1030 - CMSIS Pack Vendor :STMicroelectronics X-CUBE-TOUCHGFX 4.25.0
2026-05-10 15:10:29,878 [INFO] ThirdParty:1030 - CMSIS Pack Vendor :STMicroelectronics X-CUBE-AI 10.1.0
2026-05-10 15:10:29,878 [INFO] ThirdParty:1030 - CMSIS Pack Vendor :STMicroelectronics FP-SNS-STBOX1 2.0.0
2026-05-10 15:10:29,878 [INFO] ThirdParty:1030 - CMSIS Pack Vendor :STMicroelectronics X-CUBE-MEMS1 12.0.0
2026-05-10 15:10:29,878 [INFO] ThirdParty:1030 - CMSIS Pack Vendor :STMicroelectronics X-CUBE-ALGOBUILD 1.3.0
2026-05-10 15:10:29,878 [INFO] ThirdParty:1030 - CMSIS Pack Vendor :STMicroelectronics X-CUBE-STSE01 2.0.0
2026-05-10 15:10:29,878 [INFO] ThirdParty:1030 - CMSIS Pack Vendor :STMicroelectronics X-CUBE-MEMS1 11.2.0
2026-05-10 15:10:29,878 [INFO] ThirdParty:1030 - CMSIS Pack Vendor :STMicroelectronics X-CUBE-AZRTOS-G0 1.1.0
2026-05-10 15:10:29,878 [INFO] ThirdParty:1030 - CMSIS Pack Vendor :STMicroelectronics X-CUBE-SAFEA1 1.2.2
2026-05-10 15:10:29,878 [INFO] ThirdParty:1030 - CMSIS Pack Vendor :STMicroelectronics X-CUBE-NFC4 3.0.0
2026-05-10 15:10:29,878 [INFO] ThirdParty:1030 - CMSIS Pack Vendor :STMicroelectronics X-CUBE-SUBG2 5.0.0
2026-05-10 15:10:29,878 [INFO] ThirdParty:1030 - CMSIS Pack Vendor :STMicroelectronics X-CUBE-AZRTOS-H7RS 1.1.0
2026-05-10 15:10:29,878 [INFO] ThirdParty:1030 - CMSIS Pack Vendor :STMicroelectronics STM32_WPAN 1.0.0
2026-05-10 15:10:29,878 [INFO] ThirdParty:1030 - CMSIS Pack Vendor :EmbeddedOffice I-CUBE-FS-RTOS 1.0.1
2026-05-10 15:10:29,878 [INFO] ThirdParty:1030 - CMSIS Pack Vendor :STMicroelectronics lwIP 2.0.3
2026-05-10 15:10:29,878 [INFO] ThirdParty:1030 - CMSIS Pack Vendor :Cesanta I-CUBE-Mongoose 7.13.0
2026-05-10 15:10:29,878 [INFO] ThirdParty:1030 - CMSIS Pack Vendor :STMicroelectronics USB_HOST 1.0.0
2026-05-10 15:10:29,878 [INFO] ThirdParty:1030 - CMSIS Pack Vendor :STMicroelectronics X-CUBE-AZRTOS-G4 2.0.0
2026-05-10 15:10:29,878 [INFO] ThirdParty:1030 - CMSIS Pack Vendor :STMicroelectronics X-CUBE-WB05N 2.0.0
2026-05-10 15:10:29,878 [INFO] ThirdParty:1030 - CMSIS Pack Vendor :STMicroelectronics PDM2PCM 3.1.0
2026-05-10 15:10:29,878 [INFO] ThirdParty:1030 - CMSIS Pack Vendor :STMicroelectronics X-CUBE-NFC7 2.0.0
2026-05-10 15:10:29,878 [INFO] ThirdParty:1030 - CMSIS Pack Vendor :RealThread X-CUBE-RT-Thread_Nano 4.1.1
2026-05-10 15:10:29,878 [INFO] ThirdParty:1030 - CMSIS Pack Vendor :wolfSSL I-CUBE-wolfSSL 5.7.0
2026-05-10 15:10:29,878 [INFO] ThirdParty:1030 - CMSIS Pack Vendor :STMicroelectronics FP-ATR-SIGFOX1 3.2.0
2026-05-10 15:10:29,878 [INFO] ThirdParty:1030 - CMSIS Pack Vendor :STMicroelectronics X-CUBE-ISPU 2.0.0
2026-05-10 15:10:29,878 [INFO] ThirdParty:1030 - CMSIS Pack Vendor :STMicroelectronics X-CUBE-EEPRMA1 5.1.0
2026-05-10 15:10:29,878 [INFO] ThirdParty:1030 - CMSIS Pack Vendor :STMicroelectronics MBEDTLS 2.16.2
2026-05-10 15:10:29,878 [INFO] ThirdParty:1030 - CMSIS Pack Vendor :STMicroelectronics X-CUBE-ALS 1.0.2
2026-05-10 15:10:29,878 [INFO] ThirdParty:1030 - CMSIS Pack Vendor :STMicroelectronics X-CUBE-MEMS1 10.0.0
2026-05-10 15:10:29,878 [INFO] ThirdParty:1030 - CMSIS Pack Vendor :STMicroelectronics X-CUBE-FREERTOS 1.1.0
2026-05-10 15:10:29,878 [INFO] ThirdParty:1030 - CMSIS Pack Vendor :STMicroelectronics X-CUBE-TOUCHGFX 4.24.0
2026-05-10 15:10:29,878 [INFO] ThirdParty:1030 - CMSIS Pack Vendor :ITTIA_DB I-CUBE-ITTIADB 8.9.0
2026-05-10 15:10:29,878 [INFO] ThirdParty:1030 - CMSIS Pack Vendor :STMicroelectronics X-CUBE-STSE01 1.0.0
2026-05-10 15:10:29,878 [INFO] ThirdParty:1030 - CMSIS Pack Vendor :portGmbH I-Cube-SoM-uGOAL 1.1.0
2026-05-10 15:10:29,878 [INFO] ThirdParty:1030 - CMSIS Pack Vendor :STMicroelectronics X-CUBE-ALS 1.0.1
2026-05-10 15:10:29,878 [INFO] ThirdParty:1030 - CMSIS Pack Vendor :STMicroelectronics X-CUBE-NFC6 3.2.0
2026-05-10 15:10:29,878 [INFO] ThirdParty:1030 - CMSIS Pack Vendor :STMicroelectronics X-CUBE-AI 10.2.0
2026-05-10 15:10:29,878 [INFO] ThirdParty:1030 - CMSIS Pack Vendor :STMicroelectronics ThreadX 1.0.0
2026-05-10 15:10:29,878 [INFO] ThirdParty:1030 - CMSIS Pack Vendor :STMicroelectronics X-CUBE-MEMS1 12.1.0
2026-05-10 15:10:29,878 [INFO] ThirdParty:1030 - CMSIS Pack Vendor :SEGGER I-CUBE-embOS 1.3.1
2026-05-10 15:10:29,878 [INFO] ThirdParty:1030 - CMSIS Pack Vendor :STMicroelectronics X-CUBE-ALGOBUILD 1.4.0
2026-05-10 15:10:29,879 [INFO] ThirdParty:1030 - CMSIS Pack Vendor :STMicroelectronics X-CUBE-MEMS1 11.3.0
2026-05-10 15:10:29,879 [INFO] ThirdParty:1030 - CMSIS Pack Vendor :STMicroelectronics X-CUBE-AZRTOS-H7RS 1.0.0
2026-05-10 15:10:29,879 [INFO] ThirdParty:1030 - CMSIS Pack Vendor :STMicroelectronics FP-ATR-ASTRA1 2.0.0
2026-05-10 15:10:29,879 [INFO] ThirdParty:1030 - CMSIS Pack Vendor :STMicroelectronics X-CUBE-TOF1 3.4.2
2026-05-10 15:10:29,879 [INFO] ThirdParty:1030 - CMSIS Pack Vendor :STMicroelectronics X-CUBE-TOF1 3.4.1
2026-05-10 15:10:29,879 [INFO] ThirdParty:1030 - CMSIS Pack Vendor :STMicroelectronics X-CUBE-AZRTOS-H7 3.2.0
2026-05-10 15:10:29,879 [INFO] ThirdParty:1030 - CMSIS Pack Vendor :Infineon AIROC-Wi-Fi-Bluetooth-STM32 1.6.0
2026-05-10 15:10:29,879 [INFO] ThirdParty:1030 - CMSIS Pack Vendor :wolfSSL I-CUBE-wolfSSH 1.4.17
2026-05-10 15:10:29,879 [INFO] ThirdParty:841 - exiting critical section [change project]
2026-05-10 15:10:30,613 [INFO] PinOutPanel:1561 - setPackage(No Configuration,No Configuration)
2026-05-10 15:10:30,616 [INFO] PinOutPanel:1561 - setPackage(STM32F446RETx,LQFP64)
2026-05-10 15:10:31,888 [INFO] UtilMem:75 - Before build in PCC Used Memory: 911336352 Bytes (1073741824)
2026-05-10 15:10:34,262 [INFO] UtilMem:75 - After build in PCC Used Memory: 815499432 Bytes (1073741824)
2026-05-10 15:10:34,315 [INFO] IPUIPlugin:80 - create IPUIPlugin
2026-05-10 15:10:34,315 [INFO] IPUIPlugin:80 - create IPUIPlugin
2026-05-10 15:10:34,315 [INFO] IPUIPlugin:80 - create IPUIPlugin
2026-05-10 15:10:34,315 [INFO] IPUIPlugin:80 - create IPUIPlugin
2026-05-10 15:10:34,315 [INFO] IPUIPlugin:80 - create IPUIPlugin
2026-05-10 15:10:34,315 [INFO] IPUIPlugin:80 - create IPUIPlugin
2026-05-10 15:10:34,315 [INFO] IPUIPlugin:80 - create IPUIPlugin
2026-05-10 15:10:34,317 [INFO] IPUIPlugin:80 - create IPUIPlugin
2026-05-10 15:10:34,317 [INFO] IPUIPlugin:80 - create IPUIPlugin
2026-05-10 15:10:34,317 [INFO] IPUIPlugin:80 - create IPUIPlugin
2026-05-10 15:10:34,317 [INFO] IPUIPlugin:80 - create IPUIPlugin
2026-05-10 15:10:34,317 [INFO] IPUIPlugin:80 - create IPUIPlugin
2026-05-10 15:10:34,317 [INFO] IPUIPlugin:80 - create IPUIPlugin
2026-05-10 15:10:34,317 [INFO] IPUIPlugin:80 - create IPUIPlugin
2026-05-10 15:10:34,317 [INFO] IPUIPlugin:80 - create IPUIPlugin
2026-05-10 15:10:34,318 [INFO] IPUIPlugin:80 - create IPUIPlugin
2026-05-10 15:10:34,318 [INFO] IPUIPlugin:80 - create IPUIPlugin
2026-05-10 15:10:34,318 [INFO] IPUIPlugin:80 - create IPUIPlugin
2026-05-10 15:10:34,318 [INFO] IPUIPlugin:80 - create IPUIPlugin
2026-05-10 15:10:34,318 [INFO] IPUIPlugin:80 - create IPUIPlugin
2026-05-10 15:10:34,318 [INFO] IPUIPlugin:80 - create IPUIPlugin
2026-05-10 15:10:34,318 [INFO] IPUIPlugin:80 - create IPUIPlugin
2026-05-10 15:10:34,319 [INFO] IPUIPlugin:80 - create IPUIPlugin
2026-05-10 15:10:34,319 [INFO] IPUIPlugin:80 - create IPUIPlugin
2026-05-10 15:10:34,319 [INFO] IPUIPlugin:80 - create IPUIPlugin
2026-05-10 15:10:34,319 [INFO] IPUIPlugin:80 - create IPUIPlugin
2026-05-10 15:10:34,320 [INFO] IPUIPlugin:80 - create IPUIPlugin
2026-05-10 15:10:34,320 [INFO] IPUIPlugin:80 - create IPUIPlugin
2026-05-10 15:10:34,320 [INFO] IPUIPlugin:80 - create IPUIPlugin
2026-05-10 15:10:34,320 [INFO] IPUIPlugin:80 - create IPUIPlugin
2026-05-10 15:10:34,320 [INFO] IPUIPlugin:80 - create IPUIPlugin
2026-05-10 15:10:34,320 [INFO] IPUIPlugin:80 - create IPUIPlugin
2026-05-10 15:10:34,320 [INFO] IPUIPlugin:80 - create IPUIPlugin
2026-05-10 15:10:34,321 [INFO] IPUIPlugin:80 - create IPUIPlugin
2026-05-10 15:10:34,321 [INFO] IPUIPlugin:80 - create IPUIPlugin
2026-05-10 15:10:34,321 [INFO] IPUIPlugin:80 - create IPUIPlugin
2026-05-10 15:10:34,322 [INFO] IPUIPlugin:80 - create IPUIPlugin
2026-05-10 15:10:34,322 [INFO] IPUIPlugin:80 - create IPUIPlugin
2026-05-10 15:10:34,324 [INFO] IPUIPlugin:80 - create IPUIPlugin
2026-05-10 15:10:34,324 [INFO] IPUIPlugin:80 - create IPUIPlugin
2026-05-10 15:10:34,325 [INFO] IPUIPlugin:80 - create IPUIPlugin
2026-05-10 15:10:34,325 [INFO] IPUIPlugin:80 - create IPUIPlugin
2026-05-10 15:10:34,325 [INFO] IPUIPlugin:80 - create IPUIPlugin
2026-05-10 15:10:34,325 [INFO] IPUIPlugin:80 - create IPUIPlugin
2026-05-10 15:10:34,326 [INFO] IPUIPlugin:80 - create IPUIPlugin
2026-05-10 15:10:34,326 [INFO] IPUIPlugin:80 - create IPUIPlugin
2026-05-10 15:10:34,326 [INFO] IPUIPlugin:80 - create IPUIPlugin
2026-05-10 15:10:34,326 [INFO] IPUIPlugin:80 - create IPUIPlugin
2026-05-10 15:10:34,327 [INFO] IPUIPlugin:80 - create IPUIPlugin
2026-05-10 15:10:34,327 [INFO] IPUIPlugin:80 - create IPUIPlugin
2026-05-10 15:10:34,327 [INFO] IPUIPlugin:80 - create IPUIPlugin
2026-05-10 15:10:34,327 [INFO] IPUIPlugin:80 - create IPUIPlugin
2026-05-10 15:10:34,328 [INFO] IPUIPlugin:80 - create IPUIPlugin
2026-05-10 15:10:34,328 [INFO] IPUIPlugin:80 - create IPUIPlugin
2026-05-10 15:10:34,328 [INFO] IPUIPlugin:80 - create IPUIPlugin
2026-05-10 15:10:34,329 [INFO] IPUIPlugin:80 - create IPUIPlugin
2026-05-10 15:10:34,329 [INFO] IPUIPlugin:80 - create IPUIPlugin
2026-05-10 15:10:34,330 [INFO] IPUIPlugin:80 - create IPUIPlugin
2026-05-10 15:10:34,331 [INFO] IPUIPlugin:80 - create IPUIPlugin
2026-05-10 15:10:34,331 [INFO] IPUIPlugin:80 - create IPUIPlugin
2026-05-10 15:10:34,771 [INFO] ApiDbMcu:508 - Load IP Config File for PDM2PCM
2026-05-10 15:10:35,179 [INFO] CADModel:165 - CPN selected for project levelSTM32F446RET6
2026-05-10 15:10:35,179 [INFO] CADModel:114 - Register for checkConnection events
2026-05-10 15:10:35,266 [INFO] OpenFileManager:343 - Restore cursor
2026-05-10 15:10:38,425 [INFO] UtilMem:75 - End SaveConfig() Used Memory: 896781832 Bytes (1073741824)
2026-05-10 15:10:38,526 [INFO] UtilMem:75 - End SaveConfig() Used Memory: 918532672 Bytes (1073741824)
2026-05-10 15:10:39,336 [INFO] BlockDiagram:2759 - set Specific Code input for plugin: SYS
2026-05-10 15:10:39,336 [INFO] BlockDiagram:2759 - set Specific Code input for plugin: RCC
2026-05-10 15:10:39,336 [INFO] BlockDiagram:2759 - set Specific Code input for plugin: NVIC
2026-05-10 15:10:39,337 [INFO] BlockDiagram:2759 - set Specific Code input for plugin: USART
2026-05-10 15:10:39,337 [INFO] BlockDiagram:2759 - set Specific Code input for plugin: GPIO
2026-05-10 15:10:39,339 [INFO] CodeGenerator:807 - code generatio: config db path: C:\ST\STM32CubeIDE_1.15.0\STM32CubeIDE\plugins\com.st.stm32cube.common.mx_6.11.0.202403141607\\db\
2026-05-10 15:10:39,696 [INFO] CodeEngine:255 - oldGeneratedFile, D:\WorkSpace\test\MXTmpFiles\license.tmp_save
2026-05-10 15:10:40,344 [INFO] CodeEngine:279 - Generated code: D:\WorkSpace\test\MXTmpFiles\license.tmp
2026-05-10 15:10:40,416 [INFO] CodeEngine:255 - oldGeneratedFile, D:\WorkSpace\test\MXTmpFiles\gpio.tmp_save
2026-05-10 15:10:40,593 [INFO] CodeEngine:279 - Generated code: D:\WorkSpace\test\MXTmpFiles\gpio.tmp
2026-05-10 15:10:40,812 [INFO] CodeEngine:255 - oldGeneratedFile, D:\WorkSpace\test\Core\Src\stm32f4xx_it.c_save
2026-05-10 15:10:41,098 [INFO] CodeEngine:279 - Generated code: D:\WorkSpace\test\Core\Src\stm32f4xx_it.c
2026-05-10 15:10:41,102 [INFO] CodeEngine:255 - oldGeneratedFile, D:\WorkSpace\test\Core\Inc\stm32f4xx_it.h_save
2026-05-10 15:10:41,219 [INFO] CodeEngine:279 - Generated code: D:\WorkSpace\test\Core\Inc\stm32f4xx_it.h
2026-05-10 15:10:41,238 [INFO] CodeEngine:255 - oldGeneratedFile, D:\WorkSpace\test\Core\Src\stm32f4xx_hal_msp.c_save
2026-05-10 15:10:41,432 [INFO] CodeEngine:279 - Generated code: D:\WorkSpace\test\Core\Src\stm32f4xx_hal_msp.c
2026-05-10 15:10:41,436 [INFO] CodeEngine:255 - oldGeneratedFile, D:\WorkSpace\test\MXTmpFiles\system.tmp_save
2026-05-10 15:10:41,502 [INFO] CodeEngine:279 - Generated code: D:\WorkSpace\test\MXTmpFiles\system.tmp
2026-05-10 15:10:41,509 [INFO] CodeEngine:311 - oldGeneratedFile, D:\WorkSpace\test\Core\Inc\stm32f4xx_hal_conf.h_save
2026-05-10 15:10:41,719 [INFO] CodeEngine:335 - Generated code: D:\WorkSpace\test\Core\Inc\stm32f4xx_hal_conf.h
2026-05-10 15:10:41,825 [WARN] IPConfigManager:2982 - Warning: the RefConfig PLL2P_FOR_MCO is not available in your config.xml file
2026-05-10 15:10:41,853 [INFO] CodeEngine:255 - oldGeneratedFile, D:\WorkSpace\test\Core\Inc\main.h_save
2026-05-10 15:10:42,183 [INFO] CodeEngine:279 - Generated code: D:\WorkSpace\test\Core\Inc\main.h
2026-05-10 15:10:42,211 [INFO] CodeEngine:255 - oldGeneratedFile, D:\WorkSpace\test\Core\Src\main.c_save
2026-05-10 15:10:42,617 [INFO] CodeEngine:279 - Generated code: D:\WorkSpace\test\Core\Src\main.c
2026-05-10 15:10:43,311 [INFO] ProjectBuilder:3163 - Time for Copy HAL[1] : 309mS.
2026-05-10 15:10:43,340 [INFO] ProjectBuilder:4736 - Project Generator version: 4.3.0-B58
2026-05-10 15:10:43,447 [INFO] ConfigFileManager:1503 - The Die is : DIE421
2026-05-10 15:10:43,512 [INFO] ApiDbMcu:508 - Load IP Config File for FATFS
2026-05-10 15:10:43,544 [INFO] ApiDbMcu:508 - Load IP Config File for FREERTOS
2026-05-10 15:10:43,567 [INFO] ApiDbMcu:508 - Load IP Config File for LIBJPEG
2026-05-10 15:10:43,603 [INFO] ApiDbMcu:508 - Load IP Config File for MBEDTLS
2026-05-10 15:10:43,631 [INFO] ApiDbMcu:508 - Load IP Config File for USB_DEVICE
2026-05-10 15:10:43,643 [INFO] ApiDbMcu:508 - Load IP Config File for USB_HOST
2026-05-10 15:10:44,958 [INFO] LogOutputStream:77 - [STDOUT_REDIRECT] 
2026-05-10 15:10:51,507 [INFO] ProjectBuilder:5002 - Time for Generating toolchain IDE Files: 8167mS.
2026-05-10 15:10:51,508 [INFO] ProjectBuilder:3034 - Time for Copy CMSIS : 1mS.
2026-05-10 15:10:51,509 [INFO] ProjectBuilder:3034 - Time for Copy CMSIS : 0mS.
2026-05-10 15:10:52,625 [INFO] McuFinderGlobals:76 - Set McuFinderConnectedMode to true
2026-05-10 15:10:52,631 [INFO] ApiDb:448 - Save user favorites file C:\Users\Aditya/.stm32cubeide/favorites.mcus.txt: 0 item(s)
2026-05-10 15:10:52,632 [INFO] ApiDb:452 - User favorites MCUs=[]
2026-05-10 15:10:52,634 [INFO] ApiDb:448 - Save user favorites file C:\Users\Aditya/.stm32cubeide/favorites.boards.txt: 0 item(s)
2026-05-10 15:10:52,635 [INFO] ApiDb:452 - User favorites Boards=[]
2026-05-10 15:11:28,251 [INFO] UtilMem:75 - End SaveConfig() Used Memory: 1022061520 Bytes (1073741824)
2026-05-10 15:11:28,984 [INFO] BlockDiagram:2759 - set Specific Code input for plugin: SYS
2026-05-10 15:11:28,984 [INFO] BlockDiagram:2759 - set Specific Code input for plugin: RCC
2026-05-10 15:11:28,984 [INFO] BlockDiagram:2759 - set Specific Code input for plugin: NVIC
2026-05-10 15:11:28,984 [INFO] BlockDiagram:2759 - set Specific Code input for plugin: USART
2026-05-10 15:11:28,985 [INFO] BlockDiagram:2759 - set Specific Code input for plugin: GPIO
2026-05-10 15:11:28,987 [INFO] CodeGenerator:807 - code generatio: config db path: C:\ST\STM32CubeIDE_1.15.0\STM32CubeIDE\plugins\com.st.stm32cube.common.mx_6.11.0.202403141607\\db\
2026-05-10 15:11:29,227 [INFO] CodeEngine:255 - oldGeneratedFile, D:\WorkSpace\test\MXTmpFiles\license.tmp_save
2026-05-10 15:11:29,483 [INFO] CodeEngine:279 - Generated code: D:\WorkSpace\test\MXTmpFiles\license.tmp
2026-05-10 15:11:29,555 [INFO] CodeEngine:255 - oldGeneratedFile, D:\WorkSpace\test\MXTmpFiles\gpio.tmp_save
2026-05-10 15:11:29,980 [INFO] CodeEngine:279 - Generated code: D:\WorkSpace\test\MXTmpFiles\gpio.tmp
2026-05-10 15:11:30,195 [INFO] CodeEngine:255 - oldGeneratedFile, D:\WorkSpace\test\Core\Src\stm32f4xx_it.c_save
2026-05-10 15:11:30,396 [INFO] CodeEngine:279 - Generated code: D:\WorkSpace\test\Core\Src\stm32f4xx_it.c
2026-05-10 15:11:30,404 [INFO] CodeEngine:255 - oldGeneratedFile, D:\WorkSpace\test\Core\Inc\stm32f4xx_it.h_save
2026-05-10 15:11:30,540 [INFO] CodeEngine:279 - Generated code: D:\WorkSpace\test\Core\Inc\stm32f4xx_it.h
2026-05-10 15:11:30,586 [INFO] CodeEngine:255 - oldGeneratedFile, D:\WorkSpace\test\Core\Src\stm32f4xx_hal_msp.c_save
2026-05-10 15:11:30,813 [INFO] CodeEngine:279 - Generated code: D:\WorkSpace\test\Core\Src\stm32f4xx_hal_msp.c
2026-05-10 15:11:30,821 [INFO] CodeEngine:255 - oldGeneratedFile, D:\WorkSpace\test\MXTmpFiles\system.tmp_save
2026-05-10 15:11:30,952 [INFO] CodeEngine:279 - Generated code: D:\WorkSpace\test\MXTmpFiles\system.tmp
2026-05-10 15:11:31,007 [INFO] CodeEngine:311 - oldGeneratedFile, D:\WorkSpace\test\Core\Inc\stm32f4xx_hal_conf.h_save
2026-05-10 15:11:31,214 [INFO] CodeEngine:335 - Generated code: D:\WorkSpace\test\Core\Inc\stm32f4xx_hal_conf.h
2026-05-10 15:11:31,293 [WARN] IPConfigManager:2982 - Warning: the RefConfig PLL2P_FOR_MCO is not available in your config.xml file
2026-05-10 15:11:31,351 [INFO] CodeEngine:255 - oldGeneratedFile, D:\WorkSpace\test\Core\Inc\main.h_save
2026-05-10 15:11:31,608 [INFO] CodeEngine:279 - Generated code: D:\WorkSpace\test\Core\Inc\main.h
2026-05-10 15:11:31,663 [INFO] CodeEngine:255 - oldGeneratedFile, D:\WorkSpace\test\Core\Src\main.c_save
2026-05-10 15:11:31,990 [INFO] CodeEngine:279 - Generated code: D:\WorkSpace\test\Core\Src\main.c
2026-05-10 15:11:32,678 [INFO] ProjectBuilder:3163 - Time for Copy HAL[1] : 357mS.
2026-05-10 15:11:32,683 [INFO] ProjectBuilder:4736 - Project Generator version: 4.3.0-B58
2026-05-10 15:11:32,788 [INFO] ConfigFileManager:1503 - The Die is : DIE421
2026-05-10 15:11:38,514 [INFO] ProjectBuilder:5002 - Time for Generating toolchain IDE Files: 5831mS.
2026-05-10 15:11:38,515 [INFO] ProjectBuilder:3034 - Time for Copy CMSIS : 1mS.
2026-05-10 15:11:38,524 [INFO] ProjectBuilder:3034 - Time for Copy CMSIS : 0mS.
2026-05-10 15:29:44,104 [INFO] MainUpdater:2873 - connection check result : 10
2026-05-10 15:29:44,105 [INFO] McuFinderGlobals:76 - Set McuFinderConnectedMode to true
2026-05-10 15:29:44,384 [INFO] ServerAccessManage:473 - Download File mcusAds.json._tmp_
2026-05-10 15:29:44,540 [INFO] LoadUrlFilesThread:156 - End of LoadUrlFiles Thread
2026-05-10 15:29:44,845 [INFO] ServerAccessManage:473 - Download File cube-finder-db.zip
2026-05-10 15:29:57,592 [INFO] FileExtend:240 - Unzip File : cube-finder-db.zip
2026-05-10 15:29:57,592 [INFO] FileExtend:255 - Standard Zip Deflate
2026-05-10 15:29:58,533 [INFO] LoadUrlFilesThread:156 - End of LoadUrlFiles Thread
2026-05-10 15:29:59,677 [INFO] ServerAccessManage:473 - Download File crdb.zip
2026-05-10 15:30:00,705 [INFO] FileExtend:240 - Unzip File : crdb.zip
2026-05-10 15:30:00,705 [INFO] FileExtend:255 - Standard Zip Deflate
2026-05-10 15:30:00,871 [INFO] LoadUrlFilesThread:156 - End of LoadUrlFiles Thread
2026-05-10 15:30:01,017 [INFO] ServerAccessManage:473 - Download File tutoVideoDB.zip
2026-05-10 15:30:01,052 [INFO] FileExtend:240 - Unzip File : tutoVideoDB.zip
2026-05-10 15:30:01,052 [INFO] FileExtend:255 - Standard Zip Deflate
2026-05-10 15:30:01,228 [INFO] LoadUrlFilesThread:156 - End of LoadUrlFiles Thread
2026-05-10 15:30:01,232 [WARN] DbFile:41 - Overriding database path with different value: C:\Users\Aditya\.stmcufinder\plugins\mcufinder/ => C:\Users\Aditya\.stmcufinder\plugins\mcufinder
2026-05-10 15:30:02,257 [ERROR] ServerAccessManage:1089 - Problem, file not found on Server
2026-05-10 15:30:02,258 [ERROR] ServerAccessManage:651 - Problem, file not found on Server : api_config.json.
2026-05-10 15:30:05,353 [INFO] LoadUrlFilesThread:156 - End of LoadUrlFiles Thread
2026-05-10 15:30:06,424 [INFO] DbMcusAds:53 - JSON generation date=Mon Apr 27 13:44:29 IST 2026 (1777277669577)
2026-05-10 15:30:06,428 [INFO] ApiDb:448 - Save user favorites file C:\Users\Aditya/.stm32cubeide/favorites.mcus.txt: 0 item(s)
2026-05-10 15:30:06,428 [INFO] ApiDb:452 - User favorites MCUs=[]
2026-05-10 15:30:06,430 [INFO] ApiDb:581 - Connected to CubeFinder SQLite database (C:\Users\Aditya\.stmcufinder\plugins\mcufinder\mcu\cube-finder-db.db)
2026-05-10 15:30:06,489 [INFO] ApiDb:668 - CubeFinder database Data Model version=2.1
2026-05-10 15:30:06,489 [INFO] ApiDb:669 - CubeFinder database Configuration version=3.0.42
2026-05-10 15:30:06,489 [INFO] ApiDb:670 - CubeFinder database generation date=2026-05-06 (1778060171)
2026-05-10 15:30:06,489 [INFO] ApiDb:671 - CubeFinder database FW Pack versions=[FP-ATR-ASTRA1_V2.0.0, FP-SNS-FLIGHT1_V5.1.0, FP-SNS-MOTENV1_V5.1.0, FP-SNS-MOTENVWB1_V1.5.0, FP-SNS-SMARTAG2_V1.2.0, FP-SNS-STBOX1_V2.1.0, STM32Cube_FW_C0_V1.4.0, STM32Cube_FW_F4_V1.28.3, STM32Cube_FW_F7_V1.17.4, STM32Cube_FW_G0_V1.6.3, STM32Cube_FW_G4_V1.6.2, STM32Cube_FW_H5_V1.6.0, STM32Cube_FW_H7RS_V1.3.0, STM32Cube_FW_H7_V1.13.0, STM32Cube_FW_L0_V1.12.2, STM32Cube_FW_L4_V1.18.2, STM32Cube_FW_L5_V1.6.0, STM32Cube_FW_N6_V1.3.0, STM32Cube_FW_U0_V1.3.0, STM32Cube_FW_U3_V1.3.0, STM32Cube_FW_U5_V1.8.0, STM32Cube_FW_WB0_V1.4.0, STM32Cube_FW_WBA_V1.9.0, STM32Cube_FW_WB_V1.24.0, STM32Cube_FW_WL3_V1.4.0, STM32Cube_FW_WL_V1.5.0, X-CUBE-ALGOBUILD_V1.4.0, X-CUBE-ALS_V1.0.2, X-CUBE-AZRTOS-F4_V1.1.0, X-CUBE-AZRTOS-F7_V1.1.0, X-CUBE-AZRTOS-G0_V1.1.0, X-CUBE-AZRTOS-G4_V2.0.0, X-CUBE-AZRTOS-H7RS_V1.1.0, X-CUBE-AZRTOS-H7_V3.5.0, X-CUBE-AZRTOS-L4_V2.0.0, X-CUBE-AZRTOS-L5_V2.0.0, X-CUBE-AZRTOS-WB_V2.0.0, X-CUBE-AZRTOS-WL_V2.0.0, X-CUBE-BLE1_V7.1.0, X-CUBE-BLE2_V3.3.0, X-CUBE-BLEMGR_V4.1.0, X-CUBE-EEPRMA1_V5.2.0, X-CUBE-FREERTOS_V1.5.0, X-CUBE-GNSS1_V6.0.0, X-CUBE-MEMS1_V12.0.0, X-CUBE-NFC4_V3.0.0, X-CUBE-NFC7_V2.0.0, X-CUBE-SFXS2LP1_V4.0.0, X-CUBE-ST67W61_V1.2.0, X-CUBE-SUBG2_V5.0.0, X-CUBE-TOF1_V3.4.3]
2026-05-10 15:30:08,513 [INFO] ApiDb:240 - Found 483 in-development CPN: [B-G473E-ZEST1S, B-WB1M-WPAN1, B-WL5M-SUBG1, NUCLEO-C031C6, NUCLEO-H503RB, NUCLEO-H533RE, NUCLEO-H563ZI, NUCLEO-H7S3L8, NUCLEO-U031R8, NUCLEO-U083RC, NUCLEO-U545RE-Q, NUCLEO-U5A5ZJ-Q, NUCLEO-WBA52CG, NUCLEO-WBA55CG, STEVAL-PROTEUS1, STEVAL-SMARTAG2, STEVAL-STWINBX1, STM320518-EVAL, STM32C0116-DK, STM32C011D6Y3TR, STM32C011D6Y6TR, STM32C011F4P3, STM32C011F4P6, STM32C011F4U3, STM32C011F4U6TR, STM32C011F6P3, STM32C011F6P6, STM32C011F6U3, STM32C011F6U6TR, STM32C011J4M3, STM32C011J4M6, STM32C011J6M3, STM32C011J6M6, STM32C0316-DK, STM32C031C4T3, STM32C031C4T6, STM32C031C4U3, STM32C031C4U6, STM32C031C6T3, STM32C031C6T6, STM32C031C6U3, STM32C031C6U6, STM32C031F4P3, STM32C031F4P6, STM32C031F6P3, STM32C031F6P6, STM32C031G4U3, STM32C031G4U6, STM32C031G6U3, STM32C031G6U6, STM32C031K4T3, STM32C031K4T6, STM32C031K4U3, STM32C031K4U6, STM32C031K6T3, STM32C031K6T6, STM32C031K6U3, STM32C031K6U6, STM32G071K8TXN, STM32G071K8UXN, STM32G081GBU6N, STM32G081KBT6N, STM32G081KBUXN, STM32G0B1CCT6N, STM32G0B1KCT6, STM32G0B1NEY6TR, STM32G0B1RCT6N, STM32G0C1CCT6, STM32G0C1CCT6N, STM32G0C1CCU6N, STM32G0C1CET6N, STM32G0C1CEU6N, STM32G0C1KCT6, STM32G0C1NEY6TR, STM32G0C1RCI6N, STM32G0C1RCT6N, STM32G0C1REI6N, STM32G0C1RET6N, STM32G0C1VCI6, STM32G0C1VEI6, STM32G471CCT6, STM32G471CCU6, STM32G471CET3, STM32G471CET6, STM32G471CEU3, STM32G471CEU6, STM32G471MCT6, STM32G471MET3, STM32G471MET6, STM32G471MEY6TR, STM32G471QCT6, STM32G471QET3, STM32G471RCT6, STM32G471RET3, STM32G471RET6, STM32G471VCH6, STM32G471VCI6, STM32G471VCT6, STM32G471VEH3, STM32G471VEH6, STM32G471VEI3, STM32G471VEI6, STM32G471VET3, STM32G471VET6, STM32G474CCT6, STM32H503CBT6, STM32H503CBU6, STM32H503EBY6TR, STM32H503KBU6, STM32H503RBT6, STM32H523CCT6, STM32H523CCU6, STM32H523CET6, STM32H523CEU6, STM32H523HEY6TR, STM32H523RCT6, STM32H523RET6, STM32H523VCI6, STM32H523VCT6, STM32H523VEI6, STM32H523VET6, STM32H523ZCJ6, STM32H523ZCT6, STM32H523ZEJ6, STM32H523ZET6, STM32H533CET6, STM32H533CEU6, STM32H533HEY6TR, STM32H533RET6, STM32H533VEI6, STM32H533VET6, STM32H533ZEJ6, STM32H533ZET6, STM32H562AGI6, STM32H562AII6, STM32H562IGK6, STM32H562IGT6, STM32H562IIK6, STM32H562IIT6, STM32H562RGT6, STM32H562RGV6, STM32H562RIT6, STM32H562RIV6, STM32H562VGT6, STM32H562VIT6, STM32H562ZGT6, STM32H562ZIT6, STM32H563AGI6, STM32H563AII3Q, STM32H563AII6, STM32H563IGK6, STM32H563IGT6, STM32H563IIK3Q, STM32H563IIK6, STM32H563IIT3Q, STM32H563IIT6, STM32H563MIY3QTR, STM32H563RGT6, STM32H563RGV6, STM32H563RIT6, STM32H563RIV6, STM32H563VGT6, STM32H563VIT3Q, STM32H563VIT6, STM32H563ZGT6, STM32H563ZIT3Q, STM32H563ZIT6, STM32H573AII3Q, STM32H573AII6, STM32H573I-DK, STM32H573IIK3Q, STM32H573IIK6, STM32H573IIT3Q, STM32H573IIT6, STM32H573MIY3QTR, STM32H573RIT6, STM32H573RIV6, STM32H573VIT3Q, STM32H573VIT6, STM32H573ZIT3Q, STM32H573ZIT6, STM32H7R3A8I6, STM32H7R3I8K6, STM32H7R3I8T6, STM32H7R3L8H6, STM32H7R3L8H6H, STM32H7R3R8V6, STM32H7R3V8H6, STM32H7R3V8T6, STM32H7R3V8Y6, STM32H7R3Z8J6, STM32H7R3Z8T6, STM32H7R7A8I6, STM32H7R7I8K6, STM32H7R7I8T6, STM32H7R7L8H6, STM32H7R7L8H6H, STM32H7R7Z8J6, STM32H7S3A8I6, STM32H7S3I8K6, STM32H7S3I8T6, STM32H7S3L8H6, STM32H7S3L8H6H, STM32H7S3R8V6, STM32H7S3V8H6, STM32H7S3V8T6, STM32H7S3V8Y6, STM32H7S3Z8J6, STM32H7S3Z8T6, STM32H7S78-DK, STM32H7S7A8I6, STM32H7S7I8K6, STM32H7S7I8T6, STM32H7S7L8H6, STM32H7S7L8H6H, STM32H7S7Z8J6, STM32L4R5QGI6STR, STM32MP131AAE3, STM32MP131AAF3, STM32MP131AAG3, STM32MP131CAE3, STM32MP131CAF3, STM32MP131CAG3, STM32MP131DAE7, STM32MP131DAF7, STM32MP131DAG7, STM32MP131FAE7, STM32MP131FAF7, STM32MP131FAG7, STM32MP133AAE3, STM32MP133AAF3, STM32MP133AAG3, STM32MP133CAE3, STM32MP133CAF3, STM32MP133CAG3, STM32MP133DAE7, STM32MP133DAF7, STM32MP133DAG7, STM32MP133FAE7, STM32MP133FAF7, STM32MP133FAG7, STM32MP135AAE3, STM32MP135AAF3, STM32MP135AAG3, STM32MP135CAE3, STM32MP135CAF3, STM32MP135CAG3, STM32MP135DAE7, STM32MP135DAF7, STM32MP135DAG7, STM32MP135F-DK, STM32MP135FAE7, STM32MP135FAF7, STM32MP135FAF7T, STM32MP135FAF7U, STM32MP135FAG7, STM32U031C6T6, STM32U031C6U6, STM32U031C8T6, STM32U031C8U6, STM32U031F4P6, STM32U031F6P6, STM32U031F8P6, STM32U031G6Y6TR, STM32U031G8Y6TR, STM32U031K4U6, STM32U031K6U6, STM32U031K8U6, STM32U031R6I6, STM32U031R6T6, STM32U031R8I6, STM32U031R8T6, STM32U073C8T6, STM32U073C8U6, STM32U073CBT6, STM32U073CBU6, STM32U073CCT6, STM32U073CCU6, STM32U073H8Y6TR, STM32U073HBY6TR, STM32U073HCY6TR, STM32U073K8U6, STM32U073KBU6, STM32U073KCU6, STM32U073M8I6, STM32U073M8T6, STM32U073MBI6, STM32U073MBT6, STM32U073MCI6, STM32U073MCT6, STM32U073R8I6, STM32U073R8T6, STM32U073RBI6, STM32U073RBT6, STM32U073RCI6, STM32U073RCT6, STM32U083C-DK, STM32U083CCT6, STM32U083CCU6, STM32U083HCY6TR, STM32U083KCU6, STM32U083MCI6, STM32U083MCT6, STM32U083RCI6, STM32U083RCT6, STM32U535CBT6, STM32U535CBT6Q, STM32U535CBU6, STM32U535CBU6Q, STM32U535CCT6, STM32U535CCT6Q, STM32U535CCU6, STM32U535CCU6Q, STM32U535CET6, STM32U535CET6Q, STM32U535CEU6, STM32U535CEU6Q, STM32U535JEY6QTR, STM32U535NCY6QTR, STM32U535NEY6QTR, STM32U535RBI6, STM32U535RBI6Q, STM32U535RBT6, STM32U535RBT6Q, STM32U535RCI6, STM32U535RCI6Q, STM32U535RCT6, STM32U535RCT6Q, STM32U535REI6, STM32U535REI6Q, STM32U535RET6, STM32U535RET6Q, STM32U535VCI6, STM32U535VCI6Q, STM32U535VCT6, STM32U535VCT6Q, STM32U535VEI6, STM32U535VEI6Q, STM32U535VET6, STM32U535VET6Q, STM32U545CET6, STM32U545CET6Q, STM32U545CEU6, STM32U545CEU6Q, STM32U545JEY6QTR, STM32U545NEY6QTR, STM32U545REI6, STM32U545REI6Q, STM32U545RET6, STM32U545RET6Q, STM32U545VEI6, STM32U545VEI6Q, STM32U545VET6, STM32U545VET6Q, STM32U595AIH6, STM32U595AIH6Q, STM32U595AJH6, STM32U595AJH6Q, STM32U595QII6, STM32U595QII6Q, STM32U595QJI6, STM32U595QJI6Q, STM32U595RIT6, STM32U595RIT6Q, STM32U595RJT6, STM32U595RJT6Q, STM32U595VIT6, STM32U595VIT6Q, STM32U595VJT6, STM32U595VJT6Q, STM32U595ZIT6, STM32U595ZIT6Q, STM32U595ZIY6QTR, STM32U595ZJT6, STM32U595ZJT6Q, STM32U595ZJY6QTR, STM32U599BJY6QTR, STM32U599NIH6Q, STM32U599NJH6Q, STM32U599VIT6Q, STM32U599VJT6, STM32U599VJT6Q, STM32U599ZIT6Q, STM32U599ZIY6QTR, STM32U599ZJT6Q, STM32U599ZJY6QTR, STM32U5A5AJH6, STM32U5A5AJH6Q, STM32U5A5QII3Q , STM32U5A5QJI6, STM32U5A5QJI6Q, STM32U5A5RJT6, STM32U5A5RJT6Q, STM32U5A5VJT6, STM32U5A5VJT6Q, STM32U5A5ZJT6, STM32U5A5ZJT6Q, STM32U5A5ZJY6QTR, STM32U5A9BJY6QTR, STM32U5A9J-DK, STM32U5A9NJH6Q, STM32U5A9VJT6Q, STM32U5A9ZJT6Q, STM32U5A9ZJY6QTR, STM32U5F7VIT6, STM32U5F7VIT6Q, STM32U5F7VJT6, STM32U5F7VJT6Q, STM32U5F9BJY6QTR, STM32U5F9NJH6Q, STM32U5F9VIT6Q, STM32U5F9VJT6Q, STM32U5F9ZIJ6QTR, STM32U5F9ZIT6Q, STM32U5F9ZJJ6QTR, STM32U5F9ZJT6Q, STM32U5G7VJT6, STM32U5G7VJT6Q, STM32U5G9BJY6QTR, STM32U5G9J-DK1, STM32U5G9J-DK2, STM32U5G9NJH6Q, STM32U5G9VJT6Q, STM32U5G9ZJJ6QTR, STM32U5G9ZJT6Q, STM32WB1MMCH6, STM32WBA50KEU6, STM32WBA50KEU6TR, STM32WBA50KGU6, STM32WBA50KGU6TR, STM32WBA52CEU6, STM32WBA52CEU6TR, STM32WBA52CEU7, STM32WBA52CEU7TR, STM32WBA52CGU6, STM32WBA52CGU6TR, STM32WBA52CGU6U, STM32WBA52CGU7, STM32WBA52CGU7TR, STM32WBA52KEU6, STM32WBA52KEU6TR, STM32WBA52KGU6, STM32WBA52KGU6TR, STM32WBA54CEU6, STM32WBA54CEU6TR, STM32WBA54CEU7, STM32WBA54CEU7TR, STM32WBA54CGU6, STM32WBA54CGU6TR, STM32WBA54CGU7, STM32WBA54CGU7TR, STM32WBA54KEU6, STM32WBA54KEU6TR, STM32WBA54KEU7, STM32WBA54KEU7TR, STM32WBA54KGU6, STM32WBA54KGU6TR, STM32WBA54KGU7, STM32WBA54KGU7TR, STM32WBA55CEU6, STM32WBA55CEU6TR, STM32WBA55CEU7, STM32WBA55CEU7TR, STM32WBA55CGU6, STM32WBA55CGU6TR, STM32WBA55CGU6U, STM32WBA55CGU7, STM32WBA55CGU7TR, STM32WBA55G-DK1, STM32WBA55HEF6, STM32WBA55HEF7, STM32WBA55HGF6, STM32WBA55HGF7, STM32WBA55UEI6, STM32WBA55UEI6TR, STM32WBA55UEI7, STM32WBA55UEI7TR, STM32WBA55UGI6, STM32WBA55UGI6TR, STM32WBA55UGI7, STM32WBA55UGI7TR, STM32WL5MOCH6, STM32WL5MOCH6TR]
2026-05-10 15:30:08,527 [INFO] DbMcus:218 - Found 5076 MCUs, 4958 are supported
2026-05-10 15:30:08,532 [INFO] ApiDb:423 - Load user favorites file C:\Users\Aditya/.stm32cubeide/favorites.mcus.txt: 0 item(s)
2026-05-10 15:30:08,533 [INFO] ApiDb:427 - User favorites MCUs=[]
2026-05-10 15:30:08,533 [INFO] DbMcus:224 - Set 0 / 0 favorites MCUs
2026-05-10 15:30:10,666 [INFO] ApiDb:448 - Save user favorites file C:\Users\Aditya/.stm32cubeide/favorites.boards.txt: 0 item(s)
2026-05-10 15:30:10,667 [INFO] ApiDb:452 - User favorites Boards=[]
2026-05-10 15:30:10,670 [INFO] ApiDb:581 - Connected to CubeFinder SQLite database (C:\Users\Aditya\.stmcufinder\plugins\mcufinder\mcu\cube-finder-db.db)
2026-05-10 15:30:10,987 [INFO] ApiDb:668 - CubeFinder database Data Model version=2.1
2026-05-10 15:30:10,987 [INFO] ApiDb:669 - CubeFinder database Configuration version=3.0.42
2026-05-10 15:30:10,989 [INFO] ApiDb:670 - CubeFinder database generation date=2026-05-06 (1778060171)
2026-05-10 15:30:10,989 [INFO] ApiDb:671 - CubeFinder database FW Pack versions=[FP-ATR-ASTRA1_V2.0.0, FP-SNS-FLIGHT1_V5.1.0, FP-SNS-MOTENV1_V5.1.0, FP-SNS-MOTENVWB1_V1.5.0, FP-SNS-SMARTAG2_V1.2.0, FP-SNS-STBOX1_V2.1.0, STM32Cube_FW_C0_V1.4.0, STM32Cube_FW_F4_V1.28.3, STM32Cube_FW_F7_V1.17.4, STM32Cube_FW_G0_V1.6.3, STM32Cube_FW_G4_V1.6.2, STM32Cube_FW_H5_V1.6.0, STM32Cube_FW_H7RS_V1.3.0, STM32Cube_FW_H7_V1.13.0, STM32Cube_FW_L0_V1.12.2, STM32Cube_FW_L4_V1.18.2, STM32Cube_FW_L5_V1.6.0, STM32Cube_FW_N6_V1.3.0, STM32Cube_FW_U0_V1.3.0, STM32Cube_FW_U3_V1.3.0, STM32Cube_FW_U5_V1.8.0, STM32Cube_FW_WB0_V1.4.0, STM32Cube_FW_WBA_V1.9.0, STM32Cube_FW_WB_V1.24.0, STM32Cube_FW_WL3_V1.4.0, STM32Cube_FW_WL_V1.5.0, X-CUBE-ALGOBUILD_V1.4.0, X-CUBE-ALS_V1.0.2, X-CUBE-AZRTOS-F4_V1.1.0, X-CUBE-AZRTOS-F7_V1.1.0, X-CUBE-AZRTOS-G0_V1.1.0, X-CUBE-AZRTOS-G4_V2.0.0, X-CUBE-AZRTOS-H7RS_V1.1.0, X-CUBE-AZRTOS-H7_V3.5.0, X-CUBE-AZRTOS-L4_V2.0.0, X-CUBE-AZRTOS-L5_V2.0.0, X-CUBE-AZRTOS-WB_V2.0.0, X-CUBE-AZRTOS-WL_V2.0.0, X-CUBE-BLE1_V7.1.0, X-CUBE-BLE2_V3.3.0, X-CUBE-BLEMGR_V4.1.0, X-CUBE-EEPRMA1_V5.2.0, X-CUBE-FREERTOS_V1.5.0, X-CUBE-GNSS1_V6.0.0, X-CUBE-MEMS1_V12.0.0, X-CUBE-NFC4_V3.0.0, X-CUBE-NFC7_V2.0.0, X-CUBE-SFXS2LP1_V4.0.0, X-CUBE-ST67W61_V1.2.0, X-CUBE-SUBG2_V5.0.0, X-CUBE-TOF1_V3.4.3]
2026-05-10 15:30:11,208 [INFO] DbBoardsSqlite:226 - include board P-NUCLEO-WB55-NUCLEO as a kit item of type 'Nucleo-64'
2026-05-10 15:30:11,209 [INFO] DbBoardsSqlite:226 - include board P-NUCLEO-WB55-USBDONGLE as a kit item of type 'Nucleo USB Dongle'
2026-05-10 15:30:11,210 [INFO] DbBoardsSqlite:226 - include board STEVAL-IDP005V1 as a kit item of type 'Evaluation Board'
2026-05-10 15:30:11,210 [INFO] DbBoardsSqlite:226 - include board STEVAL-IDP005V2 as a kit item of type 'Evaluation Board'
2026-05-10 15:30:11,787 [INFO] ApiDb:240 - Found 483 in-development CPN: [B-G473E-ZEST1S, B-WB1M-WPAN1, B-WL5M-SUBG1, NUCLEO-C031C6, NUCLEO-H503RB, NUCLEO-H533RE, NUCLEO-H563ZI, NUCLEO-H7S3L8, NUCLEO-U031R8, NUCLEO-U083RC, NUCLEO-U545RE-Q, NUCLEO-U5A5ZJ-Q, NUCLEO-WBA52CG, NUCLEO-WBA55CG, STEVAL-PROTEUS1, STEVAL-SMARTAG2, STEVAL-STWINBX1, STM320518-EVAL, STM32C0116-DK, STM32C011D6Y3TR, STM32C011D6Y6TR, STM32C011F4P3, STM32C011F4P6, STM32C011F4U3, STM32C011F4U6TR, STM32C011F6P3, STM32C011F6P6, STM32C011F6U3, STM32C011F6U6TR, STM32C011J4M3, STM32C011J4M6, STM32C011J6M3, STM32C011J6M6, STM32C0316-DK, STM32C031C4T3, STM32C031C4T6, STM32C031C4U3, STM32C031C4U6, STM32C031C6T3, STM32C031C6T6, STM32C031C6U3, STM32C031C6U6, STM32C031F4P3, STM32C031F4P6, STM32C031F6P3, STM32C031F6P6, STM32C031G4U3, STM32C031G4U6, STM32C031G6U3, STM32C031G6U6, STM32C031K4T3, STM32C031K4T6, STM32C031K4U3, STM32C031K4U6, STM32C031K6T3, STM32C031K6T6, STM32C031K6U3, STM32C031K6U6, STM32G071K8TXN, STM32G071K8UXN, STM32G081GBU6N, STM32G081KBT6N, STM32G081KBUXN, STM32G0B1CCT6N, STM32G0B1KCT6, STM32G0B1NEY6TR, STM32G0B1RCT6N, STM32G0C1CCT6, STM32G0C1CCT6N, STM32G0C1CCU6N, STM32G0C1CET6N, STM32G0C1CEU6N, STM32G0C1KCT6, STM32G0C1NEY6TR, STM32G0C1RCI6N, STM32G0C1RCT6N, STM32G0C1REI6N, STM32G0C1RET6N, STM32G0C1VCI6, STM32G0C1VEI6, STM32G471CCT6, STM32G471CCU6, STM32G471CET3, STM32G471CET6, STM32G471CEU3, STM32G471CEU6, STM32G471MCT6, STM32G471MET3, STM32G471MET6, STM32G471MEY6TR, STM32G471QCT6, STM32G471QET3, STM32G471RCT6, STM32G471RET3, STM32G471RET6, STM32G471VCH6, STM32G471VCI6, STM32G471VCT6, STM32G471VEH3, STM32G471VEH6, STM32G471VEI3, STM32G471VEI6, STM32G471VET3, STM32G471VET6, STM32G474CCT6, STM32H503CBT6, STM32H503CBU6, STM32H503EBY6TR, STM32H503KBU6, STM32H503RBT6, STM32H523CCT6, STM32H523CCU6, STM32H523CET6, STM32H523CEU6, STM32H523HEY6TR, STM32H523RCT6, STM32H523RET6, STM32H523VCI6, STM32H523VCT6, STM32H523VEI6, STM32H523VET6, STM32H523ZCJ6, STM32H523ZCT6, STM32H523ZEJ6, STM32H523ZET6, STM32H533CET6, STM32H533CEU6, STM32H533HEY6TR, STM32H533RET6, STM32H533VEI6, STM32H533VET6, STM32H533ZEJ6, STM32H533ZET6, STM32H562AGI6, STM32H562AII6, STM32H562IGK6, STM32H562IGT6, STM32H562IIK6, STM32H562IIT6, STM32H562RGT6, STM32H562RGV6, STM32H562RIT6, STM32H562RIV6, STM32H562VGT6, STM32H562VIT6, STM32H562ZGT6, STM32H562ZIT6, STM32H563AGI6, STM32H563AII3Q, STM32H563AII6, STM32H563IGK6, STM32H563IGT6, STM32H563IIK3Q, STM32H563IIK6, STM32H563IIT3Q, STM32H563IIT6, STM32H563MIY3QTR, STM32H563RGT6, STM32H563RGV6, STM32H563RIT6, STM32H563RIV6, STM32H563VGT6, STM32H563VIT3Q, STM32H563VIT6, STM32H563ZGT6, STM32H563ZIT3Q, STM32H563ZIT6, STM32H573AII3Q, STM32H573AII6, STM32H573I-DK, STM32H573IIK3Q, STM32H573IIK6, STM32H573IIT3Q, STM32H573IIT6, STM32H573MIY3QTR, STM32H573RIT6, STM32H573RIV6, STM32H573VIT3Q, STM32H573VIT6, STM32H573ZIT3Q, STM32H573ZIT6, STM32H7R3A8I6, STM32H7R3I8K6, STM32H7R3I8T6, STM32H7R3L8H6, STM32H7R3L8H6H, STM32H7R3R8V6, STM32H7R3V8H6, STM32H7R3V8T6, STM32H7R3V8Y6, STM32H7R3Z8J6, STM32H7R3Z8T6, STM32H7R7A8I6, STM32H7R7I8K6, STM32H7R7I8T6, STM32H7R7L8H6, STM32H7R7L8H6H, STM32H7R7Z8J6, STM32H7S3A8I6, STM32H7S3I8K6, STM32H7S3I8T6, STM32H7S3L8H6, STM32H7S3L8H6H, STM32H7S3R8V6, STM32H7S3V8H6, STM32H7S3V8T6, STM32H7S3V8Y6, STM32H7S3Z8J6, STM32H7S3Z8T6, STM32H7S78-DK, STM32H7S7A8I6, STM32H7S7I8K6, STM32H7S7I8T6, STM32H7S7L8H6, STM32H7S7L8H6H, STM32H7S7Z8J6, STM32L4R5QGI6STR, STM32MP131AAE3, STM32MP131AAF3, STM32MP131AAG3, STM32MP131CAE3, STM32MP131CAF3, STM32MP131CAG3, STM32MP131DAE7, STM32MP131DAF7, STM32MP131DAG7, STM32MP131FAE7, STM32MP131FAF7, STM32MP131FAG7, STM32MP133AAE3, STM32MP133AAF3, STM32MP133AAG3, STM32MP133CAE3, STM32MP133CAF3, STM32MP133CAG3, STM32MP133DAE7, STM32MP133DAF7, STM32MP133DAG7, STM32MP133FAE7, STM32MP133FAF7, STM32MP133FAG7, STM32MP135AAE3, STM32MP135AAF3, STM32MP135AAG3, STM32MP135CAE3, STM32MP135CAF3, STM32MP135CAG3, STM32MP135DAE7, STM32MP135DAF7, STM32MP135DAG7, STM32MP135F-DK, STM32MP135FAE7, STM32MP135FAF7, STM32MP135FAF7T, STM32MP135FAF7U, STM32MP135FAG7, STM32U031C6T6, STM32U031C6U6, STM32U031C8T6, STM32U031C8U6, STM32U031F4P6, STM32U031F6P6, STM32U031F8P6, STM32U031G6Y6TR, STM32U031G8Y6TR, STM32U031K4U6, STM32U031K6U6, STM32U031K8U6, STM32U031R6I6, STM32U031R6T6, STM32U031R8I6, STM32U031R8T6, STM32U073C8T6, STM32U073C8U6, STM32U073CBT6, STM32U073CBU6, STM32U073CCT6, STM32U073CCU6, STM32U073H8Y6TR, STM32U073HBY6TR, STM32U073HCY6TR, STM32U073K8U6, STM32U073KBU6, STM32U073KCU6, STM32U073M8I6, STM32U073M8T6, STM32U073MBI6, STM32U073MBT6, STM32U073MCI6, STM32U073MCT6, STM32U073R8I6, STM32U073R8T6, STM32U073RBI6, STM32U073RBT6, STM32U073RCI6, STM32U073RCT6, STM32U083C-DK, STM32U083CCT6, STM32U083CCU6, STM32U083HCY6TR, STM32U083KCU6, STM32U083MCI6, STM32U083MCT6, STM32U083RCI6, STM32U083RCT6, STM32U535CBT6, STM32U535CBT6Q, STM32U535CBU6, STM32U535CBU6Q, STM32U535CCT6, STM32U535CCT6Q, STM32U535CCU6, STM32U535CCU6Q, STM32U535CET6, STM32U535CET6Q, STM32U535CEU6, STM32U535CEU6Q, STM32U535JEY6QTR, STM32U535NCY6QTR, STM32U535NEY6QTR, STM32U535RBI6, STM32U535RBI6Q, STM32U535RBT6, STM32U535RBT6Q, STM32U535RCI6, STM32U535RCI6Q, STM32U535RCT6, STM32U535RCT6Q, STM32U535REI6, STM32U535REI6Q, STM32U535RET6, STM32U535RET6Q, STM32U535VCI6, STM32U535VCI6Q, STM32U535VCT6, STM32U535VCT6Q, STM32U535VEI6, STM32U535VEI6Q, STM32U535VET6, STM32U535VET6Q, STM32U545CET6, STM32U545CET6Q, STM32U545CEU6, STM32U545CEU6Q, STM32U545JEY6QTR, STM32U545NEY6QTR, STM32U545REI6, STM32U545REI6Q, STM32U545RET6, STM32U545RET6Q, STM32U545VEI6, STM32U545VEI6Q, STM32U545VET6, STM32U545VET6Q, STM32U595AIH6, STM32U595AIH6Q, STM32U595AJH6, STM32U595AJH6Q, STM32U595QII6, STM32U595QII6Q, STM32U595QJI6, STM32U595QJI6Q, STM32U595RIT6, STM32U595RIT6Q, STM32U595RJT6, STM32U595RJT6Q, STM32U595VIT6, STM32U595VIT6Q, STM32U595VJT6, STM32U595VJT6Q, STM32U595ZIT6, STM32U595ZIT6Q, STM32U595ZIY6QTR, STM32U595ZJT6, STM32U595ZJT6Q, STM32U595ZJY6QTR, STM32U599BJY6QTR, STM32U599NIH6Q, STM32U599NJH6Q, STM32U599VIT6Q, STM32U599VJT6, STM32U599VJT6Q, STM32U599ZIT6Q, STM32U599ZIY6QTR, STM32U599ZJT6Q, STM32U599ZJY6QTR, STM32U5A5AJH6, STM32U5A5AJH6Q, STM32U5A5QII3Q , STM32U5A5QJI6, STM32U5A5QJI6Q, STM32U5A5RJT6, STM32U5A5RJT6Q, STM32U5A5VJT6, STM32U5A5VJT6Q, STM32U5A5ZJT6, STM32U5A5ZJT6Q, STM32U5A5ZJY6QTR, STM32U5A9BJY6QTR, STM32U5A9J-DK, STM32U5A9NJH6Q, STM32U5A9VJT6Q, STM32U5A9ZJT6Q, STM32U5A9ZJY6QTR, STM32U5F7VIT6, STM32U5F7VIT6Q, STM32U5F7VJT6, STM32U5F7VJT6Q, STM32U5F9BJY6QTR, STM32U5F9NJH6Q, STM32U5F9VIT6Q, STM32U5F9VJT6Q, STM32U5F9ZIJ6QTR, STM32U5F9ZIT6Q, STM32U5F9ZJJ6QTR, STM32U5F9ZJT6Q, STM32U5G7VJT6, STM32U5G7VJT6Q, STM32U5G9BJY6QTR, STM32U5G9J-DK1, STM32U5G9J-DK2, STM32U5G9NJH6Q, STM32U5G9VJT6Q, STM32U5G9ZJJ6QTR, STM32U5G9ZJT6Q, STM32WB1MMCH6, STM32WBA50KEU6, STM32WBA50KEU6TR, STM32WBA50KGU6, STM32WBA50KGU6TR, STM32WBA52CEU6, STM32WBA52CEU6TR, STM32WBA52CEU7, STM32WBA52CEU7TR, STM32WBA52CGU6, STM32WBA52CGU6TR, STM32WBA52CGU6U, STM32WBA52CGU7, STM32WBA52CGU7TR, STM32WBA52KEU6, STM32WBA52KEU6TR, STM32WBA52KGU6, STM32WBA52KGU6TR, STM32WBA54CEU6, STM32WBA54CEU6TR, STM32WBA54CEU7, STM32WBA54CEU7TR, STM32WBA54CGU6, STM32WBA54CGU6TR, STM32WBA54CGU7, STM32WBA54CGU7TR, STM32WBA54KEU6, STM32WBA54KEU6TR, STM32WBA54KEU7, STM32WBA54KEU7TR, STM32WBA54KGU6, STM32WBA54KGU6TR, STM32WBA54KGU7, STM32WBA54KGU7TR, STM32WBA55CEU6, STM32WBA55CEU6TR, STM32WBA55CEU7, STM32WBA55CEU7TR, STM32WBA55CGU6, STM32WBA55CGU6TR, STM32WBA55CGU6U, STM32WBA55CGU7, STM32WBA55CGU7TR, STM32WBA55G-DK1, STM32WBA55HEF6, STM32WBA55HEF7, STM32WBA55HGF6, STM32WBA55HGF7, STM32WBA55UEI6, STM32WBA55UEI6TR, STM32WBA55UEI7, STM32WBA55UEI7TR, STM32WBA55UGI6, STM32WBA55UGI6TR, STM32WBA55UGI7, STM32WBA55UGI7TR, STM32WL5MOCH6, STM32WL5MOCH6TR]
2026-05-10 15:30:11,858 [INFO] BoardInfo:889 - No configuration file found for board B-WBA5M-WPAN
2026-05-10 15:30:11,860 [INFO] DbBoards:161 - Board is not supported: B-WBA5M-WPAN
2026-05-10 15:30:11,876 [INFO] BoardInfo:889 - No configuration file found for board NUCLEO-C051C8
2026-05-10 15:30:11,878 [INFO] DbBoards:161 - Board is not supported: NUCLEO-C051C8
2026-05-10 15:30:11,882 [INFO] BoardInfo:889 - No configuration file found for board NUCLEO-C071RB
2026-05-10 15:30:11,885 [INFO] DbBoards:161 - Board is not supported: NUCLEO-C071RB
2026-05-10 15:30:11,889 [INFO] BoardInfo:889 - No configuration file found for board NUCLEO-C092RC
2026-05-10 15:30:11,890 [INFO] DbBoards:161 - Board is not supported: NUCLEO-C092RC
2026-05-10 15:30:12,088 [INFO] BoardInfo:889 - No configuration file found for board NUCLEO-H5E5ZJ
2026-05-10 15:30:12,091 [INFO] DbBoards:161 - Board is not supported: NUCLEO-H5E5ZJ
2026-05-10 15:30:12,243 [INFO] BoardInfo:889 - No configuration file found for board NUCLEO-N657X0-Q
2026-05-10 15:30:12,245 [INFO] DbBoards:161 - Board is not supported: NUCLEO-N657X0-Q
2026-05-10 15:30:12,260 [INFO] BoardInfo:889 - No configuration file found for board NUCLEO-U385RG-Q
2026-05-10 15:30:12,261 [INFO] DbBoards:161 - Board is not supported: NUCLEO-U385RG-Q
2026-05-10 15:30:12,266 [INFO] BoardInfo:889 - No configuration file found for board NUCLEO-U3C5ZI-Q
2026-05-10 15:30:12,268 [INFO] DbBoards:161 - Board is not supported: NUCLEO-U3C5ZI-Q
2026-05-10 15:30:12,290 [INFO] BoardInfo:889 - No configuration file found for board NUCLEO-WB05KZ
2026-05-10 15:30:12,292 [INFO] DbBoards:161 - Board is not supported: NUCLEO-WB05KZ
2026-05-10 15:30:12,296 [INFO] BoardInfo:889 - No configuration file found for board NUCLEO-WB07CC
2026-05-10 15:30:12,297 [INFO] DbBoards:161 - Board is not supported: NUCLEO-WB07CC
2026-05-10 15:30:12,301 [INFO] BoardInfo:889 - No configuration file found for board NUCLEO-WB09KE
2026-05-10 15:30:12,303 [INFO] DbBoards:161 - Board is not supported: NUCLEO-WB09KE
2026-05-10 15:30:12,318 [INFO] BoardInfo:889 - No configuration file found for board NUCLEO-WBA25CE1
2026-05-10 15:30:12,319 [INFO] DbBoards:161 - Board is not supported: NUCLEO-WBA25CE1
2026-05-10 15:30:12,334 [INFO] BoardInfo:889 - No configuration file found for board NUCLEO-WBA65RI
2026-05-10 15:30:12,336 [INFO] DbBoards:161 - Board is not supported: NUCLEO-WBA65RI
2026-05-10 15:30:12,340 [INFO] BoardInfo:889 - No configuration file found for board NUCLEO-WL33CC1
2026-05-10 15:30:12,341 [INFO] DbBoards:161 - Board is not supported: NUCLEO-WL33CC1
2026-05-10 15:30:12,362 [INFO] BoardInfo:889 - No configuration file found for board NUCLEO-WL33CC2
2026-05-10 15:30:12,369 [INFO] DbBoards:161 - Board is not supported: NUCLEO-WL33CC2
2026-05-10 15:30:12,379 [INFO] BoardInfo:889 - No configuration file found for board NUCLEO-WL3RKB1
2026-05-10 15:30:12,382 [INFO] DbBoards:161 - Board is not supported: NUCLEO-WL3RKB1
2026-05-10 15:30:12,391 [INFO] BoardInfo:889 - No configuration file found for board NUCLEO-WL3RKB2
2026-05-10 15:30:12,395 [INFO] DbBoards:161 - Board is not supported: NUCLEO-WL3RKB2
2026-05-10 15:30:12,468 [INFO] BoardInfo:889 - No configuration file found for board P-NUCLEO-WB55
2026-05-10 15:30:12,469 [INFO] DbBoards:161 - Kit is not supported: P-NUCLEO-WB55
2026-05-10 15:30:12,503 [INFO] BoardInfo:889 - No configuration file found for board STEVAL-BFA001V1B
2026-05-10 15:30:12,504 [INFO] DbBoards:161 - Kit is not supported: STEVAL-BFA001V1B
2026-05-10 15:30:12,521 [INFO] BoardInfo:889 - No configuration file found for board STEVAL-BFA001V2B
2026-05-10 15:30:12,523 [INFO] DbBoards:161 - Kit is not supported: STEVAL-BFA001V2B
2026-05-10 15:30:13,147 [INFO] BoardInfo:889 - No configuration file found for board STM32H5F5J-DK
2026-05-10 15:30:13,149 [INFO] DbBoards:161 - Board is not supported: STM32H5F5J-DK
2026-05-10 15:30:13,431 [INFO] BoardInfo:889 - No configuration file found for board STM32MP215F-DK
2026-05-10 15:30:13,432 [INFO] DbBoards:161 - Board is not supported: STM32MP215F-DK
2026-05-10 15:30:13,439 [INFO] BoardInfo:889 - No configuration file found for board STM32MP257F-DK
2026-05-10 15:30:13,441 [INFO] DbBoards:161 - Board is not supported: STM32MP257F-DK
2026-05-10 15:30:13,446 [INFO] BoardInfo:889 - No configuration file found for board STM32MP257F-EV1
2026-05-10 15:30:13,447 [INFO] DbBoards:161 - Board is not supported: STM32MP257F-EV1
2026-05-10 15:30:13,450 [INFO] BoardInfo:889 - No configuration file found for board STM32N6570-DK
2026-05-10 15:30:13,451 [INFO] DbBoards:161 - Board is not supported: STM32N6570-DK
2026-05-10 15:30:13,555 [INFO] BoardInfo:889 - No configuration file found for board STM32WBA65I-DK1
2026-05-10 15:30:13,559 [INFO] DbBoards:161 - Board is not supported: STM32WBA65I-DK1
2026-05-10 15:30:13,560 [INFO] DbBoards:168 - Found 218 boards, 192 are supported
2026-05-10 15:30:13,562 [INFO] DbBoards:169 - Found 218 boards, 8 of them is supported for  Bsp
2026-05-10 15:30:13,578 [INFO] ApiDb:423 - Load user favorites file C:\Users\Aditya/.stm32cubeide/favorites.boards.txt: 0 item(s)
2026-05-10 15:30:13,579 [INFO] ApiDb:427 - User favorites Boards=[]
2026-05-10 15:30:13,579 [INFO] DbBoards:198 - Set 0 / 0 favorites Boards
2026-05-10 15:30:13,653 [ERROR] TargetSelectorAdapter:267 - Unable to refresh data
2026-05-10 15:30:14,084 [INFO] McuFinderGlobals:76 - Set McuFinderConnectedMode to true
2026-05-10 15:30:14,089 [INFO] MultiScanPanel:200 - Auto-refresh data requested => check proxy status ongoing
2026-05-10 15:30:14,090 [INFO] FinderPluginLoader:95 - Searching for filters in installed packs
2026-05-10 15:30:18,422 [INFO] LoadUrlFilesThread:185 - End of LoadServerUrlFiles without Thread
2026-05-10 15:30:18,422 [INFO] DetailPanel:341 - Set advertising image to C:/Users/Aditya/STM32Cube/Repository/\en.prom-stm32wba2-stm32-nucleo-board-0426.png
2026-05-10 15:30:31,279 [INFO] MultiScanPanel:200 - Auto-refresh data requested => check proxy status ongoing
2026-05-10 15:30:31,357 [INFO] LoadUrlFilesThread:185 - End of LoadServerUrlFiles without Thread
2026-05-10 15:30:31,357 [INFO] DetailPanel:341 - Set advertising image to C:/Users/Aditya/STM32Cube/Repository/\en.prom-stm32wba2-stm32-nucleo-board-0426.png
2026-05-10 15:30:31,379 [INFO] DbBoards:642 - Loading board mini-images...
2026-05-10 15:30:34,036 [INFO] DbBoards:665 - Loaded 218 board mini-images
2026-05-10 15:31:19,446 [INFO] MainUpdater:2873 - connection check result : 10
2026-05-10 15:31:19,447 [INFO] MainUpdater:2873 - connection check result : 10
2026-05-10 15:31:19,595 [INFO] MicroXplorer:468 - Change Database Path : 
2026-05-10 15:31:19,596 [INFO] MicroXplorer:498 - Change Database Version : DB.6.0.110
2026-05-10 15:31:19,755 [ERROR] ProjectManagerView:394 - 
java.lang.NullPointerException: Cannot invoke "javax.swing.JTextField.getText()" because the return value of "java.util.List.get(int)" is null
	at com.st.microxplorer.plugins.projectmanager.gui.ProjectChoiceTab$10.caretUpdate(ProjectChoiceTab.java:2504) ~[filemanager.jar:?]
	at javax.swing.text.JTextComponent.fireCaretUpdate(JTextComponent.java:412) ~[?:?]
	at javax.swing.text.JTextComponent$MutableCaretEvent.fire(JTextComponent.java:4491) ~[?:?]
	at javax.swing.text.JTextComponent$MutableCaretEvent.stateChanged(JTextComponent.java:4513) ~[?:?]
	at javax.swing.text.DefaultCaret.fireStateChanged(DefaultCaret.java:842) ~[?:?]
	at javax.swing.text.DefaultCaret.changeCaretPosition(DefaultCaret.java:1313) ~[?:?]
	at javax.swing.text.DefaultCaret.handleSetDot(DefaultCaret.java:1212) ~[?:?]
	at javax.swing.text.DefaultCaret.setDot(DefaultCaret.java:1193) ~[?:?]
	at javax.swing.text.DefaultCaret$Handler.insertUpdate(DefaultCaret.java:1789) ~[?:?]
	at javax.swing.text.AbstractDocument.fireInsertUpdate(AbstractDocument.java:226) ~[?:?]
	at javax.swing.text.AbstractDocument.handleInsertString(AbstractDocument.java:780) ~[?:?]
	at javax.swing.text.AbstractDocument.insertString(AbstractDocument.java:739) ~[?:?]
	at javax.swing.text.PlainDocument.insertString(PlainDocument.java:131) ~[?:?]
	at javax.swing.text.AbstractDocument.replace(AbstractDocument.java:698) ~[?:?]
	at javax.swing.text.JTextComponent.setText(JTextComponent.java:1729) ~[?:?]
	at com.st.microxplorer.plugins.projectmanager.gui.ProjectChoiceTab.createHeapStackFields(ProjectChoiceTab.java:944) ~[filemanager.jar:?]
	at com.st.microxplorer.plugins.projectmanager.gui.ProjectChoiceTab.buildLinkSettingsPanel(ProjectChoiceTab.java:3475) ~[filemanager.jar:?]
	at com.st.microxplorer.plugins.projectmanager.gui.ProjectChoiceTab.defineWindowsFields(ProjectChoiceTab.java:1816) ~[filemanager.jar:?]
	at com.st.microxplorer.plugins.projectmanager.gui.ProjectChoiceTab.updateSettings(ProjectChoiceTab.java:544) ~[filemanager.jar:?]
	at com.st.microxplorer.plugins.projectmanager.gui.ProjectSettingsPanel.UpdateDialog(ProjectSettingsPanel.java:245) ~[filemanager.jar:?]
	at com.st.microxplorer.plugins.projectmanager.ProjectManagerView.propertyChange(ProjectManagerView.java:391) ~[filemanager.jar:?]
	at java.beans.PropertyChangeSupport.fire(PropertyChangeSupport.java:343) ~[?:?]
	at java.beans.PropertyChangeSupport.firePropertyChange(PropertyChangeSupport.java:335) ~[?:?]
	at java.beans.PropertyChangeSupport.firePropertyChange(PropertyChangeSupport.java:268) ~[?:?]
	at com.st.microxplorer.util.MXPropertyChangeSupport.firePropertyChange(MXPropertyChangeSupport.java:54) ~[STM32CubeMX.jar:?]
	at com.st.microxplorer.mxsystem.MxSystem.closeConfig(MxSystem.java:900) ~[STM32CubeMX.jar:?]
	at com.st.microxplorer.maingui.MainPanel.closeConfig(MainPanel.java:776) ~[STM32CubeMX.jar:?]
	at com.st.microxplorer.plugins.filemanager.engine.OpenFileManager.loadConfigurationFile(OpenFileManager.java:245) ~[filemanager.jar:?]
	at com.st.microxplorer.plugins.filemanager.engine.MainFileManager.userLoadConfig(MainFileManager.java:315) ~[filemanager.jar:?]
	at com.st.microxplorer.plugins.filemanager.FileManagerView.getSpecificTask(FileManagerView.java:251) ~[filemanager.jar:?]
	at com.st.stm32cube.common.mx.editor.CubeMxEditor.getMxTabbedPaneInstance(CubeMxEditor.java:1191) ~[com.st.stm32cube.common.mx_6.11.0.202403141607/:?]
	at com.st.stm32cube.common.mx.editor.CubeMxEditor$12$1.createSwingComponent(CubeMxEditor.java:1068) ~[com.st.stm32cube.common.mx_6.11.0.202403141607/:?]
	at com.st.stm32cube.common.mx.oss.core.awtswtbridge.EmbeddedSwingComposite.doComponentCreation(EmbeddedSwingComposite.java:492) ~[com.st.stm32cube.common.mx.oss_6.11.0.202403141607/:?]
	at com.st.stm32cube.common.mx.oss.core.awtswtbridge.EmbeddedSwingComposite$4.run(EmbeddedSwingComposite.java:291) ~[com.st.stm32cube.common.mx.oss_6.11.0.202403141607/:?]
	at com.st.stm32cube.common.mx.oss.core.awtswtbridge.AwtEnvironment$2.run(AwtEnvironment.java:166) ~[com.st.stm32cube.common.mx.oss_6.11.0.202403141607/:?]
	at java.awt.event.InvocationEvent.dispatch(InvocationEvent.java:318) ~[?:?]
	at java.awt.EventQueue.dispatchEventImpl(EventQueue.java:773) ~[?:?]
	at java.awt.EventQueue$4.run(EventQueue.java:720) ~[?:?]
	at java.awt.EventQueue$4.run(EventQueue.java:714) ~[?:?]
	at java.security.AccessController.doPrivileged(AccessController.java:399) ~[?:?]
	at java.security.ProtectionDomain$JavaSecurityAccessImpl.doIntersectionPrivilege(ProtectionDomain.java:86) ~[?:?]
	at java.awt.EventQueue.dispatchEvent(EventQueue.java:742) ~[?:?]
	at java.awt.EventDispatchThread.pumpOneEventForFilters(EventDispatchThread.java:203) ~[?:?]
	at java.awt.EventDispatchThread.pumpEventsForFilter(EventDispatchThread.java:124) ~[?:?]
	at java.awt.EventDispatchThread.pumpEventsForHierarchy(EventDispatchThread.java:113) ~[?:?]
	at java.awt.EventDispatchThread.pumpEvents(EventDispatchThread.java:109) ~[?:?]
	at java.awt.EventDispatchThread.pumpEvents(EventDispatchThread.java:101) ~[?:?]
	at java.awt.EventDispatchThread.run(EventDispatchThread.java:90) ~[?:?]
2026-05-10 15:31:19,764 [WARN] ThirdParty:871 - waiting for thirdparty lock release [close project]
2026-05-10 15:31:19,764 [INFO] ThirdParty:873 - entering critical section [close project]
2026-05-10 15:31:19,764 [INFO] ThirdParty:883 - exiting critical section [close project]
2026-05-10 15:31:19,773 [INFO] PinOutPanel:1561 - setPackage(No Configuration,No Configuration)
2026-05-10 15:31:19,813 [WARN] IpParametersView:151 - Warning: This peripheral hasn't parameters
2026-05-10 15:31:19,838 [WARN] MainPanel:272 - <html><b><center>Warning: This peripheral has no parameters to be configured<br></b></html>
2026-05-10 15:31:19,857 [INFO] UtilMem:75 - Begin LoadConfig() Used Memory: 1042360616 Bytes (1073741824)
2026-05-10 15:31:19,858 [INFO] OpenFileManager:312 - Change cursor
2026-05-10 15:31:19,918 [INFO] RulesReader:64 - Compatibility file has been processed (297 Rules)
2026-05-10 15:31:19,931 [INFO] ProjectFactory:442 - No CPN specified for board NUCLEO-F446RE => set CPN to STM32F446RET6
2026-05-10 15:31:19,931 [INFO] Mcu:2021 - Initializing MCU STM32F446R(C-E)Tx STM32F446RETx STM32F446RET6
2026-05-10 15:31:23,805 [INFO] Context:663 - Trying to add GPIOservice into a context  which must be forbidden
2026-05-10 15:31:24,377 [INFO] Rule:228 - rule 117617 - U5Cobra4M][GTZC] default value MPCBB3 and MPCBB5 - Not Secured memory - MPCBB1 is applicable
2026-05-10 15:31:24,377 [INFO] Rule:228 - rule 117617 - U5Cobra4M][GTZC] default value MPCBB3 and MPCBB5 - Not Secured memory - MPCBB1 is applicable
2026-05-10 15:31:24,377 [INFO] Rule:228 - rule 117617 - U5Cobra4M][GTZC] default value MPCBB3 and MPCBB5 - Not Secured memory - MPCBB2 is applicable
2026-05-10 15:31:24,377 [INFO] Rule:228 - rule 117617 - U5Cobra4M][GTZC] default value MPCBB3 and MPCBB5 - Not Secured memory - MPCBB2 is applicable
2026-05-10 15:31:24,377 [INFO] Rule:228 - rule 117617 - U5Cobra4M][GTZC] default value MPCBB3 and MPCBB5 - Not Secured memory - MPCBB3 is applicable
2026-05-10 15:31:24,378 [INFO] Rule:228 - rule 117617 - U5Cobra4M][GTZC] default value MPCBB3 and MPCBB5 - Not Secured memory - MPCBB3 is applicable
2026-05-10 15:31:24,378 [INFO] Rule:228 - rule 117617 - U5Cobra4M][GTZC] default value MPCBB3 and MPCBB5 - Not Secured memory - MPCBB4 is applicable
2026-05-10 15:31:24,378 [INFO] Rule:228 - rule 117617 - U5Cobra4M][GTZC] default value MPCBB3 and MPCBB5 - Not Secured memory - MPCBB4 is applicable
2026-05-10 15:31:24,378 [INFO] Rule:228 - rule 117617 - U5Cobra4M][GTZC] default value MPCBB3 and MPCBB5 - Secured memory - MPCBB1 is applicable
2026-05-10 15:31:24,378 [INFO] Rule:228 - rule 117617 - U5Cobra4M][GTZC] default value MPCBB3 and MPCBB5 - Secured memory - MPCBB2 is applicable
2026-05-10 15:31:24,378 [INFO] Rule:228 - rule 117617 - U5Cobra4M][GTZC] default value MPCBB3 and MPCBB5 - Secured memory - MPCBB3 is applicable
2026-05-10 15:31:24,378 [INFO] Rule:228 - rule 117617 - U5Cobra4M][GTZC] default value MPCBB3 and MPCBB5 - Secured memory - MPCBB4 is applicable
2026-05-10 15:31:24,378 [INFO] Rule:228 - rule 117617 - U5Cobra4M][GTZC] default value MPCBB3 and MPCBB5 - Privileged memory - MPCBB1 is applicable
2026-05-10 15:31:24,378 [INFO] Rule:228 - rule 117617 - U5Cobra4M][GTZC] default value MPCBB3 and MPCBB5 - Privileged memory - MPCBB2 is applicable
2026-05-10 15:31:24,378 [INFO] Rule:228 - rule 117617 - U5Cobra4M][GTZC] default value MPCBB3 and MPCBB5 - Privileged memory - MPCBB3 is applicable
2026-05-10 15:31:24,378 [INFO] Rule:228 - rule 117617 - U5Cobra4M][GTZC] default value MPCBB3 and MPCBB5 - Privileged memory - MPCBB4 is applicable
2026-05-10 15:31:24,378 [INFO] Rule:228 - rule 117617 - U5Cobra4M][GTZC] default value MPCBB3 and MPCBB5 - Not Privileged memory - MPCBB1 is applicable
2026-05-10 15:31:24,378 [INFO] Rule:228 - rule 117617 - U5Cobra4M][GTZC] default value MPCBB3 and MPCBB5 - Not Privileged memory - MPCBB2 is applicable
2026-05-10 15:31:24,378 [INFO] Rule:228 - rule 117617 - U5Cobra4M][GTZC] default value MPCBB3 and MPCBB5 - Not Privileged memory - MPCBB3 is applicable
2026-05-10 15:31:24,378 [INFO] Rule:228 - rule 117617 - U5Cobra4M][GTZC] default value MPCBB3 and MPCBB5 - Not Privileged memory - MPCBB4 is applicable
2026-05-10 15:31:24,378 [INFO] Rule:228 - rule 117617 - U5Cobra4M][GTZC] default value MPCBB3 and MPCBB5 - Privileged memory - MPCBB1 is applicable
2026-05-10 15:31:24,378 [INFO] Rule:228 - rule 117617 - U5Cobra4M][GTZC] default value MPCBB3 and MPCBB5 - Privileged memory - MPCBB2 is applicable
2026-05-10 15:31:24,378 [INFO] Rule:228 - rule 117617 - U5Cobra4M][GTZC] default value MPCBB3 and MPCBB5 - Privileged memory - MPCBB3 is applicable
2026-05-10 15:31:24,378 [INFO] Rule:228 - rule 117617 - U5Cobra4M][GTZC] default value MPCBB3 and MPCBB5 - Privileged memory - MPCBB4 is applicable
2026-05-10 15:31:24,378 [INFO] Rule:228 - rule 117617 - U5Cobra4M][GTZC] default value MPCBB3 and MPCBB5 - Privileged memory - MPCBB1 is applicable
2026-05-10 15:31:24,378 [INFO] Rule:228 - rule 117617 - U5Cobra4M][GTZC] default value MPCBB3 and MPCBB5 - Privileged memory - MPCBB2 is applicable
2026-05-10 15:31:24,378 [INFO] Rule:228 - rule 117617 - U5Cobra4M][GTZC] default value MPCBB3 and MPCBB5 - Privileged memory - MPCBB3 is applicable
2026-05-10 15:31:24,379 [INFO] Rule:228 - rule 117617 - U5Cobra4M][GTZC] default value MPCBB3 and MPCBB5 - Privileged memory - MPCBB4 is applicable
2026-05-10 15:31:24,379 [INFO] Rule:228 - rule 117617 - U5Cobra4M][GTZC] default value MPCBB3 and MPCBB5 - Not Privileged memory - MPCBB1 is applicable
2026-05-10 15:31:24,379 [INFO] Rule:228 - rule 117617 - U5Cobra4M][GTZC] default value MPCBB3 and MPCBB5 - Not Privileged memory - MPCBB2 is applicable
2026-05-10 15:31:24,379 [INFO] Rule:228 - rule 117617 - U5Cobra4M][GTZC] default value MPCBB3 and MPCBB5 - Not Privileged memory - MPCBB3 is applicable
2026-05-10 15:31:24,379 [INFO] Rule:228 - rule 117617 - U5Cobra4M][GTZC] default value MPCBB3 and MPCBB5 - Not Privileged memory - MPCBB4 is applicable
2026-05-10 15:31:24,379 [INFO] Rule:228 - rule 117617 - U5Cobra4M][GTZC] default value MPCBB3 and MPCBB5 - Privileged memory - MPCBB1 is applicable
2026-05-10 15:31:24,379 [INFO] Rule:228 - rule 117617 - U5Cobra4M][GTZC] default value MPCBB3 and MPCBB5 - Privileged memory - MPCBB2 is applicable
2026-05-10 15:31:24,379 [INFO] Rule:228 - rule 117617 - U5Cobra4M][GTZC] default value MPCBB3 and MPCBB5 - Privileged memory - MPCBB3 is applicable
2026-05-10 15:31:24,379 [INFO] Rule:228 - rule 117617 - U5Cobra4M][GTZC] default value MPCBB3 and MPCBB5 - Privileged memory - MPCBB4 is applicable
2026-05-10 15:31:24,379 [INFO] Rule:228 - rule Rename SubGHz_Phy SUBGHZ_APPLICATION SUBGHZ_PINGPONG to SUBGHZ_ADV_APPLICATION is applicable
2026-05-10 15:31:24,379 [INFO] Rule:228 - rule Rename Enabled to IBEACON is applicable
2026-05-10 15:31:24,379 [INFO] Rule:228 - rule GTZC_S instance for project manager is applicable
2026-05-10 15:31:24,379 [INFO] Rule:228 - rule GTZC_S instance for context M33S is applicable
2026-05-10 15:31:24,379 [INFO] Rule:228 - rule GTZC_S instance value for IP GTZC is applicable
2026-05-10 15:31:24,379 [INFO] Rule:228 - rule GTZC_S instance for mcu.IP is applicable
2026-05-10 15:31:24,379 [INFO] Rule:228 - rule GTZC_S instance for VP is applicable
2026-05-10 15:31:24,379 [INFO] Rule:228 - rule GTZC_S instance for signal is applicable
2026-05-10 15:31:24,379 [INFO] Rule:228 - rule GTZC_S instance for mcu.Pin is applicable
2026-05-10 15:31:24,379 [INFO] Rule:228 - rule GTZC_S instance for VP is applicable
2026-05-10 15:31:24,379 [INFO] Rule:228 - rule GTZC_S instance for signal is applicable
2026-05-10 15:31:24,379 [INFO] Rule:228 - rule GTZC_S instance for mcu is applicable
2026-05-10 15:31:24,380 [INFO] Rule:228 - rule GTZC_S instance for mcu.Pin is applicable
2026-05-10 15:31:24,380 [INFO] Rule:228 - rule GTZC_S instance value for IP GTZC is applicable
2026-05-10 15:31:24,380 [INFO] Rule:228 - rule GTZC_S instance for project manager is applicable
2026-05-10 15:31:24,380 [INFO] Rule:228 - rule GTZC_S instance for context M33S is applicable
2026-05-10 15:31:24,380 [INFO] Rule:228 - rule GTZC_S instance for VP is applicable
2026-05-10 15:31:24,380 [INFO] Rule:228 - rule GTZC_S instance for signal is applicable
2026-05-10 15:31:24,380 [INFO] Rule:228 - rule SPDIFRX instance for mcu is applicable
2026-05-10 15:31:24,380 [INFO] Rule:228 - rule Rename Tracer Mode is applicable
2026-05-10 15:31:24,380 [INFO] Rule:228 - rule SPDIFRX instance value for IP SPDIFRX is applicable
2026-05-10 15:31:24,380 [INFO] Rule:228 - rule SPDIFRX instance for signal is applicable
2026-05-10 15:31:24,380 [INFO] Rule:228 - rule SPDIFRX instance for project manager is applicable
2026-05-10 15:31:24,380 [INFO] Rule:228 - rule SPDIFRX instance for project manager is applicable
2026-05-10 15:31:24,380 [INFO] Rule:228 - rule ADC Scan  fix with FW F7 is applicable
2026-05-10 15:31:24,380 [INFO] Rule:228 - rule ADC Scan  fix with FW F7 is applicable
2026-05-10 15:31:24,380 [INFO] Rule:228 - rule WakeUp0 Mode is applicable
2026-05-10 15:31:24,380 [INFO] Rule:228 - rule WakeUp0 SIGNAL is applicable
2026-05-10 15:31:24,381 [INFO] Rule:228 - rule WakeUp1 Mode is applicable
2026-05-10 15:31:24,381 [INFO] Rule:228 - rule WakeUp1 SIGNAL is applicable
2026-05-10 15:31:24,381 [INFO] Rule:228 - rule WakeUp2 Mode is applicable
2026-05-10 15:31:24,381 [INFO] Rule:228 - rule WakeUp2 SIGNAL is applicable
2026-05-10 15:31:24,381 [INFO] Rule:228 - rule WakeUp4 Mode is applicable
2026-05-10 15:31:24,381 [INFO] Rule:228 - rule WakeUp4 SIGNAL is applicable
2026-05-10 15:31:24,381 [INFO] Rule:228 - rule WakeUp5 Mode is applicable
2026-05-10 15:31:24,381 [INFO] Rule:228 - rule WakeUp5 SIGNAL is applicable
2026-05-10 15:31:24,381 [INFO] Rule:228 - rule Add RTC Activate Clock Source is applicable
2026-05-10 15:31:24,381 [INFO] Rule:228 - rule Add RTC Activate Calendar 1 is applicable
2026-05-10 15:31:24,381 [INFO] Rule:228 - rule Add RTC Activate Calendar 2 is applicable
2026-05-10 15:31:24,382 [INFO] Rule:228 - rule Add RTC Activate Calendar 3 is applicable
2026-05-10 15:31:24,382 [INFO] Rule:228 - rule UART/USART TX Mode is applicable
2026-05-10 15:31:24,382 [INFO] Rule:228 - rule UART/USART RX Mode is applicable
2026-05-10 15:31:24,382 [INFO] Rule:228 - rule UART/USART RX TX Mode is applicable
2026-05-10 15:31:24,382 [INFO] Rule:228 - rule UART/USART PARITY NONE is applicable
2026-05-10 15:31:24,382 [INFO] Rule:228 - rule UART/USART PARITY EVEN is applicable
2026-05-10 15:31:24,382 [INFO] Rule:228 - rule UART/USART PARITY ODD is applicable
2026-05-10 15:31:24,382 [INFO] Rule:228 - rule USART StopBits 1 is applicable
2026-05-10 15:31:24,382 [INFO] Rule:228 - rule USART StopBits 2 is applicable
2026-05-10 15:31:24,382 [INFO] Rule:228 - rule USART StopBits 1.5 is applicable
2026-05-10 15:31:24,382 [INFO] Rule:228 - rule USART StopBits 0.5 is applicable
2026-05-10 15:31:24,382 [INFO] Rule:228 - rule UART/USART WORD LENGTH 7 is applicable
2026-05-10 15:31:24,382 [INFO] Rule:228 - rule UART/USART WORD LENGTH 8 is applicable
2026-05-10 15:31:24,382 [INFO] Rule:228 - rule UART/USART WORD LENGTH 9 is applicable
2026-05-10 15:31:24,382 [INFO] Rule:228 - rule Rename FMC NAND NCE signal is applicable
2026-05-10 15:31:24,382 [INFO] Rule:228 - rule Rename FMC NAND INT signal is applicable
2026-05-10 15:31:24,382 [INFO] Rule:228 - rule Change Default Value for LSE Drive Capability for WB family is applicable
2026-05-10 15:31:24,382 [INFO] Rule:228 - rule Change Default Value for ADC Clock Prescaler G0 family is applicable
2026-05-10 15:31:24,382 [INFO] Rule:228 - rule Change Default Value for ADC ExternalTrigConv L4 family is applicable
2026-05-10 15:31:24,382 [INFO] Rule:228 - rule Change Default Value for ADC ExternalTrigInjecConv L4 family is applicable
2026-05-10 15:31:24,382 [INFO] Rule:228 - rule Change Default Value for ADC ExternalTrigConv F3 family is applicable
2026-05-10 15:31:24,382 [INFO] Rule:228 - rule Change Default Value for ADC ExternalTrigInjecConv F3 family is applicable
2026-05-10 15:31:24,382 [INFO] Rule:228 - rule Change Default Value for ADC ExternalTrigConv Goldfish serie is applicable
2026-05-10 15:31:24,382 [INFO] Rule:228 - rule Change Default Value for ADC ExternalTrigInjecConv Goldfish serie is applicable
2026-05-10 15:31:24,382 [INFO] Rule:228 - rule Change Default Value for ADC ExternalTrigConv L0 family is applicable
2026-05-10 15:31:24,382 [INFO] Rule:228 - rule Change Default Value for ADC ExternalTrigConv F0 family is applicable
2026-05-10 15:31:24,383 [INFO] Rule:228 - rule Change Default Value for ADC ExternalTrigConvn L1 family is applicable
2026-05-10 15:31:24,383 [INFO] Rule:228 - rule Change Default Value for ADC ExternalTrigInjecConv L1 family is applicable
2026-05-10 15:31:24,383 [INFO] Rule:228 - rule Change Default Value for ADC ExternalTrigConv F1 family is applicable
2026-05-10 15:31:24,383 [INFO] Rule:228 - rule Change Default Value for ADC ExternalTrigInjecConv F1 family is applicable
2026-05-10 15:31:24,383 [INFO] Rule:228 - rule Change Default Value for ADC ExternalTrigConv F7 family is applicable
2026-05-10 15:31:24,383 [INFO] Rule:228 - rule Change Default Value for ADC ExternalTrigInjecConv F7 family is applicable
2026-05-10 15:31:24,383 [INFO] Rule:228 - rule Change Default Value for ADC ExternalTrigConv F4 and F2 family is applicable
2026-05-10 15:31:24,383 [INFO] Rule:228 - rule Change Default Value for ADC ExternalTrigInjecConv F4 and F2 family is applicable
2026-05-10 15:31:24,383 [INFO] Rule:228 - rule ADC SamplingTime fix with FW L0  is applicable
2026-05-10 15:31:24,383 [INFO] Rule:228 - rule ADC SamplingTime fix with FW L0  is applicable
2026-05-10 15:31:24,383 [INFO] Rule:228 - rule ADC SamplingTime fix with FW L0 is applicable
2026-05-10 15:31:24,383 [INFO] Rule:228 - rule ADC SamplingTime fix with FW L0 is applicable
2026-05-10 15:31:24,383 [INFO] Rule:228 - rule ADC SamplingTime fix with FW L0  is applicable
2026-05-10 15:31:24,383 [INFO] Rule:228 - rule ADC SamplingTime fix with FW L0 is applicable
2026-05-10 15:31:24,383 [INFO] Rule:228 - rule Rename USB_OE Signal is applicable
2026-05-10 15:31:24,383 [INFO] Rule:228 - rule Rename Activate_OE Mode is applicable
2026-05-10 15:31:24,383 [INFO] Rule:228 - rule Rename DIE462/DIE415 pin PC14/OSC32_IN -> PC14-OSC32_IN (PC14) is applicable
2026-05-10 15:31:24,383 [INFO] Rule:228 - rule Rename DIE462/DIE415 pin PC15/OSC32_OUT -> PC15-OSC32_OUT (PC15) is applicable
2026-05-10 15:31:24,383 [INFO] Rule:228 - rule Rename DIE462/DIE415 pin PH0/OSC_IN -> PH0-OSC_IN (PH0) is applicable
2026-05-10 15:31:24,383 [INFO] Rule:228 - rule Rename DIE462/DIE415 pin PH1/OSC_OUT -> PH1-OSC_OUT (PH1) is applicable
2026-05-10 15:31:24,383 [INFO] Rule:228 - rule Rename DIE462 pin PA13 -> PA13 (JTMS/SWDIO) is applicable
2026-05-10 15:31:24,383 [INFO] Rule:228 - rule Rename DIE415 pin PA13 -> PA13 (JTMS/SWDIO) is applicable
2026-05-10 15:31:24,383 [INFO] Rule:228 - rule Rename DIE462 pin PA14 -> PA14 (JTCK/SWCLK) is applicable
2026-05-10 15:31:24,383 [INFO] Rule:228 - rule Rename DIE415 pin PA14 -> PA14 (JTCK/SWCLK) is applicable
2026-05-10 15:31:24,383 [INFO] Rule:228 - rule Rename DIE462/DIE415 pin PA15 -> PA15 (JTDI) is applicable
2026-05-10 15:31:24,384 [INFO] Rule:228 - rule Rename DIE462 pin PB3 -> PB3 (JTD0/TRACESWO) is applicable
2026-05-10 15:31:24,384 [INFO] Rule:228 - rule Rename DIE415 pin PB3 -> PB3 (JTD0-TRACESWO) is applicable
2026-05-10 15:31:24,384 [INFO] Rule:228 - rule Rename DIE462/DIE415 pin PB4 -> PB4 (NJTRST) is applicable
2026-05-10 15:31:24,384 [INFO] Rule:228 - rule Rename DIE462 pin PH3/BOOT0 -> PH3-BOOT0 (BOOT0) is applicable
2026-05-10 15:31:24,384 [INFO] Rule:228 - rule Rename CRYP DataEncryptionTypesList to Algorithm is applicable
2026-05-10 15:31:24,384 [INFO] Rule:228 - rule Rename AES DataEncryptionTypesList to Algorithm is applicable
2026-05-10 15:31:24,384 [INFO] Rule:228 - rule Rename TDESECB to CRYP_TDES_ECB is applicable
2026-05-10 15:31:24,384 [INFO] Rule:228 - rule Rename TDESCBC to CRYP_TDES_CBC is applicable
2026-05-10 15:31:24,384 [INFO] Rule:228 - rule Rename DESECB to CRYP_DES_ECB is applicable
2026-05-10 15:31:24,384 [INFO] Rule:228 - rule Rename DESCBC to CRYP_DES_CBC is applicable
2026-05-10 15:31:24,384 [INFO] Rule:228 - rule Rename AESECB to CRYP_AES_ECB is applicable
2026-05-10 15:31:24,384 [INFO] Rule:228 - rule Rename AESCBC to CRYP_AES_CBC is applicable
2026-05-10 15:31:24,384 [INFO] Rule:228 - rule Rename AESCTR to CRYP_AES_CTR is applicable
2026-05-10 15:31:24,384 [INFO] Rule:228 - rule Rename AESGCM to CRYP_AES_GCM is applicable
2026-05-10 15:31:24,384 [INFO] Rule:228 - rule Rename AESCCM to CRYP_AES_CCM is applicable
2026-05-10 15:31:24,384 [INFO] Rule:228 - rule Rename CAN TimeSeg1 to BS1 is applicable
2026-05-10 15:31:24,384 [INFO] Rule:228 - rule Rename CAN TimeSeg2 to BS2 is applicable
2026-05-10 15:31:24,384 [INFO] Rule:228 - rule Rename CAN SyncJumpWidth to SJW is applicable
2026-05-10 15:31:24,384 [INFO] Rule:228 - rule TimeTriggeredMode to TTCM is applicable
2026-05-10 15:31:24,384 [INFO] Rule:228 - rule Rename CAN AutoBusOff to ABOM is applicable
2026-05-10 15:31:24,384 [INFO] Rule:228 - rule Rename CAN AutoWakeUp to AWUM is applicable
2026-05-10 15:31:24,384 [INFO] Rule:228 - rule Rename CAN AutoRetransmission to NART is applicable
2026-05-10 15:31:24,384 [INFO] Rule:228 - rule Rename CAN ReceiveFifoLocked to RFLM is applicable
2026-05-10 15:31:24,385 [INFO] Rule:228 - rule Rename CAN TransmitFifoPriority to TXFP is applicable
2026-05-10 15:31:24,385 [INFO] Rule:228 - rule Rename HRTIMER HRTIM_OUTPUTFAULTLEVEL_HIGH in HRTIMER HRTIM_OUTPUTFAULTLEVEL_HIGHZ is applicable
2026-05-10 15:31:24,385 [INFO] Rule:228 - rule Rename TIMER TIM_CLEARINPUTSOURCE_OCREFCLR in  TIMER TIM_CLEARINPUTSOURCE_NONE for F7 family is applicable
2026-05-10 15:31:24,385 [INFO] Rule:228 - rule FDCAN_R1 - Rename FDCAN mode Master into Classic is applicable
2026-05-10 15:31:24,385 [INFO] Rule:228 - rule FDCAN_R2 - Rename FDCAN mode Slave into Classic is applicable
2026-05-10 15:31:24,385 [INFO] Rule:228 - rule FDCAN1_R3 - if PA10.Mode=FullDuplex, add Pin PA12 is applicable
2026-05-10 15:31:24,385 [INFO] Rule:228 - rule FDCAN1_R3 - if PA9.Mode=FullDuplex, add Pin PA11 is applicable
2026-05-10 15:31:24,385 [INFO] Rule:228 - rule FDCAN1_R3 - Alternatepin_1 - if PE1.Mode=FullDuplex, add Pin PB9 is applicable
2026-05-10 15:31:24,385 [INFO] Rule:228 - rule FDCAN1_R3 - Alternatepin_1 - if PE0.Mode=FullDuplex, add Pin PB8 is applicable
2026-05-10 15:31:24,385 [INFO] Rule:228 - rule FDCAN1_R3 - Alternatepin_2 - if PD5.Mode=FullDuplex, add Pin PD1 is applicable
2026-05-10 15:31:24,385 [INFO] Rule:228 - rule FDCAN1_R3 - Alternatepin_2 - if PD4.Mode=FullDuplex, add Pin PD0 is applicable
2026-05-10 15:31:24,385 [INFO] Rule:228 - rule FDCAN1_R4 - Rename Mode FullDuplex into Enable FDCAN_TXFD for pin PA10 is applicable
2026-05-10 15:31:24,385 [INFO] Rule:228 - rule FDCAN1_R4 - Rename Mode FullDuplex into Enable FDCAN_TXFD for pin PA9 is applicable
2026-05-10 15:31:24,385 [INFO] Rule:228 - rule FDCAN1_R4 - Alternatepin_1 - Rename Mode FullDuplex into Enable FDCAN_TXFD for pin PE1 is applicable
2026-05-10 15:31:24,385 [INFO] Rule:228 - rule FDCAN1_R4 - Alternatepin_1 - Rename Mode FullDuplex into Enable FDCAN_TXFD for pin PE0 is applicable
2026-05-10 15:31:24,385 [INFO] Rule:228 - rule FDCAN1_R4 - Alternatepin_2 - Rename Mode FullDuplex into Enable FDCAN_TXFD for pin PD5 is applicable
2026-05-10 15:31:24,385 [INFO] Rule:228 - rule FDCAN1_R4 - Alternatepin_2 - Rename Mode FullDuplex into Enable FDCAN_TXFD for pin PD4 is applicable
2026-05-10 15:31:24,385 [INFO] Rule:228 - rule FDCAN2_R3 - if PD10.Mode=FullDuplex, add Pin PB13 is applicable
2026-05-10 15:31:24,385 [INFO] Rule:228 - rule FDCAN2_R3 - if PD9.Mode=FullDuplex, add Pin PB12 is applicable
2026-05-10 15:31:24,385 [INFO] Rule:228 - rule FDCAN2_R3 - Alternatepin_1 - if PB7.Mode=FullDuplex, add Pin PB6 is applicable
2026-05-10 15:31:24,385 [INFO] Rule:228 - rule FDCAN2_R3 - Alternatepin_1 - if PD9.Mode=FullDuplex, add Pin PB12 is applicable
2026-05-10 15:31:24,385 [INFO] Rule:228 - rule FDCAN2_R4 - Rename Mode FullDuplex into Enable FDCAN_TXFD for pin PD10 is applicable
2026-05-10 15:31:24,385 [INFO] Rule:228 - rule FDCAN2_R4 - Rename Mode FullDuplex into Enable FDCAN_TXFD for pin PD9 is applicable
2026-05-10 15:31:24,385 [INFO] Rule:228 - rule FDCAN2_R4 - Alternatepin_1 - Rename Mode FullDuplex into Enable FDCAN_TXFD for pin PB7 is applicable
2026-05-10 15:31:24,385 [INFO] Rule:228 - rule FDCAN2_R4 - Alternatepin_1 - Rename Mode FullDuplex into Enable FDCAN_TXFD for pin PD6 is applicable
2026-05-10 15:31:24,385 [INFO] Rule:228 - rule USART TxPinLevelInvertParam Mode is applicable
2026-05-10 15:31:24,385 [INFO] Rule:228 - rule USART RxPinLevelInvertParam Mode is applicable
2026-05-10 15:31:24,385 [INFO] Rule:228 - rule USART DataInvertParam Mode is applicable
2026-05-10 15:31:24,385 [INFO] Rule:228 - rule USART SwapParam Mode is applicable
2026-05-10 15:31:24,385 [INFO] Rule:228 - rule USART OverrunDisableParam Mode is applicable
2026-05-10 15:31:24,385 [INFO] Rule:228 - rule USART DMADisableonRxErrorParam Mode is applicable
2026-05-10 15:31:24,385 [INFO] Rule:228 - rule USART MSBFirstParam Mode is applicable
2026-05-10 15:31:24,385 [INFO] Rule:228 - rule Update MwName for USB_DEVICE is applicable
2026-05-10 15:31:24,385 [INFO] Rule:228 - rule Change PWR_Regulator_Voltage_Scale Default Value for RCC  H7 family is applicable
2026-05-10 15:31:24,385 [INFO] Rule:228 - rule UART/USART IPParameter rename Prescaler parameter to ClockPrescaler is applicable
2026-05-10 15:31:24,385 [INFO] Rule:228 - rule UART/USART Prescaler rename Prescaler parameter to ClockPrescaler is applicable
2026-05-10 15:31:24,385 [INFO] Rule:228 - rule TIM1CLockSelection is applicable
2026-05-10 15:31:24,385 [INFO] Rule:228 - rule TIM15CLockSelection is applicable
2026-05-10 15:31:24,385 [INFO] Rule:228 - rule align RCC SDMMC3CLockSelection default value on MP1 is applicable
2026-05-10 15:31:24,385 [INFO] Rule:228 - rule align RCC SDMMC12CLockSelection default value on MP1 is applicable
2026-05-10 15:31:24,385 [INFO] Rule:228 - rule align RCC QSPICLockSelection default value on MP1 is applicable
2026-05-10 15:31:24,385 [INFO] Rule:228 - rule align RCC QSPICLockSelection default value on MP1 is applicable
2026-05-10 15:31:24,385 [INFO] Rule:228 - rule align RCC SPI6CLockSelection default value on MP1 is applicable
2026-05-10 15:31:24,385 [INFO] Rule:228 - rule align RCC LPTIM23CLockSelection default value on MP1 is applicable
2026-05-10 15:31:24,386 [INFO] Rule:228 - rule align RCC LPTIM1CLockSelection default value on MP1 is applicable
2026-05-10 15:31:24,386 [INFO] Rule:228 - rule align RCC USART1CLockSelection default value on MP1 is applicable
2026-05-10 15:31:24,386 [INFO] Rule:228 - rule align RCC USART24CLockSelection default value on MP1 is applicable
2026-05-10 15:31:24,386 [INFO] Rule:228 - rule align RCC USART6CLockSelection default value on MP1 is applicable
2026-05-10 15:31:24,386 [INFO] Rule:228 - rule align RCC UART78CLockSelection default value on MP1 is applicable
2026-05-10 15:31:24,386 [INFO] Rule:228 - rule align RCC USART35CLockSelection default value on MP1 is applicable
2026-05-10 15:31:24,386 [INFO] Rule:228 - rule align RCC SPI45CLockSelection default value on MP1 is applicable
2026-05-10 15:31:24,386 [INFO] Rule:228 - rule align RCC I2C46CLockSelection BCLK value on MP1 is applicable
2026-05-10 15:31:24,386 [INFO] Rule:228 - rule align RCC SPI45CLockSelection default value on MP1 is applicable
2026-05-10 15:31:24,386 [INFO] Rule:228 - rule align RCC I2C12CLockSelection default value on MP1 is applicable
2026-05-10 15:31:24,386 [INFO] Rule:228 - rule align RCC I2C35CLockSelection default value on MP1 is applicable
2026-05-10 15:31:24,386 [INFO] Rule:228 - rule align RCC LPTIM45CLockSelection default value on MP1 is applicable
2026-05-10 15:31:24,386 [INFO] Rule:228 - rule Rename DCMI PIXCK signal is applicable
2026-05-10 15:31:24,386 [INFO] Rule:228 - rule Change Default Value for I2C46CLockSelection MP1 family is applicable
2026-05-10 15:31:24,386 [INFO] Rule:228 - rule Change Default Value for UART for G4, G0 and WB families is applicable
2026-05-10 15:31:24,386 [INFO] Rule:228 - rule Change Default Value for USART for G4, G0 and WB families is applicable
2026-05-10 15:31:24,386 [INFO] Rule:228 - rule Change Default Value for USART for G4 family is applicable
2026-05-10 15:31:24,386 [INFO] Rule:228 - rule Change USART1CLockSelection refparam name for MP1 is applicable
2026-05-10 15:31:24,386 [INFO] Rule:228 - rule Change USART2CLockSelection refparam name for MP1 is applicable
2026-05-10 15:31:24,386 [INFO] Rule:228 - rule Change USART3CLockSelection refparam name for MP1 is applicable
2026-05-10 15:31:24,386 [INFO] Rule:228 - rule Change UART4CLockSelection refparam name for MP1 is applicable
2026-05-10 15:31:24,386 [INFO] Rule:228 - rule Change UART5CLockSelection refparam name for MP1 is applicable
2026-05-10 15:31:24,386 [INFO] Rule:228 - rule Change LPUART1CLockSelection refparam name for MP1 is applicable
2026-05-10 15:31:24,386 [INFO] Rule:228 - rule Change LPTIM1CLockSelection refparam name for MP1 is applicable
2026-05-10 15:31:24,386 [INFO] Rule:228 - rule Change LPTIM2CLockSelection refparam name for MP1 is applicable
2026-05-10 15:31:24,386 [INFO] Rule:228 - rule Change RCC_MCO1Source refparam name for MP1 is applicable
2026-05-10 15:31:24,386 [INFO] Rule:228 - rule Change LSCOSource1 refparam name for MP1 is applicable
2026-05-10 15:31:24,386 [INFO] Rule:228 - rule Change SMPSCLockSelection refparam name for MP1 is applicable
2026-05-10 15:31:24,386 [INFO] Rule:228 - rule Change LPTIM3CLockSelection refparam name for MP1 is applicable
2026-05-10 15:31:24,386 [INFO] Rule:228 - rule Change MPCBB* Default Template Mode to Parameters is applicable
2026-05-10 15:31:24,386 [INFO] Rule:228 - rule Change MPCWM* or MPCBB* Secure Mode to Parameters is applicable
2026-05-10 15:31:24,386 [INFO] Rule:228 - rule Change MPCWM* or MPCBB* No Secure Mode to Parameters is applicable
2026-05-10 15:31:24,386 [INFO] Rule:228 - rule Change TZSC IP Secure Mode to Parameters is applicable
2026-05-10 15:31:24,386 [INFO] Rule:228 - rule Change TZSC IP No Secure Mode to Parameters is applicable
2026-05-10 15:31:24,386 [INFO] Rule:228 - rule Change TZSC IP Privilege Mode to Parameters is applicable
2026-05-10 15:31:24,386 [INFO] Rule:228 - rule Change TZSC IP No Privilege Mode to Parameters is applicable
2026-05-10 15:31:24,386 [INFO] Rule:228 - rule Change TZIC IT Secure Mode to Parameters is applicable
2026-05-10 15:31:24,386 [INFO] Rule:228 - rule Change TZIC IT No Secure Mode to Parameters is applicable
2026-05-10 15:31:24,386 [INFO] Rule:228 - rule Add MPCBB1_NonSecureArea_Start_Address value with referenced to MPCBB1_NonSecureArea_Start value is applicable
2026-05-10 15:31:24,386 [INFO] Rule:228 - rule Add MPCBB2_NonSecureArea_Start_Address value with referenced to MPCBB2_NonSecureArea_Start value is applicable
2026-05-10 15:31:24,386 [INFO] Rule:228 - rule Add MPCWM1_NonSecureArea*_Start_Address value with referenced to MPCWM1_NonSecureArea*_Start value is applicable
2026-05-10 15:31:24,386 [INFO] Rule:228 - rule Add MPCWM2_NonSecureArea*_Start_Address value with referenced to MPCWM2_NonSecureArea*_Start value is applicable
2026-05-10 15:31:24,387 [INFO] Rule:228 - rule Add MPCWM3_NonSecureArea_Start_Address value with referenced to MPCWM3_NonSecureArea_Start value is applicable
2026-05-10 15:31:24,387 [INFO] Rule:228 - rule Change Default Value for PLL1UserDefinedConfig is applicable
2026-05-10 15:31:24,387 [INFO] Rule:228 - rule Change GPIO_PuPd Default Value for USART in async mode is applicable
2026-05-10 15:31:24,387 [INFO] Rule:228 - rule Change SMPSDivider Default Value is applicable
2026-05-10 15:31:24,387 [INFO] Rule:228 - rule OPAMP is applicable
2026-05-10 15:31:24,387 [INFO] Rule:228 - rule LPUART IPParameter rename Prescaler parameter to ClockPrescaler for STM32H7 is applicable
2026-05-10 15:31:24,387 [INFO] Rule:228 - rule LPUART IPParameter rename Prescaler parameter to ClockPrescaler for STM32H7 is applicable
2026-05-10 15:31:24,387 [INFO] Rule:228 - rule LPUART IPParameter rename Prescaler parameter to ClockPrescaler for STM32WB is applicable
2026-05-10 15:31:24,387 [INFO] Rule:228 - rule LPUART IPParameter rename Prescaler parameter to ClockPrescaler for STM32WB is applicable
2026-05-10 15:31:24,387 [INFO] Rule:228 - rule LPUART IPParameter rename Prescaler parameter to ClockPrescaler for STM32G4 is applicable
2026-05-10 15:31:24,387 [INFO] Rule:228 - rule LPUART IPParameter rename Prescaler parameter to ClockPrescaler for STM32G4 is applicable
2026-05-10 15:31:24,387 [INFO] Rule:228 - rule LPUART IPParameter rename Prescaler parameter to ClockPrescaler for STM32L5 is applicable
2026-05-10 15:31:24,387 [INFO] Rule:228 - rule LPUART IPParameter rename Prescaler parameter to ClockPrescaler for STM32L5 is applicable
2026-05-10 15:31:24,387 [INFO] Rule:228 - rule LPUART IPParameter rename Prescaler parameter to ClockPrescaler for STM32G4 is applicable
2026-05-10 15:31:24,387 [INFO] Rule:228 - rule LPUART IPParameter rename Prescaler parameter to ClockPrescaler for STM32G4 is applicable
2026-05-10 15:31:24,387 [INFO] Rule:228 - rule USB device lib V2.5.3 for L0 rename USBD_SUPPORT_USER_STRING parameter to USBD_SUPPORT_USER_STRING_DESC4 is applicable
2026-05-10 15:31:24,387 [INFO] Rule:228 - rule I2SCLockSelection clock entry align is applicable
2026-05-10 15:31:24,387 [INFO] Rule:228 - rule Assign TIMx context if used as SYS timebase is applicable
2026-05-10 15:31:24,387 [INFO] Rule:228 - rule Change GPIO_Pu Default Value for I2C is applicable
2026-05-10 15:31:24,387 [INFO] Rule:228 - rule Change GPIO_Pu Default Value for SMBus is applicable
2026-05-10 15:31:24,387 [INFO] Rule:228 - rule change FDCAN default value is applicable
2026-05-10 15:31:24,387 [INFO] Rule:228 - rule Change mode sai is applicable
2026-05-10 15:31:24,387 [INFO] Rule:228 - rule **Change sai mode is applicable
2026-05-10 15:31:24,387 [INFO] Rule:228 - rule Rename STM32WPAN CFG_BLE_IRK to CFG_BLE_IR is applicable
2026-05-10 15:31:24,387 [INFO] Rule:228 - rule Rename STM32WPAN CFG_BLE_ERK to CFG_BLE_ER is applicable
2026-05-10 15:31:24,387 [INFO] Rule:228 - rule Rename STM32WPAN CFG_BLE_IRK_HEX to CFG_BLE_IR_HEX is applicable
2026-05-10 15:31:24,387 [INFO] Rule:228 - rule Rename STM32WPAN CFG_BLE_ERK_HEX to CFG_BLE_ER_HEX is applicable
2026-05-10 15:31:24,403 [INFO] DbConfProperties:307 - Apply Compatibility (49/262 Rules)
2026-05-10 15:31:24,439 [INFO] ImportTextPane:194 - (OptionalMessage_ERROR) Unable to find key (Mcu.ThirdPartyNb) in loaded IOC file
2026-05-10 15:31:24,479 [INFO] RtosManager:555 - Registered RTOS mode: class=CMSIS, group=RTOS, mode=CMSIS_V1, owner=FREERTOS
2026-05-10 15:31:24,479 [INFO] RtosManager:555 - Registered RTOS mode: class=CMSIS, group=RTOS2, mode=CMSIS_V2, owner=FREERTOS
2026-05-10 15:31:24,479 [INFO] RtosManager:555 - Registered RTOS mode: class=RTOS, group=Core, mode=CMSIS_V1, owner=FREERTOS
2026-05-10 15:31:24,479 [INFO] RtosManager:555 - Registered RTOS mode: class=RTOS, group=Core, mode=CMSIS_V2, owner=FREERTOS
2026-05-10 15:31:24,479 [WARN] ModelIntegratedComponent:184 - Missing modes for component STMicroelectronics:FreeRTOS:0.0.1:STMicroelectronics:RTOS:FreeRTOS:Core:::10.2.0:
2026-05-10 15:31:24,486 [WARN] ModelIntegratedComponent:63 - No mode defined for component null
2026-05-10 15:31:24,486 [WARN] ModelIntegratedComponent:63 - No mode defined for component null
2026-05-10 15:31:24,486 [WARN] ModelIntegratedComponent:63 - No mode defined for component null
2026-05-10 15:31:24,486 [WARN] ModelIntegratedComponent:63 - No mode defined for component null
2026-05-10 15:31:24,486 [WARN] ModelIntegratedComponent:63 - No mode defined for component null
2026-05-10 15:31:24,486 [WARN] ModelIntegratedComponent:63 - No mode defined for component null
2026-05-10 15:31:24,486 [WARN] ModelIntegratedComponent:63 - No mode defined for component null
2026-05-10 15:31:24,486 [WARN] ModelIntegratedComponent:63 - No mode defined for component null
2026-05-10 15:31:24,486 [WARN] ModelIntegratedComponent:63 - No mode defined for component null
2026-05-10 15:31:24,486 [WARN] ModelIntegratedComponent:63 - No mode defined for component null
2026-05-10 15:31:24,486 [WARN] ModelIntegratedComponent:63 - No mode defined for component null
2026-05-10 15:31:24,486 [WARN] ModelIntegratedComponent:63 - No mode defined for component null
2026-05-10 15:31:24,486 [WARN] ModelIntegratedComponent:63 - No mode defined for component null
2026-05-10 15:31:24,486 [WARN] ModelIntegratedComponent:63 - No mode defined for component null
2026-05-10 15:31:24,486 [WARN] ModelIntegratedComponent:63 - No mode defined for component null
2026-05-10 15:31:24,487 [WARN] ModelIntegratedComponent:63 - No mode defined for component null
2026-05-10 15:31:24,487 [WARN] ModelIntegratedComponent:63 - No mode defined for component null
2026-05-10 15:31:24,487 [WARN] ModelIntegratedComponent:63 - No mode defined for component null
2026-05-10 15:31:24,487 [WARN] ModelIntegratedComponent:63 - No mode defined for component null
2026-05-10 15:31:24,487 [WARN] ModelIntegratedComponent:63 - No mode defined for component null
2026-05-10 15:31:24,487 [WARN] ModelIntegratedComponent:63 - No mode defined for component null
2026-05-10 15:31:24,487 [WARN] ModelIntegratedComponent:63 - No mode defined for component null
2026-05-10 15:31:24,487 [WARN] ModelIntegratedComponent:63 - No mode defined for component null
2026-05-10 15:31:24,487 [WARN] ModelIntegratedComponent:63 - No mode defined for component null
2026-05-10 15:31:24,487 [WARN] ModelIntegratedComponent:63 - No mode defined for component null
2026-05-10 15:31:24,487 [WARN] ModelIntegratedComponent:63 - No mode defined for component null
2026-05-10 15:31:24,487 [WARN] ModelIntegratedComponent:63 - No mode defined for component null
2026-05-10 15:31:24,487 [WARN] ModelIntegratedComponent:63 - No mode defined for component null
2026-05-10 15:31:24,487 [WARN] ModelIntegratedComponent:63 - No mode defined for component null
2026-05-10 15:31:24,487 [WARN] ModelIntegratedComponent:63 - No mode defined for component null
2026-05-10 15:31:24,487 [WARN] ModelIntegratedComponent:63 - No mode defined for component null
2026-05-10 15:31:24,487 [WARN] ModelIntegratedComponent:63 - No mode defined for component null
2026-05-10 15:31:24,487 [WARN] ModelIntegratedComponent:63 - No mode defined for component null
2026-05-10 15:31:24,487 [WARN] ModelIntegratedComponent:63 - No mode defined for component null
2026-05-10 15:31:25,045 [INFO] ThirdPartyModel:298 - Start build external matchings
2026-05-10 15:31:28,604 [INFO] ThirdPartyModel:316 - End build external matchings
2026-05-10 15:31:28,633 [INFO] ImportTextPane:194 - (OptionalMessage_ERROR) IP (RCC) : Invalid parameter (48MHZClocksFreq_Value)
2026-05-10 15:31:28,633 [INFO] ImportTextPane:194 - (OptionalMessage_ERROR) IP (RCC) : Invalid parameter (EthernetFreq_Value)
2026-05-10 15:31:28,633 [INFO] ImportTextPane:194 - (OptionalMessage_ERROR) IP (RCC) : Parameter (FLatency) has Id (AdvancedSettings) currently not set
2026-05-10 15:31:28,633 [INFO] ImportTextPane:194 - (OptionalMessage_ERROR) IP (RCC) : Invalid parameter (FamilyName)
2026-05-10 15:31:28,633 [INFO] ImportTextPane:194 - (OptionalMessage_ERROR) IP (RCC) : Invalid parameter (I2SClocksFreq_Value)
2026-05-10 15:31:28,634 [INFO] ImportTextPane:194 - (OptionalMessage_ERROR) IP (RCC) : Parameter (SDIOFreq_Value) has invalid value (168000000)
2026-05-10 15:31:28,634 [INFO] ImportTextPane:194 - (OptionalMessage_ERROR) IP (RCC) : Parameter (USBFreq_Value) has invalid value (168000000)
2026-05-10 15:31:28,634 [INFO] ImportTextPane:194 - (OptionalMessage_ERROR) IP (RCC) : Invalid parameter (VCOInputMFreq_Value)
2026-05-10 15:31:28,634 [INFO] ImportTextPane:194 - (OptionalMessage_ERROR) IP (RCC) : Invalid parameter (VcooutputI2S)
2026-05-10 15:31:28,978 [INFO] UtilMem:75 - End LoadConfig() Used Memory: 921158552 Bytes (1073741824)
2026-05-10 15:31:29,313 [WARN] ThirdParty:833 - waiting for thirdparty lock release [change project]
2026-05-10 15:31:29,313 [INFO] ThirdParty:835 - entering critical section [change project]
2026-05-10 15:31:29,313 [INFO] ThirdParty:1030 - CMSIS Pack Vendor :STMicroelectronics X-CUBE-AZRTOS-H7 3.5.0
2026-05-10 15:31:29,313 [INFO] ThirdParty:1030 - CMSIS Pack Vendor :STMicroelectronics X-CUBE-PM33A1 1.0.0
2026-05-10 15:31:29,313 [INFO] ThirdParty:1030 - CMSIS Pack Vendor :STMicroelectronics USBPD 4.1
2026-05-10 15:31:29,313 [INFO] ThirdParty:1030 - CMSIS Pack Vendor :STMicroelectronics X-CUBE-GNSS1 6.0.0
2026-05-10 15:31:29,313 [INFO] ThirdParty:1030 - CMSIS Pack Vendor :STMicroelectronics USB_HOST 2.0.0
2026-05-10 15:31:29,313 [INFO] ThirdParty:1030 - CMSIS Pack Vendor :STMicroelectronics FP-SNS-MOTENVWB1 1.4.0
2026-05-10 15:31:29,313 [INFO] ThirdParty:1030 - CMSIS Pack Vendor :STMicroelectronics X-CUBE-AZRTOS-F4 1.1.0
2026-05-10 15:31:29,313 [INFO] ThirdParty:1030 - CMSIS Pack Vendor :STMicroelectronics LIBJPEG 8.0.0
2026-05-10 15:31:29,313 [INFO] ThirdParty:1030 - CMSIS Pack Vendor :STMicroelectronics FP-ATR-ASTRA1 2.0.2
2026-05-10 15:31:29,313 [INFO] ThirdParty:1030 - CMSIS Pack Vendor :STMicroelectronics X-CUBE-SMBUS 2.1.0
2026-05-10 15:31:29,313 [INFO] ThirdParty:1030 - CMSIS Pack Vendor :STMicroelectronics X-CUBE-ISPU 2.1.0
2026-05-10 15:31:29,313 [INFO] ThirdParty:1030 - CMSIS Pack Vendor :STMicroelectronics X-CUBE-FREERTOS 1.2.0
2026-05-10 15:31:29,313 [INFO] ThirdParty:1030 - CMSIS Pack Vendor :STMicroelectronics X-CUBE-NFC12 1.0.0
2026-05-10 15:31:29,313 [INFO] ThirdParty:1030 - CMSIS Pack Vendor :STMicroelectronics X-CUBE-TOUCHGFX 4.23.2
2026-05-10 15:31:29,313 [INFO] ThirdParty:1030 - CMSIS Pack Vendor :STMicroelectronics X-CUBE-AZRTOS-F7 1.1.0
2026-05-10 15:31:29,313 [INFO] ThirdParty:1030 - CMSIS Pack Vendor :STMicroelectronics X-CUBE-AZRTOS-L5 2.0.0
2026-05-10 15:31:29,313 [INFO] ThirdParty:1030 - CMSIS Pack Vendor :STMicroelectronics USB_DEVICE 2.0.0
2026-05-10 15:31:29,313 [INFO] ThirdParty:1030 - CMSIS Pack Vendor :STMicroelectronics X-CUBE-NFC6 3.1.0
2026-05-10 15:31:29,313 [INFO] ThirdParty:1030 - CMSIS Pack Vendor :STMicroelectronics FreeRTOS 0.0.1
2026-05-10 15:31:29,313 [INFO] ThirdParty:1030 - CMSIS Pack Vendor :STMicroelectronics X-CUBE-DPower 1.2.0
2026-05-10 15:31:29,313 [INFO] ThirdParty:1030 - CMSIS Pack Vendor :STMicroelectronics FP-SNS-FLIGHT1 5.0.2
2026-05-10 15:31:29,313 [INFO] ThirdParty:1030 - CMSIS Pack Vendor :STMicroelectronics X-CUBE-AI 9.0.0
2026-05-10 15:31:29,314 [INFO] ThirdParty:1030 - CMSIS Pack Vendor :STMicroelectronics PDM2PCM 3.3.0
2026-05-10 15:31:29,314 [INFO] ThirdParty:1030 - CMSIS Pack Vendor :STMicroelectronics X-CUBE-AZRTOS-H7 3.4.0
2026-05-10 15:31:29,314 [INFO] ThirdParty:1030 - CMSIS Pack Vendor :STMicroelectronics X-CUBE-DISPLAY 3.0.0
2026-05-10 15:31:29,314 [INFO] ThirdParty:1030 - CMSIS Pack Vendor :STMicroelectronics X-CUBE-GNSS1 7.1.1
2026-05-10 15:31:29,314 [INFO] ThirdParty:1030 - CMSIS Pack Vendor :STMicroelectronics X-CUBE-BLE1 7.0.0
2026-05-10 15:31:29,314 [INFO] ThirdParty:1030 - CMSIS Pack Vendor :STMicroelectronics X-CUBE-NFC10 1.0.0
2026-05-10 15:31:29,314 [INFO] ThirdParty:1030 - CMSIS Pack Vendor :STMicroelectronics X-CUBE-BLEMGR 4.0.0
2026-05-10 15:31:29,314 [INFO] ThirdParty:1030 - CMSIS Pack Vendor :STMicroelectronics X-CUBE-FREERTOS 1.3.1
2026-05-10 15:31:29,314 [INFO] ThirdParty:1030 - CMSIS Pack Vendor :STMicroelectronics HAL Drivers 0.0.0
2026-05-10 15:31:29,314 [INFO] ThirdParty:1030 - CMSIS Pack Vendor :emotas I-CUBE-CANOPEN 1.3.0
2026-05-10 15:31:29,314 [INFO] ThirdParty:1030 - CMSIS Pack Vendor :STMicroelectronics X-CUBE-NFC7 1.0.1
2026-05-10 15:31:29,314 [INFO] ThirdParty:1030 - CMSIS Pack Vendor :STMicroelectronics MBEDTLS 2.14.1
2026-05-10 15:31:29,314 [INFO] ThirdParty:1030 - CMSIS Pack Vendor :STMicroelectronics X-CUBE-GNSS1 7.1.0
2026-05-10 15:31:29,314 [INFO] ThirdParty:1030 - CMSIS Pack Vendor :wolfSSL I-CUBE-wolfTPM 3.2.0
2026-05-10 15:31:29,314 [INFO] ThirdParty:1030 - CMSIS Pack Vendor :STMicroelectronics X-CUBE-TOUCHGFX 4.26.0
2026-05-10 15:31:29,314 [INFO] ThirdParty:1030 - CMSIS Pack Vendor :STMicroelectronics X-CUBE-TOUCHGFX 4.26.1
2026-05-10 15:31:29,314 [INFO] ThirdParty:1030 - CMSIS Pack Vendor :quantropi X-CUBE-qispace-sdk-base 2.0.0
2026-05-10 15:31:29,314 [INFO] ThirdParty:1030 - CMSIS Pack Vendor :STMicroelectronics X-CUBE-BLEMGR 3.1.0
2026-05-10 15:31:29,314 [INFO] ThirdParty:1030 - CMSIS Pack Vendor :STMicroelectronics X-CUBE-AI 10.0.0
2026-05-10 15:31:29,314 [INFO] ThirdParty:1030 - CMSIS Pack Vendor :STMicroelectronics FP-SNS-SMARTAG2 1.2.0
2026-05-10 15:31:29,314 [INFO] ThirdParty:1030 - CMSIS Pack Vendor :STMicroelectronics X-CUBE-AZRTOS-WL 2.0.0
2026-05-10 15:31:29,314 [INFO] ThirdParty:1030 - CMSIS Pack Vendor :STMicroelectronics X-CUBE-DPower 1.3.0
2026-05-10 15:31:29,314 [INFO] ThirdParty:1030 - CMSIS Pack Vendor :STMicroelectronics FP-SNS-MOTENV1 5.0.0
2026-05-10 15:31:29,314 [INFO] ThirdParty:1030 - CMSIS Pack Vendor :STMicroelectronics USB_DEVICE 1.0.0
2026-05-10 15:31:29,314 [INFO] ThirdParty:1030 - CMSIS Pack Vendor :STMicroelectronics X-CUBE-AZRTOS-H7RS 1.2.0
2026-05-10 15:31:29,314 [INFO] ThirdParty:1030 - CMSIS Pack Vendor :wolfSSL I-CUBE-wolfMQTT 1.19.0
2026-05-10 15:31:29,314 [INFO] ThirdParty:1030 - CMSIS Pack Vendor :STMicroelectronics X-CUBE-AZRTOS-L4 2.0.0
2026-05-10 15:31:29,314 [INFO] ThirdParty:1030 - CMSIS Pack Vendor :STMicroelectronics ThreadX 0.0.2
2026-05-10 15:31:29,314 [INFO] ThirdParty:1030 - CMSIS Pack Vendor :WES I-CUBE-Cesium 1.3.0
2026-05-10 15:31:29,314 [INFO] ThirdParty:1030 - CMSIS Pack Vendor :STMicroelectronics lwIP 2.1.2
2026-05-10 15:31:29,314 [INFO] ThirdParty:1030 - CMSIS Pack Vendor :STMicroelectronics X-CUBE-SFXS2LP1 4.0.0
2026-05-10 15:31:29,314 [INFO] ThirdParty:1030 - CMSIS Pack Vendor :STMicroelectronics X-CUBE-BLE2 3.3.0
2026-05-10 15:31:29,314 [INFO] ThirdParty:1030 - CMSIS Pack Vendor :STMicroelectronics PDM2PCM 3.2.0
2026-05-10 15:31:29,314 [INFO] ThirdParty:1030 - CMSIS Pack Vendor :STMicroelectronics X-CUBE-WB05N 2.1.0
2026-05-10 15:31:29,314 [INFO] ThirdParty:1030 - CMSIS Pack Vendor :STMicroelectronics X-CUBE-AZRTOS-H7 3.3.0
2026-05-10 15:31:29,314 [INFO] ThirdParty:1030 - CMSIS Pack Vendor :STMicroelectronics X-CUBE-NFC9 1.0.0
2026-05-10 15:31:29,314 [INFO] ThirdParty:1030 - CMSIS Pack Vendor :STMicroelectronics X-CUBE-BLE1 7.1.0
2026-05-10 15:31:29,314 [INFO] ThirdParty:1030 - CMSIS Pack Vendor :STMicroelectronics USB_DEVICE 3.0.0
2026-05-10 15:31:29,314 [INFO] ThirdParty:1030 - CMSIS Pack Vendor :STMicroelectronics X-CUBE-TCPP 4.1.0
2026-05-10 15:31:29,314 [INFO] ThirdParty:1030 - CMSIS Pack Vendor :STMicroelectronics X-CUBE-EEPRMA1 5.2.0
2026-05-10 15:31:29,314 [INFO] ThirdParty:1030 - CMSIS Pack Vendor :STMicroelectronics X-CUBE-AZRTOS-WB 2.0.0
2026-05-10 15:31:29,314 [INFO] ThirdParty:1030 - CMSIS Pack Vendor :STMicroelectronics X-CUBE-GNSS1 7.0.1
2026-05-10 15:31:29,314 [INFO] ThirdParty:1030 - CMSIS Pack Vendor :STMicroelectronics X-CUBE-TOUCHGFX 4.25.0
2026-05-10 15:31:29,314 [INFO] ThirdParty:1030 - CMSIS Pack Vendor :STMicroelectronics X-CUBE-AI 10.1.0
2026-05-10 15:31:29,314 [INFO] ThirdParty:1030 - CMSIS Pack Vendor :STMicroelectronics FP-SNS-STBOX1 2.0.0
2026-05-10 15:31:29,314 [INFO] ThirdParty:1030 - CMSIS Pack Vendor :STMicroelectronics X-CUBE-MEMS1 12.0.0
2026-05-10 15:31:29,314 [INFO] ThirdParty:1030 - CMSIS Pack Vendor :STMicroelectronics X-CUBE-ALGOBUILD 1.3.0
2026-05-10 15:31:29,314 [INFO] ThirdParty:1030 - CMSIS Pack Vendor :STMicroelectronics X-CUBE-STSE01 2.0.0
2026-05-10 15:31:29,314 [INFO] ThirdParty:1030 - CMSIS Pack Vendor :STMicroelectronics X-CUBE-MEMS1 11.2.0
2026-05-10 15:31:29,314 [INFO] ThirdParty:1030 - CMSIS Pack Vendor :STMicroelectronics X-CUBE-AZRTOS-G0 1.1.0
2026-05-10 15:31:29,314 [INFO] ThirdParty:1030 - CMSIS Pack Vendor :STMicroelectronics X-CUBE-SAFEA1 1.2.2
2026-05-10 15:31:29,314 [INFO] ThirdParty:1030 - CMSIS Pack Vendor :STMicroelectronics X-CUBE-NFC4 3.0.0
2026-05-10 15:31:29,314 [INFO] ThirdParty:1030 - CMSIS Pack Vendor :STMicroelectronics X-CUBE-SUBG2 5.0.0
2026-05-10 15:31:29,314 [INFO] ThirdParty:1030 - CMSIS Pack Vendor :STMicroelectronics X-CUBE-AZRTOS-H7RS 1.1.0
2026-05-10 15:31:29,314 [INFO] ThirdParty:1030 - CMSIS Pack Vendor :STMicroelectronics STM32_WPAN 1.0.0
2026-05-10 15:31:29,314 [INFO] ThirdParty:1030 - CMSIS Pack Vendor :EmbeddedOffice I-CUBE-FS-RTOS 1.0.1
2026-05-10 15:31:29,314 [INFO] ThirdParty:1030 - CMSIS Pack Vendor :STMicroelectronics lwIP 2.0.3
2026-05-10 15:31:29,314 [INFO] ThirdParty:1030 - CMSIS Pack Vendor :Cesanta I-CUBE-Mongoose 7.13.0
2026-05-10 15:31:29,314 [INFO] ThirdParty:1030 - CMSIS Pack Vendor :STMicroelectronics USB_HOST 1.0.0
2026-05-10 15:31:29,314 [INFO] ThirdParty:1030 - CMSIS Pack Vendor :STMicroelectronics X-CUBE-AZRTOS-G4 2.0.0
2026-05-10 15:31:29,314 [INFO] ThirdParty:1030 - CMSIS Pack Vendor :STMicroelectronics X-CUBE-WB05N 2.0.0
2026-05-10 15:31:29,314 [INFO] ThirdParty:1030 - CMSIS Pack Vendor :STMicroelectronics PDM2PCM 3.1.0
2026-05-10 15:31:29,314 [INFO] ThirdParty:1030 - CMSIS Pack Vendor :STMicroelectronics X-CUBE-NFC7 2.0.0
2026-05-10 15:31:29,314 [INFO] ThirdParty:1030 - CMSIS Pack Vendor :RealThread X-CUBE-RT-Thread_Nano 4.1.1
2026-05-10 15:31:29,314 [INFO] ThirdParty:1030 - CMSIS Pack Vendor :wolfSSL I-CUBE-wolfSSL 5.7.0
2026-05-10 15:31:29,314 [INFO] ThirdParty:1030 - CMSIS Pack Vendor :STMicroelectronics FP-ATR-SIGFOX1 3.2.0
2026-05-10 15:31:29,314 [INFO] ThirdParty:1030 - CMSIS Pack Vendor :STMicroelectronics X-CUBE-ISPU 2.0.0
2026-05-10 15:31:29,314 [INFO] ThirdParty:1030 - CMSIS Pack Vendor :STMicroelectronics X-CUBE-EEPRMA1 5.1.0
2026-05-10 15:31:29,314 [INFO] ThirdParty:1030 - CMSIS Pack Vendor :STMicroelectronics MBEDTLS 2.16.2
2026-05-10 15:31:29,314 [INFO] ThirdParty:1030 - CMSIS Pack Vendor :STMicroelectronics X-CUBE-ALS 1.0.2
2026-05-10 15:31:29,314 [INFO] ThirdParty:1030 - CMSIS Pack Vendor :STMicroelectronics X-CUBE-MEMS1 10.0.0
2026-05-10 15:31:29,314 [INFO] ThirdParty:1030 - CMSIS Pack Vendor :STMicroelectronics X-CUBE-FREERTOS 1.1.0
2026-05-10 15:31:29,314 [INFO] ThirdParty:1030 - CMSIS Pack Vendor :STMicroelectronics X-CUBE-TOUCHGFX 4.24.0
2026-05-10 15:31:29,314 [INFO] ThirdParty:1030 - CMSIS Pack Vendor :ITTIA_DB I-CUBE-ITTIADB 8.9.0
2026-05-10 15:31:29,314 [INFO] ThirdParty:1030 - CMSIS Pack Vendor :STMicroelectronics X-CUBE-STSE01 1.0.0
2026-05-10 15:31:29,314 [INFO] ThirdParty:1030 - CMSIS Pack Vendor :portGmbH I-Cube-SoM-uGOAL 1.1.0
2026-05-10 15:31:29,314 [INFO] ThirdParty:1030 - CMSIS Pack Vendor :STMicroelectronics X-CUBE-ALS 1.0.1
2026-05-10 15:31:29,314 [INFO] ThirdParty:1030 - CMSIS Pack Vendor :STMicroelectronics X-CUBE-NFC6 3.2.0
2026-05-10 15:31:29,314 [INFO] ThirdParty:1030 - CMSIS Pack Vendor :STMicroelectronics X-CUBE-AI 10.2.0
2026-05-10 15:31:29,314 [INFO] ThirdParty:1030 - CMSIS Pack Vendor :STMicroelectronics ThreadX 1.0.0
2026-05-10 15:31:29,314 [INFO] ThirdParty:1030 - CMSIS Pack Vendor :STMicroelectronics X-CUBE-MEMS1 12.1.0
2026-05-10 15:31:29,314 [INFO] ThirdParty:1030 - CMSIS Pack Vendor :SEGGER I-CUBE-embOS 1.3.1
2026-05-10 15:31:29,314 [INFO] ThirdParty:1030 - CMSIS Pack Vendor :STMicroelectronics X-CUBE-ALGOBUILD 1.4.0
2026-05-10 15:31:29,314 [INFO] ThirdParty:1030 - CMSIS Pack Vendor :STMicroelectronics X-CUBE-MEMS1 11.3.0
2026-05-10 15:31:29,314 [INFO] ThirdParty:1030 - CMSIS Pack Vendor :STMicroelectronics X-CUBE-AZRTOS-H7RS 1.0.0
2026-05-10 15:31:29,314 [INFO] ThirdParty:1030 - CMSIS Pack Vendor :STMicroelectronics FP-ATR-ASTRA1 2.0.0
2026-05-10 15:31:29,314 [INFO] ThirdParty:1030 - CMSIS Pack Vendor :STMicroelectronics X-CUBE-TOF1 3.4.2
2026-05-10 15:31:29,314 [INFO] ThirdParty:1030 - CMSIS Pack Vendor :STMicroelectronics X-CUBE-TOF1 3.4.1
2026-05-10 15:31:29,314 [INFO] ThirdParty:1030 - CMSIS Pack Vendor :STMicroelectronics X-CUBE-AZRTOS-H7 3.2.0
2026-05-10 15:31:29,314 [INFO] ThirdParty:1030 - CMSIS Pack Vendor :Infineon AIROC-Wi-Fi-Bluetooth-STM32 1.6.0
2026-05-10 15:31:29,314 [INFO] ThirdParty:1030 - CMSIS Pack Vendor :wolfSSL I-CUBE-wolfSSH 1.4.17
2026-05-10 15:31:29,314 [INFO] ThirdParty:841 - exiting critical section [change project]
2026-05-10 15:31:29,742 [INFO] PinOutPanel:1561 - setPackage(No Configuration,No Configuration)
2026-05-10 15:31:29,743 [INFO] PinOutPanel:1561 - setPackage(STM32F446RETx,LQFP64)
2026-05-10 15:31:30,094 [INFO] UtilMem:75 - Before build in PCC Used Memory: 866607968 Bytes (1073741824)
2026-05-10 15:31:30,434 [INFO] UtilMem:75 - After build in PCC Used Memory: 915891040 Bytes (1073741824)
2026-05-10 15:31:30,461 [INFO] IPUIPlugin:80 - create IPUIPlugin
2026-05-10 15:31:30,461 [INFO] IPUIPlugin:80 - create IPUIPlugin
2026-05-10 15:31:30,461 [INFO] IPUIPlugin:80 - create IPUIPlugin
2026-05-10 15:31:30,461 [INFO] IPUIPlugin:80 - create IPUIPlugin
2026-05-10 15:31:30,461 [INFO] IPUIPlugin:80 - create IPUIPlugin
2026-05-10 15:31:30,461 [INFO] IPUIPlugin:80 - create IPUIPlugin
2026-05-10 15:31:30,461 [INFO] IPUIPlugin:80 - create IPUIPlugin
2026-05-10 15:31:30,461 [INFO] IPUIPlugin:80 - create IPUIPlugin
2026-05-10 15:31:30,461 [INFO] IPUIPlugin:80 - create IPUIPlugin
2026-05-10 15:31:30,461 [INFO] IPUIPlugin:80 - create IPUIPlugin
2026-05-10 15:31:30,461 [INFO] IPUIPlugin:80 - create IPUIPlugin
2026-05-10 15:31:30,461 [INFO] IPUIPlugin:80 - create IPUIPlugin
2026-05-10 15:31:30,461 [INFO] IPUIPlugin:80 - create IPUIPlugin
2026-05-10 15:31:30,462 [INFO] IPUIPlugin:80 - create IPUIPlugin
2026-05-10 15:31:30,462 [INFO] IPUIPlugin:80 - create IPUIPlugin
2026-05-10 15:31:30,462 [INFO] IPUIPlugin:80 - create IPUIPlugin
2026-05-10 15:31:30,462 [INFO] IPUIPlugin:80 - create IPUIPlugin
2026-05-10 15:31:30,462 [INFO] IPUIPlugin:80 - create IPUIPlugin
2026-05-10 15:31:30,462 [INFO] IPUIPlugin:80 - create IPUIPlugin
2026-05-10 15:31:30,462 [INFO] IPUIPlugin:80 - create IPUIPlugin
2026-05-10 15:31:30,462 [INFO] IPUIPlugin:80 - create IPUIPlugin
2026-05-10 15:31:30,462 [INFO] IPUIPlugin:80 - create IPUIPlugin
2026-05-10 15:31:30,462 [INFO] IPUIPlugin:80 - create IPUIPlugin
2026-05-10 15:31:30,462 [INFO] IPUIPlugin:80 - create IPUIPlugin
2026-05-10 15:31:30,462 [INFO] IPUIPlugin:80 - create IPUIPlugin
2026-05-10 15:31:30,463 [INFO] IPUIPlugin:80 - create IPUIPlugin
2026-05-10 15:31:30,463 [INFO] IPUIPlugin:80 - create IPUIPlugin
2026-05-10 15:31:30,463 [INFO] IPUIPlugin:80 - create IPUIPlugin
2026-05-10 15:31:30,464 [INFO] IPUIPlugin:80 - create IPUIPlugin
2026-05-10 15:31:30,464 [INFO] IPUIPlugin:80 - create IPUIPlugin
2026-05-10 15:31:30,464 [INFO] IPUIPlugin:80 - create IPUIPlugin
2026-05-10 15:31:30,464 [INFO] IPUIPlugin:80 - create IPUIPlugin
2026-05-10 15:31:30,464 [INFO] IPUIPlugin:80 - create IPUIPlugin
2026-05-10 15:31:30,465 [INFO] IPUIPlugin:80 - create IPUIPlugin
2026-05-10 15:31:30,465 [INFO] IPUIPlugin:80 - create IPUIPlugin
2026-05-10 15:31:30,465 [INFO] IPUIPlugin:80 - create IPUIPlugin
2026-05-10 15:31:30,465 [INFO] IPUIPlugin:80 - create IPUIPlugin
2026-05-10 15:31:30,466 [INFO] IPUIPlugin:80 - create IPUIPlugin
2026-05-10 15:31:30,466 [INFO] IPUIPlugin:80 - create IPUIPlugin
2026-05-10 15:31:30,466 [INFO] IPUIPlugin:80 - create IPUIPlugin
2026-05-10 15:31:30,466 [INFO] IPUIPlugin:80 - create IPUIPlugin
2026-05-10 15:31:30,467 [INFO] IPUIPlugin:80 - create IPUIPlugin
2026-05-10 15:31:30,467 [INFO] IPUIPlugin:80 - create IPUIPlugin
2026-05-10 15:31:30,468 [INFO] IPUIPlugin:80 - create IPUIPlugin
2026-05-10 15:31:30,468 [INFO] IPUIPlugin:80 - create IPUIPlugin
2026-05-10 15:31:30,468 [INFO] IPUIPlugin:80 - create IPUIPlugin
2026-05-10 15:31:30,469 [INFO] IPUIPlugin:80 - create IPUIPlugin
2026-05-10 15:31:30,469 [INFO] IPUIPlugin:80 - create IPUIPlugin
2026-05-10 15:31:30,469 [INFO] IPUIPlugin:80 - create IPUIPlugin
2026-05-10 15:31:30,470 [INFO] IPUIPlugin:80 - create IPUIPlugin
2026-05-10 15:31:30,470 [INFO] IPUIPlugin:80 - create IPUIPlugin
2026-05-10 15:31:30,470 [INFO] IPUIPlugin:80 - create IPUIPlugin
2026-05-10 15:31:30,470 [INFO] IPUIPlugin:80 - create IPUIPlugin
2026-05-10 15:31:30,472 [INFO] IPUIPlugin:80 - create IPUIPlugin
2026-05-10 15:31:30,472 [INFO] IPUIPlugin:80 - create IPUIPlugin
2026-05-10 15:31:30,472 [INFO] IPUIPlugin:80 - create IPUIPlugin
2026-05-10 15:31:30,473 [INFO] IPUIPlugin:80 - create IPUIPlugin
2026-05-10 15:31:30,473 [INFO] IPUIPlugin:80 - create IPUIPlugin
2026-05-10 15:31:30,474 [INFO] IPUIPlugin:80 - create IPUIPlugin
2026-05-10 15:31:30,475 [INFO] IPUIPlugin:80 - create IPUIPlugin
2026-05-10 15:31:30,502 [INFO] ApiDbMcu:508 - Load IP Config File for PDM2PCM
2026-05-10 15:31:30,617 [INFO] CADModel:165 - CPN selected for project levelSTM32F446RET6
2026-05-10 15:31:30,617 [INFO] CADModel:114 - Register for checkConnection events
2026-05-10 15:31:30,715 [INFO] OpenFileManager:343 - Restore cursor
2026-05-10 15:31:32,945 [INFO] UtilMem:75 - End SaveConfig() Used Memory: 875992176 Bytes (1073741824)
2026-05-10 15:31:33,098 [INFO] UtilMem:75 - End SaveConfig() Used Memory: 898588088 Bytes (1073741824)
2026-05-10 15:31:33,226 [INFO] BlockDiagram:2759 - set Specific Code input for plugin: SYS
2026-05-10 15:31:33,226 [INFO] BlockDiagram:2759 - set Specific Code input for plugin: RCC
2026-05-10 15:31:33,226 [INFO] BlockDiagram:2759 - set Specific Code input for plugin: NVIC
2026-05-10 15:31:33,226 [INFO] BlockDiagram:2759 - set Specific Code input for plugin: USART
2026-05-10 15:31:33,226 [INFO] BlockDiagram:2759 - set Specific Code input for plugin: GPIO
2026-05-10 15:31:33,228 [INFO] CodeGenerator:807 - code generatio: config db path: C:\ST\STM32CubeIDE_1.15.0\STM32CubeIDE\plugins\com.st.stm32cube.common.mx_6.11.0.202403141607\\db\
2026-05-10 15:31:33,501 [INFO] CodeEngine:255 - oldGeneratedFile, D:\WorkSpace\Freertos_Demo\MXTmpFiles\license.tmp_save
2026-05-10 15:31:33,922 [INFO] CodeEngine:279 - Generated code: D:\WorkSpace\Freertos_Demo\MXTmpFiles\license.tmp
2026-05-10 15:31:34,001 [INFO] CodeEngine:255 - oldGeneratedFile, D:\WorkSpace\Freertos_Demo\MXTmpFiles\gpio.tmp_save
2026-05-10 15:31:34,205 [INFO] CodeEngine:279 - Generated code: D:\WorkSpace\Freertos_Demo\MXTmpFiles\gpio.tmp
2026-05-10 15:31:34,339 [INFO] CodeEngine:255 - oldGeneratedFile, D:\WorkSpace\Freertos_Demo\Core\Src\stm32f4xx_it.c_save
2026-05-10 15:31:34,634 [INFO] CodeEngine:279 - Generated code: D:\WorkSpace\Freertos_Demo\Core\Src\stm32f4xx_it.c
2026-05-10 15:31:34,653 [INFO] CodeEngine:255 - oldGeneratedFile, D:\WorkSpace\Freertos_Demo\Core\Inc\stm32f4xx_it.h_save
2026-05-10 15:31:34,769 [INFO] CodeEngine:279 - Generated code: D:\WorkSpace\Freertos_Demo\Core\Inc\stm32f4xx_it.h
2026-05-10 15:31:34,800 [INFO] CodeEngine:255 - oldGeneratedFile, D:\WorkSpace\Freertos_Demo\Core\Src\stm32f4xx_hal_msp.c_save
2026-05-10 15:31:35,003 [INFO] CodeEngine:279 - Generated code: D:\WorkSpace\Freertos_Demo\Core\Src\stm32f4xx_hal_msp.c
2026-05-10 15:31:35,019 [INFO] CodeEngine:255 - oldGeneratedFile, D:\WorkSpace\Freertos_Demo\MXTmpFiles\system.tmp_save
2026-05-10 15:31:35,111 [INFO] CodeEngine:279 - Generated code: D:\WorkSpace\Freertos_Demo\MXTmpFiles\system.tmp
2026-05-10 15:31:35,138 [INFO] CodeEngine:311 - oldGeneratedFile, D:\WorkSpace\Freertos_Demo\Core\Inc\stm32f4xx_hal_conf.h_save
2026-05-10 15:31:35,281 [INFO] CodeEngine:335 - Generated code: D:\WorkSpace\Freertos_Demo\Core\Inc\stm32f4xx_hal_conf.h
2026-05-10 15:31:35,327 [WARN] IPConfigManager:2982 - Warning: the RefConfig PLL2P_FOR_MCO is not available in your config.xml file
2026-05-10 15:31:35,376 [INFO] CodeEngine:255 - oldGeneratedFile, D:\WorkSpace\Freertos_Demo\Core\Inc\main.h_save
2026-05-10 15:31:35,545 [INFO] CodeEngine:279 - Generated code: D:\WorkSpace\Freertos_Demo\Core\Inc\main.h
2026-05-10 15:31:35,563 [INFO] CodeEngine:255 - oldGeneratedFile, D:\WorkSpace\Freertos_Demo\Core\Src\main.c_save
2026-05-10 15:31:35,677 [INFO] CodeEngine:279 - Generated code: D:\WorkSpace\Freertos_Demo\Core\Src\main.c
2026-05-10 15:31:35,952 [INFO] ProjectBuilder:3163 - Time for Copy HAL[1] : 195mS.
2026-05-10 15:31:35,954 [INFO] ProjectBuilder:4736 - Project Generator version: 4.3.0-B58
2026-05-10 15:31:36,056 [INFO] ConfigFileManager:1503 - The Die is : DIE421
2026-05-10 15:31:36,081 [INFO] ApiDbMcu:508 - Load IP Config File for FATFS
2026-05-10 15:31:36,133 [INFO] ApiDbMcu:508 - Load IP Config File for FREERTOS
2026-05-10 15:31:36,149 [INFO] ApiDbMcu:508 - Load IP Config File for LIBJPEG
2026-05-10 15:31:36,198 [INFO] ApiDbMcu:508 - Load IP Config File for MBEDTLS
2026-05-10 15:31:36,258 [INFO] ApiDbMcu:508 - Load IP Config File for USB_DEVICE
2026-05-10 15:31:36,301 [INFO] ApiDbMcu:508 - Load IP Config File for USB_HOST
2026-05-10 15:31:43,082 [INFO] ProjectBuilder:5002 - Time for Generating toolchain IDE Files: 7128mS.
2026-05-10 15:31:43,085 [INFO] ProjectBuilder:3034 - Time for Copy CMSIS : 2mS.
2026-05-10 15:31:43,100 [INFO] ProjectBuilder:3034 - Time for Copy CMSIS : 0mS.
2026-05-10 15:31:44,477 [INFO] McuFinderGlobals:76 - Set McuFinderConnectedMode to true
2026-05-10 15:31:44,484 [INFO] ApiDb:448 - Save user favorites file C:\Users\Aditya/.stm32cubeide/favorites.mcus.txt: 0 item(s)
2026-05-10 15:31:44,485 [INFO] ApiDb:452 - User favorites MCUs=[]
2026-05-10 15:31:44,489 [INFO] ApiDb:448 - Save user favorites file C:\Users\Aditya/.stm32cubeide/favorites.boards.txt: 0 item(s)
2026-05-10 15:31:44,490 [INFO] ApiDb:452 - User favorites Boards=[]
2026-05-10 15:32:37,217 [INFO] RtosManager:919 - Current active RTOS is FREERTOS [Cortex-M4NS]
2026-05-10 15:32:38,066 [ERROR] RtosPanel:558 - Can not restore the selected Tab for FREERTOS(A reason can be that the tab is no more available.)
2026-05-10 15:32:38,280 [ERROR] RtosPanel:558 - Can not restore the selected Tab for FREERTOS(A reason can be that the tab is no more available.)
2026-05-10 15:32:44,220 [ERROR] RtosPanel:558 - Can not restore the selected Tab for FREERTOS(A reason can be that the tab is no more available.)
2026-05-10 15:32:44,324 [ERROR] RtosPanel:558 - Can not restore the selected Tab for FREERTOS(A reason can be that the tab is no more available.)
2026-05-10 15:32:44,583 [ERROR] RtosPanel:558 - Can not restore the selected Tab for FREERTOS(A reason can be that the tab is no more available.)
2026-05-10 15:32:49,749 [INFO] TasksAndQueuesTab:757 - Dynamic
2026-05-10 15:32:49,749 [WARN] TasksAndQueuesTab:763 - 128 128
2026-05-10 15:32:49,750 [WARN] TasksAndQueuesTab:775 - max value is: 3840.0
2026-05-10 15:33:22,576 [INFO] TasksAndQueuesTab:757 - Dynamic
2026-05-10 15:33:22,577 [WARN] TasksAndQueuesTab:763 - 128 128
2026-05-10 15:33:22,577 [WARN] TasksAndQueuesTab:775 - max value is: 3840.0
2026-05-10 15:33:23,497 [INFO] EditThreadDialog:704 - RAM SIZE (in KB): 128
2026-05-10 15:33:23,497 [INFO] EditThreadDialog:706 - RAM SIZE (in words): 32768
2026-05-10 15:33:50,663 [INFO] TasksAndQueuesTab:757 - Dynamic
2026-05-10 15:33:50,663 [WARN] TasksAndQueuesTab:763 - 128 128
2026-05-10 15:33:50,663 [WARN] TasksAndQueuesTab:775 - max value is: 3840.0
2026-05-10 15:33:50,663 [INFO] TasksAndQueuesTab:757 - Dynamic
2026-05-10 15:33:50,663 [WARN] TasksAndQueuesTab:763 - 128 128
2026-05-10 15:33:50,663 [WARN] TasksAndQueuesTab:775 - max value is: 3840.0
2026-05-10 15:33:50,956 [ERROR] RtosPanel:558 - Can not restore the selected Tab for FREERTOS(A reason can be that the tab is no more available.)
2026-05-10 15:33:56,570 [INFO] TasksAndQueuesTab:757 - Dynamic
2026-05-10 15:33:56,570 [WARN] TasksAndQueuesTab:763 - 128 128
2026-05-10 15:33:56,570 [WARN] TasksAndQueuesTab:775 - max value is: 3840.0
2026-05-10 15:33:56,570 [INFO] TasksAndQueuesTab:757 - Dynamic
2026-05-10 15:33:56,570 [WARN] TasksAndQueuesTab:763 - 128 128
2026-05-10 15:33:56,570 [WARN] TasksAndQueuesTab:775 - max value is: 3840.0
2026-05-10 15:34:03,795 [INFO] EditThreadDialog:704 - RAM SIZE (in KB): 128
2026-05-10 15:34:03,795 [INFO] EditThreadDialog:706 - RAM SIZE (in words): 32768
2026-05-10 15:34:05,425 [INFO] TasksAndQueuesTab:757 - Dynamic
2026-05-10 15:34:05,426 [WARN] TasksAndQueuesTab:763 - 128 128
2026-05-10 15:34:05,426 [WARN] TasksAndQueuesTab:775 - max value is: 3840.0
2026-05-10 15:34:05,426 [INFO] TasksAndQueuesTab:757 - Dynamic
2026-05-10 15:34:05,426 [WARN] TasksAndQueuesTab:763 - 128 128
2026-05-10 15:34:05,426 [WARN] TasksAndQueuesTab:775 - max value is: 3840.0
2026-05-10 15:34:05,426 [INFO] TasksAndQueuesTab:757 - Dynamic
2026-05-10 15:34:05,426 [WARN] TasksAndQueuesTab:763 - 128 128
2026-05-10 15:34:05,426 [WARN] TasksAndQueuesTab:775 - max value is: 3840.0
2026-05-10 15:34:12,512 [INFO] UtilMem:75 - End SaveConfig() Used Memory: 798832608 Bytes (1073741824)
2026-05-10 15:34:13,838 [INFO] UtilMem:75 - End SaveConfig() Used Memory: 822873288 Bytes (1073741824)
2026-05-10 15:34:15,493 [INFO] UtilMem:75 - End SaveConfig() Used Memory: 907281608 Bytes (1073741824)
2026-05-10 15:36:15,313 [ERROR] RtosPanel:558 - Can not restore the selected Tab for FREERTOS(A reason can be that the tab is no more available.)
2026-05-10 15:36:17,168 [INFO] RtosManager:930 - There is no active RTOS [Cortex-M4NS]
2026-05-10 15:39:23,777 [INFO] RtosManager:919 - Current active RTOS is FREERTOS [Cortex-M4NS]
2026-05-10 15:39:24,501 [ERROR] RtosPanel:558 - Can not restore the selected Tab for FREERTOS(A reason can be that the tab is no more available.)
2026-05-10 15:39:24,606 [ERROR] RtosPanel:558 - Can not restore the selected Tab for FREERTOS(A reason can be that the tab is no more available.)
2026-05-10 15:39:25,772 [INFO] TasksAndQueuesTab:757 - Dynamic
2026-05-10 15:39:25,773 [WARN] TasksAndQueuesTab:763 - 128 128
2026-05-10 15:39:25,773 [WARN] TasksAndQueuesTab:775 - max value is: 3840.0
2026-05-10 15:39:27,608 [INFO] EditThreadDialog:704 - RAM SIZE (in KB): 128
2026-05-10 15:39:27,608 [INFO] EditThreadDialog:706 - RAM SIZE (in words): 32768
2026-05-10 15:39:29,684 [INFO] TasksAndQueuesTab:757 - Dynamic
2026-05-10 15:39:29,684 [WARN] TasksAndQueuesTab:763 - 128 128
2026-05-10 15:39:29,684 [WARN] TasksAndQueuesTab:775 - max value is: 3840.0
2026-05-10 15:39:29,685 [INFO] TasksAndQueuesTab:757 - Dynamic
2026-05-10 15:39:29,685 [WARN] TasksAndQueuesTab:763 - 128 128
2026-05-10 15:39:29,685 [WARN] TasksAndQueuesTab:775 - max value is: 3840.0
2026-05-10 15:39:29,769 [ERROR] RtosPanel:558 - Can not restore the selected Tab for FREERTOS(A reason can be that the tab is no more available.)
2026-05-10 15:39:32,759 [INFO] UtilMem:75 - End SaveConfig() Used Memory: 921257368 Bytes (1073741824)
2026-05-10 15:39:34,296 [INFO] UtilMem:75 - End SaveConfig() Used Memory: 945308336 Bytes (1073741824)
2026-05-10 15:39:36,336 [INFO] UtilMem:75 - End SaveConfig() Used Memory: 753416616 Bytes (1073741824)
2026-05-10 15:39:50,918 [INFO] BlockDiagram:2759 - set Specific Code input for plugin: FREERTOS
2026-05-10 15:39:50,918 [INFO] BlockDiagram:2759 - set Specific Code input for plugin: SYS
2026-05-10 15:39:50,918 [INFO] BlockDiagram:2759 - set Specific Code input for plugin: RCC
2026-05-10 15:39:50,918 [INFO] BlockDiagram:2759 - set Specific Code input for plugin: NVIC
2026-05-10 15:39:50,918 [INFO] BlockDiagram:2759 - set Specific Code input for plugin: USART
2026-05-10 15:39:50,918 [INFO] BlockDiagram:2759 - set Specific Code input for plugin: GPIO
2026-05-10 15:39:50,920 [INFO] CodeGenerator:807 - code generatio: config db path: C:\ST\STM32CubeIDE_1.15.0\STM32CubeIDE\plugins\com.st.stm32cube.common.mx_6.11.0.202403141607\\db\
2026-05-10 15:39:51,021 [INFO] CodeEngine:255 - oldGeneratedFile, D:\WorkSpace\Freertos_Demo\MXTmpFiles\license.tmp_save
2026-05-10 15:39:51,120 [INFO] CodeEngine:279 - Generated code: D:\WorkSpace\Freertos_Demo\MXTmpFiles\license.tmp
2026-05-10 15:39:51,130 [INFO] CodeEngine:255 - oldGeneratedFile, D:\WorkSpace\Freertos_Demo\MXTmpFiles\gpio.tmp_save
2026-05-10 15:39:51,199 [INFO] CodeEngine:279 - Generated code: D:\WorkSpace\Freertos_Demo\MXTmpFiles\gpio.tmp
2026-05-10 15:39:51,242 [INFO] Middleware:1439 - No code input for Bsp Dependency
2026-05-10 15:39:51,254 [INFO] CodeEngine:255 - oldGeneratedFile, D:\WorkSpace\Freertos_Demo\MXTmpFiles\rtos_inc.tmp_save
2026-05-10 15:39:51,313 [INFO] CodeEngine:279 - Generated code: D:\WorkSpace\Freertos_Demo\MXTmpFiles\rtos_inc.tmp
2026-05-10 15:39:51,321 [INFO] CodeEngine:255 - oldGeneratedFile, D:\WorkSpace\Freertos_Demo\MXTmpFiles\rtos_kernelInit.tmp_save
2026-05-10 15:39:51,391 [INFO] CodeEngine:279 - Generated code: D:\WorkSpace\Freertos_Demo\MXTmpFiles\rtos_kernelInit.tmp
2026-05-10 15:39:51,401 [INFO] CodeEngine:255 - oldGeneratedFile, D:\WorkSpace\Freertos_Demo\MXTmpFiles\rtos_kernelStart.tmp_save
2026-05-10 15:39:51,450 [INFO] CodeEngine:279 - Generated code: D:\WorkSpace\Freertos_Demo\MXTmpFiles\rtos_kernelStart.tmp
2026-05-10 15:39:51,460 [INFO] CodeEngine:255 - oldGeneratedFile, D:\WorkSpace\Freertos_Demo\MXTmpFiles\rtos_typedefs.tmp_save
2026-05-10 15:39:51,499 [INFO] CodeEngine:279 - Generated code: D:\WorkSpace\Freertos_Demo\MXTmpFiles\rtos_typedefs.tmp
2026-05-10 15:39:51,512 [INFO] CodeEngine:255 - oldGeneratedFile, D:\WorkSpace\Freertos_Demo\MXTmpFiles\rtos_vars.tmp_save
2026-05-10 15:39:51,588 [INFO] CodeEngine:279 - Generated code: D:\WorkSpace\Freertos_Demo\MXTmpFiles\rtos_vars.tmp
2026-05-10 15:39:51,599 [INFO] CodeEngine:255 - oldGeneratedFile, D:\WorkSpace\Freertos_Demo\MXTmpFiles\rtos_pfp.tmp_save
2026-05-10 15:39:51,679 [INFO] CodeEngine:279 - Generated code: D:\WorkSpace\Freertos_Demo\MXTmpFiles\rtos_pfp.tmp
2026-05-10 15:39:51,692 [INFO] CodeEngine:255 - oldGeneratedFile, D:\WorkSpace\Freertos_Demo\MXTmpFiles\rtos_obj_creat.tmp_save
2026-05-10 15:39:51,749 [INFO] CodeEngine:279 - Generated code: D:\WorkSpace\Freertos_Demo\MXTmpFiles\rtos_obj_creat.tmp
2026-05-10 15:39:51,762 [INFO] CodeEngine:255 - oldGeneratedFile, D:\WorkSpace\Freertos_Demo\MXTmpFiles\rtos_default_thread.tmp_save
2026-05-10 15:39:51,821 [INFO] CodeEngine:279 - Generated code: D:\WorkSpace\Freertos_Demo\MXTmpFiles\rtos_default_thread.tmp
2026-05-10 15:39:51,834 [INFO] CodeEngine:255 - oldGeneratedFile, D:\WorkSpace\Freertos_Demo\MXTmpFiles\rtos_threads.tmp_save
2026-05-10 15:39:51,896 [INFO] CodeEngine:279 - Generated code: D:\WorkSpace\Freertos_Demo\MXTmpFiles\rtos_threads.tmp
2026-05-10 15:39:51,906 [INFO] Middleware:1439 - No code input for Bsp Dependency
2026-05-10 15:39:51,912 [INFO] CodeEngine:255 - oldGeneratedFile, D:\WorkSpace\Freertos_Demo\MXTmpFiles\rtos_inc.tmp_save
2026-05-10 15:39:51,968 [INFO] CodeEngine:279 - Generated code: D:\WorkSpace\Freertos_Demo\MXTmpFiles\rtos_inc.tmp
2026-05-10 15:39:51,972 [INFO] CodeEngine:255 - oldGeneratedFile, D:\WorkSpace\Freertos_Demo\MXTmpFiles\rtos_kernelInit.tmp_save
2026-05-10 15:39:52,014 [INFO] CodeEngine:279 - Generated code: D:\WorkSpace\Freertos_Demo\MXTmpFiles\rtos_kernelInit.tmp
2026-05-10 15:39:52,016 [INFO] CodeEngine:255 - oldGeneratedFile, D:\WorkSpace\Freertos_Demo\MXTmpFiles\rtos_kernelStart.tmp_save
2026-05-10 15:39:52,056 [INFO] CodeEngine:279 - Generated code: D:\WorkSpace\Freertos_Demo\MXTmpFiles\rtos_kernelStart.tmp
2026-05-10 15:39:52,060 [INFO] CodeEngine:255 - oldGeneratedFile, D:\WorkSpace\Freertos_Demo\MXTmpFiles\rtos_typedefs.tmp_save
2026-05-10 15:39:52,133 [INFO] CodeEngine:279 - Generated code: D:\WorkSpace\Freertos_Demo\MXTmpFiles\rtos_typedefs.tmp
2026-05-10 15:39:52,162 [INFO] CodeEngine:255 - oldGeneratedFile, D:\WorkSpace\Freertos_Demo\MXTmpFiles\rtos_vars.tmp_save
2026-05-10 15:39:52,227 [INFO] CodeEngine:279 - Generated code: D:\WorkSpace\Freertos_Demo\MXTmpFiles\rtos_vars.tmp
2026-05-10 15:39:52,233 [INFO] CodeEngine:255 - oldGeneratedFile, D:\WorkSpace\Freertos_Demo\MXTmpFiles\rtos_pfp.tmp_save
2026-05-10 15:39:52,282 [INFO] CodeEngine:279 - Generated code: D:\WorkSpace\Freertos_Demo\MXTmpFiles\rtos_pfp.tmp
2026-05-10 15:39:52,292 [INFO] CodeEngine:255 - oldGeneratedFile, D:\WorkSpace\Freertos_Demo\MXTmpFiles\rtos_obj_creat.tmp_save
2026-05-10 15:39:52,345 [INFO] CodeEngine:279 - Generated code: D:\WorkSpace\Freertos_Demo\MXTmpFiles\rtos_obj_creat.tmp
2026-05-10 15:39:52,350 [INFO] CodeEngine:255 - oldGeneratedFile, D:\WorkSpace\Freertos_Demo\MXTmpFiles\rtos_default_thread.tmp_save
2026-05-10 15:39:52,398 [INFO] CodeEngine:279 - Generated code: D:\WorkSpace\Freertos_Demo\MXTmpFiles\rtos_default_thread.tmp
2026-05-10 15:39:52,403 [INFO] CodeEngine:255 - oldGeneratedFile, D:\WorkSpace\Freertos_Demo\MXTmpFiles\rtos_threads.tmp_save
2026-05-10 15:39:52,444 [INFO] CodeEngine:279 - Generated code: D:\WorkSpace\Freertos_Demo\MXTmpFiles\rtos_threads.tmp
2026-05-10 15:39:52,456 [INFO] CodeEngine:255 - oldGeneratedFile, D:\WorkSpace\Freertos_Demo\Core\Inc\FreeRTOSConfig.h_save
2026-05-10 15:39:52,564 [INFO] CodeEngine:279 - Generated code: D:\WorkSpace\Freertos_Demo\Core\Inc\FreeRTOSConfig.h
2026-05-10 15:39:52,581 [INFO] CodeEngine:255 - oldGeneratedFile, D:\WorkSpace\Freertos_Demo\Core\Src\freertos.c_save
2026-05-10 15:39:52,651 [INFO] CodeEngine:279 - Generated code: D:\WorkSpace\Freertos_Demo\Core\Src\freertos.c
2026-05-10 15:39:52,670 [INFO] CodeEngine:255 - oldGeneratedFile, D:\WorkSpace\Freertos_Demo\Core\Src\stm32f4xx_it.c_save
2026-05-10 15:39:52,896 [INFO] CodeEngine:279 - Generated code: D:\WorkSpace\Freertos_Demo\Core\Src\stm32f4xx_it.c
2026-05-10 15:39:52,910 [INFO] CodeEngine:255 - oldGeneratedFile, D:\WorkSpace\Freertos_Demo\Core\Inc\stm32f4xx_it.h_save
2026-05-10 15:39:53,015 [INFO] CodeEngine:279 - Generated code: D:\WorkSpace\Freertos_Demo\Core\Inc\stm32f4xx_it.h
2026-05-10 15:39:53,052 [INFO] CodeEngine:255 - oldGeneratedFile, D:\WorkSpace\Freertos_Demo\Core\Src\stm32f4xx_hal_msp.c_save
2026-05-10 15:39:53,301 [INFO] CodeEngine:279 - Generated code: D:\WorkSpace\Freertos_Demo\Core\Src\stm32f4xx_hal_msp.c
2026-05-10 15:39:53,325 [INFO] CodeEngine:255 - oldGeneratedFile, D:\WorkSpace\Freertos_Demo\MXTmpFiles\system.tmp_save
2026-05-10 15:39:53,564 [INFO] CodeEngine:279 - Generated code: D:\WorkSpace\Freertos_Demo\MXTmpFiles\system.tmp
2026-05-10 15:39:53,583 [INFO] CodeEngine:311 - oldGeneratedFile, D:\WorkSpace\Freertos_Demo\Core\Inc\stm32f4xx_hal_conf.h_save
2026-05-10 15:39:53,689 [INFO] CodeEngine:335 - Generated code: D:\WorkSpace\Freertos_Demo\Core\Inc\stm32f4xx_hal_conf.h
2026-05-10 15:39:53,716 [WARN] IPConfigManager:2982 - Warning: the RefConfig PLL2P_FOR_MCO is not available in your config.xml file
2026-05-10 15:39:53,734 [INFO] CodeEngine:255 - oldGeneratedFile, D:\WorkSpace\Freertos_Demo\Core\Inc\main.h_save
2026-05-10 15:39:53,798 [INFO] CodeEngine:279 - Generated code: D:\WorkSpace\Freertos_Demo\Core\Inc\main.h
2026-05-10 15:39:53,809 [INFO] CodeEngine:255 - oldGeneratedFile, D:\WorkSpace\Freertos_Demo\Core\Src\main.c_save
2026-05-10 15:39:53,904 [INFO] CodeEngine:279 - Generated code: D:\WorkSpace\Freertos_Demo\Core\Src\main.c
2026-05-10 15:39:54,203 [INFO] ProjectBuilder:3163 - Time for Copy HAL[1] : 200mS.
2026-05-10 15:39:54,206 [INFO] ProjectBuilder:4736 - Project Generator version: 4.3.0-B58
2026-05-10 15:39:54,250 [INFO] ConfigFileManager:1503 - The Die is : DIE421
2026-05-10 15:39:56,690 [INFO] ProjectBuilder:5002 - Time for Generating toolchain IDE Files: 2484mS.
2026-05-10 15:39:56,692 [INFO] ProjectBuilder:3034 - Time for Copy CMSIS : 0mS.
2026-05-10 15:39:56,718 [INFO] ProjectBuilder:3034 - Time for Copy CMSIS : 0mS.
