2026-02-07 18:24:56,245 [INFO] Activator:176 - 


2026-02-07 18:24:56,253 [INFO] Activator:177 - !SESSION log4j initialized
2026-02-07 18:25:09,258 [INFO] LogOutputStream:77 - [STDOUT_REDIRECT] 
2026-02-07 18:25:13,631 [INFO] ApplicationProperties:184 - Using Application install path: C:\ST\STM32CubeIDE_1.15.0\STM32CubeIDE\plugins\com.st.stm32cube.common.mx_6.11.0.202403141607
2026-02-07 18:25:13,673 [INFO] DbMcusXml:78 - Set database path to: C:\ST\STM32CubeIDE_1.15.0\STM32CubeIDE\plugins\com.st.stm32cube.common.mx_6.11.0.202403141607\\db\/mcu/
2026-02-07 18:25:13,673 [INFO] ApiDb:274 - Set plugin database path to: C:\ST\STM32CubeIDE_1.15.0\STM32CubeIDE\plugins\com.st.stm32cube.common.mx_6.11.0.202403141607\\db\/plugins/boardmanager/
2026-02-07 18:25:13,675 [WARN] ApiDb:259 - Overriding images path with different value:  => C:\ST\STM32CubeIDE_1.15.0\STM32CubeIDE\plugins\com.st.stm32cube.common.mx_6.11.0.202403141607\\db\/plugins/mcufinder/images/
2026-02-07 18:25:13,687 [INFO] ApiDb:250 - Set database path to: C:\Users\Aditya\.stmcufinder\plugins\mcufinder//mcu/
2026-02-07 18:25:13,690 [INFO] DbMcusAds:125 - Set database path to: C:\Users\Aditya\.stmcufinder\plugins\mcufinder//mcu/
2026-02-07 18:25:13,694 [INFO] CrossReferenceDbSqlite:203 - Set database path to: C:\Users\Aditya\.stmcufinder\plugins\mcufinder//mcu/cs/
2026-02-07 18:25:13,970 [INFO] RulesReader:64 - Compatibility file has been processed (297 Rules)
2026-02-07 18:25:14,099 [INFO] DbMcusXml:78 - Set database path to: C:\ST\STM32CubeIDE_1.15.0\STM32CubeIDE\plugins\com.st.stm32cube.common.mx_6.11.0.202403141607\\db\/mcu/
2026-02-07 18:25:14,099 [INFO] ApiDb:274 - Set plugin database path to: C:\ST\STM32CubeIDE_1.15.0\STM32CubeIDE\plugins\com.st.stm32cube.common.mx_6.11.0.202403141607\\db\/plugins/boardmanager/
2026-02-07 18:25:14,100 [INFO] ApiDb:261 - Set plugin images path to: C:\ST\STM32CubeIDE_1.15.0\STM32CubeIDE\plugins\com.st.stm32cube.common.mx_6.11.0.202403141607\\db\/plugins/mcufinder/images/
2026-02-07 18:25:14,100 [WARN] DbFile:41 - Overriding database path with different value: C:\Users\Aditya\.stmcufinder\plugins\mcufinder/ => C:\Users\Aditya\.stmcufinder\plugins\mcufinder
2026-02-07 18:25:14,100 [INFO] ApiDb:250 - Set database path to: C:\Users\Aditya\.stmcufinder\plugins\mcufinder//mcu/
2026-02-07 18:25:14,102 [WARN] DbFile:41 - Overriding database path with different value: C:\Users\Aditya\.stmcufinder\plugins\mcufinder/ => C:\Users\Aditya\.stmcufinder\plugins\mcufinder
2026-02-07 18:25:14,102 [INFO] DbMcusAds:125 - Set database path to: C:\Users\Aditya\.stmcufinder\plugins\mcufinder//mcu/
2026-02-07 18:25:14,102 [WARN] DbFile:41 - Overriding database path with different value: C:\Users\Aditya\.stmcufinder\plugins\mcufinder/ => C:\Users\Aditya\.stmcufinder\plugins\mcufinder
2026-02-07 18:25:14,102 [WARN] DbFile:41 - Overriding database path with different value: C:\Users\Aditya\.stmcufinder\plugins\mcufinder/ => C:\Users\Aditya\.stmcufinder\plugins\mcufinder
2026-02-07 18:25:14,102 [INFO] CrossReferenceDbSqlite:203 - Set database path to: C:\Users\Aditya\.stmcufinder\plugins\mcufinder//mcu/cs/
2026-02-07 18:25:14,235 [INFO] MainPanel:264 - HeapMemory: 268435456
2026-02-07 18:25:14,332 [INFO] DbMcusXml:78 - Set database path to: C:\ST\STM32CubeIDE_1.15.0\STM32CubeIDE\plugins\com.st.stm32cube.common.mx_6.11.0.202403141607\\db\/mcu/
2026-02-07 18:25:14,332 [INFO] ApiDb:274 - Set plugin database path to: C:\ST\STM32CubeIDE_1.15.0\STM32CubeIDE\plugins\com.st.stm32cube.common.mx_6.11.0.202403141607\\db\/plugins/boardmanager/
2026-02-07 18:25:14,333 [INFO] ApiDb:261 - Set plugin images path to: C:\ST\STM32CubeIDE_1.15.0\STM32CubeIDE\plugins\com.st.stm32cube.common.mx_6.11.0.202403141607\\db\/plugins/mcufinder/images/
2026-02-07 18:25:14,333 [WARN] DbFile:41 - Overriding database path with different value: C:\Users\Aditya\.stmcufinder\plugins\mcufinder/ => C:\Users\Aditya\.stmcufinder\plugins\mcufinder
2026-02-07 18:25:14,333 [INFO] ApiDb:250 - Set database path to: C:\Users\Aditya\.stmcufinder\plugins\mcufinder//mcu/
2026-02-07 18:25:14,333 [WARN] DbFile:41 - Overriding database path with different value: C:\Users\Aditya\.stmcufinder\plugins\mcufinder/ => C:\Users\Aditya\.stmcufinder\plugins\mcufinder
2026-02-07 18:25:14,333 [INFO] DbMcusAds:125 - Set database path to: C:\Users\Aditya\.stmcufinder\plugins\mcufinder//mcu/
2026-02-07 18:25:14,333 [WARN] DbFile:41 - Overriding database path with different value: C:\Users\Aditya\.stmcufinder\plugins\mcufinder/ => C:\Users\Aditya\.stmcufinder\plugins\mcufinder
2026-02-07 18:25:14,333 [WARN] DbFile:41 - Overriding database path with different value: C:\Users\Aditya\.stmcufinder\plugins\mcufinder/ => C:\Users\Aditya\.stmcufinder\plugins\mcufinder
2026-02-07 18:25:14,333 [INFO] CrossReferenceDbSqlite:203 - Set database path to: C:\Users\Aditya\.stmcufinder\plugins\mcufinder//mcu/cs/
2026-02-07 18:25:14,357 [INFO] ApplicationProperties:184 - Using Application install path: C:\ST\STM32CubeIDE_1.15.0\STM32CubeIDE\plugins\com.st.stm32cube.common.mx_6.11.0.202403141607
2026-02-07 18:25:14,359 [INFO] PluginManage:196 - Search for loadable plugins [exclusion list=, ]
2026-02-07 18:25:14,361 [INFO] PluginManage:310 - Check plugin analytics
2026-02-07 18:25:14,716 [INFO] AnalyticsPlugin:253 - Accepted Software Licenses: 
2026-02-07 18:25:14,716 [INFO] AnalyticsPlugin:255 - Accepted CMSIS Pack Licenses: 
2026-02-07 18:25:14,716 [INFO] AnalyticsPlugin:257 - Accepted Firmware Licenses: 
2026-02-07 18:25:14,719 [INFO] PluginManage:359 - Loaded plugin analytics (category:tool,tabindex:-1)
2026-02-07 18:25:14,719 [INFO] PluginManage:310 - Check plugin cadmodel
2026-02-07 18:25:14,741 [INFO] CADModel:105 - Init CAD model plugin
2026-02-07 18:25:14,741 [INFO] PluginManage:359 - Loaded plugin cadmodel (category:power,tabindex:5)
2026-02-07 18:25:14,741 [INFO] PluginManage:310 - Check plugin clock
2026-02-07 18:25:14,771 [INFO] PluginManage:359 - Loaded plugin clock (category:base,tabindex:2)
2026-02-07 18:25:14,771 [INFO] PluginManage:310 - Check plugin ddr
2026-02-07 18:25:14,773 [INFO] PluginManage:359 - Loaded plugin ddr (category:tool,tabindex:6)
2026-02-07 18:25:14,774 [INFO] PluginManage:310 - Check plugin filemanager
2026-02-07 18:25:14,939 [INFO] PluginManage:359 - Loaded plugin filemanager (category:base,tabindex:10)
2026-02-07 18:25:14,939 [INFO] PluginManage:310 - Check plugin ipmanager
2026-02-07 18:25:14,948 [INFO] PluginManage:359 - Loaded plugin ipmanager (category:base,tabindex:5)
2026-02-07 18:25:14,948 [INFO] PluginManage:310 - Check plugin lpbam
2026-02-07 18:25:14,983 [INFO] PluginManage:359 - Loaded plugin lpbam (category:base,tabindex:0)
2026-02-07 18:25:14,983 [INFO] PluginManage:310 - Check plugin memorymap
2026-02-07 18:25:15,023 [INFO] PluginManage:359 - Loaded plugin memorymap (category:base,tabindex:4)
2026-02-07 18:25:15,024 [INFO] PluginManage:310 - Check plugin pinoutandconfiguration
2026-02-07 18:25:15,063 [INFO] PluginManage:359 - Loaded plugin pinoutandconfiguration (category:base,tabindex:1)
2026-02-07 18:25:15,064 [INFO] PluginManage:310 - Check plugin pinoutconfig
2026-02-07 18:25:15,214 [WARN] SupportedApi:132 - Cannot load RTOS API schema: s4s-elt-must-match.1: The content of 'definitions' must match (annotation?, (simpleType | complexType)?, (unique | key | keyref)*)). A problem was found starting at: attribute.
2026-02-07 18:25:15,349 [INFO] PluginManage:359 - Loaded plugin pinoutconfig (category:base,tabindex:0)
2026-02-07 18:25:15,350 [INFO] PluginManage:310 - Check plugin power
2026-02-07 18:25:15,388 [INFO] PluginManage:359 - Loaded plugin power (category:power,tabindex:4)
2026-02-07 18:25:15,388 [INFO] PluginManage:310 - Check plugin projectmanager
2026-02-07 18:25:15,415 [INFO] PluginManage:359 - Loaded plugin projectmanager (category:projectmanager,tabindex:3)
2026-02-07 18:25:15,417 [INFO] PluginManage:310 - Check plugin thirdparty
2026-02-07 18:25:15,924 [INFO] PluginManage:359 - Loaded plugin thirdparty (category:base,tabindex:-1)
2026-02-07 18:25:15,924 [INFO] PluginManage:310 - Check plugin tools
2026-02-07 18:25:15,924 [WARN] IntegrityCheckThread:84 - waiting for thirdparty lock release [integrity check]
2026-02-07 18:25:15,925 [INFO] IntegrityCheckThread:86 - entering critical section [integrity check]
2026-02-07 18:25:15,925 [INFO] ThirdPartyUpdaterWithRetryManager:70 - Updater plugin not ready yet. [1/15]
2026-02-07 18:25:15,991 [INFO] PluginManage:359 - Loaded plugin tools (category:base,tabindex:7)
2026-02-07 18:25:15,992 [INFO] PluginManage:310 - Check plugin tutovideos
2026-02-07 18:25:16,235 [INFO] PluginManage:359 - Loaded plugin tutovideos (category:base,tabindex:-1)
2026-02-07 18:25:16,235 [INFO] PluginManage:310 - Check plugin updater
2026-02-07 18:25:16,250 [INFO] PluginManage:359 - Loaded plugin updater (category:base,tabindex:12)
2026-02-07 18:25:16,250 [INFO] PluginManage:310 - Check plugin userauth
2026-02-07 18:25:16,256 [INFO] UserAuth:114 - Init User Auth plugin
2026-02-07 18:25:16,256 [INFO] PluginManage:359 - Loaded plugin userauth (category:base,tabindex:14)
2026-02-07 18:25:16,256 [INFO] PluginManage:283 - PluginManage : Loaded plugins [17]
2026-02-07 18:25:16,643 [INFO] PinOutPanel:1561 - setPackage(No Configuration,No Configuration)
2026-02-07 18:25:16,741 [INFO] CADModel:165 - CPN selected for project level
2026-02-07 18:25:16,741 [INFO] CADModel:114 - Register for checkConnection events
2026-02-07 18:25:16,776 [INFO] IPUIPlugin:80 - create IPUIPlugin
2026-02-07 18:25:16,776 [INFO] PluginManager:220 - loadIPPluginJar : add adc
2026-02-07 18:25:16,835 [INFO] IPUIPlugin:80 - create IPUIPlugin
2026-02-07 18:25:16,836 [INFO] PluginManager:220 - loadIPPluginJar : add aes
2026-02-07 18:25:16,929 [INFO] IPUIPlugin:80 - create IPUIPlugin
2026-02-07 18:25:16,929 [INFO] PluginManager:220 - loadIPPluginJar : add can
2026-02-07 18:25:17,002 [INFO] IPUIPlugin:80 - create IPUIPlugin
2026-02-07 18:25:17,003 [INFO] PluginManager:220 - loadIPPluginJar : add comp
2026-02-07 18:25:17,075 [INFO] IPUIPlugin:80 - create IPUIPlugin
2026-02-07 18:25:17,075 [INFO] PluginManager:220 - loadIPPluginJar : add cryp
2026-02-07 18:25:17,164 [INFO] IPUIPlugin:80 - create IPUIPlugin
2026-02-07 18:25:17,164 [INFO] PluginManager:220 - loadIPPluginJar : add dfsdm
2026-02-07 18:25:17,203 [INFO] IPUIPlugin:80 - create IPUIPlugin
2026-02-07 18:25:17,204 [INFO] PluginManager:220 - loadIPPluginJar : add dma
2026-02-07 18:25:17,344 [INFO] IPUIPlugin:80 - create IPUIPlugin
2026-02-07 18:25:17,344 [INFO] PluginManager:220 - loadIPPluginJar : add dma3
2026-02-07 18:25:17,473 [INFO] IPUIPlugin:80 - create IPUIPlugin
2026-02-07 18:25:17,473 [INFO] PluginManager:220 - loadIPPluginJar : add extmemmanager
2026-02-07 18:25:17,551 [INFO] IPUIPlugin:80 - create IPUIPlugin
2026-02-07 18:25:17,551 [INFO] PluginManager:220 - loadIPPluginJar : add fatfs
2026-02-07 18:25:17,621 [INFO] IPUIPlugin:80 - create IPUIPlugin
2026-02-07 18:25:17,621 [INFO] PluginManager:220 - loadIPPluginJar : add fmc
2026-02-07 18:25:17,662 [INFO] IPUIPlugin:80 - create IPUIPlugin
2026-02-07 18:25:17,662 [INFO] PluginManager:220 - loadIPPluginJar : add freertos
2026-02-07 18:25:17,714 [INFO] IPUIPlugin:80 - create IPUIPlugin
2026-02-07 18:25:17,714 [INFO] PluginManager:220 - loadIPPluginJar : add genericplugin
2026-02-07 18:25:17,849 [INFO] IPUIPlugin:80 - create IPUIPlugin
2026-02-07 18:25:17,849 [INFO] PluginManager:220 - loadIPPluginJar : add gfxmmu
2026-02-07 18:25:18,086 [INFO] IPUIPlugin:80 - create IPUIPlugin
2026-02-07 18:25:18,086 [INFO] PluginManager:220 - loadIPPluginJar : add gic
2026-02-07 18:25:18,107 [INFO] IPUIPlugin:80 - create IPUIPlugin
2026-02-07 18:25:18,107 [INFO] PluginManager:220 - loadIPPluginJar : add gpio
2026-02-07 18:25:18,272 [INFO] IPUIPlugin:80 - create IPUIPlugin
2026-02-07 18:25:18,273 [INFO] PluginManager:220 - loadIPPluginJar : add gtzc
2026-02-07 18:25:18,366 [INFO] IPUIPlugin:80 - create IPUIPlugin
2026-02-07 18:25:18,367 [INFO] PluginManager:220 - loadIPPluginJar : add hash
2026-02-07 18:25:18,518 [INFO] IPUIPlugin:80 - create IPUIPlugin
2026-02-07 18:25:18,518 [INFO] PluginManager:220 - loadIPPluginJar : add i2c
2026-02-07 18:25:18,575 [INFO] IPUIPlugin:80 - create IPUIPlugin
2026-02-07 18:25:18,575 [INFO] PluginManager:220 - loadIPPluginJar : add i2s
2026-02-07 18:25:18,628 [INFO] IPUIPlugin:80 - create IPUIPlugin
2026-02-07 18:25:18,629 [INFO] PluginManager:220 - loadIPPluginJar : add i3c
2026-02-07 18:25:18,799 [INFO] IPUIPlugin:80 - create IPUIPlugin
2026-02-07 18:25:18,799 [INFO] PluginManager:220 - loadIPPluginJar : add ipddr
2026-02-07 18:25:18,928 [INFO] ThirdPartyUpdaterWithRetryManager:70 - Updater plugin not ready yet. [2/15]
2026-02-07 18:25:18,992 [INFO] IPUIPlugin:80 - create IPUIPlugin
2026-02-07 18:25:18,993 [INFO] PluginManager:220 - loadIPPluginJar : add linkedlist
2026-02-07 18:25:19,047 [INFO] IPUIPlugin:80 - create IPUIPlugin
2026-02-07 18:25:19,047 [INFO] PluginManager:220 - loadIPPluginJar : add lorawan
2026-02-07 18:25:19,103 [INFO] IPUIPlugin:80 - create IPUIPlugin
2026-02-07 18:25:19,104 [INFO] PluginManager:220 - loadIPPluginJar : add ltdc
2026-02-07 18:25:19,122 [INFO] IPUIPlugin:80 - create IPUIPlugin
2026-02-07 18:25:19,123 [INFO] PluginManager:220 - loadIPPluginJar : add mdma
2026-02-07 18:25:19,146 [INFO] IPUIPlugin:80 - create IPUIPlugin
2026-02-07 18:25:19,146 [INFO] PluginManager:220 - loadIPPluginJar : add nvic
2026-02-07 18:25:19,223 [INFO] IPUIPlugin:80 - create IPUIPlugin
2026-02-07 18:25:19,223 [INFO] PluginManager:220 - loadIPPluginJar : add opamp
2026-02-07 18:25:19,309 [INFO] IPUIPlugin:80 - create IPUIPlugin
2026-02-07 18:25:19,309 [INFO] PluginManager:220 - loadIPPluginJar : add openamp
2026-02-07 18:25:19,365 [INFO] IPUIPlugin:80 - create IPUIPlugin
2026-02-07 18:25:19,365 [INFO] PluginManager:220 - loadIPPluginJar : add pdm2pcm
2026-02-07 18:25:19,382 [INFO] IPUIPlugin:80 - create IPUIPlugin
2026-02-07 18:25:19,385 [INFO] PluginManager:220 - loadIPPluginJar : add plateformsettings
2026-02-07 18:25:19,417 [INFO] IPUIPlugin:80 - create IPUIPlugin
2026-02-07 18:25:19,417 [INFO] PluginManager:220 - loadIPPluginJar : add quadspi
2026-02-07 18:25:19,433 [INFO] IPUIPlugin:80 - create IPUIPlugin
2026-02-07 18:25:19,433 [INFO] PluginManager:220 - loadIPPluginJar : add resmgrutility
2026-02-07 18:25:19,492 [INFO] IPUIPlugin:80 - create IPUIPlugin
2026-02-07 18:25:19,492 [INFO] PluginManager:220 - loadIPPluginJar : add sai
2026-02-07 18:25:19,551 [INFO] IPUIPlugin:80 - create IPUIPlugin
2026-02-07 18:25:19,552 [INFO] PluginManager:220 - loadIPPluginJar : add spi
2026-02-07 18:25:19,708 [INFO] IPUIPlugin:80 - create IPUIPlugin
2026-02-07 18:25:19,708 [INFO] PluginManager:220 - loadIPPluginJar : add stm32_wpan
2026-02-07 18:25:19,766 [INFO] IPUIPlugin:80 - create IPUIPlugin
2026-02-07 18:25:19,766 [INFO] PluginManager:220 - loadIPPluginJar : add tim
2026-02-07 18:25:19,854 [INFO] IPUIPlugin:80 - create IPUIPlugin
2026-02-07 18:25:19,854 [INFO] PluginManager:220 - loadIPPluginJar : add touchsensing
2026-02-07 18:25:19,884 [INFO] IPUIPlugin:80 - create IPUIPlugin
2026-02-07 18:25:19,884 [INFO] PluginManager:220 - loadIPPluginJar : add tracer_emb
2026-02-07 18:25:19,917 [INFO] IPUIPlugin:80 - create IPUIPlugin
2026-02-07 18:25:19,917 [INFO] PluginManager:220 - loadIPPluginJar : add ts
2026-02-07 18:25:19,948 [INFO] IPUIPlugin:80 - create IPUIPlugin
2026-02-07 18:25:19,948 [INFO] PluginManager:220 - loadIPPluginJar : add tsc
2026-02-07 18:25:19,979 [INFO] IPUIPlugin:80 - create IPUIPlugin
2026-02-07 18:25:19,980 [INFO] PluginManager:220 - loadIPPluginJar : add ucpd
2026-02-07 18:25:20,055 [INFO] IPUIPlugin:80 - create IPUIPlugin
2026-02-07 18:25:20,055 [INFO] PluginManager:220 - loadIPPluginJar : add usart
2026-02-07 18:25:20,180 [INFO] IPUIPlugin:80 - create IPUIPlugin
2026-02-07 18:25:20,180 [INFO] PluginManager:220 - loadIPPluginJar : add usbx
2026-02-07 18:25:20,344 [INFO] CADModel:165 - CPN selected for project level
2026-02-07 18:25:20,344 [INFO] CADModel:114 - Register for checkConnection events
2026-02-07 18:25:20,344 [FATAL] Updater:308 - Updater called before beeing initialized
2026-02-07 18:25:20,344 [ERROR] CADModel:125 - Updater not yet initialized, retry later 
2026-02-07 18:25:20,605 [INFO] CADModel:165 - CPN selected for project level
2026-02-07 18:25:20,605 [INFO] CADModel:114 - Register for checkConnection events
2026-02-07 18:25:20,605 [FATAL] Updater:308 - Updater called before beeing initialized
2026-02-07 18:25:20,605 [ERROR] CADModel:125 - Updater not yet initialized, retry later 
2026-02-07 18:25:20,608 [FATAL] Updater:308 - Updater called before beeing initialized
2026-02-07 18:25:20,758 [FATAL] Updater:308 - Updater called before beeing initialized
2026-02-07 18:25:20,775 [INFO] DbMcusAds:53 - JSON generation date=Fri Dec 05 14:43:14 IST 2025 (1764925994673)
2026-02-07 18:25:20,775 [FATAL] Updater:308 - Updater called before beeing initialized
2026-02-07 18:25:20,833 [WARN] DetailPanel:346 - Failed to get advertising image, set to default
2026-02-07 18:25:21,010 [FATAL] Updater:308 - Updater called before beeing initialized
2026-02-07 18:25:21,012 [FATAL] Updater:308 - Updater called before beeing initialized
2026-02-07 18:25:21,014 [FATAL] Updater:308 - Updater called before beeing initialized
2026-02-07 18:25:21,014 [WARN] DetailPanel:346 - Failed to get advertising image, set to default
2026-02-07 18:25:21,014 [FATAL] Updater:308 - Updater called before beeing initialized
2026-02-07 18:25:21,103 [ERROR] Updater:1120 - MainUpdater not yet initialized. External WinMGr cannot be set.
2026-02-07 18:25:21,115 [INFO] Updater:1056 - Updater Version found : 6.11.0
2026-02-07 18:25:21,137 [INFO] ApplicationProperties:184 - Using Application install path: C:\ST\STM32CubeIDE_1.15.0\STM32CubeIDE\plugins\com.st.stm32cube.common.mx_6.11.0.202403141607
2026-02-07 18:25:21,929 [INFO] ThirdPartyUpdaterWithRetryManager:70 - Updater plugin not ready yet. [3/15]
2026-02-07 18:25:22,717 [ERROR] LogOutputStream:75 - [STDERR_REDIRECT] Feb 07, 2026 6:25:22 PM java.util.prefs.WindowsPreferences <init>
2026-02-07 18:25:22,719 [ERROR] LogOutputStream:75 - [STDERR_REDIRECT] WARNING: Could not open/create prefs root node Software\JavaSoft\Prefs at root 0xffffffff80000002. Windows RegCreateKeyEx(...) returned error code 5.
2026-02-07 18:25:22,719 [ERROR] LogOutputStream:75 - [STDERR_REDIRECT] 
2026-02-07 18:25:24,212 [INFO] MainUpdater:2873 - connection check result : 10
2026-02-07 18:25:24,212 [INFO] MainUpdater:3567 - Updater definition file requires update
2026-02-07 18:25:24,214 [INFO] MainUpdater:290 - Updater Check For Update Now.
2026-02-07 18:25:24,215 [INFO] MicroXplorer:498 - Change Database Version : DB.6.0.110
2026-02-07 18:25:24,253 [INFO] McuFinderGlobals:63 - Set McuFinder mode to 2 (CubeIDE integrated)
2026-02-07 18:25:24,278 [INFO] UserAuth:415 - Internet connection configuration mode: 1
2026-02-07 18:25:24,331 [INFO] JxBrowserEngine:152 - Initiate JxBrowser Engine with user profile folder
2026-02-07 18:25:24,421 [INFO] ServerAccessManage:473 - Download File updaters.zip
2026-02-07 18:25:24,677 [INFO] FileExtend:240 - Unzip File : updaters.zip
2026-02-07 18:25:24,677 [INFO] FileExtend:255 - Standard Zip Deflate
2026-02-07 18:25:24,934 [WARN] MainUpdater:1194 - Updater busy. Cannot search thirdparties
2026-02-07 18:25:24,936 [INFO] ThirdPartyUpdaterWithRetryManager:96 - Updater plugin is busy. [1/15]
2026-02-07 18:25:26,610 [INFO] ServerAccessManage:473 - Download File PacksControlFlags.xml
2026-02-07 18:25:26,718 [INFO] ServerAccessManage:473 - Download File cubemx.pidx
2026-02-07 18:25:27,937 [WARN] MainUpdater:1194 - Updater busy. Cannot search thirdparties
2026-02-07 18:25:27,938 [INFO] ThirdPartyUpdaterWithRetryManager:96 - Updater plugin is busy. [2/15]
2026-02-07 18:25:29,357 [INFO] ServerAccessManage:473 - Download File STMicroelectronics.X-CUBE-FREERTOS.pdsc
2026-02-07 18:25:30,351 [INFO] WebApp:161 - Instantiating new browser for Auth
2026-02-07 18:25:30,940 [WARN] MainUpdater:1194 - Updater busy. Cannot search thirdparties
2026-02-07 18:25:30,940 [INFO] ThirdPartyUpdaterWithRetryManager:96 - Updater plugin is busy. [3/15]
2026-02-07 18:25:31,189 [INFO] WebApp:779 - Register for checkConnection events
2026-02-07 18:25:31,189 [INFO] WebApp:414 - Apply proxy settings
2026-02-07 18:25:31,190 [INFO] WebApp:499 - Chromium requires no authentication
2026-02-07 18:25:31,204 [INFO] WebApp:442 - Direct internet connection detected
2026-02-07 18:25:31,462 [INFO] WebApp:192 - Starting web application
2026-02-07 18:25:31,462 [INFO] WebApp:544 - Web application path used C:\ST\STM32CubeIDE_1.15.0\STM32CubeIDE\plugins\com.st.stm32cube.common.mx_6.11.0.202403141607\db\plugins\mcufinder\reactClient1\index.html
2026-02-07 18:25:32,426 [INFO] ServerAccessManage:473 - Download File STMicroelectronics.X-CUBE-NFC6.pdsc
2026-02-07 18:25:33,941 [WARN] MainUpdater:1194 - Updater busy. Cannot search thirdparties
2026-02-07 18:25:33,941 [INFO] ThirdPartyUpdaterWithRetryManager:96 - Updater plugin is busy. [4/15]
2026-02-07 18:25:33,947 [INFO] ServerAccessManage:473 - Download File STMicroelectronics.X-CUBE-ST67W61.pdsc
2026-02-07 18:25:34,719 [INFO] ServerAccessManage:473 - Download File STMicroelectronics.X-CUBE-STSE01.pdsc
2026-02-07 18:25:36,339 [WARN] PopulateThirdPartyThread:106 - Error when creating pack: C:/Users/Aditya/.stm32cubemx/thirdparties/pdsc/STMicroelectronics.X-CUBE-FREERTOS.pdsc
2026-02-07 18:25:36,398 [WARN] PackLoader:240 - Cannot read IP mode file for STMicroelectronics.X-CUBE-NFC6.3.2.0
2026-02-07 18:25:36,410 [WARN] PopulateThirdPartyThread:106 - Error when creating pack: C:/Users/Aditya/.stm32cubemx/thirdparties/pdsc/STMicroelectronics.X-CUBE-ST67W61.pdsc
2026-02-07 18:25:36,454 [WARN] PackLoader:240 - Cannot read IP mode file for STMicroelectronics.X-CUBE-STSE01.2.0.0
2026-02-07 18:25:36,460 [INFO] PopulateThirdPartyThread:66 - Ending populate Thread
2026-02-07 18:25:36,461 [INFO] ThirdParty:1030 - CMSIS Pack Vendor :STMicroelectronics X-CUBE-STSE01 2.0.0
2026-02-07 18:25:36,462 [INFO] ThirdParty:1030 - CMSIS Pack Vendor :STMicroelectronics X-CUBE-NFC6 3.2.0
2026-02-07 18:25:36,462 [INFO] LoadServerUpdatesThread:375 - End of LoadServerUpdate Thread
2026-02-07 18:25:36,576 [INFO] CheckServerUpdateThread:120 - End of CheckServer Thread
2026-02-07 18:25:37,201 [WARN] PackLoader:240 - Cannot read IP mode file for STMicroelectronics.FP-SNS-MOTENVWB1.1.4.0
2026-02-07 18:25:37,207 [WARN] PackLoader:240 - Cannot read IP mode file for STMicroelectronics.FP-ATR-ASTRA1.2.0.2
2026-02-07 18:25:37,228 [WARN] PackLoader:240 - Cannot read IP mode file for STMicroelectronics.X-CUBE-SMBUS.2.1.0
2026-02-07 18:25:37,243 [ERROR] Engine:466 - C:\Users\Aditya\.stm32cubemx\thirdparties\pdsc\STMicroelectronics.X-CUBE-ST60.1.0.0.pdsc: PDSC version is not supported
2026-02-07 18:25:37,264 [WARN] PackLoader:240 - Cannot read IP mode file for STMicroelectronics.X-CUBE-TOUCHGFX.4.23.2
2026-02-07 18:25:37,339 [WARN] PackLoader:240 - Cannot read IP mode file for STMicroelectronics.X-CUBE-AZRTOS-F7.1.1.0
2026-02-07 18:25:37,355 [ERROR] Engine:466 - C:\Users\Aditya\.stm32cubemx\thirdparties\pdsc\STMicroelectronics.FP-SNS-MOTENV1.5.1.0.pdsc: PDSC version is not supported
2026-02-07 18:25:37,388 [WARN] PackLoader:240 - Cannot read IP mode file for STMicroelectronics.FP-SNS-FLIGHT1.5.0.2
2026-02-07 18:25:37,438 [WARN] PackLoader:240 - Cannot read IP mode file for STMicroelectronics.X-CUBE-AZRTOS-H7.3.4.0
2026-02-07 18:25:37,475 [WARN] PackLoader:240 - Cannot read IP mode file for STMicroelectronics.X-CUBE-DISPLAY.3.0.0
2026-02-07 18:25:37,494 [WARN] PackLoader:240 - Cannot read IP mode file for STMicroelectronics.X-CUBE-BLE1.7.0.0
2026-02-07 18:25:37,510 [WARN] PackLoader:240 - Cannot read IP mode file for STMicroelectronics.X-CUBE-NFC10.1.0.0
2026-02-07 18:25:37,546 [WARN] PackLoader:240 - Cannot read IP mode file for STMicroelectronics.X-CUBE-BLEMGR.4.0.0
2026-02-07 18:25:37,562 [ERROR] Engine:466 - C:\Users\Aditya\.stm32cubemx\thirdparties\pdsc\STMicroelectronics.X-CUBE-ST60.1.1.0.pdsc: PDSC version is not supported
2026-02-07 18:25:37,583 [WARN] PackLoader:240 - Cannot read IP mode file for emotas.I-CUBE-CANOPEN.1.3.0
2026-02-07 18:25:37,599 [WARN] PackLoader:240 - Cannot read IP mode file for STMicroelectronics.X-CUBE-GNSS1.7.1.0
2026-02-07 18:25:37,603 [WARN] ConditionMgr:438 - getConditionDescription Invalid condition id : Cortex-A Device cause : null
2026-02-07 18:25:37,640 [WARN] ConditionMgr:1039 - genDependencies : Invalid condition id : Cortex-A Device cause : null
2026-02-07 18:25:37,640 [WARN] ConditionMgr:1039 - genDependencies : Invalid condition id : Cortex-A Device cause : null
2026-02-07 18:25:37,640 [WARN] ConditionMgr:1039 - genDependencies : Invalid condition id : Cortex-A Device cause : null
2026-02-07 18:25:37,658 [WARN] PackLoader:240 - Cannot read IP mode file for STMicroelectronics.X-CUBE-BLEMGR.3.1.0
2026-02-07 18:25:37,690 [WARN] PackLoader:240 - Cannot read IP mode file for STMicroelectronics.X-CUBE-AI.10.0.0
2026-02-07 18:25:37,723 [ERROR] Engine:466 - C:\Users\Aditya\.stm32cubemx\thirdparties\pdsc\STMicroelectronics.FP-SNS-STBOX1.2.1.0.pdsc: PDSC version is not supported
2026-02-07 18:25:37,738 [WARN] PackLoader:240 - Cannot read IP mode file for STMicroelectronics.FP-SNS-SMARTAG2.1.2.0
2026-02-07 18:25:37,741 [ERROR] Engine:466 - C:\Users\Aditya\.stm32cubemx\thirdparties\pdsc\STMicroelectronics.FP-SNS-FLIGHT1.5.1.0.pdsc: PDSC version is not supported
2026-02-07 18:25:37,762 [INFO] LogOutputStream:77 - [STDOUT_REDIRECT] 1 : Invalid condition id : UX_CORESTACK_Condition cause : null
2026-02-07 18:25:37,762 [INFO] LogOutputStream:77 - [STDOUT_REDIRECT] 1 : Invalid condition id : UX_CORESTACK_Condition cause : null
2026-02-07 18:25:37,763 [INFO] LogOutputStream:77 - [STDOUT_REDIRECT] 1 : Invalid condition id : UX_CORESTACK_Condition cause : null
2026-02-07 18:25:37,764 [INFO] LogOutputStream:77 - [STDOUT_REDIRECT] 1 : Invalid condition id : UX_CORESTACK_Condition cause : null
2026-02-07 18:25:37,765 [INFO] LogOutputStream:77 - [STDOUT_REDIRECT] 1 : Invalid condition id : UX_CORESTACK_Condition cause : null
2026-02-07 18:25:37,767 [WARN] PackLoader:240 - Cannot read IP mode file for STMicroelectronics.X-CUBE-AZRTOS-WL.2.0.0
2026-02-07 18:25:37,788 [WARN] PackLoader:240 - Cannot read IP mode file for STMicroelectronics.FP-SNS-MOTENV1.5.0.0
2026-02-07 18:25:37,836 [WARN] PackLoader:240 - Cannot read IP mode file for STMicroelectronics.X-CUBE-AZRTOS-H7RS.1.2.0
2026-02-07 18:25:37,842 [WARN] PackLoader:240 - Cannot read IP mode file for wolfSSL.I-CUBE-wolfMQTT.1.19.0
2026-02-07 18:25:37,877 [WARN] PackLoader:240 - Cannot read IP mode file for WES.I-CUBE-Cesium.1.3.0
2026-02-07 18:25:37,894 [WARN] PackLoader:240 - Cannot read IP mode file for STMicroelectronics.X-CUBE-BLE2.3.3.0
2026-02-07 18:25:37,897 [ERROR] Engine:466 - C:\Users\Aditya\.stm32cubemx\thirdparties\pdsc\Avnet-IOTCONNECT.X-CUBE-iotc-st67-sdk.1.0.0.pdsc: PDSC version is not supported
2026-02-07 18:25:37,917 [WARN] PackLoader:240 - Cannot read IP mode file for STMicroelectronics.X-CUBE-NFC9.1.0.0
2026-02-07 18:25:37,936 [WARN] PackLoader:240 - Cannot read IP mode file for STMicroelectronics.X-CUBE-BLE1.7.1.0
2026-02-07 18:25:37,957 [WARN] PackLoader:240 - Cannot read IP mode file for STMicroelectronics.X-CUBE-TCPP.4.1.0
2026-02-07 18:25:37,960 [ERROR] Engine:466 - C:\Users\Aditya\.stm32cubemx\thirdparties\pdsc\STMicroelectronics.X-CUBE-FREERTOS.1.4.0.pdsc: PDSC version is not supported
2026-02-07 18:25:37,978 [WARN] PackLoader:240 - Cannot read IP mode file for STMicroelectronics.X-CUBE-EEPRMA1.5.2.0
2026-02-07 18:25:37,996 [ERROR] Engine:466 - C:\Users\Aditya\.stm32cubemx\thirdparties\pdsc\STMicroelectronics.X-CUBE-ST67W61.1.1.0.pdsc: PDSC version is not supported
2026-02-07 18:25:38,014 [WARN] PackLoader:240 - Cannot read IP mode file for STMicroelectronics.X-CUBE-AI.10.1.0
2026-02-07 18:25:38,084 [WARN] PackLoader:240 - Cannot read IP mode file for STMicroelectronics.X-CUBE-MEMS1.12.0.0
2026-02-07 18:25:38,192 [WARN] PackLoader:240 - Cannot read IP mode file for STMicroelectronics.X-CUBE-ALGOBUILD.1.3.0
2026-02-07 18:25:38,267 [WARN] PackLoader:240 - Cannot read IP mode file for STMicroelectronics.X-CUBE-MEMS1.11.2.0
2026-02-07 18:25:38,420 [WARN] PackLoader:240 - Cannot read IP mode file for STMicroelectronics.X-CUBE-AZRTOS-G0.1.1.0
2026-02-07 18:25:38,450 [WARN] PackLoader:240 - Cannot read IP mode file for STMicroelectronics.X-CUBE-SAFEA1.1.2.2
2026-02-07 18:25:38,473 [WARN] PackLoader:240 - Cannot read IP mode file for STMicroelectronics.X-CUBE-NFC4.3.0.0
2026-02-07 18:25:38,506 [WARN] PackLoader:240 - Cannot read IP mode file for EmbeddedOffice.I-CUBE-FS-RTOS.1.0.1
2026-02-07 18:25:38,507 [ERROR] ConditionMgr:805 - Attr not supported : Dmpu
2026-02-07 18:25:38,507 [ERROR] ConditionMgr:805 - Attr not supported : Dmpu
2026-02-07 18:25:38,507 [ERROR] ConditionMgr:805 - Attr not supported : Dmpu
2026-02-07 18:25:38,507 [ERROR] ConditionMgr:805 - Attr not supported : Dmpu
2026-02-07 18:25:38,507 [ERROR] ConditionMgr:805 - Attr not supported : Dmpu
2026-02-07 18:25:38,507 [ERROR] ConditionMgr:805 - Attr not supported : Dmpu
2026-02-07 18:25:38,507 [ERROR] ConditionMgr:805 - Attr not supported : Dmpu
2026-02-07 18:25:38,508 [ERROR] ConditionMgr:805 - Attr not supported : Dmpu
2026-02-07 18:25:38,508 [ERROR] ConditionMgr:805 - Attr not supported : Dmpu
2026-02-07 18:25:38,508 [ERROR] ConditionMgr:805 - Attr not supported : Dmpu
2026-02-07 18:25:38,508 [ERROR] ConditionMgr:805 - Attr not supported : Dmpu
2026-02-07 18:25:38,508 [ERROR] ConditionMgr:805 - Attr not supported : Dmpu
2026-02-07 18:25:38,508 [ERROR] ConditionMgr:805 - Attr not supported : Dmpu
2026-02-07 18:25:38,509 [ERROR] ConditionMgr:805 - Attr not supported : Dmpu
2026-02-07 18:25:38,509 [ERROR] ConditionMgr:805 - Attr not supported : Dmpu
2026-02-07 18:25:38,509 [ERROR] ConditionMgr:805 - Attr not supported : Dmpu
2026-02-07 18:25:38,509 [ERROR] ConditionMgr:805 - Attr not supported : Dmpu
2026-02-07 18:25:38,509 [ERROR] ConditionMgr:805 - Attr not supported : Dmpu
2026-02-07 18:25:38,509 [ERROR] ConditionMgr:805 - Attr not supported : Dmpu
2026-02-07 18:25:38,509 [ERROR] ConditionMgr:805 - Attr not supported : Dmpu
2026-02-07 18:25:38,509 [ERROR] ConditionMgr:805 - Attr not supported : Dmpu
2026-02-07 18:25:38,509 [ERROR] ConditionMgr:805 - Attr not supported : Dmpu
2026-02-07 18:25:38,509 [ERROR] ConditionMgr:805 - Attr not supported : Dmpu
2026-02-07 18:25:38,509 [ERROR] ConditionMgr:805 - Attr not supported : Dmpu
2026-02-07 18:25:38,510 [ERROR] ConditionMgr:805 - Attr not supported : Dmpu
2026-02-07 18:25:38,510 [ERROR] ConditionMgr:805 - Attr not supported : Dmpu
2026-02-07 18:25:38,510 [ERROR] ConditionMgr:805 - Attr not supported : Dmpu
2026-02-07 18:25:38,510 [ERROR] ConditionMgr:805 - Attr not supported : Dmpu
2026-02-07 18:25:38,510 [ERROR] ConditionMgr:805 - Attr not supported : Dmpu
2026-02-07 18:25:38,510 [ERROR] ConditionMgr:805 - Attr not supported : Dmpu
2026-02-07 18:25:38,510 [ERROR] ConditionMgr:805 - Attr not supported : Dmpu
2026-02-07 18:25:38,510 [ERROR] ConditionMgr:805 - Attr not supported : Dmpu
2026-02-07 18:25:38,511 [ERROR] ConditionMgr:805 - Attr not supported : Dmpu
2026-02-07 18:25:38,511 [ERROR] ConditionMgr:805 - Attr not supported : Dmpu
2026-02-07 18:25:38,511 [ERROR] ConditionMgr:805 - Attr not supported : Dmpu
2026-02-07 18:25:38,511 [ERROR] ConditionMgr:805 - Attr not supported : Dmpu
2026-02-07 18:25:38,511 [ERROR] ConditionMgr:805 - Attr not supported : Dmpu
2026-02-07 18:25:38,512 [ERROR] ConditionMgr:805 - Attr not supported : Dmpu
2026-02-07 18:25:38,512 [ERROR] ConditionMgr:805 - Attr not supported : Dmpu
2026-02-07 18:25:38,512 [ERROR] ConditionMgr:805 - Attr not supported : Dmpu
2026-02-07 18:25:38,512 [ERROR] ConditionMgr:805 - Attr not supported : Dmpu
2026-02-07 18:25:38,512 [ERROR] ConditionMgr:805 - Attr not supported : Dmpu
2026-02-07 18:25:38,512 [ERROR] ConditionMgr:805 - Attr not supported : Dmpu
2026-02-07 18:25:38,512 [ERROR] ConditionMgr:805 - Attr not supported : Dmpu
2026-02-07 18:25:38,512 [ERROR] ConditionMgr:805 - Attr not supported : Dmpu
2026-02-07 18:25:38,512 [ERROR] ConditionMgr:805 - Attr not supported : Dmpu
2026-02-07 18:25:38,512 [ERROR] ConditionMgr:805 - Attr not supported : Dmpu
2026-02-07 18:25:38,512 [ERROR] ConditionMgr:805 - Attr not supported : Dmpu
2026-02-07 18:25:38,513 [ERROR] ConditionMgr:805 - Attr not supported : Dmpu
2026-02-07 18:25:38,513 [ERROR] ConditionMgr:805 - Attr not supported : Dmpu
2026-02-07 18:25:38,513 [ERROR] ConditionMgr:805 - Attr not supported : Dmpu
2026-02-07 18:25:38,513 [ERROR] ConditionMgr:805 - Attr not supported : Dmpu
2026-02-07 18:25:38,513 [ERROR] ConditionMgr:805 - Attr not supported : Dmpu
2026-02-07 18:25:38,513 [ERROR] ConditionMgr:805 - Attr not supported : Dmpu
2026-02-07 18:25:38,513 [ERROR] ConditionMgr:805 - Attr not supported : Dmpu
2026-02-07 18:25:38,513 [ERROR] ConditionMgr:805 - Attr not supported : Dmpu
2026-02-07 18:25:38,513 [ERROR] ConditionMgr:805 - Attr not supported : Dmpu
2026-02-07 18:25:38,513 [ERROR] ConditionMgr:805 - Attr not supported : Dmpu
2026-02-07 18:25:38,514 [ERROR] ConditionMgr:805 - Attr not supported : Dmpu
2026-02-07 18:25:38,514 [ERROR] ConditionMgr:805 - Attr not supported : Dmpu
2026-02-07 18:25:38,514 [ERROR] ConditionMgr:805 - Attr not supported : Dmpu
2026-02-07 18:25:38,514 [ERROR] ConditionMgr:805 - Attr not supported : Dmpu
2026-02-07 18:25:38,515 [ERROR] ConditionMgr:805 - Attr not supported : Dmpu
2026-02-07 18:25:38,515 [ERROR] ConditionMgr:805 - Attr not supported : Dmpu
2026-02-07 18:25:38,541 [WARN] PackLoader:240 - Cannot read IP mode file for STMicroelectronics.X-CUBE-WB05N.2.0.0
2026-02-07 18:25:38,565 [ERROR] Engine:466 - C:\Users\Aditya\.stm32cubemx\thirdparties\pdsc\STMicroelectronics.X-CUBE-TCPP.4.2.0.pdsc: PDSC version is not supported
2026-02-07 18:25:38,590 [WARN] PackLoader:240 - Cannot read IP mode file for RealThread.X-CUBE-RT-Thread_Nano.4.1.1
2026-02-07 18:25:38,610 [WARN] PackLoader:240 - Cannot read IP mode file for wolfSSL.I-CUBE-wolfSSL.5.7.0
2026-02-07 18:25:38,616 [WARN] PackLoader:240 - Cannot read IP mode file for STMicroelectronics.FP-ATR-SIGFOX1.3.2.0
2026-02-07 18:25:38,634 [WARN] PackLoader:240 - Cannot read IP mode file for STMicroelectronics.X-CUBE-EEPRMA1.5.1.0
2026-02-07 18:25:38,659 [WARN] PackLoader:240 - Cannot read IP mode file for ITTIA_DB.I-CUBE-ITTIADB.8.9.0
2026-02-07 18:25:38,668 [WARN] PackLoader:240 - Cannot read IP mode file for STMicroelectronics.X-CUBE-NFC6.3.2.0
2026-02-07 18:25:38,695 [ERROR] Engine:466 - C:\Users\Aditya\.stm32cubemx\thirdparties\pdsc\STMicroelectronics.X-CUBE-ST67W61.1.0.0.pdsc: PDSC version is not supported
2026-02-07 18:25:38,717 [WARN] PackLoader:240 - Cannot read IP mode file for STMicroelectronics.X-CUBE-AI.10.2.0
2026-02-07 18:25:38,764 [WARN] PackLoader:240 - Cannot read IP mode file for SEGGER.I-CUBE-embOS.1.3.1
2026-02-07 18:25:38,818 [WARN] PackLoader:240 - Cannot read IP mode file for STMicroelectronics.X-CUBE-ALGOBUILD.1.4.0
2026-02-07 18:25:38,885 [WARN] PackLoader:240 - Cannot read IP mode file for STMicroelectronics.X-CUBE-MEMS1.11.3.0
2026-02-07 18:25:39,051 [WARN] PackLoader:240 - Cannot read IP mode file for STMicroelectronics.X-CUBE-PM33A1.1.0.0
2026-02-07 18:25:39,079 [WARN] PackLoader:240 - Cannot read IP mode file for STMicroelectronics.X-CUBE-GNSS1.6.0.0
2026-02-07 18:25:39,127 [WARN] PackLoader:240 - Cannot read IP mode file for STMicroelectronics.X-CUBE-AZRTOS-F4.1.1.0
2026-02-07 18:25:39,149 [ERROR] Engine:466 - C:\Users\Aditya\.stm32cubemx\thirdparties\pdsc\Avnet-IotConnect.X-CUBE-IoTC-DA16k-PMOD.1.0.0.pdsc: PDSC version is not supported
2026-02-07 18:25:39,172 [WARN] PackLoader:240 - Cannot read IP mode file for STMicroelectronics.X-CUBE-ISPU.2.1.0
2026-02-07 18:25:39,192 [ERROR] Engine:466 - C:\Users\Aditya\.stm32cubemx\thirdparties\pdsc\STMicroelectronics.X-CUBE-IPS.3.2.0.pdsc: PDSC version is not supported
2026-02-07 18:25:39,210 [WARN] PackLoader:240 - Cannot read IP mode file for STMicroelectronics.X-CUBE-FREERTOS.1.2.0
2026-02-07 18:25:39,227 [WARN] PackLoader:240 - Cannot read IP mode file for STMicroelectronics.X-CUBE-NFC12.1.0.0
2026-02-07 18:25:39,257 [WARN] PackLoader:240 - Cannot read IP mode file for STMicroelectronics.X-CUBE-AZRTOS-L5.2.0.0
2026-02-07 18:25:39,279 [WARN] PackLoader:240 - Cannot read IP mode file for STMicroelectronics.X-CUBE-NFC6.3.1.0
2026-02-07 18:25:39,301 [WARN] PackLoader:240 - Cannot read IP mode file for STMicroelectronics.X-CUBE-DPower.1.2.0
2026-02-07 18:25:39,318 [WARN] PackLoader:240 - Cannot read IP mode file for STMicroelectronics.X-CUBE-AI.9.0.0
2026-02-07 18:25:39,333 [WARN] PackLoader:240 - Cannot read IP mode file for STMicroelectronics.X-CUBE-FREERTOS.1.3.1
2026-02-07 18:25:39,350 [WARN] PackLoader:240 - Cannot read IP mode file for STMicroelectronics.X-CUBE-NFC7.1.0.1
2026-02-07 18:25:39,354 [WARN] PackLoader:240 - Cannot read IP mode file for wolfSSL.I-CUBE-wolfTPM.3.2.0
2026-02-07 18:25:39,369 [WARN] PackLoader:240 - Cannot read IP mode file for STMicroelectronics.X-CUBE-TOUCHGFX.4.26.0
2026-02-07 18:25:39,383 [ERROR] Engine:466 - C:\Users\Aditya\.stm32cubemx\thirdparties\pdsc\STMicroelectronics.FP-SNS-STAIOTCFT.1.0.0.pdsc: PDSC version is not supported
2026-02-07 18:25:39,399 [WARN] PackLoader:240 - Cannot read IP mode file for STMicroelectronics.X-CUBE-DPower.1.3.0
2026-02-07 18:25:39,429 [WARN] ConditionMgr:438 - getConditionDescription Invalid condition id : LAN8742 Phy interface Condition cause : null
2026-02-07 18:25:39,429 [WARN] PackLoader:240 - Cannot read IP mode file for STMicroelectronics.X-CUBE-AZRTOS-L4.2.0.0
2026-02-07 18:25:39,430 [WARN] ConditionMgr:1039 - genDependencies : Invalid condition id : LAN8742 Phy interface Condition cause : null
2026-02-07 18:25:39,430 [WARN] ConditionMgr:1039 - genDependencies : Invalid condition id : LAN8742 Phy interface Condition cause : null
2026-02-07 18:25:39,430 [WARN] ConditionMgr:1039 - genDependencies : Invalid condition id : LAN8742 Phy interface Condition cause : null
2026-02-07 18:25:39,445 [WARN] PackLoader:240 - Cannot read IP mode file for STMicroelectronics.X-CUBE-SFXS2LP1.4.0.0
2026-02-07 18:25:39,447 [ERROR] Engine:466 - C:\Users\Aditya\.stm32cubemx\thirdparties\pdsc\STMicroelectronics.X-CUBE-ST67W61.1.2.0.pdsc: PDSC version is not supported
2026-02-07 18:25:39,472 [WARN] PackLoader:240 - Cannot read IP mode file for STMicroelectronics.X-CUBE-AZRTOS-H7.3.3.0
2026-02-07 18:25:39,523 [ERROR] Engine:466 - C:\Users\Aditya\.stm32cubemx\thirdparties\pdsc\STMicroelectronics.X-CUBE-BLEMGR.4.1.0.pdsc: PDSC version is not supported
2026-02-07 18:25:39,560 [WARN] ConditionMgr:438 - getConditionDescription Invalid condition id : UX DEVICE CLASS RTOS Condition cause : null
2026-02-07 18:25:39,561 [WARN] ConditionMgr:438 - getConditionDescription Invalid condition id : UX DEVICE CLASS RTOS Condition cause : null
2026-02-07 18:25:39,561 [WARN] PackLoader:240 - Cannot read IP mode file for STMicroelectronics.X-CUBE-AZRTOS-WB.2.0.0
2026-02-07 18:25:39,562 [WARN] ConditionMgr:1039 - genDependencies : Invalid condition id : UX DEVICE CLASS RTOS Condition cause : null
2026-02-07 18:25:39,562 [WARN] ConditionMgr:1039 - genDependencies : Invalid condition id : UX DEVICE CLASS RTOS Condition cause : null
2026-02-07 18:25:39,563 [WARN] ConditionMgr:1039 - genDependencies : Invalid condition id : UX DEVICE CLASS RTOS Condition cause : null
2026-02-07 18:25:39,564 [WARN] ConditionMgr:1039 - genDependencies : Invalid condition id : UX DEVICE CLASS RTOS Condition cause : null
2026-02-07 18:25:39,564 [WARN] ConditionMgr:1039 - genDependencies : Invalid condition id : UX DEVICE CLASS RTOS Condition cause : null
2026-02-07 18:25:39,594 [WARN] PackLoader:240 - Cannot read IP mode file for STMicroelectronics.X-CUBE-GNSS1.7.0.1
2026-02-07 18:25:39,627 [WARN] PackLoader:240 - Cannot read IP mode file for STMicroelectronics.X-CUBE-TOUCHGFX.4.25.0
2026-02-07 18:25:39,660 [WARN] PackLoader:240 - Cannot read IP mode file for STMicroelectronics.FP-SNS-STBOX1.2.0.0
2026-02-07 18:25:39,684 [WARN] PackLoader:240 - Cannot read IP mode file for STMicroelectronics.X-CUBE-STSE01.2.0.0
2026-02-07 18:25:39,719 [WARN] PackLoader:240 - Cannot read IP mode file for STMicroelectronics.X-CUBE-SUBG2.5.0.0
2026-02-07 18:25:39,868 [WARN] PackLoader:240 - Cannot read IP mode file for STMicroelectronics.X-CUBE-AZRTOS-H7RS.1.1.0
2026-02-07 18:25:40,719 [WARN] PackLoader:240 - Cannot read IP mode file for Cesanta.I-CUBE-Mongoose.7.13.0
2026-02-07 18:25:40,779 [WARN] PackLoader:240 - Cannot read IP mode file for STMicroelectronics.X-CUBE-AZRTOS-G4.2.0.0
2026-02-07 18:25:40,811 [WARN] PackLoader:240 - Cannot read IP mode file for STMicroelectronics.X-CUBE-NFC7.2.0.0
2026-02-07 18:25:40,832 [WARN] PackLoader:240 - Cannot read IP mode file for STMicroelectronics.X-CUBE-ISPU.2.0.0
2026-02-07 18:25:40,852 [ERROR] Engine:466 - C:\Users\Aditya\.stm32cubemx\thirdparties\pdsc\STMicroelectronics.X-CUBE-IPS.3.1.0.pdsc: PDSC version is not supported
2026-02-07 18:25:40,870 [WARN] PackLoader:240 - Cannot read IP mode file for STMicroelectronics.X-CUBE-ALS.1.0.2
2026-02-07 18:25:40,922 [WARN] PackLoader:240 - Cannot read IP mode file for STMicroelectronics.X-CUBE-MEMS1.10.0.0
2026-02-07 18:25:41,099 [WARN] PackLoader:240 - Cannot read IP mode file for STMicroelectronics.X-CUBE-FREERTOS.1.1.0
2026-02-07 18:25:41,122 [WARN] PackLoader:240 - Cannot read IP mode file for STMicroelectronics.X-CUBE-TOUCHGFX.4.24.0
2026-02-07 18:25:41,148 [WARN] PackLoader:240 - Cannot read IP mode file for STMicroelectronics.X-CUBE-STSE01.1.0.0
2026-02-07 18:25:41,181 [WARN] PackLoader:240 - Cannot read IP mode file for portGmbH.I-Cube-SoM-uGOAL.1.1.0
2026-02-07 18:25:41,211 [WARN] PackLoader:240 - Cannot read IP mode file for STMicroelectronics.X-CUBE-ALS.1.0.1
2026-02-07 18:25:41,237 [WARN] PackLoader:240 - Cannot read IP mode file for STMicroelectronics.X-CUBE-AZRTOS-H7RS.1.0.0
2026-02-07 18:25:41,252 [WARN] PackLoader:240 - Cannot read IP mode file for STMicroelectronics.FP-ATR-ASTRA1.2.0.0
2026-02-07 18:25:41,269 [WARN] PackLoader:240 - Cannot read IP mode file for STMicroelectronics.X-CUBE-TOF1.3.4.2
2026-02-07 18:25:41,290 [ERROR] Engine:466 - C:\Users\Aditya\.stm32cubemx\thirdparties\pdsc\STMicroelectronics.X-CUBE-TOF1.3.4.3.pdsc: PDSC version is not supported
2026-02-07 18:25:41,310 [WARN] PackLoader:240 - Cannot read IP mode file for STMicroelectronics.X-CUBE-TOF1.3.4.1
2026-02-07 18:25:41,372 [WARN] PackLoader:240 - Cannot read IP mode file for STMicroelectronics.X-CUBE-AZRTOS-H7.3.2.0
2026-02-07 18:25:41,393 [WARN] PackLoader:240 - Cannot read IP mode file for Infineon.AIROC-Wi-Fi-Bluetooth-STM32.1.6.0
2026-02-07 18:25:41,401 [WARN] PackLoader:240 - Cannot read IP mode file for wolfSSL.I-CUBE-wolfSSH.1.4.17
2026-02-07 18:25:41,403 [INFO] ThirdParty:978 - Integrity check success = true
2026-02-07 18:25:41,404 [INFO] IntegrityCheckThread:100 - exiting critical section [integrity check]
2026-02-07 18:25:41,404 [INFO] IntegrityCheckThread:103 - End integrity checks thread
2026-02-07 18:51:06,506 [INFO] McuFinderGlobals:63 - Set McuFinder mode to 2 (CubeIDE integrated)
2026-02-07 18:51:06,537 [INFO] MainUpdater:2873 - connection check result : 10
2026-02-07 18:51:06,545 [INFO] MainUpdater:2873 - connection check result : 10
2026-02-07 18:51:06,792 [INFO] MicroXplorer:468 - Change Database Path : 
2026-02-07 18:51:06,792 [INFO] MicroXplorer:498 - Change Database Version : DB.6.0.110
2026-02-07 18:51:06,802 [WARN] ThirdParty:871 - waiting for thirdparty lock release [close project]
2026-02-07 18:51:06,802 [INFO] ThirdParty:873 - entering critical section [close project]
2026-02-07 18:51:06,826 [INFO] ThirdParty:883 - exiting critical section [close project]
2026-02-07 18:51:06,828 [INFO] PinOutPanel:1561 - setPackage(No Configuration,No Configuration)
2026-02-07 18:51:06,832 [INFO] UtilMem:75 - Begin LoadConfig() Used Memory: 725383176 Bytes (1073741824)
2026-02-07 18:51:06,833 [INFO] MicroXplorer:468 - Change Database Path : 
2026-02-07 18:51:06,833 [INFO] MicroXplorer:498 - Change Database Version : DB.6.0.110
2026-02-07 18:51:06,833 [INFO] OpenFileManager:312 - Change cursor
2026-02-07 18:51:06,891 [INFO] Mcu:2021 - Initializing MCU STM32F446R(C-E)Tx STM32F446RETx STM32F446RET6
2026-02-07 18:51:08,353 [INFO] Context:663 - Trying to add GPIOservice into a context  which must be forbidden
2026-02-07 18:51:09,070 [INFO] RtosManager:555 - Registered RTOS mode: class=CMSIS, group=RTOS, mode=CMSIS_V1, owner=FREERTOS
2026-02-07 18:51:09,070 [INFO] RtosManager:555 - Registered RTOS mode: class=CMSIS, group=RTOS2, mode=CMSIS_V2, owner=FREERTOS
2026-02-07 18:51:09,070 [INFO] RtosManager:555 - Registered RTOS mode: class=RTOS, group=Core, mode=CMSIS_V1, owner=FREERTOS
2026-02-07 18:51:09,071 [INFO] RtosManager:555 - Registered RTOS mode: class=RTOS, group=Core, mode=CMSIS_V2, owner=FREERTOS
2026-02-07 18:51:09,071 [WARN] ModelIntegratedComponent:184 - Missing modes for component STMicroelectronics:FreeRTOS:0.0.1:STMicroelectronics:RTOS:FreeRTOS:Core:::10.2.0:
2026-02-07 18:51:09,083 [WARN] ModelIntegratedComponent:63 - No mode defined for component null
2026-02-07 18:51:09,083 [WARN] ModelIntegratedComponent:63 - No mode defined for component null
2026-02-07 18:51:09,084 [WARN] ModelIntegratedComponent:63 - No mode defined for component null
2026-02-07 18:51:09,084 [WARN] ModelIntegratedComponent:63 - No mode defined for component null
2026-02-07 18:51:09,084 [WARN] ModelIntegratedComponent:63 - No mode defined for component null
2026-02-07 18:51:09,084 [WARN] ModelIntegratedComponent:63 - No mode defined for component null
2026-02-07 18:51:09,084 [WARN] ModelIntegratedComponent:63 - No mode defined for component null
2026-02-07 18:51:09,084 [WARN] ModelIntegratedComponent:63 - No mode defined for component null
2026-02-07 18:51:09,084 [WARN] ModelIntegratedComponent:63 - No mode defined for component null
2026-02-07 18:51:09,084 [WARN] ModelIntegratedComponent:63 - No mode defined for component null
2026-02-07 18:51:09,084 [WARN] ModelIntegratedComponent:63 - No mode defined for component null
2026-02-07 18:51:09,084 [WARN] ModelIntegratedComponent:63 - No mode defined for component null
2026-02-07 18:51:09,084 [WARN] ModelIntegratedComponent:63 - No mode defined for component null
2026-02-07 18:51:09,084 [WARN] ModelIntegratedComponent:63 - No mode defined for component null
2026-02-07 18:51:09,084 [WARN] ModelIntegratedComponent:63 - No mode defined for component null
2026-02-07 18:51:09,085 [WARN] ModelIntegratedComponent:63 - No mode defined for component null
2026-02-07 18:51:09,085 [WARN] ModelIntegratedComponent:63 - No mode defined for component null
2026-02-07 18:51:09,085 [WARN] ModelIntegratedComponent:63 - No mode defined for component null
2026-02-07 18:51:09,085 [WARN] ModelIntegratedComponent:63 - No mode defined for component null
2026-02-07 18:51:09,085 [WARN] ModelIntegratedComponent:63 - No mode defined for component null
2026-02-07 18:51:09,085 [WARN] ModelIntegratedComponent:63 - No mode defined for component null
2026-02-07 18:51:09,085 [WARN] ModelIntegratedComponent:63 - No mode defined for component null
2026-02-07 18:51:09,085 [WARN] ModelIntegratedComponent:63 - No mode defined for component null
2026-02-07 18:51:09,085 [WARN] ModelIntegratedComponent:63 - No mode defined for component null
2026-02-07 18:51:09,085 [WARN] ModelIntegratedComponent:63 - No mode defined for component null
2026-02-07 18:51:09,085 [WARN] ModelIntegratedComponent:63 - No mode defined for component null
2026-02-07 18:51:09,085 [WARN] ModelIntegratedComponent:63 - No mode defined for component null
2026-02-07 18:51:09,085 [WARN] ModelIntegratedComponent:63 - No mode defined for component null
2026-02-07 18:51:09,085 [WARN] ModelIntegratedComponent:63 - No mode defined for component null
2026-02-07 18:51:09,085 [WARN] ModelIntegratedComponent:63 - No mode defined for component null
2026-02-07 18:51:09,085 [WARN] ModelIntegratedComponent:63 - No mode defined for component null
2026-02-07 18:51:09,085 [WARN] ModelIntegratedComponent:63 - No mode defined for component null
2026-02-07 18:51:09,085 [WARN] ModelIntegratedComponent:63 - No mode defined for component null
2026-02-07 18:51:09,085 [WARN] ModelIntegratedComponent:63 - No mode defined for component null
2026-02-07 18:51:09,290 [INFO] ThirdPartyModel:298 - Start build external matchings
2026-02-07 18:51:10,111 [INFO] ThirdPartyModel:316 - End build external matchings
2026-02-07 18:51:10,131 [INFO] ImportTextPane:194 - (OptionalMessage_ERROR) IP (RCC) : Invalid parameter (48MHZClocksFreq_Value)
2026-02-07 18:51:10,131 [INFO] ImportTextPane:194 - (OptionalMessage_ERROR) IP (RCC) : Invalid parameter (EthernetFreq_Value)
2026-02-07 18:51:10,133 [INFO] ImportTextPane:194 - (OptionalMessage_ERROR) IP (RCC) : Parameter (FLatency) has Id (AdvancedSettings) currently not set
2026-02-07 18:51:10,134 [INFO] ImportTextPane:194 - (OptionalMessage_ERROR) IP (RCC) : Invalid parameter (FamilyName)
2026-02-07 18:51:10,134 [INFO] ImportTextPane:194 - (OptionalMessage_ERROR) IP (RCC) : Invalid parameter (I2SClocksFreq_Value)
2026-02-07 18:51:10,134 [INFO] ImportTextPane:194 - (OptionalMessage_ERROR) IP (RCC) : Parameter (MCO2PinFreq_Value) has invalid value (180000000)
2026-02-07 18:51:10,136 [INFO] ImportTextPane:194 - (OptionalMessage_ERROR) IP (RCC) : Parameter (SDIOFreq_Value) has invalid value (180000000)
2026-02-07 18:51:10,137 [INFO] ImportTextPane:194 - (OptionalMessage_ERROR) IP (RCC) : Parameter (USBFreq_Value) has invalid value (180000000)
2026-02-07 18:51:10,137 [INFO] ImportTextPane:194 - (OptionalMessage_ERROR) IP (RCC) : Invalid parameter (VCOInputMFreq_Value)
2026-02-07 18:51:10,138 [INFO] ImportTextPane:194 - (OptionalMessage_ERROR) IP (RCC) : Invalid parameter (VcooutputI2S)
2026-02-07 18:51:10,511 [INFO] ApiDb:581 - Connected to CubeFinder SQLite database (C:\Users\Aditya\.stmcufinder\plugins\mcufinder\mcu\cube-finder-db.db)
2026-02-07 18:51:10,587 [INFO] ApiDb:668 - CubeFinder database Data Model version=2.1
2026-02-07 18:51:10,587 [INFO] ApiDb:669 - CubeFinder database Configuration version=3.0.39
2026-02-07 18:51:10,588 [INFO] ApiDb:670 - CubeFinder database generation date=2025-11-05 (1762334721)
2026-02-07 18:51:10,588 [INFO] ApiDb:671 - CubeFinder database FW Pack versions=[FP-ATR-ASTRA1_V2.0.0, FP-SNS-FLIGHT1_V5.1.0, FP-SNS-MOTENV1_V5.1.0, FP-SNS-MOTENVWB1_V1.4.0, FP-SNS-SMARTAG2_V1.2.0, FP-SNS-STBOX1_V2.1.0, STM32Cube_FW_C0_V1.4.0, STM32Cube_FW_F4_V1.28.3, STM32Cube_FW_F7_V1.17.4, STM32Cube_FW_G0_V1.6.2, STM32Cube_FW_G4_V1.6.1, STM32Cube_FW_H5_V1.5.1, STM32Cube_FW_H7RS_V1.3.0, STM32Cube_FW_H7_V1.12.1, STM32Cube_FW_L0_V1.12.2, STM32Cube_FW_L4_V1.18.1, STM32Cube_FW_L5_V1.6.0, STM32Cube_FW_N6_V1.3.0, STM32Cube_FW_U0_V1.3.0, STM32Cube_FW_U3_V1.2.1, STM32Cube_FW_U5_V1.8.0, STM32Cube_FW_WB0_V1.4.0, STM32Cube_FW_WBA_V1.8.0, STM32Cube_FW_WB_V1.24.0, STM32Cube_FW_WL3_V1.3.0, STM32Cube_FW_WL_V1.4.0, X-CUBE-ALGOBUILD_V1.4.0, X-CUBE-ALS_V1.0.2, X-CUBE-AZRTOS-F4_V1.1.0, X-CUBE-AZRTOS-F7_V1.1.0, X-CUBE-AZRTOS-G0_V1.1.0, X-CUBE-AZRTOS-G4_V2.0.0, X-CUBE-AZRTOS-H7RS_V1.1.0, X-CUBE-AZRTOS-H7_V3.4.0, X-CUBE-AZRTOS-L4_V2.0.0, X-CUBE-AZRTOS-L5_V2.0.0, X-CUBE-AZRTOS-WB_V2.0.0, X-CUBE-AZRTOS-WL_V2.0.0, X-CUBE-BLE1_V7.1.0, X-CUBE-BLE2_V3.3.0, X-CUBE-BLEMGR_V4.1.0, X-CUBE-EEPRMA1_V5.2.0, X-CUBE-FREERTOS_V1.3.1, X-CUBE-GNSS1_V6.0.0, X-CUBE-MEMS1_V11.3.0, X-CUBE-NFC4_V3.0.0, X-CUBE-NFC7_V2.0.0, X-CUBE-SFXS2LP1_V4.0.0, X-CUBE-ST67W61_V1.1.0, X-CUBE-SUBG2_V5.0.0, X-CUBE-TOF1_V3.4.3]
2026-02-07 18:51:10,676 [INFO] DbBoardsSqlite:226 - include board P-NUCLEO-WB55-NUCLEO as a kit item of type 'Nucleo-64'
2026-02-07 18:51:10,676 [INFO] DbBoardsSqlite:226 - include board P-NUCLEO-WB55-USBDONGLE as a kit item of type 'Nucleo USB Dongle'
2026-02-07 18:51:10,677 [INFO] DbBoardsSqlite:226 - include board STEVAL-IDP005V1 as a kit item of type 'Evaluation Board'
2026-02-07 18:51:10,677 [INFO] DbBoardsSqlite:226 - include board STEVAL-IDP005V2 as a kit item of type 'Evaluation Board'
2026-02-07 18:51:11,099 [INFO] ApiDb:240 - Found 483 in-development CPN: [B-G473E-ZEST1S, B-WB1M-WPAN1, B-WL5M-SUBG1, NUCLEO-C031C6, NUCLEO-H503RB, NUCLEO-H533RE, NUCLEO-H563ZI, NUCLEO-H7S3L8, NUCLEO-U031R8, NUCLEO-U083RC, NUCLEO-U545RE-Q, NUCLEO-U5A5ZJ-Q, NUCLEO-WBA52CG, NUCLEO-WBA55CG, STEVAL-PROTEUS1, STEVAL-SMARTAG2, STEVAL-STWINBX1, STM320518-EVAL, STM32C0116-DK, STM32C011D6Y3TR, STM32C011D6Y6TR, STM32C011F4P3, STM32C011F4P6, STM32C011F4U3, STM32C011F4U6TR, STM32C011F6P3, STM32C011F6P6, STM32C011F6U3, STM32C011F6U6TR, STM32C011J4M3, STM32C011J4M6, STM32C011J6M3, STM32C011J6M6, STM32C0316-DK, STM32C031C4T3, STM32C031C4T6, STM32C031C4U3, STM32C031C4U6, STM32C031C6T3, STM32C031C6T6, STM32C031C6U3, STM32C031C6U6, STM32C031F4P3, STM32C031F4P6, STM32C031F6P3, STM32C031F6P6, STM32C031G4U3, STM32C031G4U6, STM32C031G6U3, STM32C031G6U6, STM32C031K4T3, STM32C031K4T6, STM32C031K4U3, STM32C031K4U6, STM32C031K6T3, STM32C031K6T6, STM32C031K6U3, STM32C031K6U6, STM32G071K8TXN, STM32G071K8UXN, STM32G081GBU6N, STM32G081KBT6N, STM32G081KBUXN, STM32G0B1CCT6N, STM32G0B1KCT6, STM32G0B1NEY6TR, STM32G0B1RCT6N, STM32G0C1CCT6, STM32G0C1CCT6N, STM32G0C1CCU6N, STM32G0C1CET6N, STM32G0C1CEU6N, STM32G0C1KCT6, STM32G0C1NEY6TR, STM32G0C1RCI6N, STM32G0C1RCT6N, STM32G0C1REI6N, STM32G0C1RET6N, STM32G0C1VCI6, STM32G0C1VEI6, STM32G471CCT6, STM32G471CCU6, STM32G471CET3, STM32G471CET6, STM32G471CEU3, STM32G471CEU6, STM32G471MCT6, STM32G471MET3, STM32G471MET6, STM32G471MEY6TR, STM32G471QCT6, STM32G471QET3, STM32G471RCT6, STM32G471RET3, STM32G471RET6, STM32G471VCH6, STM32G471VCI6, STM32G471VCT6, STM32G471VEH3, STM32G471VEH6, STM32G471VEI3, STM32G471VEI6, STM32G471VET3, STM32G471VET6, STM32G474CCT6, STM32H503CBT6, STM32H503CBU6, STM32H503EBY6TR, STM32H503KBU6, STM32H503RBT6, STM32H523CCT6, STM32H523CCU6, STM32H523CET6, STM32H523CEU6, STM32H523HEY6TR, STM32H523RCT6, STM32H523RET6, STM32H523VCI6, STM32H523VCT6, STM32H523VEI6, STM32H523VET6, STM32H523ZCJ6, STM32H523ZCT6, STM32H523ZEJ6, STM32H523ZET6, STM32H533CET6, STM32H533CEU6, STM32H533HEY6TR, STM32H533RET6, STM32H533VEI6, STM32H533VET6, STM32H533ZEJ6, STM32H533ZET6, STM32H562AGI6, STM32H562AII6, STM32H562IGK6, STM32H562IGT6, STM32H562IIK6, STM32H562IIT6, STM32H562RGT6, STM32H562RGV6, STM32H562RIT6, STM32H562RIV6, STM32H562VGT6, STM32H562VIT6, STM32H562ZGT6, STM32H562ZIT6, STM32H563AGI6, STM32H563AII3Q, STM32H563AII6, STM32H563IGK6, STM32H563IGT6, STM32H563IIK3Q, STM32H563IIK6, STM32H563IIT3Q, STM32H563IIT6, STM32H563MIY3QTR, STM32H563RGT6, STM32H563RGV6, STM32H563RIT6, STM32H563RIV6, STM32H563VGT6, STM32H563VIT3Q, STM32H563VIT6, STM32H563ZGT6, STM32H563ZIT3Q, STM32H563ZIT6, STM32H573AII3Q, STM32H573AII6, STM32H573I-DK, STM32H573IIK3Q, STM32H573IIK6, STM32H573IIT3Q, STM32H573IIT6, STM32H573MIY3QTR, STM32H573RIT6, STM32H573RIV6, STM32H573VIT3Q, STM32H573VIT6, STM32H573ZIT3Q, STM32H573ZIT6, STM32H7R3A8I6, STM32H7R3I8K6, STM32H7R3I8T6, STM32H7R3L8H6, STM32H7R3L8H6H, STM32H7R3R8V6, STM32H7R3V8H6, STM32H7R3V8T6, STM32H7R3V8Y6, STM32H7R3Z8J6, STM32H7R3Z8T6, STM32H7R7A8I6, STM32H7R7I8K6, STM32H7R7I8T6, STM32H7R7L8H6, STM32H7R7L8H6H, STM32H7R7Z8J6, STM32H7S3A8I6, STM32H7S3I8K6, STM32H7S3I8T6, STM32H7S3L8H6, STM32H7S3L8H6H, STM32H7S3R8V6, STM32H7S3V8H6, STM32H7S3V8T6, STM32H7S3V8Y6, STM32H7S3Z8J6, STM32H7S3Z8T6, STM32H7S78-DK, STM32H7S7A8I6, STM32H7S7I8K6, STM32H7S7I8T6, STM32H7S7L8H6, STM32H7S7L8H6H, STM32H7S7Z8J6, STM32L4R5QGI6STR, STM32MP131AAE3, STM32MP131AAF3, STM32MP131AAG3, STM32MP131CAE3, STM32MP131CAF3, STM32MP131CAG3, STM32MP131DAE7, STM32MP131DAF7, STM32MP131DAG7, STM32MP131FAE7, STM32MP131FAF7, STM32MP131FAG7, STM32MP133AAE3, STM32MP133AAF3, STM32MP133AAG3, STM32MP133CAE3, STM32MP133CAF3, STM32MP133CAG3, STM32MP133DAE7, STM32MP133DAF7, STM32MP133DAG7, STM32MP133FAE7, STM32MP133FAF7, STM32MP133FAG7, STM32MP135AAE3, STM32MP135AAF3, STM32MP135AAG3, STM32MP135CAE3, STM32MP135CAF3, STM32MP135CAG3, STM32MP135DAE7, STM32MP135DAF7, STM32MP135DAG7, STM32MP135F-DK, STM32MP135FAE7, STM32MP135FAF7, STM32MP135FAF7T, STM32MP135FAF7U, STM32MP135FAG7, STM32U031C6T6, STM32U031C6U6, STM32U031C8T6, STM32U031C8U6, STM32U031F4P6, STM32U031F6P6, STM32U031F8P6, STM32U031G6Y6TR, STM32U031G8Y6TR, STM32U031K4U6, STM32U031K6U6, STM32U031K8U6, STM32U031R6I6, STM32U031R6T6, STM32U031R8I6, STM32U031R8T6, STM32U073C8T6, STM32U073C8U6, STM32U073CBT6, STM32U073CBU6, STM32U073CCT6, STM32U073CCU6, STM32U073H8Y6TR, STM32U073HBY6TR, STM32U073HCY6TR, STM32U073K8U6, STM32U073KBU6, STM32U073KCU6, STM32U073M8I6, STM32U073M8T6, STM32U073MBI6, STM32U073MBT6, STM32U073MCI6, STM32U073MCT6, STM32U073R8I6, STM32U073R8T6, STM32U073RBI6, STM32U073RBT6, STM32U073RCI6, STM32U073RCT6, STM32U083C-DK, STM32U083CCT6, STM32U083CCU6, STM32U083HCY6TR, STM32U083KCU6, STM32U083MCI6, STM32U083MCT6, STM32U083RCI6, STM32U083RCT6, STM32U535CBT6, STM32U535CBT6Q, STM32U535CBU6, STM32U535CBU6Q, STM32U535CCT6, STM32U535CCT6Q, STM32U535CCU6, STM32U535CCU6Q, STM32U535CET6, STM32U535CET6Q, STM32U535CEU6, STM32U535CEU6Q, STM32U535JEY6QTR, STM32U535NCY6QTR, STM32U535NEY6QTR, STM32U535RBI6, STM32U535RBI6Q, STM32U535RBT6, STM32U535RBT6Q, STM32U535RCI6, STM32U535RCI6Q, STM32U535RCT6, STM32U535RCT6Q, STM32U535REI6, STM32U535REI6Q, STM32U535RET6, STM32U535RET6Q, STM32U535VCI6, STM32U535VCI6Q, STM32U535VCT6, STM32U535VCT6Q, STM32U535VEI6, STM32U535VEI6Q, STM32U535VET6, STM32U535VET6Q, STM32U545CET6, STM32U545CET6Q, STM32U545CEU6, STM32U545CEU6Q, STM32U545JEY6QTR, STM32U545NEY6QTR, STM32U545REI6, STM32U545REI6Q, STM32U545RET6, STM32U545RET6Q, STM32U545VEI6, STM32U545VEI6Q, STM32U545VET6, STM32U545VET6Q, STM32U595AIH6, STM32U595AIH6Q, STM32U595AJH6, STM32U595AJH6Q, STM32U595QII6, STM32U595QII6Q, STM32U595QJI6, STM32U595QJI6Q, STM32U595RIT6, STM32U595RIT6Q, STM32U595RJT6, STM32U595RJT6Q, STM32U595VIT6, STM32U595VIT6Q, STM32U595VJT6, STM32U595VJT6Q, STM32U595ZIT6, STM32U595ZIT6Q, STM32U595ZIY6QTR, STM32U595ZJT6, STM32U595ZJT6Q, STM32U595ZJY6QTR, STM32U599BJY6QTR, STM32U599NIH6Q, STM32U599NJH6Q, STM32U599VIT6Q, STM32U599VJT6, STM32U599VJT6Q, STM32U599ZIT6Q, STM32U599ZIY6QTR, STM32U599ZJT6Q, STM32U599ZJY6QTR, STM32U5A5AJH6, STM32U5A5AJH6Q, STM32U5A5QII3Q , STM32U5A5QJI6, STM32U5A5QJI6Q, STM32U5A5RJT6, STM32U5A5RJT6Q, STM32U5A5VJT6, STM32U5A5VJT6Q, STM32U5A5ZJT6, STM32U5A5ZJT6Q, STM32U5A5ZJY6QTR, STM32U5A9BJY6QTR, STM32U5A9J-DK, STM32U5A9NJH6Q, STM32U5A9VJT6Q, STM32U5A9ZJT6Q, STM32U5A9ZJY6QTR, STM32U5F7VIT6, STM32U5F7VIT6Q, STM32U5F7VJT6, STM32U5F7VJT6Q, STM32U5F9BJY6QTR, STM32U5F9NJH6Q, STM32U5F9VIT6Q, STM32U5F9VJT6Q, STM32U5F9ZIJ6QTR, STM32U5F9ZIT6Q, STM32U5F9ZJJ6QTR, STM32U5F9ZJT6Q, STM32U5G7VJT6, STM32U5G7VJT6Q, STM32U5G9BJY6QTR, STM32U5G9J-DK1, STM32U5G9J-DK2, STM32U5G9NJH6Q, STM32U5G9VJT6Q, STM32U5G9ZJJ6QTR, STM32U5G9ZJT6Q, STM32WB1MMCH6, STM32WBA50KEU6, STM32WBA50KEU6TR, STM32WBA50KGU6, STM32WBA50KGU6TR, STM32WBA52CEU6, STM32WBA52CEU6TR, STM32WBA52CEU7, STM32WBA52CEU7TR, STM32WBA52CGU6, STM32WBA52CGU6TR, STM32WBA52CGU6U, STM32WBA52CGU7, STM32WBA52CGU7TR, STM32WBA52KEU6, STM32WBA52KEU6TR, STM32WBA52KGU6, STM32WBA52KGU6TR, STM32WBA54CEU6, STM32WBA54CEU6TR, STM32WBA54CEU7, STM32WBA54CEU7TR, STM32WBA54CGU6, STM32WBA54CGU6TR, STM32WBA54CGU7, STM32WBA54CGU7TR, STM32WBA54KEU6, STM32WBA54KEU6TR, STM32WBA54KEU7, STM32WBA54KEU7TR, STM32WBA54KGU6, STM32WBA54KGU6TR, STM32WBA54KGU7, STM32WBA54KGU7TR, STM32WBA55CEU6, STM32WBA55CEU6TR, STM32WBA55CEU7, STM32WBA55CEU7TR, STM32WBA55CGU6, STM32WBA55CGU6TR, STM32WBA55CGU6U, STM32WBA55CGU7, STM32WBA55CGU7TR, STM32WBA55G-DK1, STM32WBA55HEF6, STM32WBA55HEF7, STM32WBA55HGF6, STM32WBA55HGF7, STM32WBA55UEI6, STM32WBA55UEI6TR, STM32WBA55UEI7, STM32WBA55UEI7TR, STM32WBA55UGI6, STM32WBA55UGI6TR, STM32WBA55UGI7, STM32WBA55UGI7TR, STM32WL5MOCH6, STM32WL5MOCH6TR]
2026-02-07 18:51:11,103 [INFO] ApiDb:668 - CubeFinder database Data Model version=2.1
2026-02-07 18:51:11,103 [INFO] ApiDb:669 - CubeFinder database Configuration version=3.0.39
2026-02-07 18:51:11,103 [INFO] ApiDb:670 - CubeFinder database generation date=2025-11-05 (1762334721)
2026-02-07 18:51:11,103 [INFO] ApiDb:671 - CubeFinder database FW Pack versions=[FP-ATR-ASTRA1_V2.0.0, FP-SNS-FLIGHT1_V5.1.0, FP-SNS-MOTENV1_V5.1.0, FP-SNS-MOTENVWB1_V1.4.0, FP-SNS-SMARTAG2_V1.2.0, FP-SNS-STBOX1_V2.1.0, STM32Cube_FW_C0_V1.4.0, STM32Cube_FW_F4_V1.28.3, STM32Cube_FW_F7_V1.17.4, STM32Cube_FW_G0_V1.6.2, STM32Cube_FW_G4_V1.6.1, STM32Cube_FW_H5_V1.5.1, STM32Cube_FW_H7RS_V1.3.0, STM32Cube_FW_H7_V1.12.1, STM32Cube_FW_L0_V1.12.2, STM32Cube_FW_L4_V1.18.1, STM32Cube_FW_L5_V1.6.0, STM32Cube_FW_N6_V1.3.0, STM32Cube_FW_U0_V1.3.0, STM32Cube_FW_U3_V1.2.1, STM32Cube_FW_U5_V1.8.0, STM32Cube_FW_WB0_V1.4.0, STM32Cube_FW_WBA_V1.8.0, STM32Cube_FW_WB_V1.24.0, STM32Cube_FW_WL3_V1.3.0, STM32Cube_FW_WL_V1.4.0, X-CUBE-ALGOBUILD_V1.4.0, X-CUBE-ALS_V1.0.2, X-CUBE-AZRTOS-F4_V1.1.0, X-CUBE-AZRTOS-F7_V1.1.0, X-CUBE-AZRTOS-G0_V1.1.0, X-CUBE-AZRTOS-G4_V2.0.0, X-CUBE-AZRTOS-H7RS_V1.1.0, X-CUBE-AZRTOS-H7_V3.4.0, X-CUBE-AZRTOS-L4_V2.0.0, X-CUBE-AZRTOS-L5_V2.0.0, X-CUBE-AZRTOS-WB_V2.0.0, X-CUBE-AZRTOS-WL_V2.0.0, X-CUBE-BLE1_V7.1.0, X-CUBE-BLE2_V3.3.0, X-CUBE-BLEMGR_V4.1.0, X-CUBE-EEPRMA1_V5.2.0, X-CUBE-FREERTOS_V1.3.1, X-CUBE-GNSS1_V6.0.0, X-CUBE-MEMS1_V11.3.0, X-CUBE-NFC4_V3.0.0, X-CUBE-NFC7_V2.0.0, X-CUBE-SFXS2LP1_V4.0.0, X-CUBE-ST67W61_V1.1.0, X-CUBE-SUBG2_V5.0.0, X-CUBE-TOF1_V3.4.3]
2026-02-07 18:51:12,880 [INFO] ApiDb:240 - Found 483 in-development CPN: [B-G473E-ZEST1S, B-WB1M-WPAN1, B-WL5M-SUBG1, NUCLEO-C031C6, NUCLEO-H503RB, NUCLEO-H533RE, NUCLEO-H563ZI, NUCLEO-H7S3L8, NUCLEO-U031R8, NUCLEO-U083RC, NUCLEO-U545RE-Q, NUCLEO-U5A5ZJ-Q, NUCLEO-WBA52CG, NUCLEO-WBA55CG, STEVAL-PROTEUS1, STEVAL-SMARTAG2, STEVAL-STWINBX1, STM320518-EVAL, STM32C0116-DK, STM32C011D6Y3TR, STM32C011D6Y6TR, STM32C011F4P3, STM32C011F4P6, STM32C011F4U3, STM32C011F4U6TR, STM32C011F6P3, STM32C011F6P6, STM32C011F6U3, STM32C011F6U6TR, STM32C011J4M3, STM32C011J4M6, STM32C011J6M3, STM32C011J6M6, STM32C0316-DK, STM32C031C4T3, STM32C031C4T6, STM32C031C4U3, STM32C031C4U6, STM32C031C6T3, STM32C031C6T6, STM32C031C6U3, STM32C031C6U6, STM32C031F4P3, STM32C031F4P6, STM32C031F6P3, STM32C031F6P6, STM32C031G4U3, STM32C031G4U6, STM32C031G6U3, STM32C031G6U6, STM32C031K4T3, STM32C031K4T6, STM32C031K4U3, STM32C031K4U6, STM32C031K6T3, STM32C031K6T6, STM32C031K6U3, STM32C031K6U6, STM32G071K8TXN, STM32G071K8UXN, STM32G081GBU6N, STM32G081KBT6N, STM32G081KBUXN, STM32G0B1CCT6N, STM32G0B1KCT6, STM32G0B1NEY6TR, STM32G0B1RCT6N, STM32G0C1CCT6, STM32G0C1CCT6N, STM32G0C1CCU6N, STM32G0C1CET6N, STM32G0C1CEU6N, STM32G0C1KCT6, STM32G0C1NEY6TR, STM32G0C1RCI6N, STM32G0C1RCT6N, STM32G0C1REI6N, STM32G0C1RET6N, STM32G0C1VCI6, STM32G0C1VEI6, STM32G471CCT6, STM32G471CCU6, STM32G471CET3, STM32G471CET6, STM32G471CEU3, STM32G471CEU6, STM32G471MCT6, STM32G471MET3, STM32G471MET6, STM32G471MEY6TR, STM32G471QCT6, STM32G471QET3, STM32G471RCT6, STM32G471RET3, STM32G471RET6, STM32G471VCH6, STM32G471VCI6, STM32G471VCT6, STM32G471VEH3, STM32G471VEH6, STM32G471VEI3, STM32G471VEI6, STM32G471VET3, STM32G471VET6, STM32G474CCT6, STM32H503CBT6, STM32H503CBU6, STM32H503EBY6TR, STM32H503KBU6, STM32H503RBT6, STM32H523CCT6, STM32H523CCU6, STM32H523CET6, STM32H523CEU6, STM32H523HEY6TR, STM32H523RCT6, STM32H523RET6, STM32H523VCI6, STM32H523VCT6, STM32H523VEI6, STM32H523VET6, STM32H523ZCJ6, STM32H523ZCT6, STM32H523ZEJ6, STM32H523ZET6, STM32H533CET6, STM32H533CEU6, STM32H533HEY6TR, STM32H533RET6, STM32H533VEI6, STM32H533VET6, STM32H533ZEJ6, STM32H533ZET6, STM32H562AGI6, STM32H562AII6, STM32H562IGK6, STM32H562IGT6, STM32H562IIK6, STM32H562IIT6, STM32H562RGT6, STM32H562RGV6, STM32H562RIT6, STM32H562RIV6, STM32H562VGT6, STM32H562VIT6, STM32H562ZGT6, STM32H562ZIT6, STM32H563AGI6, STM32H563AII3Q, STM32H563AII6, STM32H563IGK6, STM32H563IGT6, STM32H563IIK3Q, STM32H563IIK6, STM32H563IIT3Q, STM32H563IIT6, STM32H563MIY3QTR, STM32H563RGT6, STM32H563RGV6, STM32H563RIT6, STM32H563RIV6, STM32H563VGT6, STM32H563VIT3Q, STM32H563VIT6, STM32H563ZGT6, STM32H563ZIT3Q, STM32H563ZIT6, STM32H573AII3Q, STM32H573AII6, STM32H573I-DK, STM32H573IIK3Q, STM32H573IIK6, STM32H573IIT3Q, STM32H573IIT6, STM32H573MIY3QTR, STM32H573RIT6, STM32H573RIV6, STM32H573VIT3Q, STM32H573VIT6, STM32H573ZIT3Q, STM32H573ZIT6, STM32H7R3A8I6, STM32H7R3I8K6, STM32H7R3I8T6, STM32H7R3L8H6, STM32H7R3L8H6H, STM32H7R3R8V6, STM32H7R3V8H6, STM32H7R3V8T6, STM32H7R3V8Y6, STM32H7R3Z8J6, STM32H7R3Z8T6, STM32H7R7A8I6, STM32H7R7I8K6, STM32H7R7I8T6, STM32H7R7L8H6, STM32H7R7L8H6H, STM32H7R7Z8J6, STM32H7S3A8I6, STM32H7S3I8K6, STM32H7S3I8T6, STM32H7S3L8H6, STM32H7S3L8H6H, STM32H7S3R8V6, STM32H7S3V8H6, STM32H7S3V8T6, STM32H7S3V8Y6, STM32H7S3Z8J6, STM32H7S3Z8T6, STM32H7S78-DK, STM32H7S7A8I6, STM32H7S7I8K6, STM32H7S7I8T6, STM32H7S7L8H6, STM32H7S7L8H6H, STM32H7S7Z8J6, STM32L4R5QGI6STR, STM32MP131AAE3, STM32MP131AAF3, STM32MP131AAG3, STM32MP131CAE3, STM32MP131CAF3, STM32MP131CAG3, STM32MP131DAE7, STM32MP131DAF7, STM32MP131DAG7, STM32MP131FAE7, STM32MP131FAF7, STM32MP131FAG7, STM32MP133AAE3, STM32MP133AAF3, STM32MP133AAG3, STM32MP133CAE3, STM32MP133CAF3, STM32MP133CAG3, STM32MP133DAE7, STM32MP133DAF7, STM32MP133DAG7, STM32MP133FAE7, STM32MP133FAF7, STM32MP133FAG7, STM32MP135AAE3, STM32MP135AAF3, STM32MP135AAG3, STM32MP135CAE3, STM32MP135CAF3, STM32MP135CAG3, STM32MP135DAE7, STM32MP135DAF7, STM32MP135DAG7, STM32MP135F-DK, STM32MP135FAE7, STM32MP135FAF7, STM32MP135FAF7T, STM32MP135FAF7U, STM32MP135FAG7, STM32U031C6T6, STM32U031C6U6, STM32U031C8T6, STM32U031C8U6, STM32U031F4P6, STM32U031F6P6, STM32U031F8P6, STM32U031G6Y6TR, STM32U031G8Y6TR, STM32U031K4U6, STM32U031K6U6, STM32U031K8U6, STM32U031R6I6, STM32U031R6T6, STM32U031R8I6, STM32U031R8T6, STM32U073C8T6, STM32U073C8U6, STM32U073CBT6, STM32U073CBU6, STM32U073CCT6, STM32U073CCU6, STM32U073H8Y6TR, STM32U073HBY6TR, STM32U073HCY6TR, STM32U073K8U6, STM32U073KBU6, STM32U073KCU6, STM32U073M8I6, STM32U073M8T6, STM32U073MBI6, STM32U073MBT6, STM32U073MCI6, STM32U073MCT6, STM32U073R8I6, STM32U073R8T6, STM32U073RBI6, STM32U073RBT6, STM32U073RCI6, STM32U073RCT6, STM32U083C-DK, STM32U083CCT6, STM32U083CCU6, STM32U083HCY6TR, STM32U083KCU6, STM32U083MCI6, STM32U083MCT6, STM32U083RCI6, STM32U083RCT6, STM32U535CBT6, STM32U535CBT6Q, STM32U535CBU6, STM32U535CBU6Q, STM32U535CCT6, STM32U535CCT6Q, STM32U535CCU6, STM32U535CCU6Q, STM32U535CET6, STM32U535CET6Q, STM32U535CEU6, STM32U535CEU6Q, STM32U535JEY6QTR, STM32U535NCY6QTR, STM32U535NEY6QTR, STM32U535RBI6, STM32U535RBI6Q, STM32U535RBT6, STM32U535RBT6Q, STM32U535RCI6, STM32U535RCI6Q, STM32U535RCT6, STM32U535RCT6Q, STM32U535REI6, STM32U535REI6Q, STM32U535RET6, STM32U535RET6Q, STM32U535VCI6, STM32U535VCI6Q, STM32U535VCT6, STM32U535VCT6Q, STM32U535VEI6, STM32U535VEI6Q, STM32U535VET6, STM32U535VET6Q, STM32U545CET6, STM32U545CET6Q, STM32U545CEU6, STM32U545CEU6Q, STM32U545JEY6QTR, STM32U545NEY6QTR, STM32U545REI6, STM32U545REI6Q, STM32U545RET6, STM32U545RET6Q, STM32U545VEI6, STM32U545VEI6Q, STM32U545VET6, STM32U545VET6Q, STM32U595AIH6, STM32U595AIH6Q, STM32U595AJH6, STM32U595AJH6Q, STM32U595QII6, STM32U595QII6Q, STM32U595QJI6, STM32U595QJI6Q, STM32U595RIT6, STM32U595RIT6Q, STM32U595RJT6, STM32U595RJT6Q, STM32U595VIT6, STM32U595VIT6Q, STM32U595VJT6, STM32U595VJT6Q, STM32U595ZIT6, STM32U595ZIT6Q, STM32U595ZIY6QTR, STM32U595ZJT6, STM32U595ZJT6Q, STM32U595ZJY6QTR, STM32U599BJY6QTR, STM32U599NIH6Q, STM32U599NJH6Q, STM32U599VIT6Q, STM32U599VJT6, STM32U599VJT6Q, STM32U599ZIT6Q, STM32U599ZIY6QTR, STM32U599ZJT6Q, STM32U599ZJY6QTR, STM32U5A5AJH6, STM32U5A5AJH6Q, STM32U5A5QII3Q , STM32U5A5QJI6, STM32U5A5QJI6Q, STM32U5A5RJT6, STM32U5A5RJT6Q, STM32U5A5VJT6, STM32U5A5VJT6Q, STM32U5A5ZJT6, STM32U5A5ZJT6Q, STM32U5A5ZJY6QTR, STM32U5A9BJY6QTR, STM32U5A9J-DK, STM32U5A9NJH6Q, STM32U5A9VJT6Q, STM32U5A9ZJT6Q, STM32U5A9ZJY6QTR, STM32U5F7VIT6, STM32U5F7VIT6Q, STM32U5F7VJT6, STM32U5F7VJT6Q, STM32U5F9BJY6QTR, STM32U5F9NJH6Q, STM32U5F9VIT6Q, STM32U5F9VJT6Q, STM32U5F9ZIJ6QTR, STM32U5F9ZIT6Q, STM32U5F9ZJJ6QTR, STM32U5F9ZJT6Q, STM32U5G7VJT6, STM32U5G7VJT6Q, STM32U5G9BJY6QTR, STM32U5G9J-DK1, STM32U5G9J-DK2, STM32U5G9NJH6Q, STM32U5G9VJT6Q, STM32U5G9ZJJ6QTR, STM32U5G9ZJT6Q, STM32WB1MMCH6, STM32WBA50KEU6, STM32WBA50KEU6TR, STM32WBA50KGU6, STM32WBA50KGU6TR, STM32WBA52CEU6, STM32WBA52CEU6TR, STM32WBA52CEU7, STM32WBA52CEU7TR, STM32WBA52CGU6, STM32WBA52CGU6TR, STM32WBA52CGU6U, STM32WBA52CGU7, STM32WBA52CGU7TR, STM32WBA52KEU6, STM32WBA52KEU6TR, STM32WBA52KGU6, STM32WBA52KGU6TR, STM32WBA54CEU6, STM32WBA54CEU6TR, STM32WBA54CEU7, STM32WBA54CEU7TR, STM32WBA54CGU6, STM32WBA54CGU6TR, STM32WBA54CGU7, STM32WBA54CGU7TR, STM32WBA54KEU6, STM32WBA54KEU6TR, STM32WBA54KEU7, STM32WBA54KEU7TR, STM32WBA54KGU6, STM32WBA54KGU6TR, STM32WBA54KGU7, STM32WBA54KGU7TR, STM32WBA55CEU6, STM32WBA55CEU6TR, STM32WBA55CEU7, STM32WBA55CEU7TR, STM32WBA55CGU6, STM32WBA55CGU6TR, STM32WBA55CGU6U, STM32WBA55CGU7, STM32WBA55CGU7TR, STM32WBA55G-DK1, STM32WBA55HEF6, STM32WBA55HEF7, STM32WBA55HGF6, STM32WBA55HGF7, STM32WBA55UEI6, STM32WBA55UEI6TR, STM32WBA55UEI7, STM32WBA55UEI7TR, STM32WBA55UGI6, STM32WBA55UGI6TR, STM32WBA55UGI7, STM32WBA55UGI7TR, STM32WL5MOCH6, STM32WL5MOCH6TR]
2026-02-07 18:51:12,886 [INFO] DbMcus:218 - Found 4816 MCUs, 4816 are supported
2026-02-07 18:51:12,886 [INFO] ApiDb:423 - Load user favorites file C:\Users\Aditya/.stm32cubeide/favorites.mcus.txt: 0 item(s)
2026-02-07 18:51:12,887 [INFO] ApiDb:427 - User favorites MCUs=[]
2026-02-07 18:51:12,887 [INFO] DbMcus:224 - Set 0 / 0 favorites MCUs
2026-02-07 18:51:13,179 [INFO] BoardInfo:889 - No configuration file found for board B-WBA5M-WPAN
2026-02-07 18:51:13,179 [INFO] DbBoards:161 - Board is not supported: B-WBA5M-WPAN
2026-02-07 18:51:13,182 [INFO] BoardInfo:889 - No configuration file found for board NUCLEO-C051C8
2026-02-07 18:51:13,182 [INFO] DbBoards:161 - Board is not supported: NUCLEO-C051C8
2026-02-07 18:51:13,183 [INFO] BoardInfo:889 - No configuration file found for board NUCLEO-C071RB
2026-02-07 18:51:13,183 [INFO] DbBoards:161 - Board is not supported: NUCLEO-C071RB
2026-02-07 18:51:13,184 [INFO] BoardInfo:889 - No configuration file found for board NUCLEO-C092RC
2026-02-07 18:51:13,184 [INFO] DbBoards:161 - Board is not supported: NUCLEO-C092RC
2026-02-07 18:51:13,241 [INFO] BoardInfo:889 - No configuration file found for board NUCLEO-N657X0-Q
2026-02-07 18:51:13,242 [INFO] DbBoards:161 - Board is not supported: NUCLEO-N657X0-Q
2026-02-07 18:51:13,245 [INFO] BoardInfo:889 - No configuration file found for board NUCLEO-U385RG-Q
2026-02-07 18:51:13,246 [INFO] DbBoards:161 - Board is not supported: NUCLEO-U385RG-Q
2026-02-07 18:51:13,251 [INFO] BoardInfo:889 - No configuration file found for board NUCLEO-WB05KZ
2026-02-07 18:51:13,251 [INFO] DbBoards:161 - Board is not supported: NUCLEO-WB05KZ
2026-02-07 18:51:13,252 [INFO] BoardInfo:889 - No configuration file found for board NUCLEO-WB07CC
2026-02-07 18:51:13,252 [INFO] DbBoards:161 - Board is not supported: NUCLEO-WB07CC
2026-02-07 18:51:13,253 [INFO] BoardInfo:889 - No configuration file found for board NUCLEO-WB09KE
2026-02-07 18:51:13,254 [INFO] DbBoards:161 - Board is not supported: NUCLEO-WB09KE
2026-02-07 18:51:13,260 [INFO] BoardInfo:889 - No configuration file found for board NUCLEO-WBA65RI
2026-02-07 18:51:13,260 [INFO] DbBoards:161 - Board is not supported: NUCLEO-WBA65RI
2026-02-07 18:51:13,261 [INFO] BoardInfo:889 - No configuration file found for board NUCLEO-WL33CC1
2026-02-07 18:51:13,261 [INFO] DbBoards:161 - Board is not supported: NUCLEO-WL33CC1
2026-02-07 18:51:13,262 [INFO] BoardInfo:889 - No configuration file found for board NUCLEO-WL33CC2
2026-02-07 18:51:13,262 [INFO] DbBoards:161 - Board is not supported: NUCLEO-WL33CC2
2026-02-07 18:51:13,269 [INFO] BoardInfo:889 - No configuration file found for board P-NUCLEO-WB55
2026-02-07 18:51:13,270 [INFO] DbBoards:161 - Kit is not supported: P-NUCLEO-WB55
2026-02-07 18:51:13,276 [INFO] BoardInfo:889 - No configuration file found for board STEVAL-BFA001V1B
2026-02-07 18:51:13,277 [INFO] DbBoards:161 - Kit is not supported: STEVAL-BFA001V1B
2026-02-07 18:51:13,278 [INFO] BoardInfo:889 - No configuration file found for board STEVAL-BFA001V2B
2026-02-07 18:51:13,278 [INFO] DbBoards:161 - Kit is not supported: STEVAL-BFA001V2B
2026-02-07 18:51:13,386 [INFO] BoardInfo:889 - No configuration file found for board STM32MP257F-DK
2026-02-07 18:51:13,387 [INFO] DbBoards:161 - Board is not supported: STM32MP257F-DK
2026-02-07 18:51:13,388 [INFO] BoardInfo:889 - No configuration file found for board STM32MP257F-EV1
2026-02-07 18:51:13,388 [INFO] DbBoards:161 - Board is not supported: STM32MP257F-EV1
2026-02-07 18:51:13,389 [INFO] BoardInfo:889 - No configuration file found for board STM32N6570-DK
2026-02-07 18:51:13,389 [INFO] DbBoards:161 - Board is not supported: STM32N6570-DK
2026-02-07 18:51:13,396 [INFO] BoardInfo:889 - No configuration file found for board STM32WBA65I-DK1
2026-02-07 18:51:13,396 [INFO] DbBoards:161 - Board is not supported: STM32WBA65I-DK1
2026-02-07 18:51:13,396 [INFO] DbBoards:168 - Found 211 boards, 192 are supported
2026-02-07 18:51:13,396 [INFO] DbBoards:169 - Found 211 boards, 8 of them is supported for  Bsp
2026-02-07 18:51:13,398 [INFO] ApiDb:423 - Load user favorites file C:\Users\Aditya/.stm32cubeide/favorites.boards.txt: 0 item(s)
2026-02-07 18:51:13,398 [INFO] ApiDb:427 - User favorites Boards=[]
2026-02-07 18:51:13,398 [INFO] DbBoards:198 - Set 0 / 0 favorites Boards
2026-02-07 18:51:13,469 [INFO] UtilMem:75 - End LoadConfig() Used Memory: 754953224 Bytes (1073741824)
2026-02-07 18:51:13,580 [WARN] ThirdParty:833 - waiting for thirdparty lock release [change project]
2026-02-07 18:51:13,580 [INFO] ThirdParty:835 - entering critical section [change project]
2026-02-07 18:51:13,580 [INFO] ThirdParty:1030 - CMSIS Pack Vendor :STMicroelectronics X-CUBE-PM33A1 1.0.0
2026-02-07 18:51:13,580 [INFO] ThirdParty:1030 - CMSIS Pack Vendor :STMicroelectronics USBPD 4.1
2026-02-07 18:51:13,580 [INFO] ThirdParty:1030 - CMSIS Pack Vendor :STMicroelectronics X-CUBE-GNSS1 6.0.0
2026-02-07 18:51:13,580 [INFO] ThirdParty:1030 - CMSIS Pack Vendor :STMicroelectronics USB_HOST 2.0.0
2026-02-07 18:51:13,580 [INFO] ThirdParty:1030 - CMSIS Pack Vendor :STMicroelectronics FP-SNS-MOTENVWB1 1.4.0
2026-02-07 18:51:13,580 [INFO] ThirdParty:1030 - CMSIS Pack Vendor :STMicroelectronics X-CUBE-AZRTOS-F4 1.1.0
2026-02-07 18:51:13,580 [INFO] ThirdParty:1030 - CMSIS Pack Vendor :STMicroelectronics LIBJPEG 8.0.0
2026-02-07 18:51:13,580 [INFO] ThirdParty:1030 - CMSIS Pack Vendor :STMicroelectronics FP-ATR-ASTRA1 2.0.2
2026-02-07 18:51:13,580 [INFO] ThirdParty:1030 - CMSIS Pack Vendor :STMicroelectronics X-CUBE-SMBUS 2.1.0
2026-02-07 18:51:13,580 [INFO] ThirdParty:1030 - CMSIS Pack Vendor :STMicroelectronics X-CUBE-ISPU 2.1.0
2026-02-07 18:51:13,580 [INFO] ThirdParty:1030 - CMSIS Pack Vendor :STMicroelectronics X-CUBE-FREERTOS 1.2.0
2026-02-07 18:51:13,580 [INFO] ThirdParty:1030 - CMSIS Pack Vendor :STMicroelectronics X-CUBE-NFC12 1.0.0
2026-02-07 18:51:13,580 [INFO] ThirdParty:1030 - CMSIS Pack Vendor :STMicroelectronics X-CUBE-TOUCHGFX 4.23.2
2026-02-07 18:51:13,580 [INFO] ThirdParty:1030 - CMSIS Pack Vendor :STMicroelectronics X-CUBE-AZRTOS-F7 1.1.0
2026-02-07 18:51:13,580 [INFO] ThirdParty:1030 - CMSIS Pack Vendor :STMicroelectronics X-CUBE-AZRTOS-L5 2.0.0
2026-02-07 18:51:13,580 [INFO] ThirdParty:1030 - CMSIS Pack Vendor :STMicroelectronics USB_DEVICE 2.0.0
2026-02-07 18:51:13,580 [INFO] ThirdParty:1030 - CMSIS Pack Vendor :STMicroelectronics X-CUBE-NFC6 3.1.0
2026-02-07 18:51:13,580 [INFO] ThirdParty:1030 - CMSIS Pack Vendor :STMicroelectronics FreeRTOS 0.0.1
2026-02-07 18:51:13,580 [INFO] ThirdParty:1030 - CMSIS Pack Vendor :STMicroelectronics X-CUBE-DPower 1.2.0
2026-02-07 18:51:13,580 [INFO] ThirdParty:1030 - CMSIS Pack Vendor :STMicroelectronics FP-SNS-FLIGHT1 5.0.2
2026-02-07 18:51:13,580 [INFO] ThirdParty:1030 - CMSIS Pack Vendor :STMicroelectronics X-CUBE-AI 9.0.0
2026-02-07 18:51:13,580 [INFO] ThirdParty:1030 - CMSIS Pack Vendor :STMicroelectronics PDM2PCM 3.3.0
2026-02-07 18:51:13,580 [INFO] ThirdParty:1030 - CMSIS Pack Vendor :STMicroelectronics X-CUBE-AZRTOS-H7 3.4.0
2026-02-07 18:51:13,580 [INFO] ThirdParty:1030 - CMSIS Pack Vendor :STMicroelectronics X-CUBE-DISPLAY 3.0.0
2026-02-07 18:51:13,580 [INFO] ThirdParty:1030 - CMSIS Pack Vendor :STMicroelectronics X-CUBE-BLE1 7.0.0
2026-02-07 18:51:13,580 [INFO] ThirdParty:1030 - CMSIS Pack Vendor :STMicroelectronics X-CUBE-NFC10 1.0.0
2026-02-07 18:51:13,580 [INFO] ThirdParty:1030 - CMSIS Pack Vendor :STMicroelectronics X-CUBE-BLEMGR 4.0.0
2026-02-07 18:51:13,580 [INFO] ThirdParty:1030 - CMSIS Pack Vendor :STMicroelectronics X-CUBE-FREERTOS 1.3.1
2026-02-07 18:51:13,580 [INFO] ThirdParty:1030 - CMSIS Pack Vendor :STMicroelectronics HAL Drivers 0.0.0
2026-02-07 18:51:13,580 [INFO] ThirdParty:1030 - CMSIS Pack Vendor :emotas I-CUBE-CANOPEN 1.3.0
2026-02-07 18:51:13,580 [INFO] ThirdParty:1030 - CMSIS Pack Vendor :STMicroelectronics X-CUBE-NFC7 1.0.1
2026-02-07 18:51:13,580 [INFO] ThirdParty:1030 - CMSIS Pack Vendor :STMicroelectronics MBEDTLS 2.14.1
2026-02-07 18:51:13,580 [INFO] ThirdParty:1030 - CMSIS Pack Vendor :STMicroelectronics X-CUBE-GNSS1 7.1.0
2026-02-07 18:51:13,580 [INFO] ThirdParty:1030 - CMSIS Pack Vendor :wolfSSL I-CUBE-wolfTPM 3.2.0
2026-02-07 18:51:13,580 [INFO] ThirdParty:1030 - CMSIS Pack Vendor :STMicroelectronics X-CUBE-TOUCHGFX 4.26.0
2026-02-07 18:51:13,580 [INFO] ThirdParty:1030 - CMSIS Pack Vendor :quantropi X-CUBE-qispace-sdk-base 2.0.0
2026-02-07 18:51:13,580 [INFO] ThirdParty:1030 - CMSIS Pack Vendor :STMicroelectronics X-CUBE-BLEMGR 3.1.0
2026-02-07 18:51:13,580 [INFO] ThirdParty:1030 - CMSIS Pack Vendor :STMicroelectronics X-CUBE-AI 10.0.0
2026-02-07 18:51:13,580 [INFO] ThirdParty:1030 - CMSIS Pack Vendor :STMicroelectronics FP-SNS-SMARTAG2 1.2.0
2026-02-07 18:51:13,580 [INFO] ThirdParty:1030 - CMSIS Pack Vendor :STMicroelectronics X-CUBE-AZRTOS-WL 2.0.0
2026-02-07 18:51:13,580 [INFO] ThirdParty:1030 - CMSIS Pack Vendor :STMicroelectronics X-CUBE-DPower 1.3.0
2026-02-07 18:51:13,580 [INFO] ThirdParty:1030 - CMSIS Pack Vendor :STMicroelectronics FP-SNS-MOTENV1 5.0.0
2026-02-07 18:51:13,580 [INFO] ThirdParty:1030 - CMSIS Pack Vendor :STMicroelectronics USB_DEVICE 1.0.0
2026-02-07 18:51:13,580 [INFO] ThirdParty:1030 - CMSIS Pack Vendor :STMicroelectronics X-CUBE-AZRTOS-H7RS 1.2.0
2026-02-07 18:51:13,580 [INFO] ThirdParty:1030 - CMSIS Pack Vendor :wolfSSL I-CUBE-wolfMQTT 1.19.0
2026-02-07 18:51:13,580 [INFO] ThirdParty:1030 - CMSIS Pack Vendor :STMicroelectronics X-CUBE-AZRTOS-L4 2.0.0
2026-02-07 18:51:13,580 [INFO] ThirdParty:1030 - CMSIS Pack Vendor :STMicroelectronics ThreadX 0.0.2
2026-02-07 18:51:13,581 [INFO] ThirdParty:1030 - CMSIS Pack Vendor :WES I-CUBE-Cesium 1.3.0
2026-02-07 18:51:13,581 [INFO] ThirdParty:1030 - CMSIS Pack Vendor :STMicroelectronics lwIP 2.1.2
2026-02-07 18:51:13,581 [INFO] ThirdParty:1030 - CMSIS Pack Vendor :STMicroelectronics X-CUBE-SFXS2LP1 4.0.0
2026-02-07 18:51:13,581 [INFO] ThirdParty:1030 - CMSIS Pack Vendor :STMicroelectronics X-CUBE-BLE2 3.3.0
2026-02-07 18:51:13,581 [INFO] ThirdParty:1030 - CMSIS Pack Vendor :STMicroelectronics PDM2PCM 3.2.0
2026-02-07 18:51:13,581 [INFO] ThirdParty:1030 - CMSIS Pack Vendor :STMicroelectronics X-CUBE-AZRTOS-H7 3.3.0
2026-02-07 18:51:13,581 [INFO] ThirdParty:1030 - CMSIS Pack Vendor :STMicroelectronics X-CUBE-NFC9 1.0.0
2026-02-07 18:51:13,581 [INFO] ThirdParty:1030 - CMSIS Pack Vendor :STMicroelectronics X-CUBE-BLE1 7.1.0
2026-02-07 18:51:13,581 [INFO] ThirdParty:1030 - CMSIS Pack Vendor :STMicroelectronics USB_DEVICE 3.0.0
2026-02-07 18:51:13,581 [INFO] ThirdParty:1030 - CMSIS Pack Vendor :STMicroelectronics X-CUBE-TCPP 4.1.0
2026-02-07 18:51:13,581 [INFO] ThirdParty:1030 - CMSIS Pack Vendor :STMicroelectronics X-CUBE-EEPRMA1 5.2.0
2026-02-07 18:51:13,581 [INFO] ThirdParty:1030 - CMSIS Pack Vendor :STMicroelectronics X-CUBE-AZRTOS-WB 2.0.0
2026-02-07 18:51:13,581 [INFO] ThirdParty:1030 - CMSIS Pack Vendor :STMicroelectronics X-CUBE-GNSS1 7.0.1
2026-02-07 18:51:13,581 [INFO] ThirdParty:1030 - CMSIS Pack Vendor :STMicroelectronics X-CUBE-TOUCHGFX 4.25.0
2026-02-07 18:51:13,581 [INFO] ThirdParty:1030 - CMSIS Pack Vendor :STMicroelectronics X-CUBE-AI 10.1.0
2026-02-07 18:51:13,581 [INFO] ThirdParty:1030 - CMSIS Pack Vendor :STMicroelectronics FP-SNS-STBOX1 2.0.0
2026-02-07 18:51:13,581 [INFO] ThirdParty:1030 - CMSIS Pack Vendor :STMicroelectronics X-CUBE-MEMS1 12.0.0
2026-02-07 18:51:13,581 [INFO] ThirdParty:1030 - CMSIS Pack Vendor :STMicroelectronics X-CUBE-ALGOBUILD 1.3.0
2026-02-07 18:51:13,581 [INFO] ThirdParty:1030 - CMSIS Pack Vendor :STMicroelectronics X-CUBE-STSE01 2.0.0
2026-02-07 18:51:13,581 [INFO] ThirdParty:1030 - CMSIS Pack Vendor :STMicroelectronics X-CUBE-MEMS1 11.2.0
2026-02-07 18:51:13,581 [INFO] ThirdParty:1030 - CMSIS Pack Vendor :STMicroelectronics X-CUBE-AZRTOS-G0 1.1.0
2026-02-07 18:51:13,581 [INFO] ThirdParty:1030 - CMSIS Pack Vendor :STMicroelectronics X-CUBE-SAFEA1 1.2.2
2026-02-07 18:51:13,581 [INFO] ThirdParty:1030 - CMSIS Pack Vendor :STMicroelectronics X-CUBE-NFC4 3.0.0
2026-02-07 18:51:13,581 [INFO] ThirdParty:1030 - CMSIS Pack Vendor :STMicroelectronics X-CUBE-SUBG2 5.0.0
2026-02-07 18:51:13,581 [INFO] ThirdParty:1030 - CMSIS Pack Vendor :STMicroelectronics X-CUBE-AZRTOS-H7RS 1.1.0
2026-02-07 18:51:13,581 [INFO] ThirdParty:1030 - CMSIS Pack Vendor :STMicroelectronics STM32_WPAN 1.0.0
2026-02-07 18:51:13,581 [INFO] ThirdParty:1030 - CMSIS Pack Vendor :EmbeddedOffice I-CUBE-FS-RTOS 1.0.1
2026-02-07 18:51:13,581 [INFO] ThirdParty:1030 - CMSIS Pack Vendor :STMicroelectronics lwIP 2.0.3
2026-02-07 18:51:13,581 [INFO] ThirdParty:1030 - CMSIS Pack Vendor :Cesanta I-CUBE-Mongoose 7.13.0
2026-02-07 18:51:13,581 [INFO] ThirdParty:1030 - CMSIS Pack Vendor :STMicroelectronics USB_HOST 1.0.0
2026-02-07 18:51:13,581 [INFO] ThirdParty:1030 - CMSIS Pack Vendor :STMicroelectronics X-CUBE-AZRTOS-G4 2.0.0
2026-02-07 18:51:13,581 [INFO] ThirdParty:1030 - CMSIS Pack Vendor :STMicroelectronics X-CUBE-WB05N 2.0.0
2026-02-07 18:51:13,581 [INFO] ThirdParty:1030 - CMSIS Pack Vendor :STMicroelectronics PDM2PCM 3.1.0
2026-02-07 18:51:13,581 [INFO] ThirdParty:1030 - CMSIS Pack Vendor :STMicroelectronics X-CUBE-NFC7 2.0.0
2026-02-07 18:51:13,581 [INFO] ThirdParty:1030 - CMSIS Pack Vendor :RealThread X-CUBE-RT-Thread_Nano 4.1.1
2026-02-07 18:51:13,581 [INFO] ThirdParty:1030 - CMSIS Pack Vendor :wolfSSL I-CUBE-wolfSSL 5.7.0
2026-02-07 18:51:13,581 [INFO] ThirdParty:1030 - CMSIS Pack Vendor :STMicroelectronics FP-ATR-SIGFOX1 3.2.0
2026-02-07 18:51:13,581 [INFO] ThirdParty:1030 - CMSIS Pack Vendor :STMicroelectronics X-CUBE-ISPU 2.0.0
2026-02-07 18:51:13,581 [INFO] ThirdParty:1030 - CMSIS Pack Vendor :STMicroelectronics X-CUBE-EEPRMA1 5.1.0
2026-02-07 18:51:13,581 [INFO] ThirdParty:1030 - CMSIS Pack Vendor :STMicroelectronics MBEDTLS 2.16.2
2026-02-07 18:51:13,581 [INFO] ThirdParty:1030 - CMSIS Pack Vendor :STMicroelectronics X-CUBE-ALS 1.0.2
2026-02-07 18:51:13,581 [INFO] ThirdParty:1030 - CMSIS Pack Vendor :STMicroelectronics X-CUBE-MEMS1 10.0.0
2026-02-07 18:51:13,581 [INFO] ThirdParty:1030 - CMSIS Pack Vendor :STMicroelectronics X-CUBE-FREERTOS 1.1.0
2026-02-07 18:51:13,581 [INFO] ThirdParty:1030 - CMSIS Pack Vendor :STMicroelectronics X-CUBE-TOUCHGFX 4.24.0
2026-02-07 18:51:13,581 [INFO] ThirdParty:1030 - CMSIS Pack Vendor :ITTIA_DB I-CUBE-ITTIADB 8.9.0
2026-02-07 18:51:13,581 [INFO] ThirdParty:1030 - CMSIS Pack Vendor :STMicroelectronics X-CUBE-STSE01 1.0.0
2026-02-07 18:51:13,581 [INFO] ThirdParty:1030 - CMSIS Pack Vendor :portGmbH I-Cube-SoM-uGOAL 1.1.0
2026-02-07 18:51:13,581 [INFO] ThirdParty:1030 - CMSIS Pack Vendor :STMicroelectronics X-CUBE-ALS 1.0.1
2026-02-07 18:51:13,581 [INFO] ThirdParty:1030 - CMSIS Pack Vendor :STMicroelectronics X-CUBE-NFC6 3.2.0
2026-02-07 18:51:13,581 [INFO] ThirdParty:1030 - CMSIS Pack Vendor :STMicroelectronics X-CUBE-AI 10.2.0
2026-02-07 18:51:13,581 [INFO] ThirdParty:1030 - CMSIS Pack Vendor :STMicroelectronics ThreadX 1.0.0
2026-02-07 18:51:13,581 [INFO] ThirdParty:1030 - CMSIS Pack Vendor :SEGGER I-CUBE-embOS 1.3.1
2026-02-07 18:51:13,581 [INFO] ThirdParty:1030 - CMSIS Pack Vendor :STMicroelectronics X-CUBE-ALGOBUILD 1.4.0
2026-02-07 18:51:13,581 [INFO] ThirdParty:1030 - CMSIS Pack Vendor :STMicroelectronics X-CUBE-MEMS1 11.3.0
2026-02-07 18:51:13,581 [INFO] ThirdParty:1030 - CMSIS Pack Vendor :STMicroelectronics X-CUBE-AZRTOS-H7RS 1.0.0
2026-02-07 18:51:13,581 [INFO] ThirdParty:1030 - CMSIS Pack Vendor :STMicroelectronics FP-ATR-ASTRA1 2.0.0
2026-02-07 18:51:13,581 [INFO] ThirdParty:1030 - CMSIS Pack Vendor :STMicroelectronics X-CUBE-TOF1 3.4.2
2026-02-07 18:51:13,581 [INFO] ThirdParty:1030 - CMSIS Pack Vendor :STMicroelectronics X-CUBE-TOF1 3.4.1
2026-02-07 18:51:13,581 [INFO] ThirdParty:1030 - CMSIS Pack Vendor :STMicroelectronics X-CUBE-AZRTOS-H7 3.2.0
2026-02-07 18:51:13,581 [INFO] ThirdParty:1030 - CMSIS Pack Vendor :Infineon AIROC-Wi-Fi-Bluetooth-STM32 1.6.0
2026-02-07 18:51:13,581 [INFO] ThirdParty:1030 - CMSIS Pack Vendor :wolfSSL I-CUBE-wolfSSH 1.4.17
2026-02-07 18:51:13,581 [INFO] ThirdParty:841 - exiting critical section [change project]
2026-02-07 18:51:13,899 [INFO] PinOutPanel:1561 - setPackage(No Configuration,No Configuration)
2026-02-07 18:51:13,902 [INFO] PinOutPanel:1561 - setPackage(STM32F446RETx,LQFP64)
2026-02-07 18:51:14,528 [INFO] UtilMem:75 - Before build in PCC Used Memory: 788074024 Bytes (1073741824)
2026-02-07 18:51:15,867 [INFO] UtilMem:75 - After build in PCC Used Memory: 854660648 Bytes (1073741824)
2026-02-07 18:51:15,902 [INFO] IPUIPlugin:80 - create IPUIPlugin
2026-02-07 18:51:15,902 [INFO] IPUIPlugin:80 - create IPUIPlugin
2026-02-07 18:51:15,902 [INFO] IPUIPlugin:80 - create IPUIPlugin
2026-02-07 18:51:15,902 [INFO] IPUIPlugin:80 - create IPUIPlugin
2026-02-07 18:51:15,902 [INFO] IPUIPlugin:80 - create IPUIPlugin
2026-02-07 18:51:15,902 [INFO] IPUIPlugin:80 - create IPUIPlugin
2026-02-07 18:51:15,902 [INFO] IPUIPlugin:80 - create IPUIPlugin
2026-02-07 18:51:15,902 [INFO] IPUIPlugin:80 - create IPUIPlugin
2026-02-07 18:51:15,902 [INFO] IPUIPlugin:80 - create IPUIPlugin
2026-02-07 18:51:15,902 [INFO] IPUIPlugin:80 - create IPUIPlugin
2026-02-07 18:51:15,903 [INFO] IPUIPlugin:80 - create IPUIPlugin
2026-02-07 18:51:15,903 [INFO] IPUIPlugin:80 - create IPUIPlugin
2026-02-07 18:51:15,903 [INFO] IPUIPlugin:80 - create IPUIPlugin
2026-02-07 18:51:15,903 [INFO] IPUIPlugin:80 - create IPUIPlugin
2026-02-07 18:51:15,903 [INFO] IPUIPlugin:80 - create IPUIPlugin
2026-02-07 18:51:15,903 [INFO] IPUIPlugin:80 - create IPUIPlugin
2026-02-07 18:51:15,903 [INFO] IPUIPlugin:80 - create IPUIPlugin
2026-02-07 18:51:15,903 [INFO] IPUIPlugin:80 - create IPUIPlugin
2026-02-07 18:51:15,903 [INFO] IPUIPlugin:80 - create IPUIPlugin
2026-02-07 18:51:15,903 [INFO] IPUIPlugin:80 - create IPUIPlugin
2026-02-07 18:51:15,903 [INFO] IPUIPlugin:80 - create IPUIPlugin
2026-02-07 18:51:15,903 [INFO] IPUIPlugin:80 - create IPUIPlugin
2026-02-07 18:51:15,903 [INFO] IPUIPlugin:80 - create IPUIPlugin
2026-02-07 18:51:15,903 [INFO] IPUIPlugin:80 - create IPUIPlugin
2026-02-07 18:51:15,903 [INFO] IPUIPlugin:80 - create IPUIPlugin
2026-02-07 18:51:15,903 [INFO] IPUIPlugin:80 - create IPUIPlugin
2026-02-07 18:51:15,904 [INFO] IPUIPlugin:80 - create IPUIPlugin
2026-02-07 18:51:15,904 [INFO] IPUIPlugin:80 - create IPUIPlugin
2026-02-07 18:51:15,904 [INFO] IPUIPlugin:80 - create IPUIPlugin
2026-02-07 18:51:15,904 [INFO] IPUIPlugin:80 - create IPUIPlugin
2026-02-07 18:51:15,904 [INFO] IPUIPlugin:80 - create IPUIPlugin
2026-02-07 18:51:15,904 [INFO] IPUIPlugin:80 - create IPUIPlugin
2026-02-07 18:51:15,904 [INFO] IPUIPlugin:80 - create IPUIPlugin
2026-02-07 18:51:15,904 [INFO] IPUIPlugin:80 - create IPUIPlugin
2026-02-07 18:51:15,905 [INFO] IPUIPlugin:80 - create IPUIPlugin
2026-02-07 18:51:15,905 [INFO] IPUIPlugin:80 - create IPUIPlugin
2026-02-07 18:51:15,905 [INFO] IPUIPlugin:80 - create IPUIPlugin
2026-02-07 18:51:15,905 [INFO] IPUIPlugin:80 - create IPUIPlugin
2026-02-07 18:51:15,905 [INFO] IPUIPlugin:80 - create IPUIPlugin
2026-02-07 18:51:15,905 [INFO] IPUIPlugin:80 - create IPUIPlugin
2026-02-07 18:51:15,905 [INFO] IPUIPlugin:80 - create IPUIPlugin
2026-02-07 18:51:15,905 [INFO] IPUIPlugin:80 - create IPUIPlugin
2026-02-07 18:51:15,905 [INFO] IPUIPlugin:80 - create IPUIPlugin
2026-02-07 18:51:15,905 [INFO] IPUIPlugin:80 - create IPUIPlugin
2026-02-07 18:51:15,906 [INFO] IPUIPlugin:80 - create IPUIPlugin
2026-02-07 18:51:15,906 [INFO] IPUIPlugin:80 - create IPUIPlugin
2026-02-07 18:51:15,906 [INFO] IPUIPlugin:80 - create IPUIPlugin
2026-02-07 18:51:15,906 [INFO] IPUIPlugin:80 - create IPUIPlugin
2026-02-07 18:51:15,906 [INFO] IPUIPlugin:80 - create IPUIPlugin
2026-02-07 18:51:15,906 [INFO] IPUIPlugin:80 - create IPUIPlugin
2026-02-07 18:51:15,906 [INFO] IPUIPlugin:80 - create IPUIPlugin
2026-02-07 18:51:15,907 [INFO] IPUIPlugin:80 - create IPUIPlugin
2026-02-07 18:51:15,907 [INFO] IPUIPlugin:80 - create IPUIPlugin
2026-02-07 18:51:15,907 [INFO] IPUIPlugin:80 - create IPUIPlugin
2026-02-07 18:51:15,907 [INFO] IPUIPlugin:80 - create IPUIPlugin
2026-02-07 18:51:15,907 [INFO] IPUIPlugin:80 - create IPUIPlugin
2026-02-07 18:51:15,907 [INFO] IPUIPlugin:80 - create IPUIPlugin
2026-02-07 18:51:15,908 [INFO] IPUIPlugin:80 - create IPUIPlugin
2026-02-07 18:51:15,909 [INFO] IPUIPlugin:80 - create IPUIPlugin
2026-02-07 18:51:15,909 [INFO] IPUIPlugin:80 - create IPUIPlugin
2026-02-07 18:51:16,097 [INFO] ApiDbMcu:508 - Load IP Config File for PDM2PCM
2026-02-07 18:51:16,109 [WARN] IP:2120 - I2C_Coeff_DF not found: check if there is a RefParameter without a condition.
2026-02-07 18:51:16,109 [WARN] IP:2120 - Analog_Filter not found: check if there is a RefParameter without a condition.
2026-02-07 18:51:16,397 [INFO] CADModel:165 - CPN selected for project levelSTM32F446RET6
2026-02-07 18:51:16,397 [INFO] CADModel:114 - Register for checkConnection events
2026-02-07 18:51:16,454 [INFO] OpenFileManager:343 - Restore cursor
2026-02-07 18:51:16,644 [WARN] IP:2120 - I2C_Coeff_DF not found: check if there is a RefParameter without a condition.
2026-02-07 18:51:16,644 [WARN] IP:2120 - Analog_Filter not found: check if there is a RefParameter without a condition.
2026-02-07 18:51:16,644 [WARN] IP:2120 - I2C_Coeff_DF not found: check if there is a RefParameter without a condition.
2026-02-07 18:51:16,644 [WARN] IP:2120 - Analog_Filter not found: check if there is a RefParameter without a condition.
2026-02-07 19:42:14,698 [INFO] MainUpdater:2873 - connection check result : 10
2026-02-07 19:42:14,698 [INFO] MainUpdater:2873 - connection check result : 10
2026-02-07 19:42:14,719 [INFO] MicroXplorer:468 - Change Database Path : 
2026-02-07 19:42:14,719 [INFO] MicroXplorer:498 - Change Database Version : DB.6.0.110
2026-02-07 19:42:14,730 [ERROR] ProjectManagerView:394 - 
java.lang.NullPointerException: Cannot invoke "javax.swing.JTextField.getText()" because the return value of "java.util.List.get(int)" is null
	at com.st.microxplorer.plugins.projectmanager.gui.ProjectChoiceTab$10.caretUpdate(ProjectChoiceTab.java:2504) ~[filemanager.jar:?]
	at javax.swing.text.JTextComponent.fireCaretUpdate(JTextComponent.java:412) ~[?:?]
	at javax.swing.text.JTextComponent$MutableCaretEvent.fire(JTextComponent.java:4491) ~[?:?]
	at javax.swing.text.JTextComponent$MutableCaretEvent.stateChanged(JTextComponent.java:4513) ~[?:?]
	at javax.swing.text.DefaultCaret.fireStateChanged(DefaultCaret.java:842) ~[?:?]
	at javax.swing.text.DefaultCaret.changeCaretPosition(DefaultCaret.java:1313) ~[?:?]
	at javax.swing.text.DefaultCaret.handleSetDot(DefaultCaret.java:1212) ~[?:?]
	at javax.swing.text.DefaultCaret.setDot(DefaultCaret.java:1193) ~[?:?]
	at javax.swing.text.DefaultCaret$Handler.insertUpdate(DefaultCaret.java:1789) ~[?:?]
	at javax.swing.text.AbstractDocument.fireInsertUpdate(AbstractDocument.java:226) ~[?:?]
	at javax.swing.text.AbstractDocument.handleInsertString(AbstractDocument.java:780) ~[?:?]
	at javax.swing.text.AbstractDocument.insertString(AbstractDocument.java:739) ~[?:?]
	at javax.swing.text.PlainDocument.insertString(PlainDocument.java:131) ~[?:?]
	at javax.swing.text.AbstractDocument.replace(AbstractDocument.java:698) ~[?:?]
	at javax.swing.text.JTextComponent.setText(JTextComponent.java:1729) ~[?:?]
	at com.st.microxplorer.plugins.projectmanager.gui.ProjectChoiceTab.createHeapStackFields(ProjectChoiceTab.java:944) ~[filemanager.jar:?]
	at com.st.microxplorer.plugins.projectmanager.gui.ProjectChoiceTab.buildLinkSettingsPanel(ProjectChoiceTab.java:3475) ~[filemanager.jar:?]
	at com.st.microxplorer.plugins.projectmanager.gui.ProjectChoiceTab.defineWindowsFields(ProjectChoiceTab.java:1816) ~[filemanager.jar:?]
	at com.st.microxplorer.plugins.projectmanager.gui.ProjectChoiceTab.updateSettings(ProjectChoiceTab.java:544) ~[filemanager.jar:?]
	at com.st.microxplorer.plugins.projectmanager.gui.ProjectSettingsPanel.UpdateDialog(ProjectSettingsPanel.java:245) ~[filemanager.jar:?]
	at com.st.microxplorer.plugins.projectmanager.ProjectManagerView.propertyChange(ProjectManagerView.java:391) ~[filemanager.jar:?]
	at java.beans.PropertyChangeSupport.fire(PropertyChangeSupport.java:343) ~[?:?]
	at java.beans.PropertyChangeSupport.firePropertyChange(PropertyChangeSupport.java:335) ~[?:?]
	at java.beans.PropertyChangeSupport.firePropertyChange(PropertyChangeSupport.java:268) ~[?:?]
	at com.st.microxplorer.util.MXPropertyChangeSupport.firePropertyChange(MXPropertyChangeSupport.java:54) ~[STM32CubeMX.jar:?]
	at com.st.microxplorer.mxsystem.MxSystem.closeConfig(MxSystem.java:900) ~[STM32CubeMX.jar:?]
	at com.st.microxplorer.maingui.MainPanel.closeConfig(MainPanel.java:776) ~[STM32CubeMX.jar:?]
	at com.st.microxplorer.plugins.filemanager.engine.OpenFileManager.loadConfigurationFile(OpenFileManager.java:245) ~[filemanager.jar:?]
	at com.st.microxplorer.plugins.filemanager.engine.MainFileManager.userLoadConfig(MainFileManager.java:315) ~[filemanager.jar:?]
	at com.st.microxplorer.plugins.filemanager.engine.MainFileManager.userLoadConfig(MainFileManager.java:293) ~[filemanager.jar:?]
	at com.st.microxplorer.plugins.filemanager.FileManagerView.getSpecificTask(FileManagerView.java:247) ~[filemanager.jar:?]
	at com.st.stm32cube.common.mx.editor.CubeMxEditor.getMxTabbedPaneInstance(CubeMxEditor.java:1198) ~[com.st.stm32cube.common.mx_6.11.0.202403141607/:?]
	at com.st.stm32cube.common.mx.editor.CubeMxEditor$12$1.createSwingComponent(CubeMxEditor.java:1068) ~[com.st.stm32cube.common.mx_6.11.0.202403141607/:?]
	at com.st.stm32cube.common.mx.oss.core.awtswtbridge.EmbeddedSwingComposite.doComponentCreation(EmbeddedSwingComposite.java:492) ~[com.st.stm32cube.common.mx.oss_6.11.0.202403141607/:?]
	at com.st.stm32cube.common.mx.oss.core.awtswtbridge.EmbeddedSwingComposite$4.run(EmbeddedSwingComposite.java:291) ~[com.st.stm32cube.common.mx.oss_6.11.0.202403141607/:?]
	at com.st.stm32cube.common.mx.oss.core.awtswtbridge.AwtEnvironment$2.run(AwtEnvironment.java:166) ~[com.st.stm32cube.common.mx.oss_6.11.0.202403141607/:?]
	at java.awt.event.InvocationEvent.dispatch(InvocationEvent.java:318) ~[?:?]
	at java.awt.EventQueue.dispatchEventImpl(EventQueue.java:773) ~[?:?]
	at java.awt.EventQueue$4.run(EventQueue.java:720) ~[?:?]
	at java.awt.EventQueue$4.run(EventQueue.java:714) ~[?:?]
	at java.security.AccessController.doPrivileged(AccessController.java:399) ~[?:?]
	at java.security.ProtectionDomain$JavaSecurityAccessImpl.doIntersectionPrivilege(ProtectionDomain.java:86) ~[?:?]
	at java.awt.EventQueue.dispatchEvent(EventQueue.java:742) ~[?:?]
	at java.awt.EventDispatchThread.pumpOneEventForFilters(EventDispatchThread.java:203) ~[?:?]
	at java.awt.EventDispatchThread.pumpEventsForFilter(EventDispatchThread.java:124) ~[?:?]
	at java.awt.EventDispatchThread.pumpEventsForHierarchy(EventDispatchThread.java:113) ~[?:?]
	at java.awt.EventDispatchThread.pumpEvents(EventDispatchThread.java:109) ~[?:?]
	at java.awt.EventDispatchThread.pumpEvents(EventDispatchThread.java:101) ~[?:?]
	at java.awt.EventDispatchThread.run(EventDispatchThread.java:90) ~[?:?]
2026-02-07 19:42:14,739 [WARN] ThirdParty:871 - waiting for thirdparty lock release [close project]
2026-02-07 19:42:14,739 [INFO] ThirdParty:873 - entering critical section [close project]
2026-02-07 19:42:14,739 [INFO] ThirdParty:883 - exiting critical section [close project]
2026-02-07 19:42:14,740 [INFO] PinOutPanel:1561 - setPackage(No Configuration,No Configuration)
2026-02-07 19:42:14,756 [WARN] IpParametersView:151 - Warning: This peripheral hasn't parameters
2026-02-07 19:42:14,769 [WARN] MainPanel:272 - <html><b><center>Warning: This peripheral has no parameters to be configured<br></b></html>
2026-02-07 19:42:14,781 [INFO] UtilMem:75 - Begin LoadConfig() Used Memory: 767026112 Bytes (1073741824)
2026-02-07 19:42:14,781 [INFO] MicroXplorer:468 - Change Database Path : 
2026-02-07 19:42:14,781 [INFO] MicroXplorer:498 - Change Database Version : DB.6.0.110
2026-02-07 19:42:14,781 [INFO] OpenFileManager:312 - Change cursor
2026-02-07 19:42:14,791 [INFO] Mcu:2021 - Initializing MCU STM32F446R(C-E)Tx STM32F446RETx STM32F446RET6
2026-02-07 19:42:15,759 [INFO] Context:663 - Trying to add GPIOservice into a context  which must be forbidden
2026-02-07 19:42:15,958 [INFO] RtosManager:555 - Registered RTOS mode: class=CMSIS, group=RTOS, mode=CMSIS_V1, owner=FREERTOS
2026-02-07 19:42:15,958 [INFO] RtosManager:555 - Registered RTOS mode: class=CMSIS, group=RTOS2, mode=CMSIS_V2, owner=FREERTOS
2026-02-07 19:42:15,958 [INFO] RtosManager:555 - Registered RTOS mode: class=RTOS, group=Core, mode=CMSIS_V1, owner=FREERTOS
2026-02-07 19:42:15,958 [INFO] RtosManager:555 - Registered RTOS mode: class=RTOS, group=Core, mode=CMSIS_V2, owner=FREERTOS
2026-02-07 19:42:15,958 [WARN] ModelIntegratedComponent:184 - Missing modes for component STMicroelectronics:FreeRTOS:0.0.1:STMicroelectronics:RTOS:FreeRTOS:Core:::10.2.0:
2026-02-07 19:42:15,962 [WARN] ModelIntegratedComponent:63 - No mode defined for component null
2026-02-07 19:42:15,962 [WARN] ModelIntegratedComponent:63 - No mode defined for component null
2026-02-07 19:42:15,962 [WARN] ModelIntegratedComponent:63 - No mode defined for component null
2026-02-07 19:42:15,962 [WARN] ModelIntegratedComponent:63 - No mode defined for component null
2026-02-07 19:42:15,962 [WARN] ModelIntegratedComponent:63 - No mode defined for component null
2026-02-07 19:42:15,962 [WARN] ModelIntegratedComponent:63 - No mode defined for component null
2026-02-07 19:42:15,962 [WARN] ModelIntegratedComponent:63 - No mode defined for component null
2026-02-07 19:42:15,962 [WARN] ModelIntegratedComponent:63 - No mode defined for component null
2026-02-07 19:42:15,962 [WARN] ModelIntegratedComponent:63 - No mode defined for component null
2026-02-07 19:42:15,962 [WARN] ModelIntegratedComponent:63 - No mode defined for component null
2026-02-07 19:42:15,962 [WARN] ModelIntegratedComponent:63 - No mode defined for component null
2026-02-07 19:42:15,962 [WARN] ModelIntegratedComponent:63 - No mode defined for component null
2026-02-07 19:42:15,962 [WARN] ModelIntegratedComponent:63 - No mode defined for component null
2026-02-07 19:42:15,962 [WARN] ModelIntegratedComponent:63 - No mode defined for component null
2026-02-07 19:42:15,962 [WARN] ModelIntegratedComponent:63 - No mode defined for component null
2026-02-07 19:42:15,962 [WARN] ModelIntegratedComponent:63 - No mode defined for component null
2026-02-07 19:42:15,962 [WARN] ModelIntegratedComponent:63 - No mode defined for component null
2026-02-07 19:42:15,962 [WARN] ModelIntegratedComponent:63 - No mode defined for component null
2026-02-07 19:42:15,962 [WARN] ModelIntegratedComponent:63 - No mode defined for component null
2026-02-07 19:42:15,962 [WARN] ModelIntegratedComponent:63 - No mode defined for component null
2026-02-07 19:42:15,962 [WARN] ModelIntegratedComponent:63 - No mode defined for component null
2026-02-07 19:42:15,962 [WARN] ModelIntegratedComponent:63 - No mode defined for component null
2026-02-07 19:42:15,962 [WARN] ModelIntegratedComponent:63 - No mode defined for component null
2026-02-07 19:42:15,962 [WARN] ModelIntegratedComponent:63 - No mode defined for component null
2026-02-07 19:42:15,962 [WARN] ModelIntegratedComponent:63 - No mode defined for component null
2026-02-07 19:42:15,962 [WARN] ModelIntegratedComponent:63 - No mode defined for component null
2026-02-07 19:42:15,962 [WARN] ModelIntegratedComponent:63 - No mode defined for component null
2026-02-07 19:42:15,962 [WARN] ModelIntegratedComponent:63 - No mode defined for component null
2026-02-07 19:42:15,962 [WARN] ModelIntegratedComponent:63 - No mode defined for component null
2026-02-07 19:42:15,962 [WARN] ModelIntegratedComponent:63 - No mode defined for component null
2026-02-07 19:42:15,962 [WARN] ModelIntegratedComponent:63 - No mode defined for component null
2026-02-07 19:42:15,962 [WARN] ModelIntegratedComponent:63 - No mode defined for component null
2026-02-07 19:42:15,962 [WARN] ModelIntegratedComponent:63 - No mode defined for component null
2026-02-07 19:42:15,962 [WARN] ModelIntegratedComponent:63 - No mode defined for component null
2026-02-07 19:42:16,293 [INFO] ThirdPartyModel:298 - Start build external matchings
2026-02-07 19:42:17,087 [INFO] ThirdPartyModel:316 - End build external matchings
2026-02-07 19:42:17,103 [INFO] ImportTextPane:194 - (OptionalMessage_ERROR) IP (RCC) : Invalid parameter (48MHZClocksFreq_Value)
2026-02-07 19:42:17,103 [INFO] ImportTextPane:194 - (OptionalMessage_ERROR) IP (RCC) : Invalid parameter (EthernetFreq_Value)
2026-02-07 19:42:17,104 [INFO] ImportTextPane:194 - (OptionalMessage_ERROR) IP (RCC) : Parameter (FLatency) has Id (AdvancedSettings) currently not set
2026-02-07 19:42:17,104 [INFO] ImportTextPane:194 - (OptionalMessage_ERROR) IP (RCC) : Invalid parameter (FamilyName)
2026-02-07 19:42:17,104 [INFO] ImportTextPane:194 - (OptionalMessage_ERROR) IP (RCC) : Invalid parameter (I2SClocksFreq_Value)
2026-02-07 19:42:17,104 [INFO] ImportTextPane:194 - (OptionalMessage_ERROR) IP (RCC) : Parameter (MCO2PinFreq_Value) has invalid value (180000000)
2026-02-07 19:42:17,104 [INFO] ImportTextPane:194 - (OptionalMessage_ERROR) IP (RCC) : Parameter (SDIOFreq_Value) has invalid value (180000000)
2026-02-07 19:42:17,104 [INFO] ImportTextPane:194 - (OptionalMessage_ERROR) IP (RCC) : Parameter (USBFreq_Value) has invalid value (180000000)
2026-02-07 19:42:17,104 [INFO] ImportTextPane:194 - (OptionalMessage_ERROR) IP (RCC) : Invalid parameter (VCOInputMFreq_Value)
2026-02-07 19:42:17,104 [INFO] ImportTextPane:194 - (OptionalMessage_ERROR) IP (RCC) : Invalid parameter (VcooutputI2S)
2026-02-07 19:42:17,350 [INFO] UtilMem:75 - End LoadConfig() Used Memory: 750524296 Bytes (1073741824)
2026-02-07 19:42:17,369 [WARN] ThirdParty:833 - waiting for thirdparty lock release [change project]
2026-02-07 19:42:17,369 [INFO] ThirdParty:835 - entering critical section [change project]
2026-02-07 19:42:17,370 [INFO] ThirdParty:1030 - CMSIS Pack Vendor :STMicroelectronics X-CUBE-PM33A1 1.0.0
2026-02-07 19:42:17,370 [INFO] ThirdParty:1030 - CMSIS Pack Vendor :STMicroelectronics USBPD 4.1
2026-02-07 19:42:17,370 [INFO] ThirdParty:1030 - CMSIS Pack Vendor :STMicroelectronics X-CUBE-GNSS1 6.0.0
2026-02-07 19:42:17,370 [INFO] ThirdParty:1030 - CMSIS Pack Vendor :STMicroelectronics USB_HOST 2.0.0
2026-02-07 19:42:17,370 [INFO] ThirdParty:1030 - CMSIS Pack Vendor :STMicroelectronics FP-SNS-MOTENVWB1 1.4.0
2026-02-07 19:42:17,370 [INFO] ThirdParty:1030 - CMSIS Pack Vendor :STMicroelectronics X-CUBE-AZRTOS-F4 1.1.0
2026-02-07 19:42:17,370 [INFO] ThirdParty:1030 - CMSIS Pack Vendor :STMicroelectronics LIBJPEG 8.0.0
2026-02-07 19:42:17,370 [INFO] ThirdParty:1030 - CMSIS Pack Vendor :STMicroelectronics FP-ATR-ASTRA1 2.0.2
2026-02-07 19:42:17,370 [INFO] ThirdParty:1030 - CMSIS Pack Vendor :STMicroelectronics X-CUBE-SMBUS 2.1.0
2026-02-07 19:42:17,370 [INFO] ThirdParty:1030 - CMSIS Pack Vendor :STMicroelectronics X-CUBE-ISPU 2.1.0
2026-02-07 19:42:17,370 [INFO] ThirdParty:1030 - CMSIS Pack Vendor :STMicroelectronics X-CUBE-FREERTOS 1.2.0
2026-02-07 19:42:17,370 [INFO] ThirdParty:1030 - CMSIS Pack Vendor :STMicroelectronics X-CUBE-NFC12 1.0.0
2026-02-07 19:42:17,370 [INFO] ThirdParty:1030 - CMSIS Pack Vendor :STMicroelectronics X-CUBE-TOUCHGFX 4.23.2
2026-02-07 19:42:17,370 [INFO] ThirdParty:1030 - CMSIS Pack Vendor :STMicroelectronics X-CUBE-AZRTOS-F7 1.1.0
2026-02-07 19:42:17,370 [INFO] ThirdParty:1030 - CMSIS Pack Vendor :STMicroelectronics X-CUBE-AZRTOS-L5 2.0.0
2026-02-07 19:42:17,370 [INFO] ThirdParty:1030 - CMSIS Pack Vendor :STMicroelectronics USB_DEVICE 2.0.0
2026-02-07 19:42:17,370 [INFO] ThirdParty:1030 - CMSIS Pack Vendor :STMicroelectronics X-CUBE-NFC6 3.1.0
2026-02-07 19:42:17,370 [INFO] ThirdParty:1030 - CMSIS Pack Vendor :STMicroelectronics FreeRTOS 0.0.1
2026-02-07 19:42:17,370 [INFO] ThirdParty:1030 - CMSIS Pack Vendor :STMicroelectronics X-CUBE-DPower 1.2.0
2026-02-07 19:42:17,370 [INFO] ThirdParty:1030 - CMSIS Pack Vendor :STMicroelectronics FP-SNS-FLIGHT1 5.0.2
2026-02-07 19:42:17,370 [INFO] ThirdParty:1030 - CMSIS Pack Vendor :STMicroelectronics X-CUBE-AI 9.0.0
2026-02-07 19:42:17,370 [INFO] ThirdParty:1030 - CMSIS Pack Vendor :STMicroelectronics PDM2PCM 3.3.0
2026-02-07 19:42:17,370 [INFO] ThirdParty:1030 - CMSIS Pack Vendor :STMicroelectronics X-CUBE-AZRTOS-H7 3.4.0
2026-02-07 19:42:17,370 [INFO] ThirdParty:1030 - CMSIS Pack Vendor :STMicroelectronics X-CUBE-DISPLAY 3.0.0
2026-02-07 19:42:17,370 [INFO] ThirdParty:1030 - CMSIS Pack Vendor :STMicroelectronics X-CUBE-BLE1 7.0.0
2026-02-07 19:42:17,370 [INFO] ThirdParty:1030 - CMSIS Pack Vendor :STMicroelectronics X-CUBE-NFC10 1.0.0
2026-02-07 19:42:17,370 [INFO] ThirdParty:1030 - CMSIS Pack Vendor :STMicroelectronics X-CUBE-BLEMGR 4.0.0
2026-02-07 19:42:17,370 [INFO] ThirdParty:1030 - CMSIS Pack Vendor :STMicroelectronics X-CUBE-FREERTOS 1.3.1
2026-02-07 19:42:17,370 [INFO] ThirdParty:1030 - CMSIS Pack Vendor :STMicroelectronics HAL Drivers 0.0.0
2026-02-07 19:42:17,370 [INFO] ThirdParty:1030 - CMSIS Pack Vendor :emotas I-CUBE-CANOPEN 1.3.0
2026-02-07 19:42:17,370 [INFO] ThirdParty:1030 - CMSIS Pack Vendor :STMicroelectronics X-CUBE-NFC7 1.0.1
2026-02-07 19:42:17,371 [INFO] ThirdParty:1030 - CMSIS Pack Vendor :STMicroelectronics MBEDTLS 2.14.1
2026-02-07 19:42:17,371 [INFO] ThirdParty:1030 - CMSIS Pack Vendor :STMicroelectronics X-CUBE-GNSS1 7.1.0
2026-02-07 19:42:17,371 [INFO] ThirdParty:1030 - CMSIS Pack Vendor :wolfSSL I-CUBE-wolfTPM 3.2.0
2026-02-07 19:42:17,371 [INFO] ThirdParty:1030 - CMSIS Pack Vendor :STMicroelectronics X-CUBE-TOUCHGFX 4.26.0
2026-02-07 19:42:17,371 [INFO] ThirdParty:1030 - CMSIS Pack Vendor :quantropi X-CUBE-qispace-sdk-base 2.0.0
2026-02-07 19:42:17,371 [INFO] ThirdParty:1030 - CMSIS Pack Vendor :STMicroelectronics X-CUBE-BLEMGR 3.1.0
2026-02-07 19:42:17,371 [INFO] ThirdParty:1030 - CMSIS Pack Vendor :STMicroelectronics X-CUBE-AI 10.0.0
2026-02-07 19:42:17,371 [INFO] ThirdParty:1030 - CMSIS Pack Vendor :STMicroelectronics FP-SNS-SMARTAG2 1.2.0
2026-02-07 19:42:17,371 [INFO] ThirdParty:1030 - CMSIS Pack Vendor :STMicroelectronics X-CUBE-AZRTOS-WL 2.0.0
2026-02-07 19:42:17,371 [INFO] ThirdParty:1030 - CMSIS Pack Vendor :STMicroelectronics X-CUBE-DPower 1.3.0
2026-02-07 19:42:17,371 [INFO] ThirdParty:1030 - CMSIS Pack Vendor :STMicroelectronics FP-SNS-MOTENV1 5.0.0
2026-02-07 19:42:17,371 [INFO] ThirdParty:1030 - CMSIS Pack Vendor :STMicroelectronics USB_DEVICE 1.0.0
2026-02-07 19:42:17,371 [INFO] ThirdParty:1030 - CMSIS Pack Vendor :STMicroelectronics X-CUBE-AZRTOS-H7RS 1.2.0
2026-02-07 19:42:17,371 [INFO] ThirdParty:1030 - CMSIS Pack Vendor :wolfSSL I-CUBE-wolfMQTT 1.19.0
2026-02-07 19:42:17,371 [INFO] ThirdParty:1030 - CMSIS Pack Vendor :STMicroelectronics X-CUBE-AZRTOS-L4 2.0.0
2026-02-07 19:42:17,371 [INFO] ThirdParty:1030 - CMSIS Pack Vendor :STMicroelectronics ThreadX 0.0.2
2026-02-07 19:42:17,371 [INFO] ThirdParty:1030 - CMSIS Pack Vendor :WES I-CUBE-Cesium 1.3.0
2026-02-07 19:42:17,371 [INFO] ThirdParty:1030 - CMSIS Pack Vendor :STMicroelectronics lwIP 2.1.2
2026-02-07 19:42:17,371 [INFO] ThirdParty:1030 - CMSIS Pack Vendor :STMicroelectronics X-CUBE-SFXS2LP1 4.0.0
2026-02-07 19:42:17,371 [INFO] ThirdParty:1030 - CMSIS Pack Vendor :STMicroelectronics X-CUBE-BLE2 3.3.0
2026-02-07 19:42:17,371 [INFO] ThirdParty:1030 - CMSIS Pack Vendor :STMicroelectronics PDM2PCM 3.2.0
2026-02-07 19:42:17,371 [INFO] ThirdParty:1030 - CMSIS Pack Vendor :STMicroelectronics X-CUBE-AZRTOS-H7 3.3.0
2026-02-07 19:42:17,371 [INFO] ThirdParty:1030 - CMSIS Pack Vendor :STMicroelectronics X-CUBE-NFC9 1.0.0
2026-02-07 19:42:17,371 [INFO] ThirdParty:1030 - CMSIS Pack Vendor :STMicroelectronics X-CUBE-BLE1 7.1.0
2026-02-07 19:42:17,371 [INFO] ThirdParty:1030 - CMSIS Pack Vendor :STMicroelectronics USB_DEVICE 3.0.0
2026-02-07 19:42:17,371 [INFO] ThirdParty:1030 - CMSIS Pack Vendor :STMicroelectronics X-CUBE-TCPP 4.1.0
2026-02-07 19:42:17,371 [INFO] ThirdParty:1030 - CMSIS Pack Vendor :STMicroelectronics X-CUBE-EEPRMA1 5.2.0
2026-02-07 19:42:17,371 [INFO] ThirdParty:1030 - CMSIS Pack Vendor :STMicroelectronics X-CUBE-AZRTOS-WB 2.0.0
2026-02-07 19:42:17,371 [INFO] ThirdParty:1030 - CMSIS Pack Vendor :STMicroelectronics X-CUBE-GNSS1 7.0.1
2026-02-07 19:42:17,371 [INFO] ThirdParty:1030 - CMSIS Pack Vendor :STMicroelectronics X-CUBE-TOUCHGFX 4.25.0
2026-02-07 19:42:17,371 [INFO] ThirdParty:1030 - CMSIS Pack Vendor :STMicroelectronics X-CUBE-AI 10.1.0
2026-02-07 19:42:17,371 [INFO] ThirdParty:1030 - CMSIS Pack Vendor :STMicroelectronics FP-SNS-STBOX1 2.0.0
2026-02-07 19:42:17,371 [INFO] ThirdParty:1030 - CMSIS Pack Vendor :STMicroelectronics X-CUBE-MEMS1 12.0.0
2026-02-07 19:42:17,371 [INFO] ThirdParty:1030 - CMSIS Pack Vendor :STMicroelectronics X-CUBE-ALGOBUILD 1.3.0
2026-02-07 19:42:17,371 [INFO] ThirdParty:1030 - CMSIS Pack Vendor :STMicroelectronics X-CUBE-STSE01 2.0.0
2026-02-07 19:42:17,371 [INFO] ThirdParty:1030 - CMSIS Pack Vendor :STMicroelectronics X-CUBE-MEMS1 11.2.0
2026-02-07 19:42:17,371 [INFO] ThirdParty:1030 - CMSIS Pack Vendor :STMicroelectronics X-CUBE-AZRTOS-G0 1.1.0
2026-02-07 19:42:17,371 [INFO] ThirdParty:1030 - CMSIS Pack Vendor :STMicroelectronics X-CUBE-SAFEA1 1.2.2
2026-02-07 19:42:17,371 [INFO] ThirdParty:1030 - CMSIS Pack Vendor :STMicroelectronics X-CUBE-NFC4 3.0.0
2026-02-07 19:42:17,371 [INFO] ThirdParty:1030 - CMSIS Pack Vendor :STMicroelectronics X-CUBE-SUBG2 5.0.0
2026-02-07 19:42:17,371 [INFO] ThirdParty:1030 - CMSIS Pack Vendor :STMicroelectronics X-CUBE-AZRTOS-H7RS 1.1.0
2026-02-07 19:42:17,371 [INFO] ThirdParty:1030 - CMSIS Pack Vendor :STMicroelectronics STM32_WPAN 1.0.0
2026-02-07 19:42:17,371 [INFO] ThirdParty:1030 - CMSIS Pack Vendor :EmbeddedOffice I-CUBE-FS-RTOS 1.0.1
2026-02-07 19:42:17,371 [INFO] ThirdParty:1030 - CMSIS Pack Vendor :STMicroelectronics lwIP 2.0.3
2026-02-07 19:42:17,371 [INFO] ThirdParty:1030 - CMSIS Pack Vendor :Cesanta I-CUBE-Mongoose 7.13.0
2026-02-07 19:42:17,371 [INFO] ThirdParty:1030 - CMSIS Pack Vendor :STMicroelectronics USB_HOST 1.0.0
2026-02-07 19:42:17,371 [INFO] ThirdParty:1030 - CMSIS Pack Vendor :STMicroelectronics X-CUBE-AZRTOS-G4 2.0.0
2026-02-07 19:42:17,371 [INFO] ThirdParty:1030 - CMSIS Pack Vendor :STMicroelectronics X-CUBE-WB05N 2.0.0
2026-02-07 19:42:17,371 [INFO] ThirdParty:1030 - CMSIS Pack Vendor :STMicroelectronics PDM2PCM 3.1.0
2026-02-07 19:42:17,371 [INFO] ThirdParty:1030 - CMSIS Pack Vendor :STMicroelectronics X-CUBE-NFC7 2.0.0
2026-02-07 19:42:17,371 [INFO] ThirdParty:1030 - CMSIS Pack Vendor :RealThread X-CUBE-RT-Thread_Nano 4.1.1
2026-02-07 19:42:17,371 [INFO] ThirdParty:1030 - CMSIS Pack Vendor :wolfSSL I-CUBE-wolfSSL 5.7.0
2026-02-07 19:42:17,371 [INFO] ThirdParty:1030 - CMSIS Pack Vendor :STMicroelectronics FP-ATR-SIGFOX1 3.2.0
2026-02-07 19:42:17,371 [INFO] ThirdParty:1030 - CMSIS Pack Vendor :STMicroelectronics X-CUBE-ISPU 2.0.0
2026-02-07 19:42:17,371 [INFO] ThirdParty:1030 - CMSIS Pack Vendor :STMicroelectronics X-CUBE-EEPRMA1 5.1.0
2026-02-07 19:42:17,371 [INFO] ThirdParty:1030 - CMSIS Pack Vendor :STMicroelectronics MBEDTLS 2.16.2
2026-02-07 19:42:17,371 [INFO] ThirdParty:1030 - CMSIS Pack Vendor :STMicroelectronics X-CUBE-ALS 1.0.2
2026-02-07 19:42:17,371 [INFO] ThirdParty:1030 - CMSIS Pack Vendor :STMicroelectronics X-CUBE-MEMS1 10.0.0
2026-02-07 19:42:17,371 [INFO] ThirdParty:1030 - CMSIS Pack Vendor :STMicroelectronics X-CUBE-FREERTOS 1.1.0
2026-02-07 19:42:17,371 [INFO] ThirdParty:1030 - CMSIS Pack Vendor :STMicroelectronics X-CUBE-TOUCHGFX 4.24.0
2026-02-07 19:42:17,371 [INFO] ThirdParty:1030 - CMSIS Pack Vendor :ITTIA_DB I-CUBE-ITTIADB 8.9.0
2026-02-07 19:42:17,371 [INFO] ThirdParty:1030 - CMSIS Pack Vendor :STMicroelectronics X-CUBE-STSE01 1.0.0
2026-02-07 19:42:17,371 [INFO] ThirdParty:1030 - CMSIS Pack Vendor :portGmbH I-Cube-SoM-uGOAL 1.1.0
2026-02-07 19:42:17,371 [INFO] ThirdParty:1030 - CMSIS Pack Vendor :STMicroelectronics X-CUBE-ALS 1.0.1
2026-02-07 19:42:17,371 [INFO] ThirdParty:1030 - CMSIS Pack Vendor :STMicroelectronics X-CUBE-NFC6 3.2.0
2026-02-07 19:42:17,371 [INFO] ThirdParty:1030 - CMSIS Pack Vendor :STMicroelectronics X-CUBE-AI 10.2.0
2026-02-07 19:42:17,371 [INFO] ThirdParty:1030 - CMSIS Pack Vendor :STMicroelectronics ThreadX 1.0.0
2026-02-07 19:42:17,371 [INFO] ThirdParty:1030 - CMSIS Pack Vendor :SEGGER I-CUBE-embOS 1.3.1
2026-02-07 19:42:17,371 [INFO] ThirdParty:1030 - CMSIS Pack Vendor :STMicroelectronics X-CUBE-ALGOBUILD 1.4.0
2026-02-07 19:42:17,371 [INFO] ThirdParty:1030 - CMSIS Pack Vendor :STMicroelectronics X-CUBE-MEMS1 11.3.0
2026-02-07 19:42:17,371 [INFO] ThirdParty:1030 - CMSIS Pack Vendor :STMicroelectronics X-CUBE-AZRTOS-H7RS 1.0.0
2026-02-07 19:42:17,371 [INFO] ThirdParty:1030 - CMSIS Pack Vendor :STMicroelectronics FP-ATR-ASTRA1 2.0.0
2026-02-07 19:42:17,371 [INFO] ThirdParty:1030 - CMSIS Pack Vendor :STMicroelectronics X-CUBE-TOF1 3.4.2
2026-02-07 19:42:17,371 [INFO] ThirdParty:1030 - CMSIS Pack Vendor :STMicroelectronics X-CUBE-TOF1 3.4.1
2026-02-07 19:42:17,371 [INFO] ThirdParty:1030 - CMSIS Pack Vendor :STMicroelectronics X-CUBE-AZRTOS-H7 3.2.0
2026-02-07 19:42:17,371 [INFO] ThirdParty:1030 - CMSIS Pack Vendor :Infineon AIROC-Wi-Fi-Bluetooth-STM32 1.6.0
2026-02-07 19:42:17,371 [INFO] ThirdParty:1030 - CMSIS Pack Vendor :wolfSSL I-CUBE-wolfSSH 1.4.17
2026-02-07 19:42:17,372 [INFO] ThirdParty:841 - exiting critical section [change project]
2026-02-07 19:42:17,579 [INFO] PinOutPanel:1561 - setPackage(No Configuration,No Configuration)
2026-02-07 19:42:17,579 [INFO] PinOutPanel:1561 - setPackage(STM32F446RETx,LQFP64)
2026-02-07 19:42:17,886 [INFO] UtilMem:75 - Before build in PCC Used Memory: 830909512 Bytes (1073741824)
2026-02-07 19:42:18,161 [INFO] UtilMem:75 - After build in PCC Used Memory: 880192584 Bytes (1073741824)
2026-02-07 19:42:18,185 [INFO] IPUIPlugin:80 - create IPUIPlugin
2026-02-07 19:42:18,185 [INFO] IPUIPlugin:80 - create IPUIPlugin
2026-02-07 19:42:18,185 [INFO] IPUIPlugin:80 - create IPUIPlugin
2026-02-07 19:42:18,185 [INFO] IPUIPlugin:80 - create IPUIPlugin
2026-02-07 19:42:18,185 [INFO] IPUIPlugin:80 - create IPUIPlugin
2026-02-07 19:42:18,185 [INFO] IPUIPlugin:80 - create IPUIPlugin
2026-02-07 19:42:18,185 [INFO] IPUIPlugin:80 - create IPUIPlugin
2026-02-07 19:42:18,185 [INFO] IPUIPlugin:80 - create IPUIPlugin
2026-02-07 19:42:18,185 [INFO] IPUIPlugin:80 - create IPUIPlugin
2026-02-07 19:42:18,185 [INFO] IPUIPlugin:80 - create IPUIPlugin
2026-02-07 19:42:18,185 [INFO] IPUIPlugin:80 - create IPUIPlugin
2026-02-07 19:42:18,185 [INFO] IPUIPlugin:80 - create IPUIPlugin
2026-02-07 19:42:18,186 [INFO] IPUIPlugin:80 - create IPUIPlugin
2026-02-07 19:42:18,186 [INFO] IPUIPlugin:80 - create IPUIPlugin
2026-02-07 19:42:18,186 [INFO] IPUIPlugin:80 - create IPUIPlugin
2026-02-07 19:42:18,186 [INFO] IPUIPlugin:80 - create IPUIPlugin
2026-02-07 19:42:18,186 [INFO] IPUIPlugin:80 - create IPUIPlugin
2026-02-07 19:42:18,186 [INFO] IPUIPlugin:80 - create IPUIPlugin
2026-02-07 19:42:18,186 [INFO] IPUIPlugin:80 - create IPUIPlugin
2026-02-07 19:42:18,186 [INFO] IPUIPlugin:80 - create IPUIPlugin
2026-02-07 19:42:18,186 [INFO] IPUIPlugin:80 - create IPUIPlugin
2026-02-07 19:42:18,186 [INFO] IPUIPlugin:80 - create IPUIPlugin
2026-02-07 19:42:18,187 [INFO] IPUIPlugin:80 - create IPUIPlugin
2026-02-07 19:42:18,187 [INFO] IPUIPlugin:80 - create IPUIPlugin
2026-02-07 19:42:18,187 [INFO] IPUIPlugin:80 - create IPUIPlugin
2026-02-07 19:42:18,187 [INFO] IPUIPlugin:80 - create IPUIPlugin
2026-02-07 19:42:18,187 [INFO] IPUIPlugin:80 - create IPUIPlugin
2026-02-07 19:42:18,187 [INFO] IPUIPlugin:80 - create IPUIPlugin
2026-02-07 19:42:18,188 [INFO] IPUIPlugin:80 - create IPUIPlugin
2026-02-07 19:42:18,188 [INFO] IPUIPlugin:80 - create IPUIPlugin
2026-02-07 19:42:18,188 [INFO] IPUIPlugin:80 - create IPUIPlugin
2026-02-07 19:42:18,188 [INFO] IPUIPlugin:80 - create IPUIPlugin
2026-02-07 19:42:18,188 [INFO] IPUIPlugin:80 - create IPUIPlugin
2026-02-07 19:42:18,188 [INFO] IPUIPlugin:80 - create IPUIPlugin
2026-02-07 19:42:18,188 [INFO] IPUIPlugin:80 - create IPUIPlugin
2026-02-07 19:42:18,189 [INFO] IPUIPlugin:80 - create IPUIPlugin
2026-02-07 19:42:18,189 [INFO] IPUIPlugin:80 - create IPUIPlugin
2026-02-07 19:42:18,189 [INFO] IPUIPlugin:80 - create IPUIPlugin
2026-02-07 19:42:18,189 [INFO] IPUIPlugin:80 - create IPUIPlugin
2026-02-07 19:42:18,189 [INFO] IPUIPlugin:80 - create IPUIPlugin
2026-02-07 19:42:18,190 [INFO] IPUIPlugin:80 - create IPUIPlugin
2026-02-07 19:42:18,190 [INFO] IPUIPlugin:80 - create IPUIPlugin
2026-02-07 19:42:18,190 [INFO] IPUIPlugin:80 - create IPUIPlugin
2026-02-07 19:42:18,190 [INFO] IPUIPlugin:80 - create IPUIPlugin
2026-02-07 19:42:18,190 [INFO] IPUIPlugin:80 - create IPUIPlugin
2026-02-07 19:42:18,191 [INFO] IPUIPlugin:80 - create IPUIPlugin
2026-02-07 19:42:18,191 [INFO] IPUIPlugin:80 - create IPUIPlugin
2026-02-07 19:42:18,191 [INFO] IPUIPlugin:80 - create IPUIPlugin
2026-02-07 19:42:18,192 [INFO] IPUIPlugin:80 - create IPUIPlugin
2026-02-07 19:42:18,192 [INFO] IPUIPlugin:80 - create IPUIPlugin
2026-02-07 19:42:18,192 [INFO] IPUIPlugin:80 - create IPUIPlugin
2026-02-07 19:42:18,193 [INFO] IPUIPlugin:80 - create IPUIPlugin
2026-02-07 19:42:18,193 [INFO] IPUIPlugin:80 - create IPUIPlugin
2026-02-07 19:42:18,193 [INFO] IPUIPlugin:80 - create IPUIPlugin
2026-02-07 19:42:18,193 [INFO] IPUIPlugin:80 - create IPUIPlugin
2026-02-07 19:42:18,194 [INFO] IPUIPlugin:80 - create IPUIPlugin
2026-02-07 19:42:18,194 [INFO] IPUIPlugin:80 - create IPUIPlugin
2026-02-07 19:42:18,195 [INFO] IPUIPlugin:80 - create IPUIPlugin
2026-02-07 19:42:18,196 [INFO] IPUIPlugin:80 - create IPUIPlugin
2026-02-07 19:42:18,196 [INFO] IPUIPlugin:80 - create IPUIPlugin
2026-02-07 19:42:18,208 [INFO] ApiDbMcu:508 - Load IP Config File for PDM2PCM
2026-02-07 19:42:18,210 [WARN] IP:2120 - I2C_Coeff_DF not found: check if there is a RefParameter without a condition.
2026-02-07 19:42:18,210 [WARN] IP:2120 - Analog_Filter not found: check if there is a RefParameter without a condition.
2026-02-07 19:42:18,284 [INFO] CADModel:165 - CPN selected for project levelSTM32F446RET6
2026-02-07 19:42:18,284 [INFO] CADModel:114 - Register for checkConnection events
2026-02-07 19:42:18,327 [INFO] OpenFileManager:343 - Restore cursor
2026-02-07 19:42:18,898 [WARN] IP:2120 - I2C_Coeff_DF not found: check if there is a RefParameter without a condition.
2026-02-07 19:42:18,898 [WARN] IP:2120 - Analog_Filter not found: check if there is a RefParameter without a condition.
2026-02-07 19:42:18,899 [WARN] IP:2120 - I2C_Coeff_DF not found: check if there is a RefParameter without a condition.
2026-02-07 19:42:18,899 [WARN] IP:2120 - Analog_Filter not found: check if there is a RefParameter without a condition.
2026-02-07 19:42:32,083 [WARN] IP:2120 - I2C_Coeff_DF not found: check if there is a RefParameter without a condition.
2026-02-07 19:42:32,083 [WARN] IP:2120 - Analog_Filter not found: check if there is a RefParameter without a condition.
2026-02-07 19:44:51,668 [INFO] NvicIntPanel:101 - NVIC parent = com.st.microxplorer.plugins.ip.nvic.MultiNvicIntPanel[,0,0,572x131,layout=javax.swing.BoxLayout,alignmentX=0.0,alignmentY=0.0,border=,flags=9,maximumSize=,minimumSize=,preferredSize=]
2026-02-07 19:44:54,974 [WARN] IP:2120 - I2C_Coeff_DF not found: check if there is a RefParameter without a condition.
2026-02-07 19:44:54,974 [WARN] IP:2120 - Analog_Filter not found: check if there is a RefParameter without a condition.
2026-02-07 20:05:27,694 [INFO] MainUpdater:2873 - connection check result : 10
2026-02-07 20:05:27,695 [INFO] MainUpdater:2873 - connection check result : 10
2026-02-07 20:05:27,717 [INFO] MicroXplorer:468 - Change Database Path : 
2026-02-07 20:05:27,717 [INFO] MicroXplorer:498 - Change Database Version : DB.6.0.110
2026-02-07 20:05:27,723 [ERROR] ProjectManagerView:394 - 
java.lang.NullPointerException: Cannot invoke "javax.swing.JTextField.getText()" because the return value of "java.util.List.get(int)" is null
	at com.st.microxplorer.plugins.projectmanager.gui.ProjectChoiceTab$10.caretUpdate(ProjectChoiceTab.java:2504) ~[filemanager.jar:?]
	at javax.swing.text.JTextComponent.fireCaretUpdate(JTextComponent.java:412) ~[?:?]
	at javax.swing.text.JTextComponent$MutableCaretEvent.fire(JTextComponent.java:4491) ~[?:?]
	at javax.swing.text.JTextComponent$MutableCaretEvent.stateChanged(JTextComponent.java:4513) ~[?:?]
	at javax.swing.text.DefaultCaret.fireStateChanged(DefaultCaret.java:842) ~[?:?]
	at javax.swing.text.DefaultCaret.changeCaretPosition(DefaultCaret.java:1313) ~[?:?]
	at javax.swing.text.DefaultCaret.handleSetDot(DefaultCaret.java:1212) ~[?:?]
	at javax.swing.text.DefaultCaret.setDot(DefaultCaret.java:1193) ~[?:?]
	at javax.swing.text.DefaultCaret$Handler.insertUpdate(DefaultCaret.java:1789) ~[?:?]
	at javax.swing.text.AbstractDocument.fireInsertUpdate(AbstractDocument.java:226) ~[?:?]
	at javax.swing.text.AbstractDocument.handleInsertString(AbstractDocument.java:780) ~[?:?]
	at javax.swing.text.AbstractDocument.insertString(AbstractDocument.java:739) ~[?:?]
	at javax.swing.text.PlainDocument.insertString(PlainDocument.java:131) ~[?:?]
	at javax.swing.text.AbstractDocument.replace(AbstractDocument.java:698) ~[?:?]
	at javax.swing.text.JTextComponent.setText(JTextComponent.java:1729) ~[?:?]
	at com.st.microxplorer.plugins.projectmanager.gui.ProjectChoiceTab.createHeapStackFields(ProjectChoiceTab.java:944) ~[filemanager.jar:?]
	at com.st.microxplorer.plugins.projectmanager.gui.ProjectChoiceTab.buildLinkSettingsPanel(ProjectChoiceTab.java:3475) ~[filemanager.jar:?]
	at com.st.microxplorer.plugins.projectmanager.gui.ProjectChoiceTab.defineWindowsFields(ProjectChoiceTab.java:1816) ~[filemanager.jar:?]
	at com.st.microxplorer.plugins.projectmanager.gui.ProjectChoiceTab.updateSettings(ProjectChoiceTab.java:544) ~[filemanager.jar:?]
	at com.st.microxplorer.plugins.projectmanager.gui.ProjectSettingsPanel.UpdateDialog(ProjectSettingsPanel.java:245) ~[filemanager.jar:?]
	at com.st.microxplorer.plugins.projectmanager.ProjectManagerView.propertyChange(ProjectManagerView.java:391) ~[filemanager.jar:?]
	at java.beans.PropertyChangeSupport.fire(PropertyChangeSupport.java:343) ~[?:?]
	at java.beans.PropertyChangeSupport.firePropertyChange(PropertyChangeSupport.java:335) ~[?:?]
	at java.beans.PropertyChangeSupport.firePropertyChange(PropertyChangeSupport.java:268) ~[?:?]
	at com.st.microxplorer.util.MXPropertyChangeSupport.firePropertyChange(MXPropertyChangeSupport.java:54) ~[STM32CubeMX.jar:?]
	at com.st.microxplorer.mxsystem.MxSystem.closeConfig(MxSystem.java:900) ~[STM32CubeMX.jar:?]
	at com.st.microxplorer.maingui.MainPanel.closeConfig(MainPanel.java:776) ~[STM32CubeMX.jar:?]
	at com.st.microxplorer.plugins.filemanager.engine.OpenFileManager.loadConfigurationFile(OpenFileManager.java:245) ~[filemanager.jar:?]
	at com.st.microxplorer.plugins.filemanager.engine.MainFileManager.userLoadConfig(MainFileManager.java:315) ~[filemanager.jar:?]
	at com.st.microxplorer.plugins.filemanager.engine.MainFileManager.userLoadConfig(MainFileManager.java:293) ~[filemanager.jar:?]
	at com.st.microxplorer.plugins.filemanager.FileManagerView.getSpecificTask(FileManagerView.java:247) ~[filemanager.jar:?]
	at com.st.stm32cube.common.mx.editor.CubeMxEditor.getMxTabbedPaneInstance(CubeMxEditor.java:1198) ~[com.st.stm32cube.common.mx_6.11.0.202403141607/:?]
	at com.st.stm32cube.common.mx.editor.CubeMxEditor$12$1.createSwingComponent(CubeMxEditor.java:1068) ~[com.st.stm32cube.common.mx_6.11.0.202403141607/:?]
	at com.st.stm32cube.common.mx.oss.core.awtswtbridge.EmbeddedSwingComposite.doComponentCreation(EmbeddedSwingComposite.java:492) ~[com.st.stm32cube.common.mx.oss_6.11.0.202403141607/:?]
	at com.st.stm32cube.common.mx.oss.core.awtswtbridge.EmbeddedSwingComposite$4.run(EmbeddedSwingComposite.java:291) ~[com.st.stm32cube.common.mx.oss_6.11.0.202403141607/:?]
	at com.st.stm32cube.common.mx.oss.core.awtswtbridge.AwtEnvironment$2.run(AwtEnvironment.java:166) ~[com.st.stm32cube.common.mx.oss_6.11.0.202403141607/:?]
	at java.awt.event.InvocationEvent.dispatch(InvocationEvent.java:318) ~[?:?]
	at java.awt.EventQueue.dispatchEventImpl(EventQueue.java:773) ~[?:?]
	at java.awt.EventQueue$4.run(EventQueue.java:720) ~[?:?]
	at java.awt.EventQueue$4.run(EventQueue.java:714) ~[?:?]
	at java.security.AccessController.doPrivileged(AccessController.java:399) ~[?:?]
	at java.security.ProtectionDomain$JavaSecurityAccessImpl.doIntersectionPrivilege(ProtectionDomain.java:86) ~[?:?]
	at java.awt.EventQueue.dispatchEvent(EventQueue.java:742) ~[?:?]
	at java.awt.EventDispatchThread.pumpOneEventForFilters(EventDispatchThread.java:203) ~[?:?]
	at java.awt.EventDispatchThread.pumpEventsForFilter(EventDispatchThread.java:124) ~[?:?]
	at java.awt.EventDispatchThread.pumpEventsForHierarchy(EventDispatchThread.java:113) ~[?:?]
	at java.awt.EventDispatchThread.pumpEvents(EventDispatchThread.java:109) ~[?:?]
	at java.awt.EventDispatchThread.pumpEvents(EventDispatchThread.java:101) ~[?:?]
	at java.awt.EventDispatchThread.run(EventDispatchThread.java:90) ~[?:?]
2026-02-07 20:05:27,724 [WARN] ThirdParty:871 - waiting for thirdparty lock release [close project]
2026-02-07 20:05:27,724 [INFO] ThirdParty:873 - entering critical section [close project]
2026-02-07 20:05:27,724 [INFO] ThirdParty:883 - exiting critical section [close project]
2026-02-07 20:05:27,725 [INFO] PinOutPanel:1561 - setPackage(No Configuration,No Configuration)
2026-02-07 20:05:27,730 [WARN] IpParametersView:151 - Warning: This peripheral hasn't parameters
2026-02-07 20:05:27,734 [WARN] MainPanel:272 - <html><b><center>Warning: This peripheral has no parameters to be configured<br></b></html>
2026-02-07 20:05:27,769 [INFO] UtilMem:75 - Begin LoadConfig() Used Memory: 694504048 Bytes (1073741824)
2026-02-07 20:05:27,769 [INFO] MicroXplorer:468 - Change Database Path : 
2026-02-07 20:05:27,769 [INFO] MicroXplorer:498 - Change Database Version : DB.6.0.110
2026-02-07 20:05:27,770 [INFO] OpenFileManager:312 - Change cursor
2026-02-07 20:05:27,788 [INFO] Mcu:2021 - Initializing MCU STM32F446R(C-E)Tx STM32F446RETx STM32F446RET6
2026-02-07 20:05:29,011 [INFO] Context:663 - Trying to add GPIOservice into a context  which must be forbidden
2026-02-07 20:05:29,188 [INFO] RtosManager:555 - Registered RTOS mode: class=CMSIS, group=RTOS, mode=CMSIS_V1, owner=FREERTOS
2026-02-07 20:05:29,188 [INFO] RtosManager:555 - Registered RTOS mode: class=CMSIS, group=RTOS2, mode=CMSIS_V2, owner=FREERTOS
2026-02-07 20:05:29,188 [INFO] RtosManager:555 - Registered RTOS mode: class=RTOS, group=Core, mode=CMSIS_V1, owner=FREERTOS
2026-02-07 20:05:29,188 [INFO] RtosManager:555 - Registered RTOS mode: class=RTOS, group=Core, mode=CMSIS_V2, owner=FREERTOS
2026-02-07 20:05:29,188 [WARN] ModelIntegratedComponent:184 - Missing modes for component STMicroelectronics:FreeRTOS:0.0.1:STMicroelectronics:RTOS:FreeRTOS:Core:::10.2.0:
2026-02-07 20:05:29,190 [WARN] ModelIntegratedComponent:63 - No mode defined for component null
2026-02-07 20:05:29,190 [WARN] ModelIntegratedComponent:63 - No mode defined for component null
2026-02-07 20:05:29,190 [WARN] ModelIntegratedComponent:63 - No mode defined for component null
2026-02-07 20:05:29,190 [WARN] ModelIntegratedComponent:63 - No mode defined for component null
2026-02-07 20:05:29,190 [WARN] ModelIntegratedComponent:63 - No mode defined for component null
2026-02-07 20:05:29,190 [WARN] ModelIntegratedComponent:63 - No mode defined for component null
2026-02-07 20:05:29,190 [WARN] ModelIntegratedComponent:63 - No mode defined for component null
2026-02-07 20:05:29,190 [WARN] ModelIntegratedComponent:63 - No mode defined for component null
2026-02-07 20:05:29,190 [WARN] ModelIntegratedComponent:63 - No mode defined for component null
2026-02-07 20:05:29,190 [WARN] ModelIntegratedComponent:63 - No mode defined for component null
2026-02-07 20:05:29,190 [WARN] ModelIntegratedComponent:63 - No mode defined for component null
2026-02-07 20:05:29,190 [WARN] ModelIntegratedComponent:63 - No mode defined for component null
2026-02-07 20:05:29,190 [WARN] ModelIntegratedComponent:63 - No mode defined for component null
2026-02-07 20:05:29,190 [WARN] ModelIntegratedComponent:63 - No mode defined for component null
2026-02-07 20:05:29,190 [WARN] ModelIntegratedComponent:63 - No mode defined for component null
2026-02-07 20:05:29,190 [WARN] ModelIntegratedComponent:63 - No mode defined for component null
2026-02-07 20:05:29,190 [WARN] ModelIntegratedComponent:63 - No mode defined for component null
2026-02-07 20:05:29,190 [WARN] ModelIntegratedComponent:63 - No mode defined for component null
2026-02-07 20:05:29,190 [WARN] ModelIntegratedComponent:63 - No mode defined for component null
2026-02-07 20:05:29,190 [WARN] ModelIntegratedComponent:63 - No mode defined for component null
2026-02-07 20:05:29,190 [WARN] ModelIntegratedComponent:63 - No mode defined for component null
2026-02-07 20:05:29,190 [WARN] ModelIntegratedComponent:63 - No mode defined for component null
2026-02-07 20:05:29,190 [WARN] ModelIntegratedComponent:63 - No mode defined for component null
2026-02-07 20:05:29,190 [WARN] ModelIntegratedComponent:63 - No mode defined for component null
2026-02-07 20:05:29,190 [WARN] ModelIntegratedComponent:63 - No mode defined for component null
2026-02-07 20:05:29,190 [WARN] ModelIntegratedComponent:63 - No mode defined for component null
2026-02-07 20:05:29,190 [WARN] ModelIntegratedComponent:63 - No mode defined for component null
2026-02-07 20:05:29,191 [WARN] ModelIntegratedComponent:63 - No mode defined for component null
2026-02-07 20:05:29,191 [WARN] ModelIntegratedComponent:63 - No mode defined for component null
2026-02-07 20:05:29,191 [WARN] ModelIntegratedComponent:63 - No mode defined for component null
2026-02-07 20:05:29,191 [WARN] ModelIntegratedComponent:63 - No mode defined for component null
2026-02-07 20:05:29,191 [WARN] ModelIntegratedComponent:63 - No mode defined for component null
2026-02-07 20:05:29,191 [WARN] ModelIntegratedComponent:63 - No mode defined for component null
2026-02-07 20:05:29,191 [WARN] ModelIntegratedComponent:63 - No mode defined for component null
2026-02-07 20:05:29,377 [INFO] ThirdPartyModel:298 - Start build external matchings
2026-02-07 20:05:30,087 [INFO] ThirdPartyModel:316 - End build external matchings
2026-02-07 20:05:30,103 [INFO] ImportTextPane:194 - (OptionalMessage_ERROR) IP (RCC) : Invalid parameter (48MHZClocksFreq_Value)
2026-02-07 20:05:30,103 [INFO] ImportTextPane:194 - (OptionalMessage_ERROR) IP (RCC) : Invalid parameter (EthernetFreq_Value)
2026-02-07 20:05:30,104 [INFO] ImportTextPane:194 - (OptionalMessage_ERROR) IP (RCC) : Parameter (FLatency) has Id (AdvancedSettings) currently not set
2026-02-07 20:05:30,104 [INFO] ImportTextPane:194 - (OptionalMessage_ERROR) IP (RCC) : Invalid parameter (FamilyName)
2026-02-07 20:05:30,104 [INFO] ImportTextPane:194 - (OptionalMessage_ERROR) IP (RCC) : Invalid parameter (I2SClocksFreq_Value)
2026-02-07 20:05:30,104 [INFO] ImportTextPane:194 - (OptionalMessage_ERROR) IP (RCC) : Parameter (MCO2PinFreq_Value) has invalid value (180000000)
2026-02-07 20:05:30,104 [INFO] ImportTextPane:194 - (OptionalMessage_ERROR) IP (RCC) : Parameter (SDIOFreq_Value) has invalid value (180000000)
2026-02-07 20:05:30,104 [INFO] ImportTextPane:194 - (OptionalMessage_ERROR) IP (RCC) : Parameter (USBFreq_Value) has invalid value (180000000)
2026-02-07 20:05:30,104 [INFO] ImportTextPane:194 - (OptionalMessage_ERROR) IP (RCC) : Invalid parameter (VCOInputMFreq_Value)
2026-02-07 20:05:30,104 [INFO] ImportTextPane:194 - (OptionalMessage_ERROR) IP (RCC) : Invalid parameter (VcooutputI2S)
2026-02-07 20:05:30,324 [INFO] UtilMem:75 - End LoadConfig() Used Memory: 742566976 Bytes (1073741824)
2026-02-07 20:05:30,354 [WARN] ThirdParty:833 - waiting for thirdparty lock release [change project]
2026-02-07 20:05:30,354 [INFO] ThirdParty:835 - entering critical section [change project]
2026-02-07 20:05:30,354 [INFO] ThirdParty:1030 - CMSIS Pack Vendor :STMicroelectronics X-CUBE-PM33A1 1.0.0
2026-02-07 20:05:30,354 [INFO] ThirdParty:1030 - CMSIS Pack Vendor :STMicroelectronics USBPD 4.1
2026-02-07 20:05:30,354 [INFO] ThirdParty:1030 - CMSIS Pack Vendor :STMicroelectronics X-CUBE-GNSS1 6.0.0
2026-02-07 20:05:30,354 [INFO] ThirdParty:1030 - CMSIS Pack Vendor :STMicroelectronics USB_HOST 2.0.0
2026-02-07 20:05:30,354 [INFO] ThirdParty:1030 - CMSIS Pack Vendor :STMicroelectronics FP-SNS-MOTENVWB1 1.4.0
2026-02-07 20:05:30,354 [INFO] ThirdParty:1030 - CMSIS Pack Vendor :STMicroelectronics X-CUBE-AZRTOS-F4 1.1.0
2026-02-07 20:05:30,354 [INFO] ThirdParty:1030 - CMSIS Pack Vendor :STMicroelectronics LIBJPEG 8.0.0
2026-02-07 20:05:30,354 [INFO] ThirdParty:1030 - CMSIS Pack Vendor :STMicroelectronics FP-ATR-ASTRA1 2.0.2
2026-02-07 20:05:30,354 [INFO] ThirdParty:1030 - CMSIS Pack Vendor :STMicroelectronics X-CUBE-SMBUS 2.1.0
2026-02-07 20:05:30,354 [INFO] ThirdParty:1030 - CMSIS Pack Vendor :STMicroelectronics X-CUBE-ISPU 2.1.0
2026-02-07 20:05:30,354 [INFO] ThirdParty:1030 - CMSIS Pack Vendor :STMicroelectronics X-CUBE-FREERTOS 1.2.0
2026-02-07 20:05:30,354 [INFO] ThirdParty:1030 - CMSIS Pack Vendor :STMicroelectronics X-CUBE-NFC12 1.0.0
2026-02-07 20:05:30,354 [INFO] ThirdParty:1030 - CMSIS Pack Vendor :STMicroelectronics X-CUBE-TOUCHGFX 4.23.2
2026-02-07 20:05:30,354 [INFO] ThirdParty:1030 - CMSIS Pack Vendor :STMicroelectronics X-CUBE-AZRTOS-F7 1.1.0
2026-02-07 20:05:30,354 [INFO] ThirdParty:1030 - CMSIS Pack Vendor :STMicroelectronics X-CUBE-AZRTOS-L5 2.0.0
2026-02-07 20:05:30,354 [INFO] ThirdParty:1030 - CMSIS Pack Vendor :STMicroelectronics USB_DEVICE 2.0.0
2026-02-07 20:05:30,354 [INFO] ThirdParty:1030 - CMSIS Pack Vendor :STMicroelectronics X-CUBE-NFC6 3.1.0
2026-02-07 20:05:30,354 [INFO] ThirdParty:1030 - CMSIS Pack Vendor :STMicroelectronics FreeRTOS 0.0.1
2026-02-07 20:05:30,354 [INFO] ThirdParty:1030 - CMSIS Pack Vendor :STMicroelectronics X-CUBE-DPower 1.2.0
2026-02-07 20:05:30,354 [INFO] ThirdParty:1030 - CMSIS Pack Vendor :STMicroelectronics FP-SNS-FLIGHT1 5.0.2
2026-02-07 20:05:30,354 [INFO] ThirdParty:1030 - CMSIS Pack Vendor :STMicroelectronics X-CUBE-AI 9.0.0
2026-02-07 20:05:30,355 [INFO] ThirdParty:1030 - CMSIS Pack Vendor :STMicroelectronics PDM2PCM 3.3.0
2026-02-07 20:05:30,355 [INFO] ThirdParty:1030 - CMSIS Pack Vendor :STMicroelectronics X-CUBE-AZRTOS-H7 3.4.0
2026-02-07 20:05:30,355 [INFO] ThirdParty:1030 - CMSIS Pack Vendor :STMicroelectronics X-CUBE-DISPLAY 3.0.0
2026-02-07 20:05:30,355 [INFO] ThirdParty:1030 - CMSIS Pack Vendor :STMicroelectronics X-CUBE-BLE1 7.0.0
2026-02-07 20:05:30,355 [INFO] ThirdParty:1030 - CMSIS Pack Vendor :STMicroelectronics X-CUBE-NFC10 1.0.0
2026-02-07 20:05:30,355 [INFO] ThirdParty:1030 - CMSIS Pack Vendor :STMicroelectronics X-CUBE-BLEMGR 4.0.0
2026-02-07 20:05:30,355 [INFO] ThirdParty:1030 - CMSIS Pack Vendor :STMicroelectronics X-CUBE-FREERTOS 1.3.1
2026-02-07 20:05:30,355 [INFO] ThirdParty:1030 - CMSIS Pack Vendor :STMicroelectronics HAL Drivers 0.0.0
2026-02-07 20:05:30,355 [INFO] ThirdParty:1030 - CMSIS Pack Vendor :emotas I-CUBE-CANOPEN 1.3.0
2026-02-07 20:05:30,355 [INFO] ThirdParty:1030 - CMSIS Pack Vendor :STMicroelectronics X-CUBE-NFC7 1.0.1
2026-02-07 20:05:30,355 [INFO] ThirdParty:1030 - CMSIS Pack Vendor :STMicroelectronics MBEDTLS 2.14.1
2026-02-07 20:05:30,355 [INFO] ThirdParty:1030 - CMSIS Pack Vendor :STMicroelectronics X-CUBE-GNSS1 7.1.0
2026-02-07 20:05:30,355 [INFO] ThirdParty:1030 - CMSIS Pack Vendor :wolfSSL I-CUBE-wolfTPM 3.2.0
2026-02-07 20:05:30,355 [INFO] ThirdParty:1030 - CMSIS Pack Vendor :STMicroelectronics X-CUBE-TOUCHGFX 4.26.0
2026-02-07 20:05:30,355 [INFO] ThirdParty:1030 - CMSIS Pack Vendor :quantropi X-CUBE-qispace-sdk-base 2.0.0
2026-02-07 20:05:30,355 [INFO] ThirdParty:1030 - CMSIS Pack Vendor :STMicroelectronics X-CUBE-BLEMGR 3.1.0
2026-02-07 20:05:30,355 [INFO] ThirdParty:1030 - CMSIS Pack Vendor :STMicroelectronics X-CUBE-AI 10.0.0
2026-02-07 20:05:30,355 [INFO] ThirdParty:1030 - CMSIS Pack Vendor :STMicroelectronics FP-SNS-SMARTAG2 1.2.0
2026-02-07 20:05:30,355 [INFO] ThirdParty:1030 - CMSIS Pack Vendor :STMicroelectronics X-CUBE-AZRTOS-WL 2.0.0
2026-02-07 20:05:30,355 [INFO] ThirdParty:1030 - CMSIS Pack Vendor :STMicroelectronics X-CUBE-DPower 1.3.0
2026-02-07 20:05:30,355 [INFO] ThirdParty:1030 - CMSIS Pack Vendor :STMicroelectronics FP-SNS-MOTENV1 5.0.0
2026-02-07 20:05:30,355 [INFO] ThirdParty:1030 - CMSIS Pack Vendor :STMicroelectronics USB_DEVICE 1.0.0
2026-02-07 20:05:30,355 [INFO] ThirdParty:1030 - CMSIS Pack Vendor :STMicroelectronics X-CUBE-AZRTOS-H7RS 1.2.0
2026-02-07 20:05:30,355 [INFO] ThirdParty:1030 - CMSIS Pack Vendor :wolfSSL I-CUBE-wolfMQTT 1.19.0
2026-02-07 20:05:30,355 [INFO] ThirdParty:1030 - CMSIS Pack Vendor :STMicroelectronics X-CUBE-AZRTOS-L4 2.0.0
2026-02-07 20:05:30,355 [INFO] ThirdParty:1030 - CMSIS Pack Vendor :STMicroelectronics ThreadX 0.0.2
2026-02-07 20:05:30,355 [INFO] ThirdParty:1030 - CMSIS Pack Vendor :WES I-CUBE-Cesium 1.3.0
2026-02-07 20:05:30,355 [INFO] ThirdParty:1030 - CMSIS Pack Vendor :STMicroelectronics lwIP 2.1.2
2026-02-07 20:05:30,355 [INFO] ThirdParty:1030 - CMSIS Pack Vendor :STMicroelectronics X-CUBE-SFXS2LP1 4.0.0
2026-02-07 20:05:30,355 [INFO] ThirdParty:1030 - CMSIS Pack Vendor :STMicroelectronics X-CUBE-BLE2 3.3.0
2026-02-07 20:05:30,355 [INFO] ThirdParty:1030 - CMSIS Pack Vendor :STMicroelectronics PDM2PCM 3.2.0
2026-02-07 20:05:30,355 [INFO] ThirdParty:1030 - CMSIS Pack Vendor :STMicroelectronics X-CUBE-AZRTOS-H7 3.3.0
2026-02-07 20:05:30,355 [INFO] ThirdParty:1030 - CMSIS Pack Vendor :STMicroelectronics X-CUBE-NFC9 1.0.0
2026-02-07 20:05:30,355 [INFO] ThirdParty:1030 - CMSIS Pack Vendor :STMicroelectronics X-CUBE-BLE1 7.1.0
2026-02-07 20:05:30,355 [INFO] ThirdParty:1030 - CMSIS Pack Vendor :STMicroelectronics USB_DEVICE 3.0.0
2026-02-07 20:05:30,355 [INFO] ThirdParty:1030 - CMSIS Pack Vendor :STMicroelectronics X-CUBE-TCPP 4.1.0
2026-02-07 20:05:30,355 [INFO] ThirdParty:1030 - CMSIS Pack Vendor :STMicroelectronics X-CUBE-EEPRMA1 5.2.0
2026-02-07 20:05:30,355 [INFO] ThirdParty:1030 - CMSIS Pack Vendor :STMicroelectronics X-CUBE-AZRTOS-WB 2.0.0
2026-02-07 20:05:30,355 [INFO] ThirdParty:1030 - CMSIS Pack Vendor :STMicroelectronics X-CUBE-GNSS1 7.0.1
2026-02-07 20:05:30,355 [INFO] ThirdParty:1030 - CMSIS Pack Vendor :STMicroelectronics X-CUBE-TOUCHGFX 4.25.0
2026-02-07 20:05:30,355 [INFO] ThirdParty:1030 - CMSIS Pack Vendor :STMicroelectronics X-CUBE-AI 10.1.0
2026-02-07 20:05:30,355 [INFO] ThirdParty:1030 - CMSIS Pack Vendor :STMicroelectronics FP-SNS-STBOX1 2.0.0
2026-02-07 20:05:30,355 [INFO] ThirdParty:1030 - CMSIS Pack Vendor :STMicroelectronics X-CUBE-MEMS1 12.0.0
2026-02-07 20:05:30,355 [INFO] ThirdParty:1030 - CMSIS Pack Vendor :STMicroelectronics X-CUBE-ALGOBUILD 1.3.0
2026-02-07 20:05:30,355 [INFO] ThirdParty:1030 - CMSIS Pack Vendor :STMicroelectronics X-CUBE-STSE01 2.0.0
2026-02-07 20:05:30,355 [INFO] ThirdParty:1030 - CMSIS Pack Vendor :STMicroelectronics X-CUBE-MEMS1 11.2.0
2026-02-07 20:05:30,355 [INFO] ThirdParty:1030 - CMSIS Pack Vendor :STMicroelectronics X-CUBE-AZRTOS-G0 1.1.0
2026-02-07 20:05:30,355 [INFO] ThirdParty:1030 - CMSIS Pack Vendor :STMicroelectronics X-CUBE-SAFEA1 1.2.2
2026-02-07 20:05:30,355 [INFO] ThirdParty:1030 - CMSIS Pack Vendor :STMicroelectronics X-CUBE-NFC4 3.0.0
2026-02-07 20:05:30,355 [INFO] ThirdParty:1030 - CMSIS Pack Vendor :STMicroelectronics X-CUBE-SUBG2 5.0.0
2026-02-07 20:05:30,355 [INFO] ThirdParty:1030 - CMSIS Pack Vendor :STMicroelectronics X-CUBE-AZRTOS-H7RS 1.1.0
2026-02-07 20:05:30,355 [INFO] ThirdParty:1030 - CMSIS Pack Vendor :STMicroelectronics STM32_WPAN 1.0.0
2026-02-07 20:05:30,355 [INFO] ThirdParty:1030 - CMSIS Pack Vendor :EmbeddedOffice I-CUBE-FS-RTOS 1.0.1
2026-02-07 20:05:30,355 [INFO] ThirdParty:1030 - CMSIS Pack Vendor :STMicroelectronics lwIP 2.0.3
2026-02-07 20:05:30,355 [INFO] ThirdParty:1030 - CMSIS Pack Vendor :Cesanta I-CUBE-Mongoose 7.13.0
2026-02-07 20:05:30,355 [INFO] ThirdParty:1030 - CMSIS Pack Vendor :STMicroelectronics USB_HOST 1.0.0
2026-02-07 20:05:30,355 [INFO] ThirdParty:1030 - CMSIS Pack Vendor :STMicroelectronics X-CUBE-AZRTOS-G4 2.0.0
2026-02-07 20:05:30,355 [INFO] ThirdParty:1030 - CMSIS Pack Vendor :STMicroelectronics X-CUBE-WB05N 2.0.0
2026-02-07 20:05:30,355 [INFO] ThirdParty:1030 - CMSIS Pack Vendor :STMicroelectronics PDM2PCM 3.1.0
2026-02-07 20:05:30,355 [INFO] ThirdParty:1030 - CMSIS Pack Vendor :STMicroelectronics X-CUBE-NFC7 2.0.0
2026-02-07 20:05:30,355 [INFO] ThirdParty:1030 - CMSIS Pack Vendor :RealThread X-CUBE-RT-Thread_Nano 4.1.1
2026-02-07 20:05:30,355 [INFO] ThirdParty:1030 - CMSIS Pack Vendor :wolfSSL I-CUBE-wolfSSL 5.7.0
2026-02-07 20:05:30,355 [INFO] ThirdParty:1030 - CMSIS Pack Vendor :STMicroelectronics FP-ATR-SIGFOX1 3.2.0
2026-02-07 20:05:30,355 [INFO] ThirdParty:1030 - CMSIS Pack Vendor :STMicroelectronics X-CUBE-ISPU 2.0.0
2026-02-07 20:05:30,355 [INFO] ThirdParty:1030 - CMSIS Pack Vendor :STMicroelectronics X-CUBE-EEPRMA1 5.1.0
2026-02-07 20:05:30,355 [INFO] ThirdParty:1030 - CMSIS Pack Vendor :STMicroelectronics MBEDTLS 2.16.2
2026-02-07 20:05:30,355 [INFO] ThirdParty:1030 - CMSIS Pack Vendor :STMicroelectronics X-CUBE-ALS 1.0.2
2026-02-07 20:05:30,355 [INFO] ThirdParty:1030 - CMSIS Pack Vendor :STMicroelectronics X-CUBE-MEMS1 10.0.0
2026-02-07 20:05:30,355 [INFO] ThirdParty:1030 - CMSIS Pack Vendor :STMicroelectronics X-CUBE-FREERTOS 1.1.0
2026-02-07 20:05:30,355 [INFO] ThirdParty:1030 - CMSIS Pack Vendor :STMicroelectronics X-CUBE-TOUCHGFX 4.24.0
2026-02-07 20:05:30,355 [INFO] ThirdParty:1030 - CMSIS Pack Vendor :ITTIA_DB I-CUBE-ITTIADB 8.9.0
2026-02-07 20:05:30,355 [INFO] ThirdParty:1030 - CMSIS Pack Vendor :STMicroelectronics X-CUBE-STSE01 1.0.0
2026-02-07 20:05:30,355 [INFO] ThirdParty:1030 - CMSIS Pack Vendor :portGmbH I-Cube-SoM-uGOAL 1.1.0
2026-02-07 20:05:30,355 [INFO] ThirdParty:1030 - CMSIS Pack Vendor :STMicroelectronics X-CUBE-ALS 1.0.1
2026-02-07 20:05:30,355 [INFO] ThirdParty:1030 - CMSIS Pack Vendor :STMicroelectronics X-CUBE-NFC6 3.2.0
2026-02-07 20:05:30,355 [INFO] ThirdParty:1030 - CMSIS Pack Vendor :STMicroelectronics X-CUBE-AI 10.2.0
2026-02-07 20:05:30,355 [INFO] ThirdParty:1030 - CMSIS Pack Vendor :STMicroelectronics ThreadX 1.0.0
2026-02-07 20:05:30,355 [INFO] ThirdParty:1030 - CMSIS Pack Vendor :SEGGER I-CUBE-embOS 1.3.1
2026-02-07 20:05:30,355 [INFO] ThirdParty:1030 - CMSIS Pack Vendor :STMicroelectronics X-CUBE-ALGOBUILD 1.4.0
2026-02-07 20:05:30,355 [INFO] ThirdParty:1030 - CMSIS Pack Vendor :STMicroelectronics X-CUBE-MEMS1 11.3.0
2026-02-07 20:05:30,355 [INFO] ThirdParty:1030 - CMSIS Pack Vendor :STMicroelectronics X-CUBE-AZRTOS-H7RS 1.0.0
2026-02-07 20:05:30,355 [INFO] ThirdParty:1030 - CMSIS Pack Vendor :STMicroelectronics FP-ATR-ASTRA1 2.0.0
2026-02-07 20:05:30,355 [INFO] ThirdParty:1030 - CMSIS Pack Vendor :STMicroelectronics X-CUBE-TOF1 3.4.2
2026-02-07 20:05:30,355 [INFO] ThirdParty:1030 - CMSIS Pack Vendor :STMicroelectronics X-CUBE-TOF1 3.4.1
2026-02-07 20:05:30,355 [INFO] ThirdParty:1030 - CMSIS Pack Vendor :STMicroelectronics X-CUBE-AZRTOS-H7 3.2.0
2026-02-07 20:05:30,356 [INFO] ThirdParty:1030 - CMSIS Pack Vendor :Infineon AIROC-Wi-Fi-Bluetooth-STM32 1.6.0
2026-02-07 20:05:30,356 [INFO] ThirdParty:1030 - CMSIS Pack Vendor :wolfSSL I-CUBE-wolfSSH 1.4.17
2026-02-07 20:05:30,356 [INFO] ThirdParty:841 - exiting critical section [change project]
2026-02-07 20:05:30,453 [INFO] PinOutPanel:1561 - setPackage(No Configuration,No Configuration)
2026-02-07 20:05:30,453 [INFO] PinOutPanel:1561 - setPackage(STM32F446RETx,LQFP64)
2026-02-07 20:05:30,680 [INFO] UtilMem:75 - Before build in PCC Used Memory: 824131392 Bytes (1073741824)
2026-02-07 20:05:30,893 [INFO] UtilMem:75 - After build in PCC Used Memory: 859256640 Bytes (1073741824)
2026-02-07 20:05:30,910 [INFO] IPUIPlugin:80 - create IPUIPlugin
2026-02-07 20:05:30,910 [INFO] IPUIPlugin:80 - create IPUIPlugin
2026-02-07 20:05:30,910 [INFO] IPUIPlugin:80 - create IPUIPlugin
2026-02-07 20:05:30,910 [INFO] IPUIPlugin:80 - create IPUIPlugin
2026-02-07 20:05:30,910 [INFO] IPUIPlugin:80 - create IPUIPlugin
2026-02-07 20:05:30,910 [INFO] IPUIPlugin:80 - create IPUIPlugin
2026-02-07 20:05:30,910 [INFO] IPUIPlugin:80 - create IPUIPlugin
2026-02-07 20:05:30,910 [INFO] IPUIPlugin:80 - create IPUIPlugin
2026-02-07 20:05:30,910 [INFO] IPUIPlugin:80 - create IPUIPlugin
2026-02-07 20:05:30,910 [INFO] IPUIPlugin:80 - create IPUIPlugin
2026-02-07 20:05:30,910 [INFO] IPUIPlugin:80 - create IPUIPlugin
2026-02-07 20:05:30,910 [INFO] IPUIPlugin:80 - create IPUIPlugin
2026-02-07 20:05:30,910 [INFO] IPUIPlugin:80 - create IPUIPlugin
2026-02-07 20:05:30,910 [INFO] IPUIPlugin:80 - create IPUIPlugin
2026-02-07 20:05:30,910 [INFO] IPUIPlugin:80 - create IPUIPlugin
2026-02-07 20:05:30,910 [INFO] IPUIPlugin:80 - create IPUIPlugin
2026-02-07 20:05:30,910 [INFO] IPUIPlugin:80 - create IPUIPlugin
2026-02-07 20:05:30,910 [INFO] IPUIPlugin:80 - create IPUIPlugin
2026-02-07 20:05:30,910 [INFO] IPUIPlugin:80 - create IPUIPlugin
2026-02-07 20:05:30,911 [INFO] IPUIPlugin:80 - create IPUIPlugin
2026-02-07 20:05:30,911 [INFO] IPUIPlugin:80 - create IPUIPlugin
2026-02-07 20:05:30,911 [INFO] IPUIPlugin:80 - create IPUIPlugin
2026-02-07 20:05:30,911 [INFO] IPUIPlugin:80 - create IPUIPlugin
2026-02-07 20:05:30,911 [INFO] IPUIPlugin:80 - create IPUIPlugin
2026-02-07 20:05:30,911 [INFO] IPUIPlugin:80 - create IPUIPlugin
2026-02-07 20:05:30,911 [INFO] IPUIPlugin:80 - create IPUIPlugin
2026-02-07 20:05:30,911 [INFO] IPUIPlugin:80 - create IPUIPlugin
2026-02-07 20:05:30,911 [INFO] IPUIPlugin:80 - create IPUIPlugin
2026-02-07 20:05:30,911 [INFO] IPUIPlugin:80 - create IPUIPlugin
2026-02-07 20:05:30,911 [INFO] IPUIPlugin:80 - create IPUIPlugin
2026-02-07 20:05:30,911 [INFO] IPUIPlugin:80 - create IPUIPlugin
2026-02-07 20:05:30,912 [INFO] IPUIPlugin:80 - create IPUIPlugin
2026-02-07 20:05:30,912 [INFO] IPUIPlugin:80 - create IPUIPlugin
2026-02-07 20:05:30,912 [INFO] IPUIPlugin:80 - create IPUIPlugin
2026-02-07 20:05:30,912 [INFO] IPUIPlugin:80 - create IPUIPlugin
2026-02-07 20:05:30,912 [INFO] IPUIPlugin:80 - create IPUIPlugin
2026-02-07 20:05:30,912 [INFO] IPUIPlugin:80 - create IPUIPlugin
2026-02-07 20:05:30,912 [INFO] IPUIPlugin:80 - create IPUIPlugin
2026-02-07 20:05:30,912 [INFO] IPUIPlugin:80 - create IPUIPlugin
2026-02-07 20:05:30,912 [INFO] IPUIPlugin:80 - create IPUIPlugin
2026-02-07 20:05:30,912 [INFO] IPUIPlugin:80 - create IPUIPlugin
2026-02-07 20:05:30,912 [INFO] IPUIPlugin:80 - create IPUIPlugin
2026-02-07 20:05:30,913 [INFO] IPUIPlugin:80 - create IPUIPlugin
2026-02-07 20:05:30,913 [INFO] IPUIPlugin:80 - create IPUIPlugin
2026-02-07 20:05:30,913 [INFO] IPUIPlugin:80 - create IPUIPlugin
2026-02-07 20:05:30,913 [INFO] IPUIPlugin:80 - create IPUIPlugin
2026-02-07 20:05:30,913 [INFO] IPUIPlugin:80 - create IPUIPlugin
2026-02-07 20:05:30,913 [INFO] IPUIPlugin:80 - create IPUIPlugin
2026-02-07 20:05:30,913 [INFO] IPUIPlugin:80 - create IPUIPlugin
2026-02-07 20:05:30,913 [INFO] IPUIPlugin:80 - create IPUIPlugin
2026-02-07 20:05:30,914 [INFO] IPUIPlugin:80 - create IPUIPlugin
2026-02-07 20:05:30,914 [INFO] IPUIPlugin:80 - create IPUIPlugin
2026-02-07 20:05:30,914 [INFO] IPUIPlugin:80 - create IPUIPlugin
2026-02-07 20:05:30,914 [INFO] IPUIPlugin:80 - create IPUIPlugin
2026-02-07 20:05:30,914 [INFO] IPUIPlugin:80 - create IPUIPlugin
2026-02-07 20:05:30,914 [INFO] IPUIPlugin:80 - create IPUIPlugin
2026-02-07 20:05:30,914 [INFO] IPUIPlugin:80 - create IPUIPlugin
2026-02-07 20:05:30,915 [INFO] IPUIPlugin:80 - create IPUIPlugin
2026-02-07 20:05:30,915 [INFO] IPUIPlugin:80 - create IPUIPlugin
2026-02-07 20:05:30,916 [INFO] IPUIPlugin:80 - create IPUIPlugin
2026-02-07 20:05:30,940 [INFO] ApiDbMcu:508 - Load IP Config File for PDM2PCM
2026-02-07 20:05:30,942 [WARN] IP:2120 - I2C_Coeff_DF not found: check if there is a RefParameter without a condition.
2026-02-07 20:05:30,942 [WARN] IP:2120 - Analog_Filter not found: check if there is a RefParameter without a condition.
2026-02-07 20:05:30,990 [INFO] CADModel:165 - CPN selected for project levelSTM32F446RET6
2026-02-07 20:05:30,990 [INFO] CADModel:114 - Register for checkConnection events
2026-02-07 20:05:31,051 [INFO] OpenFileManager:343 - Restore cursor
2026-02-07 20:05:31,172 [WARN] IP:2120 - I2C_Coeff_DF not found: check if there is a RefParameter without a condition.
2026-02-07 20:05:31,172 [WARN] IP:2120 - Analog_Filter not found: check if there is a RefParameter without a condition.
2026-02-07 20:05:31,172 [WARN] IP:2120 - I2C_Coeff_DF not found: check if there is a RefParameter without a condition.
2026-02-07 20:05:31,172 [WARN] IP:2120 - Analog_Filter not found: check if there is a RefParameter without a condition.
2026-02-07 21:24:45,994 [ERROR] LogOutputStream:75 - [STDERR_REDIRECT] 
2026-02-07 21:24:45,997 [ERROR] LogOutputStream:75 - [STDERR_REDIRECT] 
